timestamp,signal_timestamp,entry_timestamp,exit_timestamp,signal,direction,score,reasons,entry,exit,pnl,outcome,duration_bars,duration_minutes,mfe_r,mae_r,rr_realized,rr_model,exit_reason,drawdown,volume_z,delta_z,cvd_slope_z,cvd_condition,delta_condition,buy_sell_ratio,big_trade,vwap,distance_to_poc,absorption,absorption_score,target_price,target_r
2026-03-01 02:00:00+00:00,2026-03-01 02:00:00+00:00,2026-03-01 02:05:00+00:00,2026-03-01 02:05:00+00:00,LONG,LONG,4.25,"['delta_strong_positive', 'cvd_strong_positive', 'aggressive_buyers', 'above_vwap']",67991.0,67821.0225,-49.99999999999812,LOSS,1,1.0,0.5353649747760734,2.076745451603889,-0.9999999999999624,1.5,stop_loss,0.4999999999999818,2.6787496418473773,2.5486969794164747,2.3443438081131505,UP,BUY,1.6585883218873945,False,67020.8535345461,0.014475292603574821,NONE,0.0,68245.96625,1.5
2026-03-01 06:05:00+00:00,2026-03-01 06:05:00+00:00,2026-03-01 06:10:00+00:00,2026-03-01 06:35:00+00:00,SHORT,SHORT,-4.25,"['delta_strong_negative', 'cvd_strong_negative', 'aggressive_sellers', 'below_vwap']",67080.6,66829.04775000001,74.62499999999804,WIN,6,25.0,1.9272338053029439,0.3428711132577824,1.4999999999999605,1.5,take_profit,0.4999999999999818,3.364546923956765,-3.180717027456477,-2.6388439547692557,DOWN,SELL,0.39459802012286693,False,67290.70765587836,-0.006592027811863395,NONE,0.0,66829.04775000001,1.5
2026-03-02 02:05:00+00:00,2026-03-02 02:05:00+00:00,2026-03-02 02:10:00+00:00,2026-03-02 02:10:00+00:00,SHORT,SHORT,-4.25,"['delta_strong_negative', 'cvd_strong_negative', 'aggressive_sellers', 'below_vwap']",66145.8,65897.75325000001,75.18468749999819,WIN,1,1.0,1.8341300581442987,0.05140160070631846,1.4999999999999638,1.5,take_profit,0.4999999999999818,1.3889618101113475,-2.68760251640343,-2.4798250539077293,DOWN,SELL,0.505231387185235,False,66427.61782093406,0.0019493101038703996,NONE,0.0,65897.75325000001,1.5
2026-03-02 06:15:00+00:00,2026-03-02 06:15:00+00:00,2026-03-02 06:20:00+00:00,2026-03-02 07:00:00+00:00,SHORT,SHORT,-4.25,"['delta_strong_negative', 'cvd_strong_negative', 'aggressive_sellers', 'below_vwap']",66197.1,65948.86087500001,75.74857265624776,WIN,9,40.0,1.6937297857459186,0.5311410922834635,1.499999999999956,1.5,take_profit,0.4999999999999818,2.6777264120333357,-2.695365388213822,-2.423016609716881,DOWN,SELL,0.5758815220623557,False,66508.47325512764,-0.0064676136103467025,NONE,0.0,65948.86087500001,1.5
2026-03-03 02:00:00+00:00,2026-03-03 02:00:00+00:00,2026-03-03 02:05:00+00:00,2026-03-03 02:20:00+00:00,SHORT,SHORT,-4.75,"['delta_strong_negative', 'cvd_strong_negative', 'aggressive_sellers', 'big_trade_sell', 'below_vwap']",68547.5,68290.446875,76.31668695117357,WIN,4,15.0,2.3656588497027267,0.7288376673109548,1.500000000000034,1.5,take_profit,0.4999999999999818,3.9977876413555427,-3.1724024094729417,-2.670954935282671,DOWN,SELL,0.6345537122236725,True,68853.76706793802,-0.006114353568050972,NONE,0.0,68290.446875,1.5
2026-03-03 04:45:00+00:00,2026-03-03 04:45:00+00:00,2026-03-03 04:50:00+00:00,2026-03-03 05:05:00+00:00,SHORT,SHORT,-4.25,"['delta_strong_negative', 'cvd_strong_negative', 'aggressive_sellers', 'below_vwap']",68067.9,68238.06975,-51.25937473553738,LOSS,4,15.0,0.39313685305404855,1.4426770915512306,-1.0000000000000053,1.5,stop_loss,0.4999999999999968,3.5686150017450946,-3.7895065196470634,-3.6244438063378444,DOWN,SELL,0.39929123247369125,False,68588.49484077079,-0.006598701648280231,NONE,0.0,67812.645375,1.5
2026-03-03 05:45:00+00:00,2026-03-03 05:45:00+00:00,2026-03-03 05:50:00+00:00,2026-03-03 06:00:00+00:00,SHORT,SHORT,-4.25,"['delta_strong_negative', 'cvd_strong_negative', 'aggressive_sellers', 'below_vwap']",67835.5,68005.08875,-51.00307786185801,LOSS,3,10.0,0.20343330557009234,1.0342667187534207,-0.9999999999999726,1.5,stop_loss,0.997499999999987,2.635208144719467,-3.014777355409091,-2.1354861776007716,DOWN,SELL,0.3974543535210573,False,68494.18648225299,-0.007211191099248532,NONE,0.0,67581.116875,1.5
2026-03-04 01:30:00+00:00,2026-03-04 01:30:00+00:00,2026-03-04 01:35:00+00:00,2026-03-04 01:40:00+00:00,LONG,LONG,4.25,"['delta_strong_positive', 'cvd_strong_positive', 'aggressive_buyers', 'above_vwap']",68471.5,68728.268125,76.12209370882586,WIN,2,5.0,2.4325449274515334,0.0,1.5000000000000135,1.5,take_profit,0.997499999999987,3.46569340790925,3.3203464873297936,2.8039181984144603,UP,BUY,2.4723745372993022,False,68160.65934952511,0.0032804191957866075,NONE,0.0,68728.268125,1.5
2026-03-04 03:30:00+00:00,2026-03-04 03:30:00+00:00,2026-03-04 03:35:00+00:00,2026-03-04 03:55:00+00:00,SHORT,SHORT,-4.25,"['delta_strong_negative', 'cvd_strong_negative', 'aggressive_sellers', 'below_vwap']",67500.1,67668.85025,-51.12867294109343,LOSS,5,20.0,0.8894801637331251,1.3694794526229812,-0.999999999999984,1.5,stop_loss,0.997499999999987,3.970658104610324,-3.447387372690174,-2.847338718085972,DOWN,SELL,0.5828674221761861,False,68188.64686962537,-0.010236947004530884,NONE,0.0,67246.974625,1.5
2026-03-04 07:40:00+00:00,2026-03-04 07:40:00+00:00,2026-03-04 07:45:00+00:00,2026-03-04 07:45:00+00:00,LONG,LONG,4.25,"['delta_strong_positive', 'cvd_strong_positive', 'aggressive_buyers', 'above_vwap']",68937.6,69196.11600000001,76.30954436458411,WIN,1,1.0,3.3903123984588284,0.537877732906348,1.5000000000000184,1.5,take_profit,0.997499999999987,2.115717408984842,2.9053943272002205,2.945607799565145,UP,BUY,2.83010505774987,False,68124.46522577536,0.011969759994638226,NONE,0.0,69196.11600000001,1.5
2026-03-05 04:20:00+00:00,2026-03-05 04:20:00+00:00,2026-03-05 04:25:00+00:00,2026-03-05 04:35:00+00:00,LONG,LONG,4.25,"['delta_strong_positive', 'cvd_strong_positive', 'aggressive_buyers', 'above_vwap']",72708.7,72526.92825,-51.25457729821167,LOSS,3,10.0,0.6794235077782989,1.1866530415204624,-0.9999999999999993,1.5,stop_loss,0.997499999999987,0.9999350872878741,2.2170518359657088,1.8966041542956964,UP,BUY,2.5750578150325865,False,72676.14342513465,0.0005481778843536097,NONE,0.0,72981.357625,1.5
2026-03-05 07:50:00+00:00,2026-03-05 07:50:00+00:00,2026-03-05 07:55:00+00:00,2026-03-05 07:55:00+00:00,SHORT,SHORT,-4.75,"['delta_strong_negative', 'cvd_strong_negative', 'aggressive_sellers', 'big_trade_sell', 'below_vwap']",71766.1,71945.51525000001,-50.99830441172219,LOSS,1,1.0,0.14547258385229694,1.5985263237098761,-1.0000000000000304,1.5,stop_loss,1.0067657838933601,3.9341138332323506,-3.534640558902839,-3.408559997248079,DOWN,SELL,0.6036417359187443,True,72517.94116047713,-0.008694385578925884,NONE,0.0,71496.977125,1.5
2026-03-06 01:25:00+00:00,2026-03-06 01:25:00+00:00,2026-03-06 01:30:00+00:00,2026-03-06 01:30:00+00:00,SHORT,SHORT,-4.25,"['delta_strong_negative', 'cvd_strong_negative', 'aggressive_sellers', 'below_vwap']",70423.1,70599.15775000001,-50.7433128896641,LOSS,1,1.0,0.052823576354934156,2.287885651157011,-1.0000000000000409,1.5,stop_loss,1.5017319549739183,4.047843402819207,-3.89616794470495,-2.881279378511338,DOWN,SELL,0.522928012704841,False,70762.89015476471,-0.007332803940450232,NONE,0.0,70159.01337500001,1.5
2026-03-06 04:10:00+00:00,2026-03-06 04:10:00+00:00,2026-03-06 04:15:00+00:00,2026-03-06 04:40:00+00:00,SHORT,SHORT,-4.25,"['delta_strong_negative', 'cvd_strong_negative', 'aggressive_sellers', 'below_vwap']",70872.0,70606.23,75.73439448782173,WIN,6,25.0,3.7244610001128464,0.4204763517327012,1.500000000000023,1.5,take_profit,1.5017319549739183,1.6651313179736262,-2.4092135143330684,-1.8263687161898896,DOWN,SELL,0.395524982697163,False,70968.20416365618,-0.0014027758910697711,NONE,0.0,70606.23,1.5
2026-03-07 00:25:00+00:00,2026-03-07 00:25:00+00:00,2026-03-07 00:30:00+00:00,2026-03-07 03:10:00+00:00,LONG,LONG,3.25,"['delta_strong_positive', 'cvd_strong_positive', 'aggressive_buyers', 'big_trade_buy', 'above_vwap', 'buy_absorption']",68182.1,68437.782875,76.3024024464788,WIN,33,160.0,2.0110850208485123,0.9586093710813174,1.4999999999999918,1.5,take_profit,1.5017319549739183,1.179953943498435,3.1557858431827666,1.5247340283804656,UP,BUY,4.906873424751164,True,68163.55339562563,0.0005486831581846912,BUY_ABSORPTION,-1.0,68437.782875,1.5
2026-03-07 04:00:00+00:00,2026-03-07 04:00:00+00:00,2026-03-07 04:05:00+00:00,2026-03-07 04:35:00+00:00,SHORT,SHORT,-4.25,"['delta_strong_negative', 'cvd_strong_negative', 'aggressive_sellers', 'below_vwap']",67875.8,68045.4895,-51.249780309883135,LOSS,7,30.0,0.2899413340247752,1.2982535749118413,-0.9999999999999595,1.5,stop_loss,1.5017319549739183,3.74507422560245,-3.4622240371636552,-2.498067450596599,DOWN,SELL,0.5075055861247552,False,68192.89109093769,-0.004680815883360119,NONE,0.0,67621.26575,1.5
2026-03-07 06:50:00+00:00,2026-03-07 06:50:00+00:00,2026-03-07 06:55:00+00:00,2026-03-07 07:55:00+00:00,SHORT,SHORT,-4.25,"['delta_strong_negative', 'cvd_strong_negative', 'aggressive_sellers', 'below_vwap']",67664.5,67833.66125,-50.993531408337205,LOSS,13,60.0,1.498570151261001,1.022101692911315,-1.0000000000000275,1.5,stop_loss,1.5017319549739183,4.024857350946707,-3.9321605414785354,-3.3586898194380743,DOWN,SELL,0.46313583045639906,False,68081.35126982722,-0.005255893207975691,NONE,0.0,67410.758125,1.5
2026-03-08 01:25:00+00:00,2026-03-08 01:25:00+00:00,2026-03-08 01:30:00+00:00,2026-03-08 02:40:00+00:00,SHORT,SHORT,-4.25,"['delta_strong_negative', 'cvd_strong_negative', 'aggressive_sellers', 'below_vwap']",67197.7,67365.69425,-50.73856375129513,LOSS,15,70.0,0.8476480593829502,1.2030173651777119,-1.0000000000000202,1.5,stop_loss,1.5109505470860012,1.4395914180412333,-2.2807376308397442,-1.7741071898361733,DOWN,SELL,0.3336173473094629,False,67262.15049757801,-0.0010719046211168477,NONE,0.0,66945.708625,1.5
2026-03-08 04:50:00+00:00,2026-03-08 04:50:00+00:00,2026-03-08 04:55:00+00:00,2026-03-08 05:00:00+00:00,SHORT,SHORT,-4.25,"['delta_strong_negative', 'cvd_strong_negative', 'aggressive_sellers', 'below_vwap']",66583.5,66749.95875,-50.484870932539216,LOSS,2,5.0,0.45356582336464735,1.0441025178910865,-1.0000000000000315,1.5,stop_loss,2.0033957943505913,4.0076006810054015,-3.8419012169879725,-3.3235520391414988,DOWN,SELL,0.3928063499384994,False,67052.1372091937,-0.006421051830690787,NONE,0.0,66333.811875,1.5
2026-03-08 07:05:00+00:00,2026-03-08 07:05:00+00:00,2026-03-08 07:10:00+00:00,2026-03-08 08:15:00+00:00,LONG,LONG,4.25,"['delta_strong_positive', 'cvd_strong_positive', 'aggressive_buyers', 'above_vwap']",67346.0,67177.635,-50.2324465778765,LOSS,14,65.0,0.49891604549639174,1.3357883170492333,-1.000000000000031,1.5,stop_loss,2.493378815378854,3.8613839276305413,3.7618048806176714,1.8372029242083798,UP,BUY,2.2535302543634743,False,67043.03725218667,0.005607993982256563,NONE,0.0,67598.5475,1.5
2026-03-09 01:55:00+00:00,2026-03-09 01:55:00+00:00,2026-03-09 02:00:00+00:00,2026-03-09 02:10:00+00:00,SHORT,SHORT,-4.25,"['delta_strong_negative', 'cvd_strong_negative', 'aggressive_sellers', 'below_vwap']",66150.1,66315.47525,-49.98128434498474,LOSS,3,10.0,0.8253955776332914,1.0273605028563473,-0.9999999999999838,1.5,stop_loss,2.980911921301958,2.082705412119789,-2.155424275050804,-2.1296517833751607,DOWN,SELL,0.6117268317979077,False,66315.55935608203,0.00038706785495652463,NONE,0.0,65902.037125,1.5
2026-03-09 03:00:00+00:00,2026-03-09 03:00:00+00:00,2026-03-09 03:05:00+00:00,2026-03-09 03:05:00+00:00,LONG,LONG,4.25,"['delta_strong_positive', 'cvd_strong_positive', 'aggressive_buyers', 'above_vwap']",66834.0,67084.6275,74.59706688489162,WIN,1,1.0,1.861328066552952,0.5045336206122806,1.500000000000014,1.5,take_profit,2.980911921301958,2.227386200612519,2.7828514248959446,1.8349835164711077,UP,BUY,1.7046523659043258,False,66344.31821244293,0.00775594582884255,NONE,0.0,67084.6275,1.5
2026-03-09 05:30:00+00:00,2026-03-09 05:30:00+00:00,2026-03-09 05:35:00+00:00,2026-03-09 05:40:00+00:00,LONG,LONG,4.25,"['delta_strong_positive', 'cvd_strong_positive', 'aggressive_buyers', 'above_vwap']",67551.7,67805.018875,75.1565448865268,WIN,2,5.0,2.402308158047819,0.6916184196696925,1.4999999999999838,1.5,take_profit,2.980911921301958,2.83654776173957,2.432547546787176,1.5258953728567575,UP,BUY,1.5240766659673344,False,66797.03487065125,0.008624372510155276,NONE,0.0,67805.018875,1.5
2026-03-09 07:30:00+00:00,2026-03-09 07:30:00+00:00,2026-03-09 07:35:00+00:00,2026-03-09 07:55:00+00:00,LONG,LONG,4.25,"['delta_strong_positive', 'cvd_strong_positive', 'aggressive_buyers', 'above_vwap']",67263.0,67515.23625,75.7202189731771,WIN,5,20.0,1.6288301146246476,0.0005946805822269049,1.5000000000000104,1.5,take_profit,2.980911921301958,1.1105890100690903,2.3182211171939513,2.45249050781835,UP,BUY,2.0399243822298243,False,67084.7473363012,-0.0035245140646602336,NONE,0.0,67515.23625,1.5
2026-03-10 00:25:00+00:00,2026-03-10 00:25:00+00:00,2026-03-10 00:30:00+00:00,2026-03-10 00:45:00+00:00,LONG,LONG,3.5,"['delta_strong_positive', 'cvd_strong_positive', 'above_vwap']",68943.4,69201.93775,76.28812061547634,WIN,4,15.0,1.8362888978495404,0.5488560181249621,1.5000000000000182,1.5,take_profit,2.980911921301958,3.653625948845386,2.481335115771491,2.5399634807358358,UP,BUY,1.2598250483260751,False,68649.41047753922,0.0032602322399530154,NONE,0.0,69201.93775,1.5
2026-03-10 02:30:00+00:00,2026-03-10 02:30:00+00:00,2026-03-10 02:35:00+00:00,2026-03-10 02:40:00+00:00,LONG,LONG,4.25,"['delta_strong_positive', 'cvd_strong_positive', 'aggressive_buyers', 'above_vwap']",69971.9,70234.294625,76.86028152009173,WIN,2,5.0,2.533588483376965,0.2846857095490525,1.5000000000000049,1.5,take_profit,2.980911921301958,4.137028205887404,3.8973582717243325,3.4530264692381327,UP,BUY,1.9696672344383326,False,69159.26433376635,0.01329864519965561,NONE,0.0,70234.294625,1.5
2026-03-10 03:45:00+00:00,2026-03-10 03:45:00+00:00,2026-03-10 03:50:00+00:00,2026-03-10 04:10:00+00:00,SHORT,SHORT,-4.25,"['delta_strong_negative', 'cvd_strong_negative', 'aggressive_sellers', 'below_vwap']",69527.3,69701.11825,-51.62448908766044,LOSS,5,20.0,1.0861920425502092,1.1845706650480843,-0.9999999999999806,1.5,stop_loss,2.980911921301958,1.8970007153602289,-2.334813914272789,-1.715248119675423,DOWN,SELL,0.5209318557440953,False,69633.20419030557,-0.0012495645824649254,NONE,0.0,69266.572625,1.5
2026-03-10 07:05:00+00:00,2026-03-10 07:05:00+00:00,2026-03-10 07:10:00+00:00,2026-03-10 07:10:00+00:00,LONG,LONG,4.25,"['delta_strong_positive', 'cvd_strong_positive', 'aggressive_buyers', 'above_vwap']",70108.3,70371.206125,77.04954996333296,WIN,1,1.0,1.664282260445608,0.04735530600515436,1.4999999999999658,1.5,take_profit,2.980911921301958,3.459538176015389,3.7186295160234963,2.425822771765079,UP,BUY,1.8792754926546704,False,69711.12727254294,0.0036888128255325447,NONE,0.0,70371.206125,1.5
2026-03-11 02:35:00+00:00,2026-03-11 02:35:00+00:00,2026-03-11 02:40:00+00:00,2026-03-11 03:00:00+00:00,SHORT,SHORT,-4.25,"['delta_strong_negative', 'cvd_strong_negative', 'aggressive_sellers', 'below_vwap']",69667.0,69841.1675,-51.751614392038604,LOSS,5,20.0,0.4386581882383004,1.125353467208291,-0.9999999999999767,1.5,stop_loss,2.980911921301958,3.692628701966072,-3.404714525613266,-2.595134123520731,DOWN,SELL,0.4934989031812892,False,69921.16308293292,-0.0029579314231001296,NONE,0.0,69405.74875,1.5
2026-03-11 04:25:00+00:00,2026-03-11 04:25:00+00:00,2026-03-11 04:30:00+00:00,2026-03-11 04:50:00+00:00,LONG,LONG,4.25,"['delta_strong_positive', 'cvd_strong_positive', 'aggressive_buyers', 'above_vwap']",69942.5,70204.784375,77.23928448012028,WIN,5,20.0,1.7534403259820899,0.380312399470994,1.5000000000000164,1.5,take_profit,2.980911921301958,3.2938127822409813,2.7166593421993324,2.490036552983799,UP,BUY,1.6573799130840716,False,69814.25716408252,0.0021623237806276023,NONE,0.0,70204.784375,1.5
2026-03-11 05:40:00+00:00,2026-03-11 05:40:00+00:00,2026-03-11 05:45:00+00:00,2026-03-11 06:10:00+00:00,SHORT,SHORT,-4.25,"['delta_strong_negative', 'cvd_strong_negative', 'aggressive_sellers', 'below_vwap']",69494.9,69668.63725,-51.87905274248189,LOSS,6,25.0,0.281459502783624,1.1183554476659607,-1.0000000000000322,1.5,stop_loss,2.980911921301958,3.2220459415767495,-2.84979696012215,-2.113569673808204,DOWN,SELL,0.5887242900481865,False,69829.86653617118,-0.004075316852194756,NONE,0.0,69234.294125,1.5
2026-03-12 01:00:00+00:00,2026-03-12 01:00:00+00:00,2026-03-12 01:05:00+00:00,2026-03-12 02:15:00+00:00,SHORT,SHORT,-4.25,"['delta_strong_negative', 'cvd_strong_negative', 'aggressive_sellers', 'below_vwap']",69920.9,69658.696625,77.42948621815093,WIN,15,70.0,2.2047771124227187,0.2808888329526984,1.499999999999985,1.5,take_profit,2.980911921301958,3.8596856166093008,-3.888193428179395,-3.572600563777888,DOWN,SELL,0.4539434178038737,False,70123.8979206393,-0.005711508170314431,NONE,0.0,69658.696625,1.5
2026-03-12 03:30:00+00:00,2026-03-12 03:30:00+00:00,2026-03-12 03:35:00+00:00,2026-03-12 03:45:00+00:00,LONG,LONG,3.75,"['delta_strong_positive', 'cvd_strong_positive', 'aggressive_buyers']",69545.2,69371.337,-52.00680490985783,LOSS,3,10.0,0.2864324209291391,1.8048693511558118,-0.9999999999999859,1.5,stop_loss,2.980911921301958,1.3569238363382727,2.4464818178901546,2.2492019515430384,UP,BUY,2.2445970356843,False,69690.69748292255,-0.0027344317248794558,NONE,0.0,69805.9945,1.5
2026-03-12 07:20:00+00:00,2026-03-12 07:20:00+00:00,2026-03-12 07:25:00+00:00,2026-03-12 07:45:00+00:00,LONG,LONG,3.75,"['delta_strong_positive', 'cvd_strong_positive', 'aggressive_buyers']",69544.5,69805.291875,77.62015632796252,WIN,5,20.0,1.5776948572496914,0.15299556399143466,1.4999999999999734,1.5,take_profit,2.980911921301958,2.6136298698567586,3.3363302765208687,2.887251720099392,UP,BUY,2.6872619469596883,False,69578.86297349351,0.0018384950914903599,NONE,0.0,69805.291875,1.5
2026-03-13 00:10:00+00:00,2026-03-13 00:10:00+00:00,2026-03-13 00:15:00+00:00,2026-03-13 00:15:00+00:00,LONG,LONG,4.75,"['delta_strong_positive', 'cvd_strong_positive', 'aggressive_buyers', 'big_trade_buy', 'above_vwap']",71085.0,71351.56875,78.20230750042533,WIN,1,1.0,3.1629739044805842,0.11197861714845145,1.5000000000000326,1.5,take_profit,2.980911921301958,3.922188691434255,3.9388213552303815,2.886261448688556,UP,BUY,2.3533118371137154,True,70817.15561575495,0.008551428081754346,NONE,0.0,71351.56875,1.5
2026-03-13 02:35:00+00:00,2026-03-13 02:35:00+00:00,2026-03-13 02:40:00+00:00,2026-03-13 03:30:00+00:00,SHORT,SHORT,-4.25,"['delta_strong_negative', 'cvd_strong_negative', 'aggressive_sellers', 'below_vwap']",71201.4,70934.39474999999,78.78882480667741,WIN,11,50.0,1.580306005218933,0.3842621072058062,1.500000000000011,1.5,take_profit,2.980911921301958,2.2592659614006094,-2.542299830865271,-1.9584946793945757,DOWN,SELL,0.5235171608577092,False,71382.32906364286,-0.00029796542882450474,NONE,0.0,70934.39474999999,1.5
2026-03-13 03:50:00+00:00,2026-03-13 03:50:00+00:00,2026-03-13 03:55:00+00:00,2026-03-13 04:20:00+00:00,LONG,LONG,4.25,"['delta_strong_positive', 'cvd_strong_positive', 'aggressive_buyers', 'above_vwap']",71436.3,71257.70925,-52.91982732848549,LOSS,6,25.0,0.2760501313758014,1.3231368365942966,-1.0000000000000169,1.5,stop_loss,2.980911921301958,2.525991982832994,3.4365506298706343,2.822718422778383,UP,BUY,2.5792404768619868,False,71348.38105640835,0.0012921078185079633,NONE,0.0,71704.18612500001,1.5
2026-03-13 06:25:00+00:00,2026-03-13 06:25:00+00:00,2026-03-13 06:30:00+00:00,2026-03-13 07:00:00+00:00,SHORT,SHORT,-4.25,"['delta_strong_negative', 'cvd_strong_negative', 'aggressive_sellers', 'below_vwap']",71209.5,71387.52375,-52.6552281918401,LOSS,7,30.0,0.33422506828442833,1.4851950933512756,-0.9999999999999607,1.5,stop_loss,2.980911921301958,2.8486155118083825,-3.2897220999553594,-2.1060798146118604,DOWN,SELL,0.38295515765204746,False,71357.56331789933,-0.0013223530105618512,NONE,0.0,70942.464375,1.5
2026-03-14 01:35:00+00:00,2026-03-14 01:35:00+00:00,2026-03-14 01:40:00+00:00,2026-03-14 01:45:00+00:00,SHORT,SHORT,-3.5,"['delta_strong_negative', 'cvd_strong_negative', 'below_vwap']",70666.5,70843.16625,-52.39195205088143,LOSS,2,5.0,0.040754813100957826,1.0630213750504294,-0.9999999999999705,1.5,stop_loss,2.980911921301958,2.94151412440188,-2.3541467525591537,-1.5438819210281978,DOWN,SELL,0.7542395210069296,False,70674.1344732901,-0.001206187919655297,NONE,0.0,70401.500625,1.5
2026-03-14 02:25:00+00:00,2026-03-14 02:25:00+00:00,2026-03-14 02:30:00+00:00,2026-03-14 03:15:00+00:00,LONG,LONG,3.25,"['cvd_strong_positive', 'aggressive_buyers', 'big_trade_buy', 'above_vwap']",70767.2,71032.57699999999,78.19498843594083,WIN,10,45.0,1.8754451214687193,0.4357951141206167,1.4999999999999611,1.5,take_profit,2.980911921301958,-0.09316528703145496,1.3960816799260247,1.619335195211416,UP,BUY,3.654607508532423,True,70701.60577973729,0.0005259613222277558,NONE,0.0,71032.57699999999,1.5
2026-03-14 06:25:00+00:00,2026-03-14 06:25:00+00:00,2026-03-14 06:30:00+00:00,2026-03-14 06:40:00+00:00,SHORT,SHORT,-4.25,"['delta_strong_negative', 'cvd_strong_negative', 'aggressive_sellers', 'below_vwap']",70669.8,70404.78825,78.78145084921393,WIN,3,10.0,2.342160300439525,0.22300897979048576,1.5000000000000289,1.5,take_profit,2.980911921301958,2.689551035981999,-2.8078924710966744,-2.4789144731287363,DOWN,SELL,0.348425750461239,False,70858.01703900658,-0.0043385948186939645,NONE,0.0,70404.78825,1.5
2026-03-15 02:00:00+00:00,2026-03-15 02:00:00+00:00,2026-03-15 02:05:00+00:00,2026-03-15 02:45:00+00:00,LONG,LONG,4.25,"['delta_strong_positive', 'cvd_strong_positive', 'aggressive_buyers', 'above_vwap']",71159.8,71426.64925,79.37231173058129,WIN,9,40.0,2.4738686730428765,0.23046720198763906,1.499999999999996,1.5,take_profit,2.980911921301958,4.132109657434574,3.9256016088101258,3.728841604758375,UP,BUY,1.9557330299145916,False,71030.38718146842,0.0021700147069911757,NONE,0.0,71426.64925,1.5
2026-03-15 05:15:00+00:00,2026-03-15 05:15:00+00:00,2026-03-15 05:20:00+00:00,2026-03-15 05:50:00+00:00,LONG,LONG,4.25,"['delta_strong_positive', 'cvd_strong_positive', 'aggressive_buyers', 'above_vwap']",71639.9,71460.80025,-53.31173604570545,LOSS,7,30.0,0.27414890305545275,1.0346189762966636,-0.9999999999999662,1.5,stop_loss,2.980911921301958,3.3112317841490495,3.124774377635779,1.5453188560383517,UP,BUY,2.2141133274602356,False,71316.90461067733,0.0037235091291558243,NONE,0.0,71908.549625,1.5
2026-03-15 07:10:00+00:00,2026-03-15 07:10:00+00:00,2026-03-15 07:15:00+00:00,2026-03-15 07:45:00+00:00,LONG,LONG,3.5,"['delta_strong_positive', 'cvd_strong_positive', 'above_vwap']",71576.8,71397.85800000001,-53.04517736547737,LOSS,7,30.0,0.26936102200711454,1.1294162354282717,-0.9999999999999746,1.5,stop_loss,2.980911921301958,3.723331941701895,2.399320534389593,1.9695577530637167,UP,BUY,1.2851754110825186,False,71363.52265359835,0.001327812987031134,NONE,0.0,71845.213,1.5
2026-03-16 03:20:00+00:00,2026-03-16 03:20:00+00:00,2026-03-16 03:25:00+00:00,2026-03-16 03:30:00+00:00,LONG,LONG,4.25,"['delta_strong_positive', 'cvd_strong_positive', 'aggressive_buyers', 'above_vwap']",72808.6,73081.63225000001,79.16992721797811,WIN,2,5.0,5.243336638803625,0.5960834297047326,1.5000000000000209,1.5,take_profit,2.980911921301958,3.275311552357701,3.3942565950963086,2.485923993482755,UP,BUY,2.5980062322477457,False,72593.55414988217,0.0030247189339962337,NONE,0.0,73081.63225000001,1.5
2026-03-16 06:05:00+00:00,2026-03-16 06:05:00+00:00,2026-03-16 06:10:00+00:00,2026-03-16 07:00:00+00:00,SHORT,SHORT,-3.75,"['delta_strong_negative', 'cvd_strong_negative', 'aggressive_sellers']",73687.8,73872.01950000001,-53.1758011147431,LOSS,11,50.0,0.7496491956606429,1.013464915494815,-1.0000000000000353,1.5,stop_loss,2.980911921301958,-0.12676279208848557,-2.122374857157727,-1.9539245314089668,DOWN,SELL,0.41600633689720784,False,73578.14493927732,-0.0005462244780575263,NONE,0.0,73411.47075000001,1.5
2026-03-16 07:35:00+00:00,2026-03-16 07:35:00+00:00,2026-03-16 07:40:00+00:00,2026-03-16 08:00:00+00:00,SHORT,SHORT,-4.25,"['delta_strong_negative', 'cvd_strong_negative', 'aggressive_sellers', 'below_vwap']",73442.5,73626.10625,-52.909922109166665,LOSS,5,20.0,0.5261258807911268,1.2935289512203423,-0.999999999999984,1.5,stop_loss,2.980911921301958,1.6713101056316833,-2.1866087278001682,-1.5446540244958595,DOWN,SELL,0.5233379350208921,False,73590.20677520502,-0.005399466633753804,NONE,0.0,73167.090625,1.5
2026-03-17 00:05:00+00:00,2026-03-17 00:05:00+00:00,2026-03-17 00:10:00+00:00,2026-03-17 00:10:00+00:00,LONG,LONG,4.25,"['delta_strong_positive', 'cvd_strong_positive', 'aggressive_buyers', 'above_vwap']",74989.3,75270.509875,78.96805874793263,WIN,1,1.0,2.4142110941160473,0.0005334094331101678,1.5000000000000024,1.5,take_profit,2.980911921301958,3.7968468585244852,4.075156098331277,3.2920547254740056,UP,BUY,2.619194956983629,False,74879.12542439223,0.005779651894176409,NONE,0.0,75270.509875,1.5
2026-03-17 03:30:00+00:00,2026-03-17 03:30:00+00:00,2026-03-17 03:35:00+00:00,2026-03-17 03:45:00+00:00,SHORT,SHORT,-4.25,"['delta_strong_negative', 'cvd_strong_negative', 'aggressive_sellers', 'below_vwap']",74556.9,74277.31162499999,79.5603191885439,WIN,3,10.0,1.6465276855662947,0.3755520951112506,1.5000000000000357,1.5,take_profit,2.980911921301958,2.1080824920240193,-2.5798097572421543,-2.1042984703444154,DOWN,SELL,0.5164771443808175,False,75269.28103401943,-0.009147923655333385,NONE,0.0,74277.31162499999,1.5
2026-03-17 05:35:00+00:00,2026-03-17 05:35:00+00:00,2026-03-17 05:40:00+00:00,2026-03-17 05:45:00+00:00,SHORT,SHORT,-4.25,"['delta_strong_negative', 'cvd_strong_negative', 'aggressive_sellers', 'below_vwap']",74091.8,73813.95575000001,80.15702158245453,WIN,2,5.0,1.9888840600444786,0.24456147643870393,1.4999999999999711,1.5,take_profit,2.980911921301958,0.37634208598981733,-2.822596269877821,-2.2302759230836187,DOWN,SELL,0.487342435226966,False,74935.35369135959,-0.007586954463593141,NONE,0.0,73813.95575000001,1.5
2026-03-18 03:20:00+00:00,2026-03-18 03:20:00+00:00,2026-03-18 03:25:00+00:00,2026-03-18 04:25:00+00:00,LONG,LONG,4.25,"['delta_strong_positive', 'cvd_strong_positive', 'aggressive_buyers', 'above_vwap']",74461.7,74275.54574999999,-53.838799496218314,LOSS,13,60.0,0.9202046152585983,1.347806993393888,-1.0000000000000369,1.5,stop_loss,2.980911921301958,2.8920741262786938,3.001410113272639,1.6074552984240054,UP,BUY,2.3838282942731626,False,73983.95582894718,0.006479143279735208,NONE,0.0,74740.931375,1.5
2026-03-19 03:15:00+00:00,2026-03-19 03:15:00+00:00,2026-03-19 03:20:00+00:00,2026-03-19 03:30:00+00:00,LONG,LONG,4.25,"['delta_strong_positive', 'cvd_strong_positive', 'aggressive_buyers', 'above_vwap']",71543.4,71364.54149999999,-53.56960549873587,LOSS,3,10.0,0.036900678469325314,1.2898464428584446,-1.0000000000000118,1.5,stop_loss,2.980911921301958,4.18937660269935,4.135505859417106,3.7589699963940144,UP,BUY,2.3530048190838637,False,71150.50406415865,0.005345268057808727,NONE,0.0,71811.68775,1.5
2026-03-19 04:05:00+00:00,2026-03-19 04:05:00+00:00,2026-03-19 04:10:00+00:00,2026-03-19 06:35:00+00:00,SHORT,SHORT,-4.25,"['delta_strong_negative', 'cvd_strong_negative', 'aggressive_sellers', 'below_vwap']",70810.0,70544.4625,79.95263620686409,WIN,30,145.0,1.6234995057194983,0.7654286117779975,1.5000000000000329,1.5,take_profit,2.980911921301958,2.6358611873996014,-2.202118416306515,-1.7590087935800454,DOWN,SELL,0.5704172680367191,False,71160.29368081951,-0.004893596909530739,NONE,0.0,70544.4625,1.5
2026-03-19 06:55:00+00:00,2026-03-19 06:55:00+00:00,2026-03-19 07:00:00+00:00,2026-03-19 07:05:00+00:00,SHORT,SHORT,-4.75,"['delta_strong_negative', 'cvd_strong_negative', 'aggressive_sellers', 'big_trade_sell', 'below_vwap']",70552.4,70287.82849999999,80.55228097841548,WIN,2,5.0,2.126646294101923,0.09978399033912848,1.500000000000031,1.5,take_profit,2.980911921301958,3.161831906073457,-2.9312299641968536,-2.0502335048469007,DOWN,SELL,0.48895680784687295,True,70979.31115470616,-0.005388466435664341,NONE,0.0,70287.82849999999,1.5
2026-03-20 02:30:00+00:00,2026-03-20 02:30:00+00:00,2026-03-20 02:35:00+00:00,2026-03-20 02:40:00+00:00,SHORT,SHORT,-4.25,"['delta_strong_negative', 'cvd_strong_negative', 'aggressive_sellers', 'below_vwap']",70052.0,70227.13,-54.1042820571694,LOSS,2,5.0,0.011420087934677097,1.155712898989289,-1.0000000000000266,1.5,stop_loss,2.980911921301958,1.9310873357817644,-2.623652543043722,-2.640231309331311,DOWN,SELL,0.4128023567410247,False,70240.21623051736,-0.0010378617890830011,NONE,0.0,69789.305,1.5
2026-03-20 04:05:00+00:00,2026-03-20 04:05:00+00:00,2026-03-20 04:10:00+00:00,2026-03-20 04:30:00+00:00,LONG,LONG,4.25,"['delta_strong_positive', 'cvd_strong_positive', 'aggressive_buyers', 'above_vwap']",70888.7,70711.47825,-53.833760646881196,LOSS,5,20.0,0.3171168324429541,1.8146756817376608,-0.999999999999983,1.5,stop_loss,2.980911921301958,2.8169486451481154,3.48697517759583,2.6271513039192715,UP,BUY,2.7849536613767816,False,70403.44663977991,0.006562724205299479,NONE,0.0,71154.53262499999,1.5
2026-03-20 07:30:00+00:00,2026-03-20 07:30:00+00:00,2026-03-20 07:35:00+00:00,2026-03-20 07:45:00+00:00,LONG,LONG,4.25,"['delta_strong_positive', 'cvd_strong_positive', 'aggressive_buyers', 'above_vwap']",70608.0,70872.78,80.3468877654712,WIN,3,10.0,1.6542034896895534,0.10197144799456152,1.4999999999999933,1.5,take_profit,2.980911921301958,1.4371157012155602,2.7699848217293312,3.205447296161839,UP,BUY,3.014542655756299,False,70473.93534725715,0.00019844918022036065,NONE,0.0,70872.78,1.5
2026-03-21 02:15:00+00:00,2026-03-21 02:15:00+00:00,2026-03-21 02:20:00+00:00,2026-03-21 04:25:00+00:00,LONG,LONG,3.75,"['delta_strong_positive', 'cvd_strong_positive', 'aggressive_buyers']",70522.1,70786.557875,80.94948942371036,WIN,26,125.0,1.5677355041894336,0.06069019498858735,1.4999999999999587,1.5,take_profit,2.980911921301958,0.16965607627721685,2.3942681418518976,1.6844647918385676,UP,BUY,1.9762702099312233,False,70571.33539841534,-0.0007510067960554107,NONE,0.0,70786.557875,1.5
2026-03-22 02:25:00+00:00,2026-03-22 02:25:00+00:00,2026-03-22 02:30:00+00:00,2026-03-22 03:00:00+00:00,LONG,LONG,4.25,"['delta_strong_positive', 'cvd_strong_positive', 'aggressive_buyers', 'above_vwap']",69314.7,69141.41325,-54.3710737295934,LOSS,7,30.0,0.09464081933563145,1.3526712226987592,-0.9999999999999961,1.5,stop_loss,2.980911921301958,3.5513668455457488,3.616016645112833,3.104864175763102,UP,BUY,2.127324968842456,False,68806.51193696937,0.004033484747787083,NONE,0.0,69574.630125,1.5
2026-03-22 07:35:00+00:00,2026-03-22 07:35:00+00:00,2026-03-22 07:40:00+00:00,2026-03-22 08:00:00+00:00,SHORT,SHORT,-4.25,"['delta_strong_negative', 'cvd_strong_negative', 'aggressive_sellers', 'below_vwap']",68963.4,68704.78725,81.14882754141856,WIN,5,20.0,1.7249729566697363,0.5626172723502613,1.5000000000000018,1.5,take_profit,2.980911921301958,3.023368152485934,-3.606025120530995,-2.3199095485820123,DOWN,SELL,0.18489042196547809,False,68985.81404508287,-0.0036350414316996603,NONE,0.0,68704.78725,1.5
2026-03-23 02:25:00+00:00,2026-03-23 02:25:00+00:00,2026-03-23 02:30:00+00:00,2026-03-23 03:00:00+00:00,LONG,LONG,4.25,"['delta_strong_positive', 'cvd_strong_positive', 'aggressive_buyers', 'above_vwap']",68235.8,68491.68425,81.75744374797999,WIN,7,30.0,1.8740895541636329,0.6219609061519368,1.5000000000000162,1.5,take_profit,2.980911921301958,3.219608024133405,3.0502056041134487,1.6080763401847444,UP,BUY,1.8514107258676111,False,67864.50357446395,0.0042481326358763455,NONE,0.0,68491.68425,1.5
2026-03-23 04:50:00+00:00,2026-03-23 04:50:00+00:00,2026-03-23 04:55:00+00:00,2026-03-23 05:00:00+00:00,LONG,LONG,4.25,"['delta_strong_positive', 'cvd_strong_positive', 'aggressive_buyers', 'above_vwap']",68443.8,68700.46425,82.37062457608948,WIN,2,5.0,1.9472910621560877,0.23201517157140364,1.5000000000000095,1.5,take_profit,2.980911921301958,3.453030496908545,2.876210921512403,2.3342238739116077,UP,BUY,1.8523046538613714,False,68014.24962297858,0.0049273765977243585,NONE,0.0,68700.46425,1.5
2026-03-23 06:40:00+00:00,2026-03-23 06:40:00+00:00,2026-03-23 06:45:00+00:00,2026-03-23 07:05:00+00:00,SHORT,SHORT,-3.5,"['delta_strong_negative', 'cvd_strong_negative', 'below_vwap']",67786.9,67532.699125,82.988404260408,WIN,5,20.0,1.9484590680500045,0.7854024892715603,1.4999999999999707,1.5,take_profit,2.980911921301958,3.502082044592401,-2.264179437839897,-2.080242412458556,DOWN,SELL,0.7269602321942763,False,68188.78549895776,-0.008807447242731135,NONE,0.0,67532.699125,1.5
2026-03-24 00:30:00+00:00,2026-03-24 00:30:00+00:00,2026-03-24 00:35:00+00:00,2026-03-24 01:25:00+00:00,SHORT,SHORT,-4.25,"['delta_strong_negative', 'cvd_strong_negative', 'aggressive_sellers', 'below_vwap']",70623.9,70800.45975,-55.740544861575245,LOSS,11,50.0,1.3932960371772163,1.2562319554711814,-1.000000000000002,1.5,stop_loss,2.980911921301958,1.369033635552972,-2.5146965036370896,-2.3229705307517694,DOWN,SELL,0.6501279091991709,False,70798.24049963753,-0.0016391677809120566,NONE,0.0,70359.060375,1.5
2026-03-24 04:30:00+00:00,2026-03-24 04:30:00+00:00,2026-03-24 04:35:00+00:00,2026-03-24 05:20:00+00:00,SHORT,SHORT,-4.25,"['delta_strong_negative', 'cvd_strong_negative', 'aggressive_sellers', 'below_vwap']",70352.7,70088.877375,83.1927632059011,WIN,10,45.0,1.5760589145832191,0.33829547408983596,1.5000000000000042,1.5,take_profit,2.980911921301958,2.777877713600338,-2.6831380048522124,-3.3161441957074906,DOWN,SELL,0.4808831687991356,False,70581.78042765088,-0.0023597951325891376,NONE,0.0,70088.877375,1.5
2026-03-24 07:10:00+00:00,2026-03-24 07:10:00+00:00,2026-03-24 07:15:00+00:00,2026-03-24 07:55:00+00:00,LONG,LONG,3.5,"['delta_strong_positive', 'cvd_strong_positive', 'above_vwap']",70794.8,71060.28050000001,83.81670892994674,WIN,9,40.0,3.2923322051901946,0.2813765982812461,1.5000000000000286,1.5,take_profit,2.980911921301958,3.052404701486683,2.2079318637742507,1.8613371979032516,UP,BUY,1.3548123308149165,False,70503.25980784686,0.005373583076946044,NONE,0.0,71060.28050000001,1.5
2026-03-25 00:40:00+00:00,2026-03-25 00:40:00+00:00,2026-03-25 00:45:00+00:00,2026-03-25 01:05:00+00:00,LONG,LONG,4.25,"['delta_strong_positive', 'cvd_strong_positive', 'aggressive_buyers', 'above_vwap']",70893.7,70716.46575,-56.296889497944605,LOSS,5,20.0,0.3853656954003129,1.316336994683606,-0.9999999999999665,1.5,stop_loss,2.980911921301958,1.7905419686164632,2.1324407303509325,2.245324779817168,UP,BUY,1.9353322105373836,False,70751.1573529585,0.006615717446718414,NONE,0.0,71159.551375,1.5
2026-03-25 05:05:00+00:00,2026-03-25 05:05:00+00:00,2026-03-25 05:10:00+00:00,2026-03-25 06:05:00+00:00,LONG,LONG,3.5,"['delta_strong_positive', 'cvd_strong_positive', 'above_vwap']",71175.0,70997.0625,-56.01540505045676,LOSS,12,55.0,0.8143308746048145,1.2633649455567428,-1.0,1.5,stop_loss,2.980911921301958,4.112429477443959,2.854671118745546,2.545607522764179,UP,BUY,1.3528944565435856,False,70738.72609545986,0.006353507431489185,NONE,0.0,71441.90625,1.5
2026-03-25 06:55:00+00:00,2026-03-25 06:55:00+00:00,2026-03-25 07:00:00+00:00,2026-03-25 07:30:00+00:00,SHORT,SHORT,-3.75,"['delta_strong_negative', 'cvd_strong_negative', 'aggressive_sellers']",70962.8,71140.20700000001,-55.73532802520652,LOSS,7,30.0,0.2632365126516828,1.1701905787257056,-1.0000000000000366,1.5,stop_loss,2.980911921301958,2.3520570748609533,-2.0856004270189237,-2.3431625316073035,DOWN,SELL,0.440730026302988,False,70839.44679399424,0.0003737075018255081,NONE,0.0,70696.68950000001,1.5
2026-03-26 02:30:00+00:00,2026-03-26 02:30:00+00:00,2026-03-26 02:35:00+00:00,2026-03-26 05:05:00+00:00,SHORT,SHORT,-4.25,"['delta_strong_negative', 'cvd_strong_negative', 'aggressive_sellers', 'below_vwap']",70770.7,70505.30987499999,83.18497707761935,WIN,31,150.0,1.896830185373276,0.9845882547438253,1.5000000000000302,1.5,take_profit,2.980911921301958,3.7580516381708473,-3.44695221279822,-2.698634692704705,DOWN,SELL,0.6476051184674345,False,71111.84915928994,-0.005824456681524639,NONE,0.0,70505.30987499999,1.5
2026-03-26 05:40:00+00:00,2026-03-26 05:40:00+00:00,2026-03-26 05:45:00+00:00,2026-03-26 05:55:00+00:00,SHORT,SHORT,-4.75,"['delta_strong_negative', 'cvd_strong_negative', 'aggressive_sellers', 'big_trade_sell', 'below_vwap']",70279.0,70015.45375,83.80886440569964,WIN,3,10.0,2.1218287112793464,0.3733690006972542,1.4999999999999967,1.5,take_profit,2.980911921301958,2.6482029525350295,-3.2317147511815536,-2.097502983449499,DOWN,SELL,0.34177817392398,True,70856.9019876293,-0.006513646270480914,NONE,0.0,70015.45375,1.5
2026-03-27 00:05:00+00:00,2026-03-27 00:05:00+00:00,2026-03-27 00:10:00+00:00,2026-03-27 00:20:00+00:00,LONG,LONG,4.25,"['delta_strong_positive', 'cvd_strong_positive', 'aggressive_buyers', 'above_vwap']",68904.4,68732.139,-56.29162059249458,LOSS,3,10.0,0.21943446282096882,1.1703171350450263,-0.9999999999999919,1.5,stop_loss,2.980911921301958,0.5058256057035165,2.6184580461949705,1.5572619130837673,UP,BUY,3.284332108944885,False,68766.51457656715,-0.0008347719067714062,NONE,0.0,69162.79149999999,1.5
2026-03-27 03:05:00+00:00,2026-03-27 03:05:00+00:00,2026-03-27 03:10:00+00:00,2026-03-27 03:35:00+00:00,SHORT,SHORT,-4.25,"['delta_strong_negative', 'cvd_strong_negative', 'aggressive_sellers', 'below_vwap']",68680.4,68852.101,-56.010162489532874,LOSS,6,25.0,0.293533526304414,1.121717404092031,-1.0000000000000056,1.5,stop_loss,2.980911921301958,3.554853282535542,-3.5733786317841623,-2.4106503262414614,DOWN,SELL,0.5248585304356547,False,68812.7724120445,-0.0017076584340363983,NONE,0.0,68422.8485,1.5
2026-03-27 04:00:00+00:00,2026-03-27 04:00:00+00:00,2026-03-27 04:05:00+00:00,2026-03-27 05:05:00+00:00,SHORT,SHORT,-3.5,"['delta_strong_negative', 'cvd_strong_negative', 'below_vwap']",68499.9,68671.14975,-55.73011167708579,LOSS,13,60.0,1.417228346318737,1.1684688590786605,-1.0000000000000158,1.5,stop_loss,2.980911921301958,3.8620746690353047,-2.72048891426356,-2.6009167664116055,DOWN,SELL,0.7214654329541113,False,68766.0803730183,-0.003908349178331391,NONE,0.0,68243.025375,1.5
2026-03-27 07:10:00+00:00,2026-03-27 07:10:00+00:00,2026-03-27 07:15:00+00:00,2026-03-27 07:35:00+00:00,LONG,LONG,4.25,"['delta_strong_positive', 'cvd_strong_positive', 'aggressive_buyers', 'above_vwap']",68830.5,68658.42375,-55.451461118698916,LOSS,5,20.0,0.5491751476453025,1.256419755776855,-0.9999999999999898,1.5,stop_loss,2.980911921301958,3.8342868206353473,3.756666971768319,2.806394407261618,UP,BUY,2.249666047633011,False,68691.67331585953,0.0033879318624987216,NONE,0.0,69088.614375,1.5
2026-03-28 01:10:00+00:00,2026-03-28 01:10:00+00:00,2026-03-28 01:15:00+00:00,2026-03-28 05:20:00+00:00,SHORT,SHORT,-4.25,"['delta_strong_negative', 'cvd_strong_negative', 'aggressive_sellers', 'below_vwap']",66115.7,66280.98925,-55.17420381310653,LOSS,50,245.0,1.3775850516594217,1.411465052929957,-1.00000000000001,1.5,stop_loss,2.980911921301958,3.081371500095049,-3.0417308552213003,-2.280421048442001,DOWN,SELL,0.47312567932481653,False,66317.36373572778,-0.0010193713384683797,NONE,0.0,65867.766125,1.5
2026-03-28 06:15:00+00:00,2026-03-28 06:15:00+00:00,2026-03-28 06:20:00+00:00,2026-03-28 09:05:00+00:00,LONG,LONG,4.25,"['delta_strong_positive', 'cvd_strong_positive', 'aggressive_buyers', 'above_vwap']",66445.4,66279.28649999999,-54.898332794042695,LOSS,34,165.0,0.5327682578477969,1.0396506003425194,-1.0000000000000406,1.5,stop_loss,2.980911921301958,2.385191729941739,2.4321356736122866,2.1599775007218827,UP,BUY,2.7189858554334134,False,66194.23530504371,0.004313487128535793,NONE,0.0,66694.57024999999,1.5
2026-03-29 03:15:00+00:00,2026-03-29 03:15:00+00:00,2026-03-29 03:20:00+00:00,2026-03-29 03:45:00+00:00,LONG,LONG,3.5,"['delta_strong_positive', 'cvd_strong_positive', 'above_vwap']",67021.7,66854.14575,-54.62384113007058,LOSS,6,25.0,0.061472627522148264,1.1960305393625896,-1.0000000000000062,1.5,stop_loss,3.456971763240293,4.068283233893242,2.7598012289075133,1.5539298121159455,UP,BUY,1.4039536362520777,False,66620.55117198733,0.006694469283001454,NONE,0.0,67273.03137499999,1.5
2026-03-29 04:20:00+00:00,2026-03-29 04:20:00+00:00,2026-03-29 04:25:00+00:00,2026-03-29 07:00:00+00:00,SHORT,SHORT,-4.25,"['delta_strong_negative', 'cvd_strong_negative', 'aggressive_sellers', 'big_trade_sell']",66791.3,66540.83262500001,81.52608288662752,WIN,32,155.0,1.5978128888043976,0.3215987710974159,1.4999999999999576,1.5,take_profit,3.456971763240293,0.9529490194795058,-3.282024087786042,-2.9154979125562726,DOWN,SELL,0.21639968821583103,True,66684.41666026846,0.0011658056935142892,NONE,0.0,66540.83262500001,1.5
2026-03-30 02:40:00+00:00,2026-03-30 02:40:00+00:00,2026-03-30 02:45:00+00:00,2026-03-30 02:45:00+00:00,LONG,LONG,4.25,"['delta_strong_positive', 'cvd_strong_positive', 'aggressive_buyers', 'above_vwap']",67020.9,67272.22837499999,82.13752850827866,WIN,1,1.0,2.7859966070285713,0.2799126839537767,1.4999999999999842,1.5,take_profit,3.456971763240293,2.99052182115446,2.566292122997702,2.2580549335211555,UP,BUY,1.6605445762363182,False,66528.32416993457,0.014018508910258146,NONE,0.0,67272.22837499999,1.5
2026-03-30 07:55:00+00:00,2026-03-30 07:55:00+00:00,2026-03-30 08:00:00+00:00,2026-03-30 08:05:00+00:00,LONG,LONG,3.5,"['delta_strong_positive', 'cvd_strong_positive', 'above_vwap']",67595.9,67849.38462499999,82.75355997209077,WIN,2,5.0,1.7314659616929775,0.1260431475872848,1.4999999999999845,1.5,take_profit,3.456971763240293,3.260773044366494,2.1165813844225183,1.6686692963801713,UP,BUY,1.405259932591155,False,67003.41888153908,0.002258935663208607,NONE,0.0,67849.38462499999,1.5
2026-03-31 00:00:00+00:00,2026-03-31 00:00:00+00:00,2026-03-31 00:05:00+00:00,2026-03-31 00:10:00+00:00,SHORT,SHORT,-3.75,"['delta_strong_negative', 'cvd_strong_negative', 'aggressive_sellers']",66785.5,66535.054375,83.37421167187998,WIN,2,5.0,1.5566253153753085,0.0,1.499999999999958,1.5,take_profit,3.456971763240293,0.8882457783491127,-2.133005368889052,-1.7610749925374167,DOWN,SELL,0.5071660619269936,False,66749.33333333333,0.0013023460749207918,NONE,0.0,66535.054375,1.5
2026-03-31 00:45:00+00:00,2026-03-31 00:45:00+00:00,2026-03-31 00:50:00+00:00,2026-03-31 00:50:00+00:00,LONG,LONG,4.25,"['delta_strong_positive', 'cvd_strong_positive', 'aggressive_buyers', 'above_vwap']",67222.2,67054.1445,-55.99967883961501,LOSS,1,1.0,0.06366944253533559,1.500694710973441,-1.000000000000013,1.5,stop_loss,3.456971763240293,4.112254997188621,3.869742479266737,3.045571486171873,UP,BUY,1.9838427186488377,False,66899.39716344199,0.006731432562932429,NONE,0.0,67474.28325,1.5
2026-03-31 01:30:00+00:00,2026-03-31 01:30:00+00:00,2026-03-31 01:35:00+00:00,2026-03-31 01:35:00+00:00,LONG,LONG,4.25,"['delta_strong_positive', 'cvd_strong_positive', 'aggressive_buyers', 'above_vwap']",68297.5,68126.75625,-55.719680445414305,LOSS,1,1.0,0.3080639847725367,1.3365057286137683,-0.9999999999999659,1.5,stop_loss,3.456971763240293,3.4815054782245873,3.12741834787541,2.6048779722069915,UP,BUY,1.5800625762678346,False,67461.3476487413,0.016069690072507616,NONE,0.0,68553.615625,1.5
2026-03-31 07:10:00+00:00,2026-03-31 07:10:00+00:00,2026-03-31 07:15:00+00:00,2026-03-31 08:00:00+00:00,SHORT,SHORT,-4.25,"['delta_strong_negative', 'cvd_strong_negative', 'aggressive_sellers', 'below_vwap']",67267.2,67435.368,-55.44108204319081,LOSS,10,45.0,1.1613386613386787,1.027543884686759,-1.0000000000000304,1.5,stop_loss,3.456971763240293,2.1304837249982183,-2.523627882191419,-1.8354330941002481,DOWN,SELL,0.5349918236926817,False,67630.6981327398,-0.004469520311704634,NONE,0.0,67014.948,1.5
2026-04-01 03:05:00+00:00,2026-04-01 03:05:00+00:00,2026-04-01 03:10:00+00:00,2026-04-01 04:45:00+00:00,LONG,LONG,4.25,"['delta_strong_positive', 'cvd_strong_positive', 'aggressive_buyers', 'above_vwap']",68032.3,68287.42112500001,82.7458149494614,WIN,20,95.0,1.5263338149672507,0.9395537119868232,1.50000000000003,1.5,take_profit,3.456971763240293,2.4728468583216143,3.136897734812848,2.7022778323738694,UP,BUY,2.482267321980273,False,67934.01896061897,0.0008412648917093124,NONE,0.0,68287.42112500001,1.5
2026-04-01 05:25:00+00:00,2026-04-01 05:25:00+00:00,2026-04-01 05:30:00+00:00,2026-04-01 06:20:00+00:00,LONG,LONG,4.25,"['delta_strong_positive', 'cvd_strong_positive', 'aggressive_buyers', 'above_vwap']",68553.0,68810.07375,83.3664085615794,WIN,11,50.0,1.732965734541158,0.8694003180021298,1.4999999999999762,1.5,take_profit,3.456971763240293,3.2508799099732095,2.2015002888147652,2.2393633347133446,UP,BUY,1.5740100440070388,False,68080.04800227698,0.0069914755100013715,NONE,0.0,68810.07375,1.5
2026-04-01 06:35:00+00:00,2026-04-01 06:35:00+00:00,2026-04-01 06:40:00+00:00,2026-04-01 06:40:00+00:00,LONG,LONG,4.75,"['delta_strong_positive', 'cvd_strong_positive', 'aggressive_buyers', 'big_trade_buy', 'above_vwap']",68940.0,69198.525,83.99165662579068,WIN,1,1.0,1.624601102407891,0.0,1.4999999999999665,1.5,take_profit,3.456971763240293,2.404462830206952,2.5273173503716504,2.0318414224868997,UP,BUY,1.9347759563843578,True,68248.84069370378,0.007909988183569068,NONE,0.0,69198.525,1.5
2026-04-02 00:10:00+00:00,2026-04-02 00:10:00+00:00,2026-04-02 00:15:00+00:00,2026-04-02 00:40:00+00:00,LONG,LONG,4.25,"['delta_strong_positive', 'cvd_strong_positive', 'aggressive_buyers', 'above_vwap']",68177.3,68432.964875,84.62159405048673,WIN,6,25.0,1.8604432853749928,0.4535233868164501,1.500000000000013,1.5,take_profit,3.456971763240293,2.1458309514430063,2.9570002640078843,2.3176517678641133,UP,BUY,2.8566336555455725,False,68123.36600099734,-0.00019732518507527182,NONE,0.0,68432.964875,1.5
2026-04-02 01:05:00+00:00,2026-04-02 01:05:00+00:00,2026-04-02 01:10:00+00:00,2026-04-02 01:10:00+00:00,SHORT,SHORT,-3.5,"['delta_strong_negative', 'cvd_strong_negative', 'below_vwap']",68135.1,68305.43775000001,-56.837504003911775,LOSS,1,1.0,0.49607324271924447,1.7418335043171407,-1.0000000000000353,1.5,stop_loss,3.456971763240293,4.0965492495362374,-2.7742770651919133,-2.859396864765986,DOWN,SELL,0.8537853928568413,False,68183.63373275269,-0.0009189935483389829,NONE,0.0,67879.59337500001,1.5
2026-04-03 00:45:00+00:00,2026-04-03 00:45:00+00:00,2026-04-03 00:50:00+00:00,2026-04-03 01:30:00+00:00,SHORT,SHORT,-4.25,"['delta_strong_negative', 'cvd_strong_negative', 'aggressive_sellers', 'below_vwap']",66706.2,66872.96549999999,-56.553316483888196,LOSS,9,40.0,0.21107483262423637,1.0499773634235248,-0.9999999999999645,1.5,stop_loss,3.456971763240293,3.021282370514997,-3.2179129259101042,-3.2437693475471927,DOWN,SELL,0.36116472667301625,False,66819.35775313886,-0.002452299374490204,NONE,0.0,66456.05175,1.5
2026-04-03 02:10:00+00:00,2026-04-03 02:10:00+00:00,2026-04-03 02:15:00+00:00,2026-04-03 02:15:00+00:00,SHORT,SHORT,-3.25,"['delta_strong_negative', 'cvd_strong_negative', 'aggressive_sellers', 'big_trade_sell', 'below_vwap', 'sell_absorption']",66479.6,66645.799,-56.27054990146847,LOSS,1,1.0,0.03489792357356488,1.4867718819005604,-0.9999999999999594,1.5,stop_loss,3.456971763240293,1.962116222071267,-2.093524010359842,-1.5217596198606684,DOWN,SELL,0.4258193750018053,True,66655.12123578097,-0.0037343040285776007,SELL_ABSORPTION,1.0,66230.3015,1.5
2026-04-03 05:15:00+00:00,2026-04-03 05:15:00+00:00,2026-04-03 05:20:00+00:00,2026-04-03 05:30:00+00:00,SHORT,SHORT,-4.25,"['delta_strong_negative', 'cvd_strong_negative', 'aggressive_sellers', 'below_vwap']",66488.1,66654.32025,-55.9891971519629,LOSS,3,10.0,0.2785460856905395,1.8138584197773735,-0.9999999999999908,1.5,stop_loss,3.456971763240293,1.8503455943966005,-2.400313882154596,-1.6744898435047417,DOWN,SELL,0.6160780717387918,False,66573.15480942091,-0.0005914543774649494,NONE,0.0,66238.769625,1.5
2026-04-03 07:30:00+00:00,2026-04-03 07:30:00+00:00,2026-04-03 07:35:00+00:00,2026-04-03 08:40:00+00:00,LONG,LONG,4.25,"['delta_strong_positive', 'cvd_strong_positive', 'aggressive_buyers', 'above_vwap']",67038.3,66870.70425000001,-55.70925116620132,LOSS,14,65.0,1.3108924301481217,1.039405832188448,-0.999999999999959,1.5,stop_loss,3.456971763240293,3.6278868596457134,3.6209625398142906,2.6188669880576647,UP,BUY,2.06971780133445,False,66615.23373342946,0.005436570676559941,NONE,0.0,67289.693625,1.5
2026-04-04 01:25:00+00:00,2026-04-04 01:25:00+00:00,2026-04-04 01:30:00+00:00,2026-04-04 06:45:00+00:00,SHORT,SHORT,-4.25,"['delta_strong_negative', 'cvd_strong_negative', 'aggressive_sellers', 'below_vwap']",66811.5,66978.52875,-55.43070491037182,LOSS,64,315.0,0.3951415549718237,1.045329022698223,-0.999999999999986,1.5,stop_loss,3.456971763240293,1.1569107884660093,-2.1751429303464724,-1.6116786469422866,DOWN,SELL,0.2671765329690575,False,66867.55076883073,-0.0008931651327175602,NONE,0.0,66560.956875,1.5
2026-04-05 02:00:00+00:00,2026-04-05 02:00:00+00:00,2026-04-05 02:05:00+00:00,2026-04-05 06:05:00+00:00,SHORT,SHORT,-4.25,"['delta_strong_negative', 'cvd_strong_negative', 'aggressive_sellers', 'below_vwap']",67010.3,66759.011375,82.73032707873145,WIN,49,240.0,2.162055683976923,0.9347816678927942,1.5000000000000062,1.5,take_profit,3.456971763240293,4.162328434918128,-3.934585471182569,-2.1734910904772753,DOWN,SELL,0.5180988702889451,False,67105.8167604494,-0.0025856548143435255,NONE,0.0,66759.011375,1.5
2026-04-06 02:10:00+00:00,2026-04-06 02:10:00+00:00,2026-04-06 02:15:00+00:00,2026-04-06 02:30:00+00:00,LONG,LONG,3.75,"['delta_strong_positive', 'cvd_strong_positive', 'aggressive_buyers']",69089.5,69348.585625,83.35080453182384,WIN,4,15.0,1.7177718756106042,0.10421265170539662,1.5000000000000406,1.5,take_profit,3.456971763240293,2.6508495093138507,3.2527075441756206,2.395938966240638,UP,BUY,1.892822672771978,False,69124.38968637296,0.005116125926056841,NONE,0.0,69348.585625,1.5
2026-04-06 06:25:00+00:00,2026-04-06 06:25:00+00:00,2026-04-06 06:30:00+00:00,2026-04-06 06:50:00+00:00,SHORT,SHORT,-4.25,"['delta_strong_negative', 'cvd_strong_negative', 'aggressive_sellers', 'below_vwap']",68813.8,68985.8345,-55.98395704387165,LOSS,5,20.0,0.0511525304517577,1.5444576523894746,-0.9999999999999667,1.5,stop_loss,3.456971763240293,3.184981968549398,-3.6795373696558746,-2.5759541223058666,DOWN,SELL,0.5504484089534865,False,69123.2711957863,-0.004368753637325458,NONE,0.0,68555.74825,1.5
2026-04-07 04:45:00+00:00,2026-04-07 04:45:00+00:00,2026-04-07 04:50:00+00:00,2026-04-07 05:00:00+00:00,LONG,LONG,4.25,"['delta_strong_positive', 'cvd_strong_positive', 'aggressive_buyers', 'above_vwap']",68932.2,68759.8695,-55.70403725865298,LOSS,3,10.0,0.0,1.0218736671685584,-0.9999999999999791,1.5,stop_loss,3.456971763240293,2.985491320923848,2.716769639212508,2.6987366729581956,UP,BUY,1.9448654601849806,False,68679.64080685608,0.004621911558462298,NONE,0.0,69190.69575,1.5
2026-04-07 05:15:00+00:00,2026-04-07 05:15:00+00:00,2026-04-07 05:20:00+00:00,2026-04-07 06:10:00+00:00,SHORT,SHORT,-3.75,"['delta_strong_negative', 'cvd_strong_negative', 'aggressive_sellers']",68749.0,68491.19125,83.13827560854021,WIN,11,50.0,1.7396616678060772,0.2333124845452636,1.4999999999999798,1.5,take_profit,3.456971763240293,0.9108783862695704,-2.1905361079396934,-1.642636564226465,DOWN,SELL,0.362821774958069,False,68685.585193927,0.0018352132949989554,NONE,0.0,68491.19125,1.5
2026-04-08 02:05:00+00:00,2026-04-08 02:05:00+00:00,2026-04-08 02:10:00+00:00,2026-04-08 02:20:00+00:00,LONG,LONG,3.75,"['delta_strong_positive', 'cvd_strong_positive', 'aggressive_buyers']",71655.8,71476.6605,-55.841208450405084,LOSS,3,10.0,0.23557060279836156,1.5423734017344188,-1.0000000000000266,1.5,stop_loss,3.456971763240293,0.6284569390813738,2.0114458129081147,1.512593880371025,UP,BUY,2.0358667874031595,False,71724.43538024949,0.00093568300802271,NONE,0.0,71924.50925,1.5
2026-04-09 00:30:00+00:00,2026-04-09 00:30:00+00:00,2026-04-09 00:35:00+00:00,2026-04-09 01:05:00+00:00,SHORT,SHORT,-4.25,"['delta_strong_negative', 'cvd_strong_negative', 'aggressive_sellers', 'below_vwap']",70795.0,70529.51875,83.34300361222643,WIN,7,30.0,1.980930856698952,0.6740589024648798,1.4999999999999833,1.5,take_profit,3.456971763240293,2.359277104654843,-2.9942729682156326,-3.0901720422301806,DOWN,SELL,0.4009670427388428,False,70897.67364761136,-0.005283641870365544,NONE,0.0,70529.51875,1.5
2026-04-09 04:45:00+00:00,2026-04-09 04:45:00+00:00,2026-04-09 04:50:00+00:00,2026-04-09 05:20:00+00:00,SHORT,SHORT,-4.25,"['delta_strong_negative', 'cvd_strong_negative', 'aggressive_sellers', 'below_vwap']",70735.5,70912.33875,-55.97871742621122,LOSS,7,30.0,0.39301340910858057,1.1660340281753694,-0.9999999999999737,1.5,stop_loss,3.456971763240293,3.8852569796165355,-3.884904527581503,-2.9928352924785475,DOWN,SELL,0.27356722437569364,False,70822.21550595376,-0.0011628050080760505,NONE,0.0,70470.241875,1.5
2026-04-10 01:30:00+00:00,2026-04-10 01:30:00+00:00,2026-04-10 01:35:00+00:00,2026-04-10 02:45:00+00:00,LONG,LONG,4.25,"['delta_strong_positive', 'cvd_strong_positive', 'aggressive_buyers', 'above_vwap']",72138.5,71958.15375,-55.69882383908236,LOSS,15,70.0,1.1727440964256257,1.0246955509194282,-1.0000000000000129,1.5,stop_loss,3.456971763240293,3.209371285755466,3.1621375619565244,2.521837244310007,UP,BUY,3.0239138438880704,False,71838.51653378448,-0.00015047789432172997,NONE,0.0,72409.019375,1.5
2026-04-10 07:40:00+00:00,2026-04-10 07:40:00+00:00,2026-04-10 07:45:00+00:00,2026-04-10 09:15:00+00:00,SHORT,SHORT,-4.25,"['delta_strong_negative', 'cvd_strong_negative', 'aggressive_sellers', 'below_vwap']",71633.6,71812.68400000001,-55.420329719887015,LOSS,19,90.0,1.4043688995108439,1.032476379799391,-1.0000000000000142,1.5,stop_loss,3.456971763240293,2.880940673762875,-3.9476193881666135,-3.4943926334314486,DOWN,SELL,0.14432813211985368,False,71942.78647470321,-0.003855179715667793,NONE,0.0,71364.974,1.5
2026-04-11 01:15:00+00:00,2026-04-11 01:15:00+00:00,2026-04-11 01:20:00+00:00,2026-04-11 01:30:00+00:00,SHORT,SHORT,-4.25,"['delta_strong_negative', 'cvd_strong_negative', 'aggressive_sellers', 'below_vwap']",72700.0,72881.75,-55.14322807128679,LOSS,3,10.0,0.14415405777164836,1.1609353507565336,-1.0,1.5,stop_loss,3.466007361695352,4.080757585401009,-4.094116194582062,-3.278535958083753,DOWN,SELL,0.38491178865570297,False,72771.8229606035,-0.0024963844358663794,NONE,0.0,72427.375,1.5
2026-04-11 02:30:00+00:00,2026-04-11 02:30:00+00:00,2026-04-11 02:35:00+00:00,2026-04-11 03:55:00+00:00,LONG,LONG,4.25,"['delta_strong_positive', 'cvd_strong_positive', 'aggressive_buyers', 'above_vwap']",73000.1,72817.59975000001,-54.867511930929545,LOSS,17,80.0,0.2652051161573432,1.2641078573865603,-0.9999999999999852,1.5,stop_loss,3.9486773248868725,2.419366473674962,2.3947027290977245,1.8277732979919028,UP,BUY,2.5145560566916263,False,72845.7993693287,0.0022258843849161077,NONE,0.0,73273.85037500001,1.5
2026-04-11 04:10:00+00:00,2026-04-11 04:10:00+00:00,2026-04-11 04:15:00+00:00,2026-04-11 13:10:00+00:00,SHORT,SHORT,-4.25,"['delta_strong_negative', 'cvd_strong_negative', 'aggressive_sellers', 'below_vwap']",72796.1,72523.114625,81.8897615569147,WIN,108,535.0,1.8913101113933937,0.8181756989728524,1.5000000000000207,1.5,take_profit,3.9486773248868725,1.8621079506615204,-2.6479018458405963,-1.8875940684857941,DOWN,SELL,0.2535610351631816,False,72867.50475522963,-0.0010177476479271109,NONE,0.0,72523.114625,1.5
2026-04-12 01:30:00+00:00,2026-04-12 01:30:00+00:00,2026-04-12 01:35:00+00:00,2026-04-12 01:35:00+00:00,SHORT,SHORT,-4.25,"['delta_strong_negative', 'cvd_strong_negative', 'aggressive_sellers', 'below_vwap']",72557.4,72285.30975,82.50393476858856,WIN,1,1.0,3.4422402125764937,0.09757791762114763,1.4999999999999658,1.5,take_profit,3.9486773248868725,4.080941480965302,-3.9402371891521137,-3.3969917081437355,DOWN,SELL,0.37884129453694815,False,72886.6966001056,-0.007009301032780829,NONE,0.0,72285.30975,1.5
2026-04-13 05:35:00+00:00,2026-04-13 05:35:00+00:00,2026-04-13 05:40:00+00:00,2026-04-13 05:55:00+00:00,SHORT,SHORT,-4.25,"['delta_strong_negative', 'cvd_strong_negative', 'aggressive_sellers', 'below_vwap']",70674.0,70850.685,-55.4151428529025,LOSS,4,15.0,0.0005659790022119635,1.082151852166268,-0.9999999999999868,1.5,stop_loss,3.9486773248868725,3.15642421264718,-3.320326773879638,-1.5690322234593732,DOWN,SELL,0.42558290601655463,False,70984.20009987996,-0.00437781803805056,NONE,0.0,70408.9725,1.5
2026-04-13 07:20:00+00:00,2026-04-13 07:20:00+00:00,2026-04-13 07:25:00+00:00,2026-04-13 09:00:00+00:00,SHORT,SHORT,-3.5,"['delta_strong_negative', 'cvd_strong_negative', 'below_vwap']",70677.3,70853.99325,-55.13806713863766,LOSS,20,95.0,0.90552412160623,1.1205861004877096,-0.9999999999999808,1.5,stop_loss,3.9486773248868725,3.729696630905014,-2.1973186800321844,-1.7161206649464613,DOWN,SELL,0.7219841495211298,False,70964.51849326982,-0.0029722138210685613,NONE,0.0,70412.260125,1.5
2026-04-14 06:50:00+00:00,2026-04-14 06:50:00+00:00,2026-04-14 06:55:00+00:00,2026-04-14 07:05:00+00:00,LONG,LONG,4.25,"['delta_strong_positive', 'cvd_strong_positive', 'aggressive_buyers', 'above_vwap']",74464.8,74744.043,82.29356520441894,WIN,3,10.0,2.337748842406061,0.37171925527227406,1.5000000000000118,1.5,take_profit,3.9486773248868725,0.8865254587492236,2.311922812849809,2.6163351569118527,UP,BUY,2.5299983714759215,False,74302.15511186935,0.0018051988733088758,NONE,0.0,74744.043,1.5
2026-04-15 00:00:00+00:00,2026-04-15 00:00:00+00:00,2026-04-15 00:05:00+00:00,2026-04-15 02:25:00+00:00,LONG,LONG,4.25,"['delta_strong_positive', 'cvd_strong_positive', 'aggressive_buyers', 'above_vwap']",74502.6,74316.3435,-55.27384462896856,LOSS,29,140.0,1.2702912381580844,1.0974113655094384,-1.0000000000000169,1.5,stop_loss,3.9486773248868725,3.4589119036757587,3.456047347770075,2.803832613117072,UP,BUY,2.035433915623232,False,74392.09999999999,0.005055031717790748,NONE,0.0,74781.98475,1.5
2026-04-15 05:35:00+00:00,2026-04-15 05:35:00+00:00,2026-04-15 05:40:00+00:00,2026-04-15 07:15:00+00:00,SHORT,SHORT,-4.25,"['delta_strong_negative', 'cvd_strong_negative', 'aggressive_sellers', 'below_vwap']",73850.1,73573.162125,82.49621310873515,WIN,20,95.0,1.6254548064254797,0.8969520691237588,1.5000000000000175,1.5,take_profit,3.9486773248868725,2.157129939032982,-2.2199906248677466,-1.8924965652800716,DOWN,SELL,0.5430780489113153,False,74351.71243815617,-0.00520427587596022,NONE,0.0,73573.162125,1.5
2026-04-15 07:45:00+00:00,2026-04-15 07:45:00+00:00,2026-04-15 07:50:00+00:00,2026-04-15 08:25:00+00:00,LONG,LONG,3.75,"['delta_strong_positive', 'cvd_strong_positive', 'aggressive_buyers']",73659.5,73935.723125,83.11493470705094,WIN,8,35.0,1.6497532565385478,0.18083207189841316,1.5000000000000222,1.5,take_profit,3.9486773248868725,2.553458209952108,2.260805090468764,1.6080447124510264,UP,BUY,1.6128597838260892,False,74146.80636321212,-0.0031989048418481175,NONE,0.0,73935.723125,1.5
2026-04-16 02:25:00+00:00,2026-04-16 02:25:00+00:00,2026-04-16 02:30:00+00:00,2026-04-16 02:40:00+00:00,LONG,LONG,4.25,"['delta_strong_positive', 'cvd_strong_positive', 'aggressive_buyers', 'above_vwap']",74855.8,75136.50925,83.73829671735255,WIN,3,10.0,1.837666553560281,0.0,1.4999999999999993,1.5,take_profit,3.9486773248868725,2.603456958742177,3.0763438689274767,1.810557919443981,UP,BUY,2.1662744490891264,False,74634.61046909745,0.0008268694623029389,NONE,0.0,75136.50925,1.5
2026-04-16 04:30:00+00:00,2026-04-16 04:30:00+00:00,2026-04-16 04:35:00+00:00,2026-04-16 04:45:00+00:00,LONG,LONG,4.75,"['delta_strong_positive', 'cvd_strong_positive', 'aggressive_buyers', 'big_trade_buy', 'above_vwap']",74915.7,74728.41075,-56.24422262848898,LOSS,3,10.0,1.1442194359793896,1.2830421393646614,-1.0000000000000087,1.5,stop_loss,3.9486773248868725,2.8441879241827115,3.95045590104121,2.9527619623158348,UP,BUY,5.775731752920779,True,74804.41598710342,0.0009166393792350735,NONE,0.0,75196.633875,1.5
2026-04-16 06:40:00+00:00,2026-04-16 06:40:00+00:00,2026-04-16 06:45:00+00:00,2026-04-16 07:50:00+00:00,SHORT,SHORT,-3.75,"['delta_strong_negative', 'cvd_strong_negative', 'aggressive_sellers']",74907.3,74626.397625,83.94450227302059,WIN,14,65.0,1.6927589166876924,0.7032692407815905,1.500000000000027,1.5,take_profit,3.9486773248868725,3.7998328836428388,-3.8035922232547894,-2.671982744803054,DOWN,SELL,0.28872161863248974,False,74857.37268772245,-0.0004050179818364564,NONE,0.0,74626.397625,1.5
2026-04-17 00:20:00+00:00,2026-04-17 00:20:00+00:00,2026-04-17 00:25:00+00:00,2026-04-17 00:30:00+00:00,SHORT,SHORT,-4.75,"['delta_strong_negative', 'cvd_strong_negative', 'aggressive_sellers', 'big_trade_sell', 'below_vwap']",74870.2,75057.3755,-56.38272402671042,LOSS,2,5.0,0.11646823435761043,1.094160293414485,-0.999999999999987,1.5,stop_loss,3.9486773248868725,2.4215301058381886,-3.1462584315078352,-3.3482957537089373,DOWN,SELL,0.25398831898948326,True,74955.79416121845,-0.0015215697925283417,NONE,0.0,74589.43675,1.5
2026-04-17 01:55:00+00:00,2026-04-17 01:55:00+00:00,2026-04-17 02:00:00+00:00,2026-04-17 02:30:00+00:00,LONG,LONG,3.75,"['delta_strong_positive', 'cvd_strong_positive', 'aggressive_buyers']",74707.7,74520.93075,-56.100810406576855,LOSS,7,30.0,0.33356668723573557,1.2191514395436995,-0.9999999999999869,1.5,stop_loss,3.9486773248868725,0.7493617142599506,2.3074160031898368,1.639098989978905,UP,BUY,2.201605686115264,False,74799.77597665461,-0.002141461436293228,NONE,0.0,74987.853875,1.5
2026-04-17 07:05:00+00:00,2026-04-17 07:05:00+00:00,2026-04-17 07:10:00+00:00,2026-04-17 08:30:00+00:00,LONG,LONG,4.25,"['delta_strong_positive', 'cvd_strong_positive', 'aggressive_buyers', 'above_vwap']",75049.9,75331.33712499999,83.73045953181611,WIN,17,80.0,1.6261180894311964,0.812259576628319,1.499999999999983,1.5,take_profit,3.9486773248868725,2.764143125263527,2.7585446906336997,2.8139939583798297,UP,BUY,2.072008841963886,False,74738.86239006225,0.004296219303645589,NONE,0.0,75331.33712499999,1.5
2026-04-18 03:50:00+00:00,2026-04-18 03:50:00+00:00,2026-04-18 03:55:00+00:00,2026-04-18 05:05:00+00:00,SHORT,SHORT,-4.25,"['delta_strong_negative', 'cvd_strong_negative', 'aggressive_sellers', 'below_vwap']",76960.0,77152.4,-56.23895865220209,LOSS,15,70.0,0.7063409563409261,1.1564449064449065,-0.9999999999999698,1.5,stop_loss,3.9486773248868725,2.679177312120997,-3.2789284091502546,-1.9420272177546734,DOWN,SELL,0.30841536587818585,False,77160.35328412012,-0.002569082271615505,NONE,0.0,76671.4,1.5
2026-04-18 07:35:00+00:00,2026-04-18 07:35:00+00:00,2026-04-18 07:40:00+00:00,2026-04-18 08:15:00+00:00,SHORT,SHORT,-4.25,"['delta_strong_negative', 'cvd_strong_negative', 'aggressive_sellers', 'below_vwap']",76987.5,76698.796875,83.93664578841418,WIN,8,35.0,2.0133138496509173,0.08676733235913409,1.5,1.5,take_profit,3.9486773248868725,2.7943361004208986,-2.1928764751554386,-1.7249530220538545,DOWN,SELL,0.5456291370620029,False,77098.26518566746,-0.000663984073979537,NONE,0.0,76698.796875,1.5
2026-04-19 00:20:00+00:00,2026-04-19 00:20:00+00:00,2026-04-19 00:25:00+00:00,2026-04-19 01:00:00+00:00,SHORT,SHORT,-3.5,"['delta_strong_negative', 'cvd_strong_negative', 'below_vwap']",75553.3,75742.18325,-56.37744708788453,LOSS,8,35.0,0.2498898128870458,1.0821499524176663,-0.9999999999999944,1.5,stop_loss,3.9486773248868725,3.753450044295525,-2.7817100807325326,-2.01926468936553,DOWN,SELL,0.6998844297800637,False,75640.14603858885,-0.0019485329365054632,NONE,0.0,75269.975125,1.5
2026-04-19 01:30:00+00:00,2026-04-19 01:30:00+00:00,2026-04-19 01:35:00+00:00,2026-04-19 02:40:00+00:00,SHORT,SHORT,-4.25,"['delta_strong_negative', 'cvd_strong_negative', 'aggressive_sellers', 'below_vwap']",75490.0,75678.725,-56.09555985244715,LOSS,14,65.0,0.7259239634388661,1.0719300569612025,-1.0000000000000309,1.5,stop_loss,3.9486773248868725,2.1449904308553895,-2.6153814230173156,-2.1469400775119114,DOWN,SELL,0.5083992935173677,False,75588.02756686274,-0.0021606322355919145,NONE,0.0,75206.9125,1.5
2026-04-19 06:15:00+00:00,2026-04-19 06:15:00+00:00,2026-04-19 06:20:00+00:00,2026-04-19 07:20:00+00:00,SHORT,SHORT,-4.25,"['delta_strong_negative', 'cvd_strong_negative', 'aggressive_sellers', 'below_vwap']",75336.7,75054.187375,83.72262307977569,WIN,13,60.0,2.7205863808740984,0.5797970975633235,1.5000000000000162,1.5,take_profit,3.9486773248868725,2.6707532760387607,-2.785042321459349,-1.930345556508913,DOWN,SELL,0.5907037182742629,False,75521.79703994724,-0.0021286479446510896,NONE,0.0,75054.187375,1.5
2026-04-20 00:00:00+00:00,2026-04-20 00:00:00+00:00,2026-04-20 00:05:00+00:00,2026-04-20 00:05:00+00:00,LONG,LONG,4.25,"['delta_strong_positive', 'cvd_strong_positive', 'aggressive_buyers', 'above_vwap']",74029.1,73844.02725,-56.23369516858408,LOSS,1,1.0,0.29826108922030437,1.408094924833644,-1.000000000000036,1.5,stop_loss,3.9486773248868725,3.9507495662113907,3.5243542496267986,2.949761170391782,UP,BUY,1.8550492621415933,False,73966.03333333334,-0.0012189812214546524,NONE,0.0,74306.70912500001,1.5
2026-04-20 01:30:00+00:00,2026-04-20 01:30:00+00:00,2026-04-20 01:35:00+00:00,2026-04-20 02:10:00+00:00,LONG,LONG,4.25,"['delta_strong_positive', 'cvd_strong_positive', 'aggressive_buyers', 'above_vwap']",74560.0,74373.6,-55.95252669273739,LOSS,8,35.0,0.7381974248927351,1.448497854077253,-0.9999999999999688,1.5,stop_loss,3.9486773248868725,1.640481320174924,2.4754974111790253,1.5264077330239783,UP,BUY,2.2018217804538662,False,74141.55678225879,0.006847348569628786,NONE,0.0,74839.6,1.5
2026-04-20 03:45:00+00:00,2026-04-20 03:45:00+00:00,2026-04-20 03:50:00+00:00,2026-04-20 05:05:00+00:00,LONG,LONG,4.25,"['delta_strong_positive', 'cvd_strong_positive', 'aggressive_buyers', 'above_vwap']",74555.2,74368.81199999999,-55.67276405927733,LOSS,16,75.0,0.24035882138336648,1.4764899027834253,-1.0000000000000338,1.5,stop_loss,3.9486773248868725,2.1228846292814274,2.5202510257575232,1.7817875864535704,UP,BUY,2.759754681876249,False,74278.21085080851,0.00392592792462296,NONE,0.0,74834.78199999999,1.5
2026-04-20 06:40:00+00:00,2026-04-20 06:40:00+00:00,2026-04-20 06:45:00+00:00,2026-04-20 07:20:00+00:00,LONG,LONG,4.25,"['delta_strong_positive', 'cvd_strong_positive', 'aggressive_buyers', 'above_vwap']",74740.0,75020.275,83.09160035846686,WIN,8,35.0,4.277762911426294,0.6845062884666534,1.499999999999969,1.5,take_profit,3.9486773248868725,3.691732395898878,3.0985859798591195,2.4362552303649063,UP,BUY,1.71022560940707,False,74318.38860229962,0.004377851931780082,NONE,0.0,75020.275,1.5
2026-04-21 01:05:00+00:00,2026-04-21 01:05:00+00:00,2026-04-21 01:10:00+00:00,2026-04-21 01:50:00+00:00,LONG,LONG,4.25,"['delta_strong_positive', 'cvd_strong_positive', 'aggressive_buyers', 'above_vwap']",76125.7,75935.38575,-55.80985824077016,LOSS,9,40.0,0.3399640331714367,1.7187362480738635,-0.999999999999978,1.5,stop_loss,3.9486773248868725,2.4871925078798616,2.206467845389472,2.3775934853846588,UP,BUY,1.6297912188477661,False,75917.43593342061,0.0033415872682233567,NONE,0.0,76411.17137499999,1.5
2026-04-21 05:25:00+00:00,2026-04-21 05:25:00+00:00,2026-04-21 05:30:00+00:00,2026-04-21 06:35:00+00:00,SHORT,SHORT,-3.75,"['delta_strong_negative', 'cvd_strong_negative', 'aggressive_sellers']",75859.6,76049.24900000001,-55.53080894956896,LOSS,14,65.0,1.0614345448697482,1.204330104561554,-1.0000000000000255,1.5,stop_loss,3.9486773248868725,3.6570853326129846,-3.7549202271862874,-3.0779004270612513,DOWN,SELL,0.24468376936753872,False,75773.54288841835,0.0020862318074497187,NONE,0.0,75575.12650000001,1.5
2026-04-21 07:25:00+00:00,2026-04-21 07:25:00+00:00,2026-04-21 07:30:00+00:00,2026-04-21 08:40:00+00:00,LONG,LONG,4.25,"['delta_strong_positive', 'cvd_strong_positive', 'aggressive_buyers', 'above_vwap']",76139.3,76424.822375,82.87973235722967,WIN,15,70.0,1.6848066635758252,0.8316335978922995,1.5000000000000022,1.5,take_profit,3.9486773248868725,3.1223066482379283,2.6978192480980296,1.8540539818577386,UP,BUY,2.048577155862206,False,75814.56792742916,0.004122608792825109,NONE,0.0,76424.822375,1.5
2026-04-22 02:10:00+00:00,2026-04-22 02:10:00+00:00,2026-04-22 02:15:00+00:00,2026-04-22 02:15:00+00:00,LONG,LONG,4.25,"['delta_strong_positive', 'cvd_strong_positive', 'aggressive_buyers', 'above_vwap']",76696.4,76984.0115,83.5013303499085,WIN,1,1.0,2.2999775739148123,0.0005215368647877546,1.4999999999999951,1.5,take_profit,3.9486773248868725,4.132941286347469,4.062539357128904,3.3567404156956187,UP,BUY,1.6222550121338373,False,76367.90607864442,0.006966256889689366,NONE,0.0,76984.0115,1.5
2026-04-22 05:15:00+00:00,2026-04-22 05:15:00+00:00,2026-04-22 05:20:00+00:00,2026-04-22 05:20:00+00:00,LONG,LONG,4.25,"['delta_strong_positive', 'cvd_strong_positive', 'aggressive_buyers', 'above_vwap']",77893.5,78185.600625,84.12759032753492,WIN,1,1.0,2.8449100374228915,0.2470039220217647,1.5000000000000326,1.5,take_profit,3.9486773248868725,4.214369355786169,4.160008179545019,3.969346379118327,UP,BUY,1.9039109897539004,False,77124.46274290851,0.008261272142365573,NONE,0.0,78185.600625,1.5
2026-04-22 07:20:00+00:00,2026-04-22 07:20:00+00:00,2026-04-22 07:25:00+00:00,2026-04-22 07:45:00+00:00,SHORT,SHORT,-3.75,"['delta_strong_negative', 'cvd_strong_negative', 'aggressive_sellers']",77845.6,78040.214,-56.50569816999345,LOSS,5,20.0,0.2682232521813006,1.2044354465762697,-1.000000000000007,1.5,stop_loss,3.9486773248868725,1.1017813946169464,-2.092944367612681,-2.017295255978548,DOWN,SELL,0.4943263130613119,False,77475.05245476044,-0.001126725830329887,NONE,0.0,77553.679,1.5
2026-04-23 00:10:00+00:00,2026-04-23 00:10:00+00:00,2026-04-23 00:15:00+00:00,2026-04-23 00:15:00+00:00,SHORT,SHORT,-4.25,"['delta_strong_negative', 'cvd_strong_negative', 'aggressive_sellers', 'below_vwap']",77839.1,78033.69775,-56.22316967914333,LOSS,1,1.0,1.6048489769280625,2.861800817326994,-1.0000000000000042,1.5,stop_loss,3.9486773248868725,3.797116564423778,-3.520474688403825,-2.259052777679709,DOWN,SELL,0.608236754271553,False,78018.37131243516,-0.006928428979102962,NONE,0.0,77547.20337500001,1.5
2026-04-23 06:20:00+00:00,2026-04-23 06:20:00+00:00,2026-04-23 06:25:00+00:00,2026-04-23 06:45:00+00:00,LONG,LONG,4.25,"['delta_strong_positive', 'cvd_strong_positive', 'aggressive_buyers', 'above_vwap']",78262.6,78066.94350000001,-55.94205383074661,LOSS,5,20.0,0.1911513289872515,1.073820701075639,-0.9999999999999861,1.5,stop_loss,3.9486773248868725,2.2873106006763226,3.6045262007683068,2.727364943224447,UP,BUY,3.51259993189226,False,77991.40173431335,0.005367528443176226,NONE,0.0,78556.08475000001,1.5
2026-04-24 01:00:00+00:00,2026-04-24 01:00:00+00:00,2026-04-24 01:05:00+00:00,2026-04-24 01:30:00+00:00,SHORT,SHORT,-4.25,"['delta_strong_negative', 'cvd_strong_negative', 'aggressive_sellers', 'below_vwap']",78199.5,77906.251875,83.49351534238997,WIN,6,25.0,1.526863982506282,0.000511512221974927,1.4999999999999911,1.5,take_profit,3.9486773248868725,2.4447968721081947,-2.732207874896952,-3.117424163328789,DOWN,SELL,0.4300925059166343,False,78313.56171183487,0.0006169999430108588,NONE,0.0,77906.251875,1.5
2026-04-24 03:20:00+00:00,2026-04-24 03:20:00+00:00,2026-04-24 03:25:00+00:00,2026-04-24 05:55:00+00:00,SHORT,SHORT,-4.25,"['delta_strong_negative', 'cvd_strong_negative', 'aggressive_sellers', 'below_vwap']",77655.4,77849.5385,-56.07981113830586,LOSS,31,150.0,1.3078292044081632,1.8739199076947795,-1.0000000000000049,1.5,stop_loss,3.9486773248868725,3.159829891223744,-3.0293261176851796,-1.767144673894581,DOWN,SELL,0.2789050499392015,False,78159.32718711685,-0.006467325224327219,NONE,0.0,77364.19225,1.5
2026-04-25 07:25:00+00:00,2026-04-25 07:25:00+00:00,2026-04-25 07:30:00+00:00,2026-04-25 10:25:00+00:00,LONG,LONG,4.25,"['delta_strong_positive', 'cvd_strong_positive', 'aggressive_buyers', 'above_vwap']",77500.2,77790.82575,83.69911812392297,WIN,36,175.0,1.5473508455462202,0.29006376757735897,1.5000000000000338,1.5,take_profit,3.9486773248868725,2.634664416788794,2.7260863010174767,2.77454018924568,UP,BUY,2.8603893255117265,False,77489.34084246359,-0.0002457756528113901,NONE,0.0,77790.82575,1.5
2026-04-26 00:05:00+00:00,2026-04-26 00:05:00+00:00,2026-04-26 00:10:00+00:00,2026-04-26 04:45:00+00:00,SHORT,SHORT,-4.25,"['delta_strong_negative', 'cvd_strong_negative', 'aggressive_sellers', 'below_vwap']",77518.8,77712.59700000001,-56.21790767323539,LOSS,56,275.0,1.2322172169847978,1.3323219657682888,-1.0000000000000304,1.5,stop_loss,3.9486773248868725,2.0481684400554276,-2.528897612631452,-3.030300159373381,DOWN,SELL,0.25405434378423286,False,77562.79719869485,0.00036176158801119447,NONE,0.0,77228.1045,1.5
2026-04-26 05:10:00+00:00,2026-04-26 05:10:00+00:00,2026-04-26 05:15:00+00:00,2026-04-26 06:15:00+00:00,LONG,LONG,4.25,"['delta_strong_positive', 'cvd_strong_positive', 'aggressive_buyers', 'above_vwap']",78089.5,77894.27625,-55.93681813486884,LOSS,13,60.0,0.3851990344412352,1.0321490085094667,-1.000000000000024,1.5,stop_loss,3.9486773248868725,3.5706270728225427,3.5815327814909335,2.1769473874673597,UP,BUY,2.117642020387857,False,77621.46020550841,0.00566484106216385,NONE,0.0,78382.335625,1.5
2026-04-26 07:50:00+00:00,2026-04-26 07:50:00+00:00,2026-04-26 07:55:00+00:00,2026-04-26 12:45:00+00:00,LONG,LONG,4.25,"['delta_strong_positive', 'cvd_strong_positive', 'aggressive_buyers', 'above_vwap']",78014.7,77819.66325,-55.657134044192965,LOSS,59,290.0,0.8618888491528178,1.5366334806132542,-0.9999999999999966,1.5,stop_loss,3.9486773248868725,2.0689131229435307,2.232010875639085,1.6183629905885983,UP,BUY,1.8803159889104162,False,77762.32980137214,0.0016659463957412286,NONE,0.0,78307.255125,1.5
2026-04-27 00:25:00+00:00,2026-04-27 00:25:00+00:00,2026-04-27 00:30:00+00:00,2026-04-27 00:40:00+00:00,SHORT,SHORT,-4.25,"['delta_strong_negative', 'cvd_strong_negative', 'aggressive_sellers', 'below_vwap']",78443.3,78639.40825000001,-55.37884837397354,LOSS,3,10.0,0.4415928447681616,1.7577026973622838,-1.0000000000000244,1.5,stop_loss,3.9486773248868725,1.4324797707799402,-3.033355822358123,-2.5452080652294837,DOWN,SELL,0.3174700806206062,False,78586.6290354409,0.00037944457887491165,NONE,0.0,78149.137625,1.5
2026-04-27 00:55:00+00:00,2026-04-27 00:55:00+00:00,2026-04-27 01:00:00+00:00,2026-04-27 01:10:00+00:00,LONG,LONG,4.25,"['delta_strong_positive', 'cvd_strong_positive', 'aggressive_buyers', 'above_vwap']",79264.1,79065.93975,-55.10195413210255,LOSS,3,10.0,0.9633617236554464,1.0082748684461333,-1.000000000000004,1.5,stop_loss,3.9486773248868725,3.850703685144773,3.3635513594331203,2.460190453302938,UP,BUY,1.7123872775767903,False,78850.58906574172,0.009295728518509854,NONE,0.0,79561.340375,1.5
2026-04-27 05:10:00+00:00,2026-04-27 05:10:00+00:00,2026-04-27 05:15:00+00:00,2026-04-27 05:15:00+00:00,SHORT,SHORT,-4.25,"['delta_strong_negative', 'cvd_strong_negative', 'aggressive_sellers', 'below_vwap']",78351.6,78057.78150000001,82.23966654216102,WIN,1,1.0,2.085471132689058,0.07555684887092724,1.4999999999999691,1.5,take_profit,3.9486773248868725,4.085892612828621,-4.184772425878673,-3.9497192303550928,DOWN,SELL,0.3348311042794165,False,78952.49225119609,-0.0074102168500318685,NONE,0.0,78057.78150000001,1.5
2026-04-28 02:35:00+00:00,2026-04-28 02:35:00+00:00,2026-04-28 02:40:00+00:00,2026-04-28 02:55:00+00:00,SHORT,SHORT,-4.25,"['delta_strong_negative', 'cvd_strong_negative', 'aggressive_sellers', 'below_vwap']",76669.9,76861.57475,-55.237642694154225,LOSS,4,15.0,0.1439939272125894,1.0496948606950662,-1.0000000000000293,1.5,stop_loss,3.9486773248868725,3.140002023095262,-2.8146688346826956,-2.1910955344038205,DOWN,SELL,0.5546061559442873,False,77145.2149695954,-0.006303216757511038,NONE,0.0,76382.387875,1.5
2026-04-28 05:25:00+00:00,2026-04-28 05:25:00+00:00,2026-04-28 05:30:00+00:00,2026-04-28 06:35:00+00:00,SHORT,SHORT,-3.5,"['delta_strong_negative', 'cvd_strong_negative', 'big_trade_sell']",77025.8,76736.95325,82.4421817210219,WIN,14,65.0,1.7536981115418318,0.06283608868712182,1.4999999999999842,1.5,take_profit,3.9486773248868725,3.0369218762143007,-2.4816333182710055,-2.0949667595527313,DOWN,SELL,0.7354603758902145,True,76988.16295123586,0.00195861031575833,NONE,0.0,76736.95325,1.5
2026-04-29 00:50:00+00:00,2026-04-29 00:50:00+00:00,2026-04-29 00:55:00+00:00,2026-04-29 01:05:00+00:00,LONG,LONG,4.25,"['delta_strong_positive', 'cvd_strong_positive', 'aggressive_buyers', 'above_vwap']",76498.8,76307.553,-55.37366538928783,LOSS,3,10.0,0.10980564401010211,1.2345291690850355,-1.0000000000000158,1.5,stop_loss,3.9486773248868725,3.414282218636777,3.328957301895944,1.8159762307561593,UP,BUY,2.5556772986748832,False,76344.2816090444,0.0024437475534955697,NONE,0.0,76785.67050000001,1.5
2026-04-29 01:20:00+00:00,2026-04-29 01:20:00+00:00,2026-04-29 01:25:00+00:00,2026-04-29 01:45:00+00:00,SHORT,SHORT,-4.25,"['delta_strong_negative', 'cvd_strong_negative', 'aggressive_sellers', 'below_vwap']",76202.7,76393.20675,-55.09679706234065,LOSS,5,20.0,0.335946101647317,1.9542614631765172,-1.0000000000000027,1.5,stop_loss,3.9486773248868725,0.8393125216522048,-2.0074257036892,-2.932593119504228,DOWN,SELL,0.33483033350053076,False,76347.34917732236,-0.0014466601491095938,NONE,0.0,75916.939875,1.5
2026-04-29 03:35:00+00:00,2026-04-29 03:35:00+00:00,2026-04-29 03:40:00+00:00,2026-04-29 04:35:00+00:00,LONG,LONG,4.75,"['delta_strong_positive', 'cvd_strong_positive', 'aggressive_buyers', 'big_trade_buy', 'above_vwap']",76961.5,77250.105625,82.23196961554223,WIN,12,55.0,1.6293861216322447,0.6325240542348946,1.499999999999982,1.5,take_profit,3.9486773248868725,3.0918961341330773,2.6088651079596237,1.975802632452366,UP,BUY,1.5947522425411755,True,76560.78929056929,0.005363763476126019,NONE,0.0,77250.105625,1.5
2026-04-29 06:20:00+00:00,2026-04-29 06:20:00+00:00,2026-04-29 06:25:00+00:00,2026-04-29 09:45:00+00:00,SHORT,SHORT,-3.75,"['delta_strong_negative', 'cvd_strong_negative', 'aggressive_sellers']",77105.7,77298.46424999999,-55.23247292510448,LOSS,41,200.0,1.1293587892983117,3.020788346386858,-0.999999999999963,1.5,stop_loss,3.9486773248868725,1.1177746302907139,-3.3883383758230976,-1.519962337663451,DOWN,SELL,0.2659735310564795,False,76892.5066112503,0.0007096903892293175,NONE,0.0,76816.553625,1.5
2026-04-30 00:30:00+00:00,2026-04-30 00:30:00+00:00,2026-04-30 00:35:00+00:00,2026-04-30 00:45:00+00:00,LONG,LONG,4.25,"['delta_strong_positive', 'cvd_strong_positive', 'aggressive_buyers', 'above_vwap']",75905.1,76189.74412500001,82.43446584072328,WIN,3,10.0,2.081019588934046,0.0,1.5000000000000324,1.5,take_profit,3.9486773248868725,2.0408702957470877,2.0364776387159202,2.083865337230473,UP,BUY,1.6916085547634478,False,75766.65057828698,0.0012962198242929864,NONE,0.0,76189.74412500001,1.5
2026-04-30 02:30:00+00:00,2026-04-30 02:30:00+00:00,2026-04-30 02:35:00+00:00,2026-04-30 03:35:00+00:00,SHORT,SHORT,-4.25,"['delta_strong_negative', 'cvd_strong_negative', 'aggressive_sellers', 'below_vwap']",75724.0,75913.31,-55.36848288968393,LOSS,13,60.0,1.4531720458507518,1.193809096191432,-0.9999999999999877,1.5,stop_loss,3.9486773248868725,3.9528742742366454,-3.1732838061922357,-2.586554031970586,DOWN,SELL,0.6417997917759417,False,76076.90184897398,-0.004024788298839625,NONE,0.0,75440.035,1.5
2026-04-30 05:40:00+00:00,2026-04-30 05:40:00+00:00,2026-04-30 05:45:00+00:00,2026-04-30 07:30:00+00:00,LONG,LONG,3.75,"['delta_strong_positive', 'cvd_strong_positive', 'aggressive_buyers']",75675.1,75958.88162500001,82.63746071285523,WIN,22,105.0,1.6005264611476606,0.7135768568525181,1.5000000000000169,1.5,take_profit,3.9486773248868725,1.1361386928501913,2.5194977239669036,2.7336409673034994,UP,BUY,2.8860517763395466,False,75866.56860029427,-0.0009837914597582023,NONE,0.0,75958.88162500001,1.5
2026-05-01 01:45:00+00:00,2026-05-01 01:45:00+00:00,2026-05-01 01:50:00+00:00,2026-05-01 03:15:00+00:00,LONG,LONG,4.25,"['delta_strong_positive', 'cvd_strong_positive', 'aggressive_buyers', 'above_vwap']",76649.9,76937.33712499999,83.25724166819975,WIN,18,85.0,2.870192916102957,0.859492315058452,1.4999999999999831,1.5,take_profit,3.9486773248868725,3.435769941019701,3.6869126309722393,2.084116843060908,UP,BUY,2.4036411048447435,False,76494.14976015608,0.003209621496942752,NONE,0.0,76937.33712499999,1.5
2026-05-01 06:45:00+00:00,2026-05-01 06:45:00+00:00,2026-05-01 06:50:00+00:00,2026-05-01 08:10:00+00:00,SHORT,SHORT,-4.25,"['delta_strong_negative', 'cvd_strong_negative', 'aggressive_sellers', 'below_vwap']",76933.2,77125.533,-55.92111398714109,LOSS,17,80.0,0.5173319191194439,1.5405572626642485,-0.9999999999999933,1.5,stop_loss,3.9486773248868725,1.087819574207128,-2.4609211829727062,-2.0398948284395546,DOWN,SELL,0.435306083830069,False,76949.90759696419,-0.002155745459797229,NONE,0.0,76644.70049999999,1.5
2026-05-02 01:30:00+00:00,2026-05-02 01:30:00+00:00,2026-05-02 01:35:00+00:00,2026-05-02 03:15:00+00:00,LONG,LONG,4.25,"['delta_strong_positive', 'cvd_strong_positive', 'aggressive_buyers', 'above_vwap']",78380.9,78184.94774999999,-55.64150841720636,LOSS,21,100.0,0.5057354534076839,1.007898607951682,-1.0000000000000107,1.5,stop_loss,3.9486773248868725,2.6855370925645268,2.2302679891615216,2.1509785899381892,UP,BUY,1.726260402964275,False,78268.74367918618,0.002373311436437436,NONE,0.0,78674.828375,1.5
2026-05-02 04:05:00+00:00,2026-05-02 04:05:00+00:00,2026-05-02 04:10:00+00:00,2026-05-02 14:25:00+00:00,SHORT,SHORT,-4.25,"['delta_strong_negative', 'cvd_strong_negative', 'aggressive_sellers', 'below_vwap']",78235.9,78431.48975,-55.363300875119506,LOSS,124,615.0,1.3119296895670212,1.136562626620275,-0.9999999999999959,1.5,stop_loss,3.9486773248868725,3.171562383022817,-2.796970622173458,-1.9209785833458006,DOWN,SELL,0.4837601467919184,False,78303.85005668984,-0.0009440660647331239,NONE,0.0,77942.51537499999,1.5
2026-05-03 01:00:00+00:00,2026-05-03 01:00:00+00:00,2026-05-03 01:05:00+00:00,2026-05-03 06:25:00+00:00,SHORT,SHORT,-4.25,"['delta_strong_negative', 'cvd_strong_negative', 'aggressive_sellers', 'below_vwap']",78331.1,78037.35837500001,82.62972655611482,WIN,65,320.0,1.5528953378671093,0.2083463656197263,1.499999999999975,1.5,take_profit,3.9486773248868725,3.886571450788023,-3.4228732679843192,-3.4752719330487527,DOWN,SELL,0.4957712030355905,False,78488.0358480788,-0.004467978337507992,NONE,0.0,78037.35837500001,1.5
2026-05-04 01:50:00+00:00,2026-05-04 01:50:00+00:00,2026-05-04 01:55:00+00:00,2026-05-04 01:55:00+00:00,LONG,LONG,4.25,"['delta_strong_positive', 'cvd_strong_positive', 'aggressive_buyers', 'above_vwap']",79208.6,79505.63225000001,83.24944950528813,WIN,1,1.0,3.238032233873579,0.029794744510109914,1.500000000000019,1.5,take_profit,3.9486773248868725,2.3237204804833653,3.3356355999821656,1.8847047877456147,UP,BUY,1.6234534196826866,False,78667.73546344251,0.004635728573645485,NONE,0.0,79505.63225000001,1.5
2026-05-05 00:00:00+00:00,2026-05-05 00:00:00+00:00,2026-05-05 00:05:00+00:00,2026-05-05 01:20:00+00:00,LONG,LONG,4.25,"['delta_strong_positive', 'cvd_strong_positive', 'aggressive_buyers', 'above_vwap']",79949.1,80248.909125,83.87382037657665,WIN,16,75.0,1.5019556192627412,0.6874373820343629,1.4999999999999987,1.5,take_profit,3.9486773248868725,2.931046386652589,2.214816211624185,3.083652206227854,UP,BUY,1.9914954335873583,False,79899.23333333332,-0.000769744889313437,NONE,0.0,80248.909125,1.5
2026-05-05 02:00:00+00:00,2026-05-05 02:00:00+00:00,2026-05-05 02:05:00+00:00,2026-05-05 02:40:00+00:00,LONG,LONG,4.25,"['delta_strong_positive', 'cvd_strong_positive', 'aggressive_buyers', 'above_vwap']",80451.0,80752.69125,84.50287402940204,WIN,8,35.0,1.6680961081900785,0.5807261562939077,1.5000000000000175,1.5,take_profit,3.9486773248868725,3.433848492599139,2.7852609713616214,2.5769232678055927,UP,BUY,1.7710480202649332,False,80126.13743194939,0.004891105754680957,NONE,0.0,80752.69125,1.5
2026-05-05 03:35:00+00:00,2026-05-05 03:35:00+00:00,2026-05-05 03:40:00+00:00,2026-05-05 05:20:00+00:00,LONG,LONG,4.25,"['delta_strong_positive', 'cvd_strong_positive', 'aggressive_buyers', 'above_vwap']",80817.8,81120.86675,85.13664558462105,WIN,21,100.0,1.7332815295640174,0.7245928495950582,1.499999999999991,1.5,take_profit,3.9486773248868725,3.225017877717246,3.5738984605939685,2.589111571330594,UP,BUY,2.5096518163371577,False,80491.85498010206,0.004453749736112003,NONE,0.0,81120.86675,1.5
2026-05-05 05:35:00+00:00,2026-05-05 05:35:00+00:00,2026-05-05 05:40:00+00:00,2026-05-05 05:45:00+00:00,LONG,LONG,4.75,"['delta_strong_positive', 'cvd_strong_positive', 'aggressive_buyers', 'big_trade_buy', 'above_vwap']",81181.5,80978.54625,-57.18344695100432,LOSS,2,5.0,0.091153772719154,1.565873998386346,-1.0000000000000029,1.5,stop_loss,3.9486773248868725,3.646257902658264,3.7428120545766648,3.3612823481477627,UP,BUY,4.398557472103241,True,80697.66389345452,0.004684554432398984,NONE,0.0,81485.930625,1.5
2026-05-05 07:40:00+00:00,2026-05-05 07:40:00+00:00,2026-05-05 07:45:00+00:00,2026-05-05 08:40:00+00:00,SHORT,SHORT,-3.75,"['delta_strong_negative', 'cvd_strong_negative', 'aggressive_sellers']",80985.5,80681.804375,85.34629457437173,WIN,12,55.0,1.5350896148076034,0.07161775873458828,1.4999999999999656,1.5,take_profit,3.9486773248868725,1.5807028543616812,-3.0078474793022885,-1.8370216708222615,DOWN,SELL,0.2998748029417676,False,80746.06964602158,0.00034957877495537984,NONE,0.0,80681.804375,1.5
2026-05-06 00:00:00+00:00,2026-05-06 00:00:00+00:00,2026-05-06 00:05:00+00:00,2026-05-06 00:45:00+00:00,LONG,LONG,4.25,"['delta_strong_positive', 'cvd_strong_positive', 'aggressive_buyers', 'above_vwap']",81011.3,80808.77175,-57.32426118912185,LOSS,9,40.0,1.0719492218986302,1.7780235596762712,-1.0000000000000149,1.5,stop_loss,3.9486773248868725,0.5997701126783809,3.005502084060572,2.488632379966373,UP,BUY,3.159669812902923,False,80980.06666666667,-0.00289703752940824,NONE,0.0,81315.09237500001,1.5
2026-05-06 03:20:00+00:00,2026-05-06 03:20:00+00:00,2026-05-06 03:25:00+00:00,2026-05-06 04:25:00+00:00,LONG,LONG,4.25,"['delta_strong_positive', 'cvd_strong_positive', 'aggressive_buyers', 'above_vwap']",81608.0,81403.98,-57.03763988317652,LOSS,13,60.0,0.5308303107538619,1.1685128908930211,-1.00000000000002,1.5,stop_loss,3.9486773248868725,3.5130293701214916,3.256709631051348,1.7456461563985266,UP,BUY,2.1148352451231096,False,81152.91052607827,0.006218222615963614,NONE,0.0,81914.03,1.5
2026-05-06 05:35:00+00:00,2026-05-06 05:35:00+00:00,2026-05-06 05:40:00+00:00,2026-05-06 05:50:00+00:00,SHORT,SHORT,-4.25,"['delta_strong_negative', 'cvd_strong_negative', 'aggressive_sellers', 'below_vwap']",81027.8,81230.3695,-56.752451683758885,LOSS,3,10.0,0.0004936577323132098,1.0411241573879295,-0.999999999999989,1.5,stop_loss,3.9486773248868725,3.6320363586735995,-3.7369142808561118,-2.2926753436482747,DOWN,SELL,0.4424747105816052,False,81238.38463285474,-0.004132246342867162,NONE,0.0,80723.94575,1.5
2026-05-07 04:25:00+00:00,2026-05-07 04:25:00+00:00,2026-05-07 04:30:00+00:00,2026-05-07 06:30:00+00:00,LONG,LONG,3.75,"['delta_strong_positive', 'cvd_strong_positive', 'aggressive_buyers']",80899.9,81203.27462499999,84.70303413801015,WIN,25,120.0,1.6716955150748314,0.39307835980019756,1.4999999999999842,1.5,take_profit,3.9486773248868725,0.39471172895012835,2.0098075762288565,2.927914207507514,UP,BUY,2.6342731006733913,False,80992.78817697876,-0.000895473037499176,NONE,0.0,81203.27462499999,1.5
2026-05-08 00:25:00+00:00,2026-05-08 00:25:00+00:00,2026-05-08 00:30:00+00:00,2026-05-08 00:55:00+00:00,SHORT,SHORT,-4.25,"['delta_strong_negative', 'cvd_strong_negative', 'aggressive_sellers', 'below_vwap']",79976.0,79676.09,85.33830689404712,WIN,6,25.0,1.5254576372911874,0.10053015904774343,1.5000000000000175,1.5,take_profit,3.9486773248868725,3.77404147027662,-3.9546073507618433,-3.0204229830695972,DOWN,SELL,0.2622540379645185,False,80011.55602750607,0.0017937180483414735,NONE,0.0,79676.09,1.5
2026-05-08 02:15:00+00:00,2026-05-08 02:15:00+00:00,2026-05-08 02:20:00+00:00,2026-05-08 02:30:00+00:00,SHORT,SHORT,-4.25,"['delta_strong_negative', 'cvd_strong_negative', 'aggressive_sellers', 'below_vwap']",79346.4,79544.76599999999,-57.31889613049943,LOSS,3,10.0,0.031759474909956134,1.493703558069442,-0.9999999999999725,1.5,stop_loss,3.9486773248868725,3.6842678811445437,-3.5818171182791576,-2.4271627745966473,DOWN,SELL,0.5574040644129532,False,79701.76372742289,-0.005036143489907255,NONE,0.0,79048.851,1.5
2026-05-08 07:30:00+00:00,2026-05-08 07:30:00+00:00,2026-05-08 07:35:00+00:00,2026-05-08 08:35:00+00:00,LONG,LONG,3.75,"['delta_strong_positive', 'cvd_strong_positive', 'aggressive_buyers']",79454.1,79752.05287500001,85.54845247477351,WIN,13,60.0,1.9714527003640656,0.034737036855284904,1.5000000000000133,1.5,take_profit,3.9486773248868725,0.8592601837042262,2.495420849505736,2.5632459890585135,UP,BUY,2.4538687265351915,False,79550.28313469456,-0.0006201967671312742,NONE,0.0,79752.05287500001,1.5
2026-05-09 01:10:00+00:00,2026-05-09 01:10:00+00:00,2026-05-09 01:15:00+00:00,2026-05-09 04:05:00+00:00,LONG,LONG,4.25,"['delta_strong_positive', 'cvd_strong_positive', 'aggressive_buyers', 'above_vwap']",80287.4,80588.47774999999,86.19006586833264,WIN,35,170.0,1.7656568776670252,0.4444034804963025,1.4999999999999838,1.5,take_profit,3.9486773248868725,1.5424897105844226,2.038914688234979,2.0118594418633395,UP,BUY,2.8802819865319864,False,80168.24773335176,0.0009578535913986776,NONE,0.0,80588.47774999999,1.5
2026-05-09 06:35:00+00:00,2026-05-09 06:35:00+00:00,2026-05-09 06:40:00+00:00,2026-05-09 08:10:00+00:00,SHORT,SHORT,-4.25,"['delta_strong_negative', 'cvd_strong_negative', 'aggressive_sellers', 'below_vwap']",80180.1,80380.55025,-57.89099424156243,LOSS,19,90.0,0.4779240734297059,1.0037403295830116,-0.9999999999999721,1.5,stop_loss,3.9486773248868725,3.642652750961463,-3.2195053726189955,-2.6790135580476417,DOWN,SELL,0.3117930795644114,False,80360.74410753862,-0.0026975721257097786,NONE,0.0,79879.424625,1.5
2026-05-10 00:35:00+00:00,2026-05-10 00:35:00+00:00,2026-05-10 00:40:00+00:00,2026-05-10 15:00:00+00:00,LONG,LONG,4.25,"['delta_strong_positive', 'cvd_strong_positive', 'aggressive_buyers', 'above_vwap']",80700.1,81002.72537500001,86.40230890553526,WIN,173,860.0,1.9355614181395064,0.8247821254249187,1.500000000000016,1.5,take_profit,3.9486773248868725,1.1300463279294926,3.342868094230111,1.5609087096640273,UP,BUY,4.076988963120671,False,80664.66506103748,-1.4526568475453132e-05,NONE,0.0,81002.72537500001,1.5
2026-05-11 00:15:00+00:00,2026-05-11 00:15:00+00:00,2026-05-11 00:20:00+00:00,2026-05-11 00:20:00+00:00,SHORT,SHORT,-4.25,"['delta_strong_negative', 'cvd_strong_negative', 'aggressive_sellers', 'below_vwap']",81541.2,81745.053,-58.0335508148847,LOSS,1,1.0,1.0949066238907306,1.0021927565451718,-1.0000000000000135,1.5,stop_loss,3.9486773248868725,2.906666422068546,-3.688927494396194,-2.185620761014959,DOWN,SELL,0.32829331661592015,False,81807.9080389822,0.0013012112850900104,NONE,0.0,81235.4205,1.5
2026-05-11 02:15:00+00:00,2026-05-11 02:15:00+00:00,2026-05-11 02:20:00+00:00,2026-05-11 03:10:00+00:00,SHORT,SHORT,-3.5,"['delta_strong_negative', 'cvd_strong_negative', 'below_vwap']",81244.3,80939.633875,86.61507459121516,WIN,11,50.0,3.3690978936368596,0.0,1.5000000000000164,1.5,take_profit,3.9486773248868725,1.7880563301961434,-2.5534967520314447,-1.6206088857019991,DOWN,SELL,0.7026277986563547,False,81582.58165811474,-0.00685273052417479,NONE,0.0,80939.633875,1.5
2026-05-11 05:35:00+00:00,2026-05-11 05:35:00+00:00,2026-05-11 05:40:00+00:00,2026-05-11 06:25:00+00:00,SHORT,SHORT,-4.25,"['delta_strong_negative', 'cvd_strong_negative', 'aggressive_sellers', 'below_vwap']",80829.5,81031.57375,-58.17645843376437,LOSS,10,45.0,0.6007707582008756,1.0085426731577105,-0.9999999999999797,1.5,stop_loss,3.9486773248868725,1.1510832417742793,-2.59525215652434,-1.9761271610478683,DOWN,SELL,0.4571381634408789,False,81185.53693212575,-0.0004387086543862211,NONE,0.0,80526.389375,1.5
2026-05-12 01:15:00+00:00,2026-05-12 01:15:00+00:00,2026-05-12 01:20:00+00:00,2026-05-12 01:35:00+00:00,SHORT,SHORT,-4.25,"['delta_strong_negative', 'cvd_strong_negative', 'aggressive_sellers', 'below_vwap']",81337.3,81032.28512500001,86.82836421239323,WIN,4,15.0,2.7903557162581434,0.48145192918867075,1.4999999999999678,1.5,take_profit,3.9486773248868725,2.5183443241926335,-2.167091501646886,-2.076273877074372,DOWN,SELL,0.6261174715754744,False,81502.0350857503,-0.0034614255228631622,NONE,0.0,81032.28512500001,1.5
2026-05-12 04:00:00+00:00,2026-05-12 04:00:00+00:00,2026-05-12 04:05:00+00:00,2026-05-12 04:35:00+00:00,SHORT,SHORT,-4.25,"['delta_strong_negative', 'cvd_strong_negative', 'aggressive_sellers', 'below_vwap']",80999.6,81202.099,-58.31971796265757,LOSS,7,30.0,0.17382801890385452,1.2958088681919129,-0.9999999999999809,1.5,stop_loss,3.9486773248868725,2.929311112623865,-2.920555338328059,-1.9610309285276046,DOWN,SELL,0.5032709502404246,False,81165.16288650437,-0.0018976989622554517,NONE,0.0,80695.8515,1.5
2026-05-12 07:45:00+00:00,2026-05-12 07:45:00+00:00,2026-05-12 07:50:00+00:00,2026-05-12 11:05:00+00:00,SHORT,SHORT,-4.25,"['delta_strong_negative', 'cvd_strong_negative', 'aggressive_sellers', 'below_vwap']",80835.6,80532.46650000001,87.04217905926703,WIN,40,195.0,1.7398275017443094,0.470584742365944,1.4999999999999813,1.5,take_profit,3.9486773248868725,3.277213656883164,-3.0740425622617926,-2.212401764406375,DOWN,SELL,0.5644629548253864,False,81123.82092536126,-0.0026981311425650733,NONE,0.0,80532.46650000001,1.5
2026-05-13 01:20:00+00:00,2026-05-13 01:20:00+00:00,2026-05-13 01:25:00+00:00,2026-05-13 10:40:00+00:00,LONG,LONG,4.25,"['delta_strong_positive', 'cvd_strong_positive', 'aggressive_buyers', 'above_vwap']",80993.8,80791.3155,-58.46333026814345,LOSS,112,555.0,1.3650427563590999,1.1358894137575961,-1.000000000000029,1.5,stop_loss,3.9486773248868725,3.075963319947508,3.299869631446751,2.50727951801403,UP,BUY,1.7398494626371823,False,80762.86554500139,0.004021483611969041,NONE,0.0,81297.52675,1.5
2026-05-14 02:30:00+00:00,2026-05-14 02:30:00+00:00,2026-05-14 02:35:00+00:00,2026-05-14 02:50:00+00:00,SHORT,SHORT,-3.75,"['delta_strong_negative', 'cvd_strong_negative', 'aggressive_sellers']",79623.4,79324.81224999999,87.2565204252033,WIN,4,15.0,2.2721963643852856,0.0,1.5000000000000306,1.5,take_profit,3.9486773248868725,0.1621660935255865,-2.356403482930143,-2.2291047337097547,DOWN,SELL,0.2309574678349914,False,79530.7352257867,0.001956779082857678,NONE,0.0,79324.81224999999,1.5
2026-05-14 05:30:00+00:00,2026-05-14 05:30:00+00:00,2026-05-14 05:35:00+00:00,2026-05-14 05:50:00+00:00,LONG,LONG,3.5,"['delta_strong_positive', 'cvd_strong_positive', 'above_vwap']",79643.6,79942.2635,87.9109443283891,WIN,4,15.0,1.601635285195517,0.0005022374679488158,1.4999999999999751,1.5,take_profit,3.9486773248868725,3.140379080600982,2.624838911885758,2.644419402767378,UP,BUY,1.4868422945312212,False,79366.62059705191,0.003925325186961809,NONE,0.0,79942.2635,1.5
2026-05-15 02:10:00+00:00,2026-05-15 02:10:00+00:00,2026-05-15 02:15:00+00:00,2026-05-15 02:45:00+00:00,SHORT,SHORT,-4.25,"['delta_strong_negative', 'cvd_strong_negative', 'aggressive_sellers', 'below_vwap']",80907.0,81109.2675,-59.04685094056949,LOSS,7,30.0,0.9892839927324252,1.1914914655097828,-1.0000000000000087,1.5,stop_loss,3.9486773248868725,2.1987586592675226,-2.468246135366964,-2.979933902910527,DOWN,SELL,0.5964602148391557,False,81261.59946680529,-0.004299483162298185,NONE,0.0,80603.59875,1.5
2026-05-15 05:35:00+00:00,2026-05-15 05:35:00+00:00,2026-05-15 05:40:00+00:00,2026-05-15 06:40:00+00:00,SHORT,SHORT,-4.0,"['delta_strong_negative', 'cvd_strong_negative', 'big_trade_sell', 'below_vwap']",80376.1,80577.04025,-58.75161668586603,LOSS,13,60.0,0.5434451285892778,1.0993317665325595,-0.9999999999999982,1.5,stop_loss,3.9486773248868725,3.7339415648968415,-3.1044157033728035,-2.772174854524038,DOWN,SELL,0.7490995567651431,True,80960.22052646404,-0.005789700095728788,NONE,0.0,80074.689625,1.5
2026-05-16 00:25:00+00:00,2026-05-16 00:25:00+00:00,2026-05-16 00:30:00+00:00,2026-05-16 04:30:00+00:00,LONG,LONG,4.25,"['delta_strong_positive', 'cvd_strong_positive', 'aggressive_buyers', 'above_vwap']",79142.9,78945.04275,-58.45785860243708,LOSS,49,240.0,0.2870756568182511,1.6774720158093483,-1.0000000000000047,1.5,stop_loss,3.9486773248868725,0.7646473304980835,2.0990167896946055,2.7325850030219034,UP,BUY,2.673801116524964,False,79125.2907223829,0.0010783585944350235,NONE,0.0,79439.685875,1.5
2026-05-16 06:20:00+00:00,2026-05-16 06:20:00+00:00,2026-05-16 06:25:00+00:00,2026-05-16 06:50:00+00:00,SHORT,SHORT,-4.25,"['delta_strong_negative', 'cvd_strong_negative', 'aggressive_sellers', 'below_vwap']",78793.1,78497.62587500001,87.24835396413498,WIN,6,25.0,2.0265733928479097,0.3685601911842091,1.499999999999966,1.5,take_profit,3.9486773248868725,4.030543494631658,-3.501037505208715,-1.872109293756146,DOWN,SELL,0.5433902867300076,False,79015.29457067895,-0.002266491868041188,NONE,0.0,78497.62587500001,1.5
2026-05-17 00:55:00+00:00,2026-05-17 00:55:00+00:00,2026-05-17 01:00:00+00:00,2026-05-17 04:35:00+00:00,SHORT,SHORT,-4.75,"['delta_strong_negative', 'cvd_strong_negative', 'aggressive_sellers', 'big_trade_sell', 'below_vwap']",77915.3,78110.08825,-58.601811079244634,LOSS,44,215.0,1.2315937948002957,1.154073718512297,-0.9999999999999886,1.5,stop_loss,3.9486773248868725,4.141533630645598,-3.8086580570910322,-3.749807979696576,DOWN,SELL,0.5983258106237345,True,78031.9895141569,-0.002474587235146494,NONE,0.0,77623.117625,1.5
2026-05-17 05:05:00+00:00,2026-05-17 05:05:00+00:00,2026-05-17 05:10:00+00:00,2026-05-17 06:20:00+00:00,LONG,LONG,4.25,"['delta_strong_positive', 'cvd_strong_positive', 'aggressive_buyers', 'above_vwap']",78240.3,78044.69925,-58.30880202384841,LOSS,15,70.0,0.05316953028040117,1.1646172113348385,-0.9999999999999887,1.5,stop_loss,3.9486773248868725,3.782916156156672,3.5691651696098705,1.7064166969651369,UP,BUY,3.70187829976362,False,77958.30842437215,0.0038873815789251436,NONE,0.0,78533.701125,1.5
2026-05-17 07:30:00+00:00,2026-05-17 07:30:00+00:00,2026-05-17 07:35:00+00:00,2026-05-17 10:10:00+00:00,LONG,LONG,4.25,"['delta_strong_positive', 'cvd_strong_positive', 'aggressive_buyers', 'above_vwap']",78167.9,78461.029625,87.02588702059516,WIN,32,155.0,1.6784383359409683,0.8996020105439105,1.500000000000007,1.5,take_profit,3.9486773248868725,1.387540570433976,2.1356428730642674,1.8956840125891152,UP,BUY,3.592496429962353,False,77985.44509827453,0.0008659802072286753,NONE,0.0,78461.029625,1.5
2026-05-18 05:40:00+00:00,2026-05-18 05:40:00+00:00,2026-05-18 05:45:00+00:00,2026-05-18 06:10:00+00:00,SHORT,SHORT,-4.25,"['delta_strong_negative', 'cvd_strong_negative', 'aggressive_sellers', 'below_vwap']",76865.8,76577.55325,87.67858117325095,WIN,6,25.0,1.7240437229561283,0.43556432119354554,1.5000000000000298,1.5,take_profit,3.9486773248868725,2.029621192726353,-3.025894873429152,-2.685187778933318,DOWN,SELL,0.31862104207381875,False,76988.6096694169,-0.0009105624396816401,NONE,0.0,76577.55325,1.5
2026-05-19 00:20:00+00:00,2026-05-19 00:20:00+00:00,2026-05-19 00:25:00+00:00,2026-05-19 01:00:00+00:00,LONG,LONG,4.25,"['delta_strong_positive', 'cvd_strong_positive', 'aggressive_buyers', 'above_vwap']",77210.7,77017.67324999999,-58.89078035470045,LOSS,8,35.0,0.3362228292193115,1.085859861392223,-1.0000000000000235,1.5,stop_loss,3.9486773248868725,2.9933242343200686,3.1375051987886056,3.130322323022592,UP,BUY,2.0775359812105707,False,77148.80227729572,0.002362597446095903,NONE,0.0,77500.240125,1.5
2026-05-19 02:20:00+00:00,2026-05-19 02:20:00+00:00,2026-05-19 02:25:00+00:00,2026-05-19 02:30:00+00:00,LONG,LONG,4.25,"['delta_strong_positive', 'cvd_strong_positive', 'aggressive_buyers', 'above_vwap']",76959.7,76767.30075,-58.59632645292624,LOSS,2,5.0,0.05145550203552629,1.1673642178958143,-1.0000000000000115,1.5,stop_loss,3.9486773248868725,0.17020459268794774,2.092820263910783,2.039186314887691,UP,BUY,3.0257105610454826,False,76917.93494993729,0.0001595981614483519,NONE,0.0,77248.298875,1.5
2026-05-20 00:10:00+00:00,2026-05-20 00:10:00+00:00,2026-05-20 00:15:00+00:00,2026-05-20 00:30:00+00:00,SHORT,SHORT,-4.25,"['delta_strong_negative', 'cvd_strong_negative', 'aggressive_sellers', 'below_vwap']",76543.1,76734.45775,-58.303344820659575,LOSS,4,15.0,0.3036197906800525,1.465840813868265,-0.9999999999999768,1.5,stop_loss,3.9486773248868725,3.9034910912129233,-3.6253841821749266,-2.604523178939353,DOWN,SELL,0.3891068543734133,False,76637.57677154451,-0.003158652954415623,NONE,0.0,76256.06337500001,1.5
2026-05-20 01:35:00+00:00,2026-05-20 01:35:00+00:00,2026-05-20 01:40:00+00:00,2026-05-20 01:50:00+00:00,SHORT,SHORT,-4.25,"['delta_strong_negative', 'cvd_strong_negative', 'aggressive_sellers', 'below_vwap']",76583.3,76774.75825,-58.01182809655643,LOSS,3,10.0,0.4256802723309128,1.6541465306404768,-0.9999999999999791,1.5,stop_loss,3.9486773248868725,2.747586773311318,-2.5409645732277646,-1.8870883139151744,DOWN,SELL,0.25942297503272,False,76665.28758937519,-0.0016598271058149488,NONE,0.0,76296.11262500001,1.5
2026-05-20 05:00:00+00:00,2026-05-20 05:00:00+00:00,2026-05-20 05:05:00+00:00,2026-05-20 05:10:00+00:00,LONG,LONG,4.25,"['delta_strong_positive', 'cvd_strong_positive', 'aggressive_buyers', 'above_vwap']",76821.8,77109.88175,86.58265343411155,WIN,2,5.0,2.2295754590493693,0.009372339622361935,1.4999999999999871,1.5,take_profit,3.9486773248868725,1.6189285006917644,2.3676651281102368,1.6614715652845633,UP,BUY,2.440955680669843,False,76687.07648313574,0.0016308964357758002,NONE,0.0,77109.88175,1.5
2026-05-21 00:00:00+00:00,2026-05-21 00:00:00+00:00,2026-05-21 00:05:00+00:00,2026-05-21 00:45:00+00:00,LONG,LONG,4.25,"['delta_strong_positive', 'cvd_strong_positive', 'aggressive_buyers', 'above_vwap']",77605.3,77896.319875,87.23202333486756,WIN,9,40.0,1.6890598966822992,0.48501842013370644,1.4999999999999905,1.5,take_profit,3.9486773248868725,3.700388515816485,2.9252285126794075,1.6004662727896986,UP,BUY,2.401509073371255,False,77561.03333333333,0.001354344025942601,NONE,0.0,77896.319875,1.5
2026-05-21 06:05:00+00:00,2026-05-21 06:05:00+00:00,2026-05-21 06:10:00+00:00,2026-05-21 08:00:00+00:00,SHORT,SHORT,-4.25,"['delta_strong_negative', 'cvd_strong_negative', 'aggressive_sellers', 'below_vwap']",77710.1,77904.37525000001,-58.59084233992157,LOSS,23,110.0,1.1581506136268,1.3892660027460737,-1.0000000000000309,1.5,stop_loss,3.9486773248868725,1.338431830034994,-2.3779774635235067,-2.005564690497585,DOWN,SELL,0.3307453616078901,False,77890.46502849123,-0.0028132815466420063,NONE,0.0,77418.68712500001,1.5
2026-05-22 00:55:00+00:00,2026-05-22 00:55:00+00:00,2026-05-22 01:00:00+00:00,2026-05-22 01:45:00+00:00,SHORT,SHORT,-4.25,"['delta_strong_negative', 'cvd_strong_negative', 'aggressive_sellers', 'below_vwap']",77344.8,77538.162,-58.297888128218254,LOSS,10,45.0,0.29374954748090576,1.3704864451133105,-0.9999999999999675,1.5,stop_loss,3.9486773248868725,0.8681390173288669,-2.059175460608261,-1.5020341625520128,DOWN,SELL,0.4987975398848793,False,77449.910798875,-0.003187872042621647,NONE,0.0,77054.757,1.5
2026-05-22 04:45:00+00:00,2026-05-22 04:45:00+00:00,2026-05-22 04:50:00+00:00,2026-05-22 07:00:00+00:00,SHORT,SHORT,-3.75,"['delta_strong_negative', 'cvd_strong_negative', 'aggressive_sellers']",77604.1,77313.084625,87.00959803136938,WIN,27,130.0,1.8916526317552809,0.4520379722205249,1.5000000000000138,1.5,take_profit,3.9486773248868725,1.2217157675610857,-2.455842219034298,-2.0822122237114833,DOWN,SELL,0.2992727430246382,False,77596.25469116938,-0.00027302640132685174,NONE,0.0,77313.084625,1.5
2026-05-23 04:15:00+00:00,2026-05-23 04:15:00+00:00,2026-05-23 04:20:00+00:00,2026-05-23 07:05:00+00:00,SHORT,SHORT,-3.75,"['delta_strong_negative', 'cvd_strong_negative', 'aggressive_sellers']",75543.1,75259.81337500001,87.66217001660179,WIN,34,165.0,1.7108114440630888,0.407184772666169,1.499999999999965,1.5,take_profit,3.9486773248868725,1.096970907985038,-2.9521918143338297,-2.5843184478971595,DOWN,SELL,0.19106119458412377,False,75437.40199786413,0.0015908385588518168,NONE,0.0,75259.81337500001,1.5
2026-05-23 07:45:00+00:00,2026-05-23 07:45:00+00:00,2026-05-23 07:50:00+00:00,2026-05-23 07:50:00+00:00,SHORT,SHORT,-3.5,"['delta_strong_negative', 'cvd_strong_negative', 'below_vwap']",74993.7,74712.473625,88.31963629172786,WIN,1,1.0,4.214220661202161,0.014934587838727309,1.4999999999999913,1.5,take_profit,3.9486773248868725,4.117655184648031,-3.0234645768591677,-2.1456527100668414,DOWN,SELL,0.7802965803620076,False,75354.47297581729,-0.0038023650150052647,NONE,0.0,74712.473625,1.5
2026-05-24 03:40:00+00:00,2026-05-24 03:40:00+00:00,2026-05-24 03:45:00+00:00,2026-05-24 06:50:00+00:00,SHORT,SHORT,-4.25,"['delta_strong_negative', 'cvd_strong_negative', 'aggressive_sellers', 'below_vwap']",76724.2,76916.0105,-59.32135570927968,LOSS,38,185.0,0.5901658146973033,1.646416645595538,-1.0000000000000357,1.5,stop_loss,3.9486773248868725,1.3219881028351712,-2.781954235072074,-2.6769828157920905,DOWN,SELL,0.33420861481590103,False,76800.35570557122,-0.000912133978019239,NONE,0.0,76436.48425,1.5
2026-05-25 02:05:00+00:00,2026-05-25 02:05:00+00:00,2026-05-25 02:10:00+00:00,2026-05-25 02:25:00+00:00,LONG,LONG,4.25,"['delta_strong_positive', 'cvd_strong_positive', 'aggressive_buyers', 'above_vwap']",77360.7,77167.29824999999,-59.02474893073254,LOSS,4,15.0,0.34229266281198123,1.9265596097242723,-1.0000000000000235,1.5,stop_loss,3.9486773248868725,3.8468472451649767,4.155653562358099,3.7620144716125243,UP,BUY,2.595560771657009,False,77144.2801875075,0.004259729312937777,NONE,0.0,77650.802625,1.5
2026-05-25 04:50:00+00:00,2026-05-25 04:50:00+00:00,2026-05-25 04:55:00+00:00,2026-05-25 06:05:00+00:00,LONG,LONG,3.5,"['delta_strong_positive', 'cvd_strong_positive', 'above_vwap']",77341.3,77631.329875,88.09443777911407,WIN,15,70.0,1.7393035803639345,0.2875565836105978,1.4999999999999634,1.5,take_profit,3.9486773248868725,3.706643702865465,2.6354145441408954,2.2333650233673477,UP,BUY,1.3941725029970342,False,77142.05234448312,0.0025802832446868533,NONE,0.0,77631.329875,1.5
2026-05-26 00:15:00+00:00,2026-05-26 00:15:00+00:00,2026-05-26 00:20:00+00:00,2026-05-26 00:40:00+00:00,SHORT,SHORT,-4.25,"['delta_strong_negative', 'cvd_strong_negative', 'aggressive_sellers', 'below_vwap']",77121.2,76831.99549999999,88.75514606246178,WIN,5,20.0,1.7842046026254779,0.2448094687323179,1.5000000000000369,1.5,take_profit,3.9486773248868725,2.064803645821417,-3.2558512646791846,-2.6776022826301045,DOWN,SELL,0.3803560152749797,False,77202.10257254902,-0.001553774271914898,NONE,0.0,76831.99549999999,1.5
2026-05-26 04:00:00+00:00,2026-05-26 04:00:00+00:00,2026-05-26 04:05:00+00:00,2026-05-26 05:35:00+00:00,LONG,LONG,3.75,"['delta_strong_positive', 'cvd_strong_positive', 'aggressive_buyers']",76614.9,76902.205875,89.42080965792975,WIN,19,90.0,1.7495291385879552,0.2354633367660404,1.5000000000000286,1.5,take_profit,3.9486773248868725,0.5090382851411781,2.077898707130439,2.1556219959930196,UP,BUY,2.0976112576369643,False,76748.90484641935,-0.0016011891874175362,NONE,0.0,76902.205875,1.5
2026-05-26 06:00:00+00:00,2026-05-26 06:00:00+00:00,2026-05-26 06:05:00+00:00,2026-05-26 06:40:00+00:00,SHORT,SHORT,-3.75,"['delta_strong_negative', 'cvd_strong_negative', 'aggressive_sellers']",76834.9,77026.98724999999,-60.06097715357404,LOSS,8,35.0,0.5190349697858504,1.0984591637393946,-0.9999999999999837,1.5,stop_loss,3.9486773248868725,2.85566229193328,-2.6692995662996455,-2.9323668386320367,DOWN,SELL,0.6175365208829983,False,76753.69929274297,0.0019196063562908299,NONE,0.0,76546.76912499999,1.5
2026-05-27 00:50:00+00:00,2026-05-27 00:50:00+00:00,2026-05-27 00:55:00+00:00,2026-05-27 01:20:00+00:00,LONG,LONG,4.25,"['delta_strong_positive', 'cvd_strong_positive', 'aggressive_buyers', 'above_vwap']",76010.1,75820.07475,-59.760672267809035,LOSS,6,25.0,0.3883694403769412,1.1324810781725672,-1.0000000000000318,1.5,stop_loss,3.9486773248868725,1.619491946350614,2.1721010671121013,3.3098522721133925,UP,BUY,1.9534306448952663,False,75938.64843770352,0.0019023136569731945,NONE,0.0,76295.137875,1.5
2026-05-27 04:15:00+00:00,2026-05-27 04:15:00+00:00,2026-05-27 04:20:00+00:00,2026-05-27 05:55:00+00:00,SHORT,SHORT,-4.25,"['delta_strong_negative', 'cvd_strong_negative', 'aggressive_sellers', 'below_vwap']",75508.3,75697.07075,-59.46186890646685,LOSS,20,95.0,1.2210578174849651,1.0610754049554971,-0.999999999999979,1.5,stop_loss,3.9486773248868725,3.408711238625027,-3.41682747563781,-2.3958480631528416,DOWN,SELL,0.38820663845205355,False,75800.08954872725,-0.0037199106592201757,NONE,0.0,75225.14387500001,1.5
2026-05-27 07:30:00+00:00,2026-05-27 07:30:00+00:00,2026-05-27 07:35:00+00:00,2026-05-27 09:00:00+00:00,LONG,LONG,4.25,"['delta_strong_positive', 'cvd_strong_positive', 'aggressive_buyers', 'above_vwap']",75903.2,75713.442,-59.16455956193627,LOSS,18,85.0,0.7103784820666476,1.128279176635458,-1.0000000000000084,1.5,stop_loss,3.9486773248868725,2.4481379869643183,2.977298174576558,1.763127304614632,UP,BUY,2.9520260449111566,False,75683.97157093903,0.004309981868923254,NONE,0.0,76187.837,1.5
2026-05-28 01:15:00+00:00,2026-05-28 01:15:00+00:00,2026-05-28 01:20:00+00:00,2026-05-28 01:20:00+00:00,SHORT,SHORT,-4.25,"['delta_strong_negative', 'cvd_strong_negative', 'aggressive_sellers', 'below_vwap']",74325.1,74510.91275,-58.86873676412524,LOSS,1,1.0,0.5048092770813785,1.011233082767432,-0.9999999999999853,1.5,stop_loss,3.9486773248868725,3.921009379503537,-4.054832327220219,-3.406521944249588,DOWN,SELL,0.39699032710625415,False,74417.10339365275,-0.001885076461173511,NONE,0.0,74046.380875,1.5
2026-05-28 03:15:00+00:00,2026-05-28 03:15:00+00:00,2026-05-28 03:20:00+00:00,2026-05-28 03:20:00+00:00,SHORT,SHORT,-4.25,"['delta_strong_negative', 'cvd_strong_negative', 'aggressive_sellers', 'below_vwap']",73692.8,73877.032,-58.574393080306606,LOSS,1,1.0,0.08576143123888852,1.1740631377828115,-1.0000000000000198,1.5,stop_loss,3.9486773248868725,4.240334146674467,-4.2396598960440475,-4.205998116301787,DOWN,SELL,0.3983054511199784,False,74104.37553184954,-0.006031538906906621,NONE,0.0,73416.452,1.5
2026-05-28 06:45:00+00:00,2026-05-28 06:45:00+00:00,2026-05-28 06:50:00+00:00,2026-05-28 07:35:00+00:00,LONG,LONG,3.75,"['delta_strong_positive', 'cvd_strong_positive', 'aggressive_buyers']",73112.4,73386.57149999999,87.42228167235487,WIN,10,45.0,1.8262292032541838,0.34358056909628665,1.4999999999999825,1.5,take_profit,3.9486773248868725,4.064289468644195,3.4462921448853896,1.8668368982748196,UP,BUY,1.5042237676954051,False,73482.5795763005,-0.002650469462949543,NONE,0.0,73386.57149999999,1.5
2026-05-29 00:45:00+00:00,2026-05-29 00:45:00+00:00,2026-05-29 00:50:00+00:00,2026-05-29 01:45:00+00:00,SHORT,SHORT,-4.25,"['delta_strong_negative', 'cvd_strong_negative', 'aggressive_sellers', 'below_vwap']",73725.3,73448.83012500001,88.07794878489702,WIN,12,55.0,1.5994509347537569,0.6440122997125659,1.499999999999974,1.5,take_profit,3.9486773248868725,0.9767589541720637,-3.0816087216353014,-2.161715291807583,DOWN,SELL,0.17660441641792718,False,73736.08522089785,0.000625095776378266,NONE,0.0,73448.83012500001,1.5
2026-05-29 02:25:00+00:00,2026-05-29 02:25:00+00:00,2026-05-29 02:30:00+00:00,2026-05-29 05:00:00+00:00,SHORT,SHORT,-4.25,"['delta_strong_negative', 'cvd_strong_negative', 'aggressive_sellers', 'below_vwap']",73359.2,73542.598,-59.15902226719052,LOSS,31,150.0,1.092705482066294,1.0550823891209282,-1.0000000000000058,1.5,stop_loss,3.9486773248868725,3.101173172328598,-2.3174020891508467,-1.9617651934761156,DOWN,SELL,0.4784993173769659,False,73635.21800648568,-0.003351316236381188,NONE,0.0,73084.103,1.5
2026-05-29 07:30:00+00:00,2026-05-29 07:30:00+00:00,2026-05-29 07:35:00+00:00,2026-05-29 08:00:00+00:00,SHORT,SHORT,-4.25,"['delta_strong_negative', 'cvd_strong_negative', 'aggressive_sellers', 'below_vwap']",73495.5,73679.23875,-58.86322715585553,LOSS,6,25.0,0.8844078889183691,1.0585682116592172,-1.0000000000000222,1.5,stop_loss,3.9486773248868725,3.2067750916876094,-2.5352836107148087,-2.072054375075423,DOWN,SELL,0.5542573069462822,False,73547.62403432508,-0.0008992073804818585,NONE,0.0,73219.891875,1.5
2026-05-30 04:45:00+00:00,2026-05-30 04:45:00+00:00,2026-05-30 04:50:00+00:00,2026-05-30 05:05:00+00:00,LONG,LONG,3.75,"['delta_strong_positive', 'cvd_strong_positive', 'aggressive_buyers']",73330.1,73605.08787500001,87.8533665301144,WIN,4,15.0,1.8606274913029779,0.1129140693931231,1.5000000000000338,1.5,take_profit,3.9486773248868725,0.9806834691552054,2.1688382854904034,1.6241452846708364,UP,BUY,2.882084807359442,False,73479.7970651009,-0.0020910973117397925,NONE,0.0,73605.08787500001,1.5
2026-05-31 01:00:00+00:00,2026-05-31 01:00:00+00:00,2026-05-31 01:05:00+00:00,2026-05-31 02:30:00+00:00,LONG,LONG,4.25,"['delta_strong_positive', 'cvd_strong_positive', 'aggressive_buyers', 'above_vwap']",74080.0,73894.8,-59.008177852724586,LOSS,18,85.0,0.91792656587473,1.3012958963282937,-0.9999999999999841,1.5,stop_loss,3.9486773248868725,2.1609202247616115,2.85345688036882,2.0455505663625657,UP,BUY,2.3670527222238347,False,73944.67129799553,0.0024918384430757286,NONE,0.0,74357.8,1.5
2026-05-31 04:30:00+00:00,2026-05-31 04:30:00+00:00,2026-05-31 04:35:00+00:00,2026-05-31 07:30:00+00:00,SHORT,SHORT,-3.75,"['delta_strong_negative', 'cvd_strong_negative', 'aggressive_sellers']",74123.1,73845.13837500001,88.06970544519166,WIN,36,175.0,1.688002795349913,0.3858446287324734,1.4999999999999796,1.5,take_profit,3.9486773248868725,1.4880035211126634,-2.8801825487581496,-3.1063825898595283,DOWN,SELL,0.19953527168732127,False,74058.4648219111,0.0006477819390003853,NONE,0.0,73845.13837500001,1.5
