timestamp,signal_timestamp,entry_timestamp,exit_timestamp,signal,direction,score,reasons,entry,exit,pnl,outcome,duration_bars,duration_minutes,mfe_r,mae_r,rr_realized,rr_model,exit_reason,drawdown,volume_z,delta_z,cvd_slope_z,cvd_condition,delta_condition,buy_sell_ratio,big_trade,vwap,distance_to_poc,absorption,absorption_score,target_price,target_r
2026-03-01 02:00:00+00:00,2026-03-01 02:00:00+00:00,2026-03-01 02:05:00+00:00,2026-03-01 02:05:00+00:00,LONG,LONG,4.25,"['delta_strong_positive', 'cvd_strong_positive', 'aggressive_buyers', 'above_vwap']",67991.0,67821.0225,-49.99999999999812,LOSS,1,1.0,0.5353649747760734,2.076745451603889,-0.9999999999999624,1.0,stop_loss,0.4999999999999818,2.6787496418473773,2.5486969794164747,2.3443438081131505,UP,BUY,1.6585883218873945,False,67020.8535345461,0.014475292603574821,NONE,0.0,68160.9775,1.0
2026-03-01 06:05:00+00:00,2026-03-01 06:05:00+00:00,2026-03-01 06:10:00+00:00,2026-03-01 06:10:00+00:00,SHORT,SHORT,-4.25,"['delta_strong_negative', 'cvd_strong_negative', 'aggressive_sellers', 'below_vwap']",67080.6,66912.89850000001,49.74999999999869,WIN,1,1.0,1.1484691550165371,0.10435207794802073,0.9999999999999736,1.0,take_profit,0.4999999999999818,3.364546923956765,-3.180717027456477,-2.6388439547692557,DOWN,SELL,0.39459802012286693,False,67290.70765587836,-0.006592027811863395,NONE,0.0,66912.89850000001,1.0
2026-03-01 08:50:00+00:00,2026-03-01 08:50:00+00:00,2026-03-01 08:55:00+00:00,2026-03-01 09:00:00+00:00,SHORT,SHORT,-3.5,"['delta_strong_negative', 'cvd_strong_negative', 'below_vwap']",66487.1,66653.31775,-49.99874999999884,LOSS,2,5.0,0.9782348756375646,1.0859249388227188,-0.9999999999999768,1.0,stop_loss,0.5024874999999883,4.098518759744508,-3.4137022576866864,-3.193933698013648,DOWN,SELL,0.7231534386289661,False,67220.70996326448,-0.008304355657138556,NONE,0.0,66320.88225000001,1.0
2026-03-01 11:05:00+00:00,2026-03-01 11:05:00+00:00,2026-03-01 11:10:00+00:00,2026-03-01 12:30:00+00:00,LONG,LONG,4.25,"['delta_strong_positive', 'cvd_strong_positive', 'aggressive_buyers', 'big_trade_buy']",66484.7,66318.48825,-49.74875625000067,LOSS,17,80.0,0.9223174655221602,1.4698118514485463,-1.0000000000000133,1.0,stop_loss,0.9999750624999979,0.23305575905152684,2.832697949409894,3.500560028688794,UP,BUY,5.437083110817914,True,67102.96873593489,-0.002549092966593908,NONE,0.0,66650.91175,1.0
2026-03-01 13:20:00+00:00,2026-03-01 13:20:00+00:00,2026-03-01 13:25:00+00:00,2026-03-01 13:45:00+00:00,SHORT,SHORT,-4.25,"['delta_strong_negative', 'cvd_strong_negative', 'aggressive_sellers', 'below_vwap']",66203.2,66368.708,-49.500012468750484,LOSS,5,20.0,0.10875607221403194,1.0398288904464184,-1.0000000000000098,1.0,stop_loss,1.4949751871875014,3.3615905877259156,-3.4738453918338963,-2.7070478207100823,DOWN,SELL,0.5420331757399636,False,67050.74513744107,-0.0029688557330647476,NONE,0.0,66037.692,1.0
2026-03-01 16:45:00+00:00,2026-03-01 16:45:00+00:00,2026-03-01 16:50:00+00:00,2026-03-01 16:50:00+00:00,SHORT,SHORT,-4.25,"['delta_strong_negative', 'cvd_strong_negative', 'aggressive_sellers', 'below_vwap']",66061.5,65896.34625,49.25251240640556,WIN,1,1.0,1.722637239541942,0.7253846794275207,0.9999999999999859,1.0,take_profit,1.4949751871875014,3.990801864239984,-3.9713582912850027,-3.292917822611765,DOWN,SELL,0.5682267346067772,False,66991.87368488095,-0.010614022181921328,NONE,0.0,65896.34625,1.0
2026-03-01 22:10:00+00:00,2026-03-01 22:10:00+00:00,2026-03-01 22:15:00+00:00,2026-03-01 22:15:00+00:00,LONG,LONG,3.75,"['delta_strong_positive', 'cvd_strong_positive', 'aggressive_buyers']",65975.7,66140.63925,49.49877496843702,WIN,1,1.0,1.1513329907830232,0.22856900343609599,0.9999999999999747,1.0,take_profit,1.4949751871875014,4.188693316899577,4.168387167769225,3.6064589584226474,UP,BUY,2.4323353027052037,False,66702.90430771872,0.0032982067047765294,NONE,0.0,66140.63925,1.0
2026-03-02 02:05:00+00:00,2026-03-02 02:05:00+00:00,2026-03-02 02:10:00+00:00,2026-03-02 02:10:00+00:00,SHORT,SHORT,-4.25,"['delta_strong_negative', 'cvd_strong_negative', 'aggressive_sellers', 'below_vwap']",66145.8,65980.4355,49.74626884327927,WIN,1,1.0,1.8341300581442987,0.05140160070631846,0.999999999999976,1.0,take_profit,1.4949751871875014,1.3889618101113475,-2.68760251640343,-2.4798250539077293,DOWN,SELL,0.505231387185235,False,66427.61782093406,0.0019493101038703996,NONE,0.0,65980.4355,1.0
2026-03-02 06:15:00+00:00,2026-03-02 06:15:00+00:00,2026-03-02 06:20:00+00:00,2026-03-02 06:20:00+00:00,SHORT,SHORT,-4.25,"['delta_strong_negative', 'cvd_strong_negative', 'aggressive_sellers', 'below_vwap']",66197.1,66031.60725,49.99500018749832,WIN,1,1.0,1.1003503174610718,0.3450302203570323,1.0000000000000293,1.0,take_profit,1.4949751871875014,2.6777264120333357,-2.695365388213822,-2.423016609716881,DOWN,SELL,0.5758815220623557,False,66508.47325512764,-0.0064676136103467025,NONE,0.0,66031.60725,1.0
2026-03-02 07:05:00+00:00,2026-03-02 07:05:00+00:00,2026-03-02 07:10:00+00:00,2026-03-02 07:25:00+00:00,SHORT,SHORT,-4.25,"['delta_strong_negative', 'cvd_strong_negative', 'aggressive_sellers', 'below_vwap']",65634.1,65798.18525000001,-50.24497518843548,LOSS,4,15.0,0.762408565059966,1.2121747689081994,-1.0000000000000226,1.0,stop_loss,1.4949751871875014,3.119176968371475,-3.174839322990238,-2.768083780261411,DOWN,SELL,0.5060266613593003,False,66444.91620208607,-0.013368763626247704,NONE,0.0,65470.01475000001,1.0
2026-03-02 13:40:00+00:00,2026-03-02 13:40:00+00:00,2026-03-02 13:45:00+00:00,2026-03-02 13:50:00+00:00,SHORT,SHORT,-3.5,"['delta_strong_negative', 'cvd_strong_negative', 'below_vwap']",65561.1,65397.197250000005,49.9937503124925,WIN,2,5.0,1.4716043507507002,0.33190413217590414,1.0000000000000067,1.0,take_profit,1.4949751871875014,2.926261057270046,-2.3779575816743312,-3.379491546908265,DOWN,SELL,0.6883840623517163,False,66250.1407395525,-0.007400784665004114,NONE,0.0,65397.197250000005,1.0
2026-03-02 14:30:00+00:00,2026-03-02 14:30:00+00:00,2026-03-02 14:35:00+00:00,2026-03-02 14:35:00+00:00,LONG,LONG,4.25,"['delta_strong_positive', 'cvd_strong_positive', 'aggressive_buyers', 'above_vwap']",66222.2,66056.6445,-50.243719064055306,LOSS,1,1.0,1.167584284424274,1.157315824602573,-1.0000000000000135,1.0,stop_loss,1.4949751871875014,3.9340053129047656,3.987386900818737,3.088444133215103,UP,BUY,1.6677317314429378,False,66172.98919900067,0.0054062847659738155,NONE,0.0,66387.7555,1.0
2026-03-02 15:05:00+00:00,2026-03-02 15:05:00+00:00,2026-03-02 15:10:00+00:00,2026-03-02 15:10:00+00:00,LONG,LONG,4.75,"['delta_strong_positive', 'cvd_strong_positive', 'aggressive_buyers', 'big_trade_buy', 'above_vwap']",67701.1,67870.35275,49.99250046873425,WIN,1,1.0,4.400519341635444,0.041358264489055566,0.9999999999999979,1.0,take_profit,1.4949751871875014,1.9237740356513973,2.811768786406744,2.161104849304102,UP,BUY,1.7964996331872216,True,66331.54428495583,0.02017566190358344,NONE,0.0,67870.35275,1.0
2026-03-02 23:40:00+00:00,2026-03-02 23:40:00+00:00,2026-03-02 23:45:00+00:00,2026-03-03 00:00:00+00:00,SHORT,SHORT,-3.75,"['delta_strong_negative', 'cvd_strong_negative', 'aggressive_sellers']",68763.4,68935.3085,-50.2424629710795,LOSS,4,15.0,0.3688008446353391,1.161664490121266,-1.0000000000000293,1.0,stop_loss,1.4949751871875014,0.2850335397224457,-2.1934655868198787,-2.014897109311573,DOWN,SELL,0.48707613162269836,False,67771.54094565856,-0.004958619964408724,NONE,0.0,68591.49149999999,1.0
2026-03-03 02:00:00+00:00,2026-03-03 02:00:00+00:00,2026-03-03 02:05:00+00:00,2026-03-03 02:20:00+00:00,SHORT,SHORT,-4.75,"['delta_strong_negative', 'cvd_strong_negative', 'aggressive_sellers', 'big_trade_sell', 'below_vwap']",68547.5,68376.13125,49.99125065622092,WIN,4,15.0,2.3656588497027267,0.7288376673109548,0.999999999999966,1.0,take_profit,1.4949751871875014,3.9977876413555427,-3.1724024094729417,-2.670954935282671,DOWN,SELL,0.6345537122236725,True,68853.76706793802,-0.006114353568050972,NONE,0.0,68376.13125,1.0
2026-03-03 04:45:00+00:00,2026-03-03 04:45:00+00:00,2026-03-03 04:50:00+00:00,2026-03-03 05:05:00+00:00,SHORT,SHORT,-4.25,"['delta_strong_negative', 'cvd_strong_negative', 'aggressive_sellers', 'below_vwap']",68067.9,68238.06975,-50.241206909504,LOSS,4,15.0,0.39313685305404855,1.4426770915512306,-1.0000000000000056,1.0,stop_loss,1.4949751871875014,3.5686150017450946,-3.7895065196470634,-3.6244438063378444,DOWN,SELL,0.39929123247369125,False,68588.49484077079,-0.006598701648280231,NONE,0.0,67897.73025,1.0
2026-03-03 05:45:00+00:00,2026-03-03 05:45:00+00:00,2026-03-03 05:50:00+00:00,2026-03-03 06:00:00+00:00,SHORT,SHORT,-4.25,"['delta_strong_negative', 'cvd_strong_negative', 'aggressive_sellers', 'below_vwap']",67835.5,68005.08875,-49.99000087495483,LOSS,3,10.0,0.20343330557009234,1.0342667187534207,-0.9999999999999726,1.0,stop_loss,1.4949751871875014,2.635208144719467,-3.014777355409091,-2.1354861776007716,DOWN,SELL,0.3974543535210573,False,68494.18648225299,-0.007211191099248532,NONE,0.0,67665.91125,1.0
2026-03-03 08:40:00+00:00,2026-03-03 08:40:00+00:00,2026-03-03 08:45:00+00:00,2026-03-03 08:45:00+00:00,SHORT,SHORT,-4.25,"['delta_strong_negative', 'cvd_strong_negative', 'aggressive_sellers', 'below_vwap']",67310.1,67141.82475,49.740050870583204,WIN,1,1.0,1.308570333426999,0.11112745338365022,1.0000000000000357,1.0,take_profit,1.4949751871875014,2.9414647293149176,-3.467243950628078,-2.7384300014812175,DOWN,SELL,0.5965709828059474,False,68235.66167847127,-0.00936096362573615,NONE,0.0,67141.82475,1.0
2026-03-03 23:10:00+00:00,2026-03-03 23:10:00+00:00,2026-03-03 23:15:00+00:00,2026-03-03 23:15:00+00:00,LONG,LONG,4.25,"['delta_strong_positive', 'cvd_strong_positive', 'aggressive_buyers', 'above_vwap']",68653.0,68481.3675,-49.98875112493638,LOSS,1,1.0,0.19809767963526723,1.0551614641749425,-1.0000000000000406,1.0,stop_loss,1.4949751871875014,3.7437853447753815,3.6483877926497965,2.649810473793949,UP,BUY,2.129354351896225,False,67682.25077826159,0.0047373481273241345,NONE,0.0,68824.6325,1.0
2026-03-04 01:30:00+00:00,2026-03-04 01:30:00+00:00,2026-03-04 01:35:00+00:00,2026-03-04 01:35:00+00:00,LONG,LONG,4.25,"['delta_strong_positive', 'cvd_strong_positive', 'aggressive_buyers', 'above_vwap']",68471.5,68642.67875,49.73880736931152,WIN,1,1.0,1.1111192247869381,0.0,1.0000000000000373,1.0,take_profit,1.4949751871875014,3.46569340790925,3.3203464873297936,2.8039181984144603,UP,BUY,2.4723745372993022,False,68160.65934952511,0.0032804191957866075,NONE,0.0,68642.67875,1.0
2026-03-04 03:30:00+00:00,2026-03-04 03:30:00+00:00,2026-03-04 03:35:00+00:00,2026-03-04 03:55:00+00:00,SHORT,SHORT,-4.25,"['delta_strong_negative', 'cvd_strong_negative', 'aggressive_sellers', 'below_vwap']",67500.1,67668.85025,-49.987501406155424,LOSS,5,20.0,0.8894801637331251,1.3694794526229812,-0.9999999999999841,1.0,stop_loss,1.4949751871875014,3.970658104610324,-3.447387372690174,-2.847338718085972,DOWN,SELL,0.5828674221761861,False,68188.64686962537,-0.010236947004530884,NONE,0.0,67331.34975000001,1.0
2026-03-04 07:40:00+00:00,2026-03-04 07:40:00+00:00,2026-03-04 07:45:00+00:00,2026-03-04 07:45:00+00:00,LONG,LONG,4.25,"['delta_strong_positive', 'cvd_strong_positive', 'aggressive_buyers', 'above_vwap']",68937.6,69109.944,49.73756389912465,WIN,1,1.0,3.3903123984588284,0.537877732906348,0.9999999999999842,1.0,take_profit,1.4949751871875014,2.115717408984842,2.9053943272002205,2.945607799565145,UP,BUY,2.83010505774987,False,68124.46522577536,0.011969759994638226,NONE,0.0,69109.944,1.0
2026-03-04 14:30:00+00:00,2026-03-04 14:30:00+00:00,2026-03-04 14:35:00+00:00,2026-03-04 14:35:00+00:00,LONG,LONG,4.75,"['delta_strong_positive', 'cvd_strong_positive', 'aggressive_buyers', 'big_trade_buy', 'above_vwap']",72398.0,72217.005,-49.986251718619776,LOSS,1,1.0,0.16685543799550864,3.917235282742617,-0.9999999999999742,1.0,stop_loss,1.4949751871875014,4.077589021369214,4.05046193075649,3.642551752220364,UP,BUY,1.778098107963113,True,70126.29910697897,0.014015785720459426,NONE,0.0,72578.995,1.0
2026-03-04 19:10:00+00:00,2026-03-04 19:10:00+00:00,2026-03-04 19:15:00+00:00,2026-03-04 19:20:00+00:00,LONG,LONG,4.25,"['delta_strong_positive', 'cvd_strong_positive', 'aggressive_buyers', 'above_vwap']",73842.8,73658.193,-49.73632046002894,LOSS,2,5.0,1.0005037728796693,1.499401431148347,-1.0000000000000195,1.0,stop_loss,1.5072876996481388,3.7522398531652112,3.274761681622504,2.9027164834791224,UP,BUY,1.599300338265753,False,71028.67788478316,0.010100973119441532,NONE,0.0,74027.407,1.0
2026-03-04 23:30:00+00:00,2026-03-04 23:30:00+00:00,2026-03-04 23:35:00+00:00,2026-03-04 23:35:00+00:00,SHORT,SHORT,-3.75,"['delta_strong_negative', 'cvd_strong_negative', 'aggressive_sellers']",72336.1,72516.94025,-49.48763885772612,LOSS,1,1.0,0.04921470745593821,2.262770594488766,-0.9999999999999657,1.0,stop_loss,1.9997512611498878,2.7355663446546123,-2.98649297103217,-2.145198706318333,DOWN,SELL,0.5119385140398822,False,71245.59978116483,-0.010334918469237946,NONE,0.0,72155.25975000001,1.0
2026-03-05 07:50:00+00:00,2026-03-05 07:50:00+00:00,2026-03-05 07:55:00+00:00,2026-03-05 07:55:00+00:00,SHORT,SHORT,-4.75,"['delta_strong_negative', 'cvd_strong_negative', 'aggressive_sellers', 'big_trade_sell', 'below_vwap']",71766.1,71945.51525000001,-49.24020066344068,LOSS,1,1.0,0.14547258385229694,1.5985263237098761,-1.0000000000000304,1.0,stop_loss,2.4897525048441485,3.9341138332323506,-3.534640558902839,-3.408559997248079,DOWN,SELL,0.6036417359187443,True,72517.94116047713,-0.008694385578925884,NONE,0.0,71586.68475,1.0
2026-03-05 10:25:00+00:00,2026-03-05 10:25:00+00:00,2026-03-05 10:30:00+00:00,2026-03-05 10:30:00+00:00,LONG,LONG,3.5,"['delta_strong_positive', 'cvd_strong_positive', 'above_vwap']",73122.4,73305.20599999999,48.99399966012114,WIN,1,1.0,2.0300208964695132,0.002188111987539683,0.9999999999999829,1.0,take_profit,2.4897525048441485,3.8498221230508824,3.737837589855979,3.387962564812826,UP,BUY,1.4998367836982878,False,72498.89703961558,0.01020972240231326,NONE,0.0,73305.20599999999,1.0
2026-03-05 13:00:00+00:00,2026-03-05 13:00:00+00:00,2026-03-05 13:05:00+00:00,2026-03-05 13:15:00+00:00,LONG,LONG,3.25,"['cvd_strong_positive', 'aggressive_buyers', 'big_trade_buy', 'above_vwap']",72720.6,72538.7985,-49.23896965842295,LOSS,3,10.0,0.11166024482739888,1.031894676336586,-1.0000000000000075,1.0,stop_loss,2.4921902610315474,0.759156142848358,1.5866800233667273,2.2826967957386706,UP,BUY,1.5933179526031258,True,72618.17361116111,-0.002796666993737738,NONE,0.0,72902.4015,1.0
2026-03-05 16:05:00+00:00,2026-03-05 16:05:00+00:00,2026-03-05 16:10:00+00:00,2026-03-05 16:10:00+00:00,SHORT,SHORT,-4.75,"['delta_strong_negative', 'cvd_strong_negative', 'aggressive_sellers', 'big_trade_sell', 'below_vwap']",70812.1,70989.13025,-48.992774810129404,LOSS,1,1.0,0.33214662465879646,1.8917670850038009,-0.9999999999999782,1.0,stop_loss,2.9797293097263755,3.4048105436805076,-3.4143054863821147,-2.938172376188069,DOWN,SELL,0.4861962913856024,True,72336.31624253241,-0.015967718901172847,NONE,0.0,70635.06975000001,1.0
2026-03-05 21:15:00+00:00,2026-03-05 21:15:00+00:00,2026-03-05 21:20:00+00:00,2026-03-05 21:35:00+00:00,LONG,LONG,3.75,"['delta_strong_positive', 'cvd_strong_positive', 'aggressive_buyers']",71430.5,71251.92375,-48.74781093607934,LOSS,4,15.0,0.5594248955277881,2.0540245413374,-0.9999999999999901,1.0,stop_loss,3.4648306631777452,3.4131580121551015,3.479305819032746,2.8883171808727277,UP,BUY,1.8478165697575573,False,72036.113514933,0.005999197225568733,NONE,0.0,71609.07625,1.0
2026-03-06 01:25:00+00:00,2026-03-06 01:25:00+00:00,2026-03-06 01:30:00+00:00,2026-03-06 01:30:00+00:00,SHORT,SHORT,-4.25,"['delta_strong_negative', 'cvd_strong_negative', 'aggressive_sellers', 'below_vwap']",70423.1,70599.15775000001,-48.50407188140141,LOSS,1,1.0,0.052823576354934156,2.287885651157011,-1.0000000000000406,1.0,stop_loss,3.9475065098618782,4.047843402819207,-3.89616794470495,-2.881279378511338,DOWN,SELL,0.522928012704841,False,70762.89015476471,-0.007332803940450232,NONE,0.0,70247.04225,1.0
2026-03-06 04:40:00+00:00,2026-03-06 04:40:00+00:00,2026-03-06 04:45:00+00:00,2026-03-06 05:20:00+00:00,SHORT,SHORT,-3.5,"['delta_strong_negative', 'cvd_strong_negative', 'below_vwap']",70487.2,70310.982,48.26155152199064,WIN,8,35.0,1.0555107877742342,0.8029826691938395,0.999999999999963,1.0,take_profit,3.9475065098618782,4.219223582593262,-3.8299320236147576,-2.872351154449021,DOWN,SELL,0.740102062109916,False,70895.9354315431,-0.005744902941261839,NONE,0.0,70310.982,1.0
2026-03-06 10:00:00+00:00,2026-03-06 10:00:00+00:00,2026-03-06 10:05:00+00:00,2026-03-06 10:50:00+00:00,LONG,LONG,3.75,"['delta_strong_positive', 'cvd_strong_positive', 'aggressive_buyers']",70620.5,70443.94875,-48.5028592796035,LOSS,10,45.0,0.8365842779362768,1.0778739884311377,-1.000000000000023,1.0,stop_loss,3.9499078221991613,0.3185051497915559,2.7141043224775987,2.2765345404631514,UP,BUY,1.586170072455444,False,70725.64333449418,-0.000823031116476946,NONE,0.0,70797.05125,1.0
2026-03-06 12:00:00+00:00,2026-03-06 12:00:00+00:00,2026-03-06 12:05:00+00:00,2026-03-06 12:05:00+00:00,SHORT,SHORT,-4.25,"['delta_strong_negative', 'cvd_strong_negative', 'aggressive_sellers', 'below_vwap']",70132.5,69957.16875,48.26034498320515,WIN,1,1.0,2.169607528606533,0.12205468220864323,1.0000000000000167,1.0,take_profit,3.9499078221991613,2.8294072663968732,-2.029288568051648,-2.0299296691422075,DOWN,SELL,0.6325116368173888,False,70677.74268812544,-0.005617092681805996,NONE,0.0,69957.16875,1.0
2026-03-06 13:55:00+00:00,2026-03-06 13:55:00+00:00,2026-03-06 14:00:00+00:00,2026-03-06 14:00:00+00:00,SHORT,SHORT,-4.25,"['delta_strong_negative', 'cvd_strong_negative', 'aggressive_sellers', 'below_vwap']",69189.7,69016.72575,48.50164670812019,WIN,1,1.0,2.0332506138919353,0.29715405616737023,0.999999999999996,1.0,take_profit,3.9499078221991613,3.678664420271159,-4.117473790534894,-3.4487739472783336,DOWN,SELL,0.4985873598684082,False,70429.67812612087,-0.011887966129290413,NONE,0.0,69016.72575,1.0
2026-03-06 17:35:00+00:00,2026-03-06 17:35:00+00:00,2026-03-06 17:40:00+00:00,2026-03-06 17:45:00+00:00,SHORT,SHORT,-4.25,"['delta_strong_negative', 'cvd_strong_negative', 'aggressive_sellers', 'below_vwap']",67823.3,67992.85825,-48.74415494166151,LOSS,2,5.0,0.6546422836989647,1.100506758001992,-1.0000000000000109,1.0,stop_loss,3.9499078221991613,3.8323591763087945,-3.5026761318938595,-3.2617435914050206,DOWN,SELL,0.6306219922723294,False,69740.60083463731,-0.012978513615279564,NONE,0.0,67653.74175,1.0
2026-03-07 00:30:00+00:00,2026-03-07 00:30:00+00:00,2026-03-07 00:35:00+00:00,2026-03-07 02:20:00+00:00,LONG,LONG,4.25,"['delta_strong_positive', 'cvd_strong_positive', 'aggressive_buyers', 'above_vwap']",68282.9,68112.19274999999,-48.50043416695459,LOSS,22,105.0,0.287626916841586,1.2032295054837694,-1.0000000000000395,1.0,stop_loss,3.954710266776745,3.5704755175929015,3.0549645018837657,3.4175045155513195,UP,BUY,2.0267598200335475,False,68206.64689876881,0.0016377169171875646,NONE,0.0,68453.60725,1.0
2026-03-07 04:00:00+00:00,2026-03-07 04:00:00+00:00,2026-03-07 04:05:00+00:00,2026-03-07 04:35:00+00:00,SHORT,SHORT,-4.25,"['delta_strong_negative', 'cvd_strong_negative', 'aggressive_sellers', 'below_vwap']",67875.8,68045.4895,-48.25793199611594,LOSS,7,30.0,0.2899413340247752,1.2982535749118413,-0.9999999999999594,1.0,stop_loss,4.434936715442834,3.74507422560245,-3.4622240371636552,-2.498067450596599,DOWN,SELL,0.5075055861247552,False,68192.89109093769,-0.004680815883360119,NONE,0.0,67706.11050000001,1.0
2026-03-07 06:50:00+00:00,2026-03-07 06:50:00+00:00,2026-03-07 06:55:00+00:00,2026-03-07 07:05:00+00:00,SHORT,SHORT,-4.25,"['delta_strong_negative', 'cvd_strong_negative', 'aggressive_sellers', 'below_vwap']",67664.5,67495.33875,48.01664233613865,WIN,3,10.0,1.4116708170458832,0.3931160357351344,1.0000000000000275,1.0,take_profit,4.434936715442834,4.024857350946707,-3.9321605414785354,-3.3586898194380743,DOWN,SELL,0.46313583045639906,False,68081.35126982722,-0.005255893207975691,NONE,0.0,67495.33875,1.0
2026-03-07 11:10:00+00:00,2026-03-07 11:10:00+00:00,2026-03-07 11:15:00+00:00,2026-03-07 11:55:00+00:00,LONG,LONG,4.25,"['delta_strong_positive', 'cvd_strong_positive', 'aggressive_buyers', 'above_vwap']",68160.0,67989.6,-48.25672554781637,LOSS,9,40.0,0.3262910798122407,1.1085680751173368,-0.9999999999999658,1.0,stop_loss,4.437325842024923,3.9852014030719873,3.8249121054884054,2.323047777311183,UP,BUY,2.55949037313139,False,67963.3404468714,0.004267267846566353,NONE,0.0,68330.4,1.0
2026-03-07 14:35:00+00:00,2026-03-07 14:35:00+00:00,2026-03-07 14:40:00+00:00,2026-03-07 15:20:00+00:00,LONG,LONG,4.25,"['delta_strong_positive', 'cvd_strong_positive', 'aggressive_buyers', 'above_vwap']",68026.9,67856.83275,-48.0154419200769,LOSS,9,40.0,0.11701253474733514,1.216577559759414,-0.9999999999999575,1.0,stop_loss,4.915139212814781,1.3928002620171485,3.31324500347961,2.291261712057073,UP,BUY,2.0534573045115794,False,67955.64541279188,0.0013537523862667102,NONE,0.0,68196.96724999999,1.0
2026-03-07 18:00:00+00:00,2026-03-07 18:00:00+00:00,2026-03-07 18:05:00+00:00,2026-03-07 19:15:00+00:00,SHORT,SHORT,-4.25,"['delta_strong_negative', 'cvd_strong_negative', 'aggressive_sellers', 'below_vwap']",67573.1,67404.16725,47.77536471048059,WIN,15,70.0,2.0605832794411136,0.5386758932178632,1.0000000000000426,1.0,take_profit,4.915139212814781,4.182796239994617,-4.114911881627147,-3.904530301204878,DOWN,SELL,0.47795746469254274,False,67932.65271245227,-0.003232000747768696,NONE,0.0,67404.16725,1.0
2026-03-08 02:40:00+00:00,2026-03-08 02:40:00+00:00,2026-03-08 02:45:00+00:00,2026-03-08 02:45:00+00:00,LONG,LONG,4.25,"['delta_strong_positive', 'cvd_strong_positive', 'aggressive_buyers', 'above_vwap']",67368.1,67199.67975000001,-48.014241534029686,LOSS,1,1.0,0.0,1.986103215023134,-0.9999999999999737,1.0,stop_loss,4.917516334334442,3.3693182468177585,3.1165492161547923,2.3499795719850267,UP,BUY,2.145826476305216,False,67244.79672809748,0.0017251352700730735,NONE,0.0,67536.52025,1.0
2026-03-08 04:50:00+00:00,2026-03-08 04:50:00+00:00,2026-03-08 04:55:00+00:00,2026-03-08 05:00:00+00:00,SHORT,SHORT,-4.25,"['delta_strong_negative', 'cvd_strong_negative', 'aggressive_sellers', 'below_vwap']",66583.5,66749.95875,-47.7741703263623,LOSS,2,5.0,0.45356582336464735,1.0441025178910865,-1.0000000000000313,1.0,stop_loss,5.39292875266278,4.0076006810054015,-3.8419012169879725,-3.3235520391414988,DOWN,SELL,0.3928063499384994,False,67052.1372091937,-0.006421051830690787,NONE,0.0,66417.04125,1.0
2026-03-08 12:10:00+00:00,2026-03-08 12:10:00+00:00,2026-03-08 12:15:00+00:00,2026-03-08 12:15:00+00:00,SHORT,SHORT,-3.5,"['delta_strong_negative', 'cvd_strong_negative', 'below_vwap']",67018.9,66851.35274999999,47.53529947472992,WIN,1,1.0,1.0003148365609777,0.7162158734327183,1.0000000000000195,1.0,take_profit,5.39292875266278,2.970436337798506,-2.2624570988970576,-2.605366585817562,DOWN,SELL,0.7030842089666423,False,67328.01740673157,-0.009002357298725346,NONE,0.0,66851.35274999999,1.0
2026-03-08 19:15:00+00:00,2026-03-08 19:15:00+00:00,2026-03-08 19:20:00+00:00,2026-03-08 19:30:00+00:00,LONG,LONG,3.75,"['delta_strong_positive', 'cvd_strong_positive', 'aggressive_buyers']",67116.8,67284.592,47.772975972103005,WIN,3,10.0,1.2110231715457058,0.2818966339277374,1.0000000000000075,1.0,take_profit,5.39292875266278,2.7332857261162364,2.3374253185196623,2.4860749800512307,UP,BUY,1.7571916454212053,False,67235.09903435774,0.0019266687464714392,NONE,0.0,67284.592,1.0
2026-03-08 21:05:00+00:00,2026-03-08 21:05:00+00:00,2026-03-08 21:10:00+00:00,2026-03-08 21:10:00+00:00,SHORT,SHORT,-4.25,"['delta_strong_negative', 'cvd_strong_negative', 'aggressive_sellers', 'below_vwap']",66883.3,66716.09175,48.011840851962006,WIN,1,1.0,1.295988684768826,0.2745079862984881,0.9999999999999761,1.0,take_profit,5.39292875266278,1.8063231598317424,-2.340461605399237,-2.01091725750567,DOWN,SELL,0.45945245039812765,False,67233.75745381243,-0.003199964857478362,NONE,0.0,66716.09175,1.0
2026-03-08 22:00:00+00:00,2026-03-08 22:00:00+00:00,2026-03-08 22:05:00+00:00,2026-03-08 22:05:00+00:00,SHORT,SHORT,-4.75,"['delta_strong_negative', 'cvd_strong_negative', 'aggressive_sellers', 'big_trade_sell', 'below_vwap']",65727.6,65891.91900000001,-48.25190005622388,LOSS,1,1.0,0.34566909487036135,2.629032552535008,-1.000000000000019,1.0,stop_loss,5.39292875266278,4.197035132717735,-4.194878326115281,-3.9857060765163546,DOWN,SELL,0.44039745769836547,True,67137.7686637411,-0.01509380211509705,NONE,0.0,65563.281,1.0
2026-03-09 01:55:00+00:00,2026-03-09 01:55:00+00:00,2026-03-09 02:00:00+00:00,2026-03-09 02:10:00+00:00,SHORT,SHORT,-4.25,"['delta_strong_negative', 'cvd_strong_negative', 'aggressive_sellers', 'below_vwap']",66150.1,66315.47525,-48.010640555941066,LOSS,3,10.0,0.8253955776332914,1.0273605028563473,-0.9999999999999836,1.0,stop_loss,5.39292875266278,2.082705412119789,-2.155424275050804,-2.1296517833751607,DOWN,SELL,0.6117268317979077,False,66315.55935608203,0.00038706785495652463,NONE,0.0,65984.72475000001,1.0
2026-03-09 03:05:00+00:00,2026-03-09 03:05:00+00:00,2026-03-09 03:10:00+00:00,2026-03-09 03:10:00+00:00,LONG,LONG,4.25,"['delta_strong_positive', 'cvd_strong_positive', 'aggressive_buyers', 'above_vwap']",67075.0,67242.6875,47.77058735316214,WIN,1,1.0,2.1062989191203703,0.04174431606410734,1.0,1.0,take_profit,5.39292875266278,2.673679953021594,2.8788131076287216,2.7327240269207294,UP,BUY,1.7957352670066982,False,66394.59165991066,0.010704391981448125,NONE,0.0,67242.6875,1.0
2026-03-09 07:30:00+00:00,2026-03-09 07:30:00+00:00,2026-03-09 07:35:00+00:00,2026-03-09 07:40:00+00:00,LONG,LONG,4.25,"['delta_strong_positive', 'cvd_strong_positive', 'aggressive_buyers', 'above_vwap']",67263.0,67431.1575,48.00944028992827,WIN,2,5.0,1.089454826576258,0.0005946805822269049,1.0000000000000069,1.0,take_profit,5.39292875266278,1.1105890100690903,2.3182211171939513,2.45249050781835,UP,BUY,2.0399243822298243,False,67084.7473363012,-0.0035245140646602336,NONE,0.0,67431.1575,1.0
2026-03-09 09:30:00+00:00,2026-03-09 09:30:00+00:00,2026-03-09 09:35:00+00:00,2026-03-09 09:35:00+00:00,LONG,LONG,4.25,"['delta_strong_positive', 'cvd_strong_positive', 'aggressive_buyers', 'above_vwap']",68135.4,68305.73849999999,48.249487491377025,WIN,1,1.0,1.2492771745671292,0.08747288487332094,0.9999999999999883,1.0,take_profit,5.39292875266278,3.690936496457107,3.5959459417278663,2.766904145290688,UP,BUY,1.846504807455695,False,67191.20190374058,0.007350294144451732,NONE,0.0,68305.73849999999,1.0
2026-03-09 12:35:00+00:00,2026-03-09 12:35:00+00:00,2026-03-09 12:40:00+00:00,2026-03-09 12:40:00+00:00,LONG,LONG,4.25,"['delta_strong_positive', 'cvd_strong_positive', 'aggressive_buyers', 'above_vwap']",68245.3,68074.68675000001,-48.490734928833014,LOSS,1,1.0,0.3850814634853804,1.0567760710261536,-0.9999999999999698,1.0,stop_loss,5.39292875266278,3.8411671509488277,3.42728900761922,3.29652210647588,UP,BUY,1.5049103038499823,False,67340.8193967007,0.0051268986738726196,NONE,0.0,68415.91325,1.0
2026-03-09 13:25:00+00:00,2026-03-09 13:25:00+00:00,2026-03-09 13:30:00+00:00,2026-03-09 13:30:00+00:00,LONG,LONG,4.25,"['delta_strong_positive', 'cvd_strong_positive', 'aggressive_buyers', 'above_vwap']",68734.8,68906.637,48.248281254190175,WIN,1,1.0,1.4851283483766422,0.29795678462727515,0.9999999999999972,1.0,take_profit,5.39292875266278,3.0243942895217493,2.9666177081757676,2.410637150378247,UP,BUY,1.5767003699626916,False,67424.11477756656,0.010185223209932436,NONE,0.0,68906.637,1.0
2026-03-09 17:35:00+00:00,2026-03-09 17:35:00+00:00,2026-03-09 17:40:00+00:00,2026-03-09 17:40:00+00:00,SHORT,SHORT,-3.75,"['delta_strong_negative', 'cvd_strong_negative', 'aggressive_sellers']",68393.0,68222.0175,48.48952266046076,WIN,1,1.0,1.029345108417528,0.33336744988522216,0.9999999999999898,1.0,take_profit,5.39292875266278,2.9371105452712545,-2.6900936160951163,-2.119335645543964,DOWN,SELL,0.6214013295415146,False,67899.83362059433,-0.008301697475373458,NONE,0.0,68222.0175,1.0
2026-03-09 19:15:00+00:00,2026-03-09 19:15:00+00:00,2026-03-09 19:20:00+00:00,2026-03-09 19:20:00+00:00,LONG,LONG,4.25,"['delta_strong_positive', 'cvd_strong_positive', 'aggressive_buyers', 'above_vwap']",68811.5,68983.52875,48.7319702737629,WIN,1,1.0,1.0643569752149324,0.8440449634145286,0.9999999999999865,1.0,take_profit,5.39292875266278,1.843527289119871,2.915672826247413,2.3421063860983313,UP,BUY,2.120056353461433,False,67930.69974345181,0.0015983702126274118,NONE,0.0,68983.52875,1.0
2026-03-09 22:00:00+00:00,2026-03-09 22:00:00+00:00,2026-03-09 22:05:00+00:00,2026-03-09 22:35:00+00:00,SHORT,SHORT,-4.25,"['delta_strong_negative', 'cvd_strong_negative', 'aggressive_sellers', 'big_trade_sell']",68759.8,68587.9005,48.975630125132234,WIN,7,30.0,1.1756869566229442,0.4729507648364475,0.9999999999999972,1.0,take_profit,5.39292875266278,0.9273719887559122,-2.655618116599055,-2.259720486510337,DOWN,SELL,0.5570007021547374,True,68038.33386918911,-0.0016585531427449577,NONE,0.0,68587.9005,1.0
2026-03-10 00:25:00+00:00,2026-03-10 00:25:00+00:00,2026-03-10 00:30:00+00:00,2026-03-10 00:35:00+00:00,LONG,LONG,3.5,"['delta_strong_positive', 'cvd_strong_positive', 'above_vwap']",68943.4,69115.7585,49.220508275758625,WIN,2,5.0,1.3477722305543558,0.5488560181249621,1.0000000000000122,1.0,take_profit,5.39292875266278,3.653625948845386,2.481335115771491,2.5399634807358358,UP,BUY,1.2598250483260751,False,68649.41047753922,0.0032602322399530154,NONE,0.0,69115.7585,1.0
2026-03-10 02:30:00+00:00,2026-03-10 02:30:00+00:00,2026-03-10 02:35:00+00:00,2026-03-10 02:35:00+00:00,LONG,LONG,4.25,"['delta_strong_positive', 'cvd_strong_positive', 'aggressive_buyers', 'above_vwap']",69971.9,70146.82974999999,49.46661081713561,WIN,1,1.0,1.2353530488667928,0.2846857095490525,0.9999999999999755,1.0,take_profit,5.39292875266278,4.137028205887404,3.8973582717243325,3.4530264692381327,UP,BUY,1.9696672344383326,False,69159.26433376635,0.01329864519965561,NONE,0.0,70146.82974999999,1.0
2026-03-10 07:05:00+00:00,2026-03-10 07:05:00+00:00,2026-03-10 07:10:00+00:00,2026-03-10 07:10:00+00:00,LONG,LONG,4.25,"['delta_strong_positive', 'cvd_strong_positive', 'aggressive_buyers', 'above_vwap']",70108.3,70283.57075,49.713943871221375,WIN,1,1.0,1.664282260445608,0.04735530600515436,0.9999999999999772,1.0,take_profit,5.39292875266278,3.459538176015389,3.7186295160234963,2.425822771765079,UP,BUY,1.8792754926546704,False,69711.12727254294,0.0036888128255325447,NONE,0.0,70283.57075,1.0
2026-03-10 08:05:00+00:00,2026-03-10 08:05:00+00:00,2026-03-10 08:10:00+00:00,2026-03-10 08:15:00+00:00,LONG,LONG,4.25,"['delta_strong_positive', 'cvd_strong_positive', 'aggressive_buyers', 'above_vwap']",70892.6,70715.36850000001,-49.96251359057703,LOSS,2,5.0,0.22795044898900127,1.086714269190329,-0.9999999999999685,1.0,stop_loss,5.39292875266278,3.6841193267382106,3.8350398362874074,2.4594259729631447,UP,BUY,2.1380201222731046,False,69822.08630850719,0.010560910724984897,NONE,0.0,71069.8315,1.0
2026-03-10 13:35:00+00:00,2026-03-10 13:35:00+00:00,2026-03-10 13:40:00+00:00,2026-03-10 13:40:00+00:00,SHORT,SHORT,-3.5,"['delta_strong_negative', 'cvd_strong_negative', 'below_vwap']",69737.6,69911.944,-49.71270102262495,LOSS,1,1.0,0.3303813151012126,1.7276189602165664,-0.9999999999999845,1.0,stop_loss,5.39292875266278,3.853167714336747,-3.2243250023641994,-2.596726421060871,DOWN,SELL,0.7133376708258885,False,70136.56317513644,-0.010893653171898918,NONE,0.0,69563.25600000001,1.0
2026-03-10 14:55:00+00:00,2026-03-10 14:55:00+00:00,2026-03-10 15:00:00+00:00,2026-03-10 15:00:00+00:00,LONG,LONG,4.25,"['delta_strong_positive', 'cvd_strong_positive', 'aggressive_buyers', 'above_vwap']",71435.6,71614.18900000001,49.46413751751459,WIN,1,1.0,1.7492678720413584,0.5980211547183919,1.0000000000000402,1.0,take_profit,5.39292875266278,1.935105545767012,2.3636186507875143,2.5311474607713684,UP,BUY,1.5255318743783834,False,70146.14717073356,0.01666370657138349,NONE,0.0,71614.18900000001,1.0
2026-03-10 21:35:00+00:00,2026-03-10 21:35:00+00:00,2026-03-10 21:40:00+00:00,2026-03-10 21:40:00+00:00,SHORT,SHORT,-4.25,"['delta_strong_negative', 'cvd_strong_negative', 'aggressive_sellers', 'below_vwap']",69743.7,69569.34075,49.711458205098474,WIN,1,1.0,1.3804831117362404,0.3148671492909538,0.9999999999999658,1.0,take_profit,5.39292875266278,3.6600831187190597,-3.5184438642276934,-2.9664346288995898,DOWN,SELL,0.4770458435240825,False,70320.95153689709,-0.00630040981329501,NONE,0.0,69569.34075,1.0
2026-03-10 23:45:00+00:00,2026-03-10 23:45:00+00:00,2026-03-10 23:50:00+00:00,2026-03-11 00:10:00+00:00,LONG,LONG,3.75,"['delta_strong_positive', 'cvd_strong_positive', 'aggressive_buyers']",69844.9,70019.51225,49.96001549612726,WIN,5,20.0,1.171166398691959,0.7851682800032144,1.0000000000000322,1.0,take_profit,5.39292875266278,0.8562808496303087,2.099264212159355,2.563621261419089,UP,BUY,2.6007691226901604,False,70286.35980475308,0.00016745350612130442,NONE,0.0,70019.51225,1.0
2026-03-11 02:35:00+00:00,2026-03-11 02:35:00+00:00,2026-03-11 02:40:00+00:00,2026-03-11 03:00:00+00:00,SHORT,SHORT,-4.25,"['delta_strong_negative', 'cvd_strong_negative', 'aggressive_sellers', 'below_vwap']",69667.0,69841.1675,-50.209815573605134,LOSS,5,20.0,0.4386581882383004,1.125353467208291,-0.9999999999999767,1.0,stop_loss,5.39292875266278,3.692628701966072,-3.404714525613266,-2.595134123520731,DOWN,SELL,0.4934989031812892,False,69921.16308293292,-0.0029579314231001296,NONE,0.0,69492.8325,1.0
2026-03-11 04:25:00+00:00,2026-03-11 04:25:00+00:00,2026-03-11 04:30:00+00:00,2026-03-11 04:50:00+00:00,LONG,LONG,4.25,"['delta_strong_positive', 'cvd_strong_positive', 'aggressive_buyers', 'above_vwap']",69942.5,70117.35625,49.958766495737436,WIN,5,20.0,1.7534403259820899,0.380312399470994,0.9999999999999832,1.0,take_profit,5.39292875266278,3.2938127822409813,2.7166593421993324,2.490036552983799,UP,BUY,1.6573799130840716,False,69814.25716408252,0.0021623237806276023,NONE,0.0,70117.35625,1.0
2026-03-11 05:40:00+00:00,2026-03-11 05:40:00+00:00,2026-03-11 05:45:00+00:00,2026-03-11 06:10:00+00:00,SHORT,SHORT,-4.25,"['delta_strong_negative', 'cvd_strong_negative', 'aggressive_sellers', 'below_vwap']",69494.9,69668.63725,-50.208560328218574,LOSS,6,25.0,0.281459502783624,1.1183554476659607,-1.0000000000000322,1.0,stop_loss,5.39292875266278,3.2220459415767495,-2.84979696012215,-2.113569673808204,DOWN,SELL,0.5887242900481865,False,69829.86653617118,-0.004075316852194756,NONE,0.0,69321.16274999999,1.0
2026-03-11 09:35:00+00:00,2026-03-11 09:35:00+00:00,2026-03-11 09:40:00+00:00,2026-03-11 09:45:00+00:00,SHORT,SHORT,-4.25,"['delta_strong_negative', 'cvd_strong_negative', 'aggressive_sellers', 'below_vwap']",69488.2,69661.9205,-49.95751752657468,LOSS,2,5.0,0.0949801549039981,1.3861346242959405,-0.9999999999999759,1.0,stop_loss,5.39292875266278,3.5743187188236973,-2.690558617881958,-2.7898680357420744,DOWN,SELL,0.5782434638695682,False,69748.44779923692,-0.0017465069581076166,NONE,0.0,69314.4795,1.0
2026-03-11 11:55:00+00:00,2026-03-11 11:55:00+00:00,2026-03-11 12:00:00+00:00,2026-03-11 12:05:00+00:00,SHORT,SHORT,-4.25,"['delta_strong_negative', 'cvd_strong_negative', 'aggressive_sellers', 'below_vwap']",69143.9,68971.04024999999,49.707729938943935,WIN,2,5.0,1.2206427465040302,0.586024219056217,1.0000000000000189,1.0,take_profit,5.39292875266278,3.2505314962663365,-3.4487433935481224,-3.2472493603224133,DOWN,SELL,0.44999591796322,False,69691.24326522839,-0.004939454237287866,NONE,0.0,68971.04024999999,1.0
2026-03-11 12:30:00+00:00,2026-03-11 12:30:00+00:00,2026-03-11 12:35:00+00:00,2026-03-11 13:05:00+00:00,LONG,LONG,3.0,"['delta_strong_positive', 'cvd_strong_positive']",69248.2,69421.3205,49.95626858863903,WIN,7,30.0,1.1587304796370494,0.7977102653931295,1.0000000000000262,1.0,take_profit,5.39292875266278,3.442866042513604,2.630810752720436,2.6476631313303427,UP,BUY,1.4110084482495482,False,69625.5892270786,-0.0020000340689436454,NONE,0.0,69421.3205,1.0
2026-03-11 17:00:00+00:00,2026-03-11 17:00:00+00:00,2026-03-11 17:05:00+00:00,2026-03-11 17:20:00+00:00,LONG,LONG,4.25,"['delta_strong_positive', 'cvd_strong_positive', 'aggressive_buyers', 'above_vwap']",70859.1,71036.24775000001,50.20604993158196,WIN,4,15.0,1.9243823305686587,0.5475655208717016,1.0000000000000209,1.0,take_profit,5.39292875266278,1.6934848442375006,3.6281880216860896,2.3468983772368244,UP,BUY,3.6463055783023033,False,69986.8524548622,0.007238396085711749,NONE,0.0,71036.24775000001,1.0
2026-03-11 20:50:00+00:00,2026-03-11 20:50:00+00:00,2026-03-11 20:55:00+00:00,2026-03-11 21:00:00+00:00,LONG,LONG,4.25,"['delta_strong_positive', 'cvd_strong_positive', 'aggressive_buyers', 'above_vwap']",70558.6,70734.99650000001,50.45708018123954,WIN,2,5.0,1.1797286227333945,0.33504066123764253,1.0000000000000144,1.0,take_profit,5.39292875266278,3.2664339137103897,3.5152433753841787,2.0996708507728843,UP,BUY,3.020389446194661,False,70103.27254371837,-0.002535199547889309,NONE,0.0,70734.99650000001,1.0
2026-03-12 01:00:00+00:00,2026-03-12 01:00:00+00:00,2026-03-12 01:05:00+00:00,2026-03-12 01:50:00+00:00,SHORT,SHORT,-4.25,"['delta_strong_negative', 'cvd_strong_negative', 'aggressive_sellers', 'below_vwap']",69920.9,69746.09775,50.70936558214309,WIN,10,45.0,1.2288171347908186,0.2808888329526984,0.9999999999999621,1.0,take_profit,5.39292875266278,3.8596856166093008,-3.888193428179395,-3.572600563777888,DOWN,SELL,0.4539434178038737,False,70123.8979206393,-0.005711508170314431,NONE,0.0,69746.09775,1.0
2026-03-12 03:30:00+00:00,2026-03-12 03:30:00+00:00,2026-03-12 03:35:00+00:00,2026-03-12 03:45:00+00:00,LONG,LONG,3.75,"['delta_strong_positive', 'cvd_strong_positive', 'aggressive_buyers']",69545.2,69371.337,-50.96291241005501,LOSS,3,10.0,0.2864324209291391,1.8048693511558118,-0.9999999999999859,1.0,stop_loss,5.39292875266278,1.3569238363382727,2.4464818178901546,2.2492019515430384,UP,BUY,2.2445970356843,False,69690.69748292255,-0.0027344317248794558,NONE,0.0,69719.063,1.0
2026-03-12 07:20:00+00:00,2026-03-12 07:20:00+00:00,2026-03-12 07:25:00+00:00,2026-03-12 07:30:00+00:00,LONG,LONG,3.75,"['delta_strong_positive', 'cvd_strong_positive', 'aggressive_buyers']",69544.5,69718.36125,50.70809784800595,WIN,2,5.0,1.12043367915509,0.15299556399143466,1.00000000000001,1.0,take_profit,5.39292875266278,2.6136298698567586,3.3363302765208687,2.887251720099392,UP,BUY,2.6872619469596883,False,69578.86297349351,0.0018384950914903599,NONE,0.0,69718.36125,1.0
2026-03-12 23:00:00+00:00,2026-03-12 23:00:00+00:00,2026-03-12 23:05:00+00:00,2026-03-12 23:15:00+00:00,LONG,LONG,4.25,"['delta_strong_positive', 'cvd_strong_positive', 'aggressive_buyers', 'above_vwap']",70373.9,70549.83475,50.96163833724558,WIN,3,10.0,1.5602375312438277,0.3802546114397195,1.000000000000002,1.0,take_profit,5.39292875266278,3.7315989247609593,2.9257888005081054,2.4738757900027593,UP,BUY,1.5942536380487866,False,69981.96738888469,0.0022227936702893867,NONE,0.0,70549.83475,1.0
2026-03-13 00:10:00+00:00,2026-03-13 00:10:00+00:00,2026-03-13 00:15:00+00:00,2026-03-13 00:15:00+00:00,LONG,LONG,4.75,"['delta_strong_positive', 'cvd_strong_positive', 'aggressive_buyers', 'big_trade_buy', 'above_vwap']",71085.0,71262.7125,51.21644652893003,WIN,1,1.0,3.1629739044805842,0.11197861714845145,0.9999999999999672,1.0,take_profit,5.39292875266278,3.922188691434255,3.9388213552303815,2.886261448688556,UP,BUY,2.3533118371137154,True,70817.15561575495,0.008551428081754346,NONE,0.0,71262.7125,1.0
2026-03-13 03:50:00+00:00,2026-03-13 03:50:00+00:00,2026-03-13 03:55:00+00:00,2026-03-13 04:20:00+00:00,LONG,LONG,4.25,"['delta_strong_positive', 'cvd_strong_positive', 'aggressive_buyers', 'above_vwap']",71436.3,71257.70925,-51.47252876157722,LOSS,6,25.0,0.2760501313758014,1.3231368365942966,-1.0000000000000169,1.0,stop_loss,5.39292875266278,2.525991982832994,3.4365506298706343,2.822718422778383,UP,BUY,2.5792404768619868,False,71348.38105640835,0.0012921078185079633,NONE,0.0,71614.89075,1.0
2026-03-13 06:25:00+00:00,2026-03-13 06:25:00+00:00,2026-03-13 06:30:00+00:00,2026-03-13 07:00:00+00:00,SHORT,SHORT,-4.25,"['delta_strong_negative', 'cvd_strong_negative', 'aggressive_sellers', 'below_vwap']",71209.5,71387.52375,-51.21516611776646,LOSS,7,30.0,0.33422506828442833,1.4851950933512756,-0.9999999999999607,1.0,stop_loss,5.39292875266278,2.8486155118083825,-3.2897220999553594,-2.1060798146118604,DOWN,SELL,0.38295515765204746,False,71357.56331789933,-0.0013223530105618512,NONE,0.0,71031.47625,1.0
2026-03-13 08:35:00+00:00,2026-03-13 08:35:00+00:00,2026-03-13 08:40:00+00:00,2026-03-13 08:45:00+00:00,LONG,LONG,4.25,"['delta_strong_positive', 'cvd_strong_positive', 'aggressive_buyers', 'above_vwap']",71996.7,71816.70825,-50.95909028717993,LOSS,2,5.0,0.2794572529018853,1.7834150731908547,-1.0000000000000058,1.0,stop_loss,5.39292875266278,4.077559350462526,3.69095469761468,2.2602937818453412,UP,BUY,2.1639637401210465,False,71412.21657770836,0.006548100545731769,NONE,0.0,72176.69175,1.0
2026-03-13 12:45:00+00:00,2026-03-13 12:45:00+00:00,2026-03-13 12:50:00+00:00,2026-03-13 13:05:00+00:00,LONG,LONG,4.25,"['delta_strong_positive', 'cvd_strong_positive', 'aggressive_buyers', 'above_vwap']",72705.0,72886.7625,50.70429483574292,WIN,4,15.0,1.011209682965424,0.5446668042087889,0.999999999999984,1.0,take_profit,5.39292875266278,3.4843082181821554,3.26740337221221,2.4544253766018787,UP,BUY,1.5036806939628728,False,71694.99912046088,0.006398115570436316,NONE,0.0,72886.7625,1.0
2026-03-13 14:40:00+00:00,2026-03-13 14:40:00+00:00,2026-03-13 14:45:00+00:00,2026-03-13 14:45:00+00:00,SHORT,SHORT,-3.75,"['delta_strong_negative', 'cvd_strong_negative', 'aggressive_sellers']",72899.8,72717.5505,50.95781630992395,WIN,1,1.0,1.2164642427002383,0.29135882402964763,1.0000000000000293,1.0,take_profit,5.39292875266278,2.590569945986453,-2.627421079425166,-2.0560823131565154,DOWN,SELL,0.6628886352038428,False,72137.25206154646,-0.0016020281054450719,NONE,0.0,72717.5505,1.0
2026-03-13 22:00:00+00:00,2026-03-13 22:00:00+00:00,2026-03-13 22:05:00+00:00,2026-03-13 22:15:00+00:00,SHORT,SHORT,-4.25,"['delta_strong_negative', 'cvd_strong_negative', 'aggressive_sellers', 'below_vwap']",70763.5,70586.59125,51.212605391472735,WIN,3,10.0,1.1050894882248616,0.7037526408388506,1.000000000000013,1.0,take_profit,5.39292875266278,4.110668467658321,-3.941263262490315,-3.7366872734315306,DOWN,SELL,0.5019422195481772,False,71963.53139280387,-0.004895778680504529,NONE,0.0,70586.59125,1.0
2026-03-14 06:25:00+00:00,2026-03-14 06:25:00+00:00,2026-03-14 06:30:00+00:00,2026-03-14 06:35:00+00:00,SHORT,SHORT,-4.25,"['delta_strong_negative', 'cvd_strong_negative', 'aggressive_sellers', 'below_vwap']",70669.8,70493.12550000001,51.46866841842759,WIN,2,5.0,1.0969324945026186,0.22300897979048576,0.9999999999999644,1.0,take_profit,5.39292875266278,2.689551035981999,-2.8078924710966744,-2.4789144731287363,DOWN,SELL,0.348425750461239,False,70858.01703900658,-0.0043385948186939645,NONE,0.0,70493.12550000001,1.0
2026-03-14 09:45:00+00:00,2026-03-14 09:45:00+00:00,2026-03-14 09:50:00+00:00,2026-03-14 11:00:00+00:00,SHORT,SHORT,-4.25,"['delta_strong_negative', 'cvd_strong_negative', 'aggressive_sellers', 'below_vwap']",70414.5,70590.53625,-51.72601176052293,LOSS,15,70.0,0.36640180644611553,1.2150906418422012,-1.0000000000000264,1.0,stop_loss,5.39292875266278,2.903338224658645,-2.1516017886905847,-2.526936651597796,DOWN,SELL,0.5532869827724325,False,70742.3448039713,-0.002490377399643474,NONE,0.0,70238.46375,1.0
2026-03-14 20:40:00+00:00,2026-03-14 20:40:00+00:00,2026-03-14 20:45:00+00:00,2026-03-14 21:10:00+00:00,LONG,LONG,4.25,"['delta_strong_positive', 'cvd_strong_positive', 'aggressive_buyers', 'above_vwap']",70806.9,70629.88274999999,-51.46738170172023,LOSS,6,25.0,0.08699717117969424,1.1015875571448546,-1.000000000000025,1.0,stop_loss,5.39292875266278,3.3748374759282918,3.321397188293202,2.8696887591060865,UP,BUY,1.98210707465994,False,70704.39169198132,0.002306327470070737,NONE,0.0,70983.91725,1.0
2026-03-14 23:05:00+00:00,2026-03-14 23:05:00+00:00,2026-03-14 23:10:00+00:00,2026-03-14 23:35:00+00:00,LONG,LONG,4.25,"['delta_strong_positive', 'cvd_strong_positive', 'aggressive_buyers', 'above_vwap']",70973.1,71150.53275000001,51.21004479321241,WIN,6,25.0,1.0460301156353111,0.6075541296632267,1.0000000000000404,1.0,take_profit,5.39292875266278,4.062528448638106,3.8987796578234017,3.6671810751585388,UP,BUY,1.7629392467804088,False,70710.87063428487,0.00284991319579144,NONE,0.0,71150.53275000001,1.0
2026-03-15 02:00:00+00:00,2026-03-15 02:00:00+00:00,2026-03-15 02:05:00+00:00,2026-03-15 02:40:00+00:00,LONG,LONG,4.25,"['delta_strong_positive', 'cvd_strong_positive', 'aggressive_buyers', 'above_vwap']",71159.8,71337.6995,51.46609501717625,WIN,8,35.0,1.2658832655516012,0.23046720198763906,0.9999999999999973,1.0,take_profit,5.39292875266278,4.132109657434574,3.9256016088101258,3.728841604758375,UP,BUY,1.9557330299145916,False,71030.38718146842,0.0021700147069911757,NONE,0.0,71337.6995,1.0
2026-03-15 09:00:00+00:00,2026-03-15 09:00:00+00:00,2026-03-15 09:05:00+00:00,2026-03-15 11:25:00+00:00,LONG,LONG,4.25,"['delta_strong_positive', 'cvd_strong_positive', 'aggressive_buyers', 'above_vwap']",71815.6,71636.061,-51.72342549226352,LOSS,29,140.0,0.4583962258895747,1.131787522488215,-1.000000000000024,1.0,stop_loss,5.39292875266278,3.9961138031665637,3.662526120378421,3.422225450429548,UP,BUY,1.8793403472126846,False,71403.99265051528,0.003631421271489898,NONE,0.0,71995.13900000001,1.0
2026-03-15 11:40:00+00:00,2026-03-15 11:40:00+00:00,2026-03-15 11:45:00+00:00,2026-03-15 12:40:00+00:00,LONG,LONG,4.25,"['delta_strong_positive', 'cvd_strong_positive', 'aggressive_buyers', 'above_vwap']",71717.0,71537.7075,-51.464808364799794,LOSS,12,55.0,0.741804593053251,1.0602785950332883,-0.9999999999999774,1.0,stop_loss,5.39292875266278,1.8706564205869702,2.82854432232904,2.1346559049435063,UP,BUY,3.432118886738424,False,71469.94488499517,0.00011654902053706899,NONE,0.0,71896.2925,1.0
2026-03-15 13:05:00+00:00,2026-03-15 13:05:00+00:00,2026-03-15 13:10:00+00:00,2026-03-15 13:55:00+00:00,SHORT,SHORT,-4.25,"['delta_strong_negative', 'cvd_strong_negative', 'aggressive_sellers', 'below_vwap']",71382.8,71561.257,-51.20748432297549,LOSS,10,45.0,0.9117042200642007,1.217099917627199,-0.9999999999999711,1.0,stop_loss,5.39292875266278,3.7713629977000034,-3.5255326465398102,-2.2259658843163925,DOWN,SELL,0.4347908055681355,False,71483.87467044701,-0.004349600952215547,NONE,0.0,71204.34300000001,1.0
2026-03-15 17:50:00+00:00,2026-03-15 17:50:00+00:00,2026-03-15 17:55:00+00:00,2026-03-15 17:55:00+00:00,LONG,LONG,4.25,"['delta_strong_positive', 'cvd_strong_positive', 'aggressive_buyers', 'above_vwap']",71934.2,71754.3645,-50.95144690136238,LOSS,1,1.0,0.07173222194732815,1.0181527006625015,-1.0000000000000058,1.0,stop_loss,5.39292875266278,3.9034564062385124,4.130227626902223,3.9526647613030077,UP,BUY,3.1787085857014383,False,71480.38553074452,0.005728760481834815,NONE,0.0,72114.0355,1.0
2026-03-15 20:40:00+00:00,2026-03-15 20:40:00+00:00,2026-03-15 20:45:00+00:00,2026-03-15 21:00:00+00:00,LONG,LONG,4.25,"['delta_strong_positive', 'cvd_strong_positive', 'aggressive_buyers', 'above_vwap']",71810.0,71630.475,-50.69668966685363,LOSS,4,15.0,0.22281019356635565,1.0293830942765794,-0.9999999999999676,1.0,stop_loss,5.39292875266278,2.397847986125224,2.4004094222060655,2.0250611257623627,UP,BUY,1.656400659731033,False,71493.20079327413,0.0029123075147170275,NONE,0.0,71989.525,1.0
2026-03-15 21:35:00+00:00,2026-03-15 21:35:00+00:00,2026-03-15 21:40:00+00:00,2026-03-15 22:00:00+00:00,LONG,LONG,4.25,"['delta_strong_positive', 'cvd_strong_positive', 'aggressive_buyers', 'above_vwap']",72050.1,72230.22525,50.44320621852026,WIN,5,20.0,1.276334106406482,0.4985419867564536,0.9999999999999849,1.0,take_profit,5.39292875266278,3.686562216542023,3.555360950996796,3.2753076842211013,UP,BUY,2.2072188007476177,False,71516.7457184173,0.004946469494940916,NONE,0.0,72230.22525,1.0
2026-03-15 22:50:00+00:00,2026-03-15 22:50:00+00:00,2026-03-15 22:55:00+00:00,2026-03-15 23:00:00+00:00,LONG,LONG,4.25,"['delta_strong_positive', 'cvd_strong_positive', 'aggressive_buyers', 'above_vwap']",72658.2,72839.8455,50.69542224961326,WIN,2,5.0,1.561282828366273,0.1640558120074701,0.9999999999999929,1.0,take_profit,5.39292875266278,3.5992323371654718,3.7305576058580514,3.1357552471504255,UP,BUY,2.1750547359634163,False,71649.70377018691,0.007897149058216308,NONE,0.0,72839.8455,1.0
2026-03-16 03:20:00+00:00,2026-03-16 03:20:00+00:00,2026-03-16 03:25:00+00:00,2026-03-16 03:30:00+00:00,LONG,LONG,4.25,"['delta_strong_positive', 'cvd_strong_positive', 'aggressive_buyers', 'above_vwap']",72808.6,72990.62150000001,50.94889936086239,WIN,2,5.0,5.243336638803625,0.5960834297047326,1.000000000000014,1.0,take_profit,5.39292875266278,3.275311552357701,3.3942565950963086,2.485923993482755,UP,BUY,2.5980062322477457,False,72593.55414988217,0.0030247189339962337,NONE,0.0,72990.62150000001,1.0
2026-03-16 08:40:00+00:00,2026-03-16 08:40:00+00:00,2026-03-16 08:45:00+00:00,2026-03-16 08:45:00+00:00,SHORT,SHORT,-4.25,"['delta_strong_negative', 'cvd_strong_negative', 'aggressive_sellers', 'below_vwap']",72871.5,73053.67875,-51.203643857667785,LOSS,1,1.0,0.09496167912011093,1.3964307033613643,-1.000000000000035,1.0,stop_loss,5.39292875266278,3.5770293150294292,-3.253173189097184,-2.428194110945924,DOWN,SELL,0.5779401291638845,False,73563.36105431049,-0.012155098056912958,NONE,0.0,72689.32125,1.0
2026-03-16 10:55:00+00:00,2026-03-16 10:55:00+00:00,2026-03-16 11:00:00+00:00,2026-03-16 11:15:00+00:00,LONG,LONG,4.25,"['delta_strong_positive', 'cvd_strong_positive', 'aggressive_buyers', 'above_vwap']",73745.5,73561.13625,-50.94762563837878,LOSS,4,15.0,0.6026130407957411,1.0289441389643956,-1.000000000000022,1.0,stop_loss,5.39292875266278,2.851307491264269,3.3092593643667887,3.3831916281574155,UP,BUY,1.9628099112393191,False,73525.88141587313,0.005455582003173682,NONE,0.0,73929.86375,1.0
2026-03-16 14:30:00+00:00,2026-03-16 14:30:00+00:00,2026-03-16 14:35:00+00:00,2026-03-16 14:35:00+00:00,SHORT,SHORT,-4.25,"['delta_strong_negative', 'cvd_strong_negative', 'aggressive_sellers', 'below_vwap']",73405.6,73222.08600000001,50.69288751018454,WIN,1,1.0,1.715945377464437,0.5372887082183989,0.9999999999999759,1.0,take_profit,5.39292875266278,3.2353325581991603,-2.8978961352295753,-3.09541544901405,DOWN,SELL,0.5728517816061136,False,73614.38445413079,-0.0057492985389536455,NONE,0.0,73222.08600000001,1.0
2026-03-16 21:00:00+00:00,2026-03-16 21:00:00+00:00,2026-03-16 21:05:00+00:00,2026-03-16 21:05:00+00:00,LONG,LONG,4.25,"['delta_strong_positive', 'cvd_strong_positive', 'aggressive_buyers', 'above_vwap']",74417.2,74231.15699999999,-50.94635194773809,LOSS,1,1.0,0.08170154211659181,1.735620259832373,-1.0000000000000275,1.0,stop_loss,5.39292875266278,3.1227365446367736,3.383832959475099,2.6327377064479824,UP,BUY,1.9988730788030196,False,73638.38502453089,0.005188232912856501,NONE,0.0,74603.243,1.0
2026-03-17 00:05:00+00:00,2026-03-17 00:05:00+00:00,2026-03-17 00:10:00+00:00,2026-03-17 00:10:00+00:00,LONG,LONG,4.25,"['delta_strong_positive', 'cvd_strong_positive', 'aggressive_buyers', 'above_vwap']",74989.3,75176.77325,50.69162018799677,WIN,1,1.0,2.4142110941160473,0.0005334094331101678,0.9999999999999758,1.0,take_profit,5.39292875266278,3.7968468585244852,4.075156098331277,3.2920547254740056,UP,BUY,2.619194956983629,False,74879.12542439223,0.005779651894176409,NONE,0.0,75176.77325,1.0
2026-03-17 03:30:00+00:00,2026-03-17 03:30:00+00:00,2026-03-17 03:35:00+00:00,2026-03-17 03:40:00+00:00,SHORT,SHORT,-4.25,"['delta_strong_negative', 'cvd_strong_negative', 'aggressive_sellers', 'below_vwap']",74556.9,74370.50774999999,50.9450782889392,WIN,2,5.0,1.4195869195204804,0.3755520951112506,1.0000000000000238,1.0,take_profit,5.39292875266278,2.1080824920240193,-2.5798097572421543,-2.1042984703444154,DOWN,SELL,0.5164771443808175,False,75269.28103401943,-0.009147923655333385,NONE,0.0,74370.50774999999,1.0
2026-03-17 05:35:00+00:00,2026-03-17 05:35:00+00:00,2026-03-17 05:40:00+00:00,2026-03-17 05:40:00+00:00,SHORT,SHORT,-4.25,"['delta_strong_negative', 'cvd_strong_negative', 'aggressive_sellers', 'below_vwap']",74091.8,73906.5705,51.19980368038304,WIN,1,1.0,1.450092992746867,0.24456147643870393,1.0000000000000069,1.0,take_profit,5.39292875266278,0.37634208598981733,-2.822596269877821,-2.2302759230836187,DOWN,SELL,0.487342435226966,False,74935.35369135959,-0.007586954463593141,NONE,0.0,73906.5705,1.0
2026-03-17 09:25:00+00:00,2026-03-17 09:25:00+00:00,2026-03-17 09:30:00+00:00,2026-03-17 09:45:00+00:00,LONG,LONG,3.0,"['delta_strong_positive', 'cvd_strong_positive']",74264.8,74079.138,-51.455802698783664,LOSS,4,15.0,0.1395008133058686,1.027673945126105,-0.9999999999999818,1.0,stop_loss,5.39292875266278,3.625485397783668,2.4085321668037984,2.456174812205138,UP,BUY,1.3719431029715323,False,74742.89257945598,0.0019126341610958973,NONE,0.0,74450.462,1.0
2026-03-17 10:05:00+00:00,2026-03-17 10:05:00+00:00,2026-03-17 10:10:00+00:00,2026-03-17 10:25:00+00:00,SHORT,SHORT,-4.25,"['delta_strong_negative', 'cvd_strong_negative', 'aggressive_sellers', 'below_vwap']",73623.1,73807.15775000001,-51.19852368529269,LOSS,4,15.0,0.4514887311183898,1.030111473165304,-1.000000000000039,1.0,stop_loss,5.39292875266278,3.679257253534507,-3.6137892717725784,-3.1977817796176824,DOWN,SELL,0.571257168111656,False,74692.52122379982,-0.0064143509170465525,NONE,0.0,73439.04225,1.0
2026-03-17 13:30:00+00:00,2026-03-17 13:30:00+00:00,2026-03-17 13:35:00+00:00,2026-03-17 13:40:00+00:00,LONG,LONG,3.75,"['delta_strong_positive', 'cvd_strong_positive', 'aggressive_buyers']",73870.8,73686.123,-50.94253106686312,LOSS,2,5.0,1.604964343150442,1.0640198833639272,-0.9999999999999784,1.0,stop_loss,5.39292875266278,3.956691795250082,3.01254022919729,2.003444027298779,UP,BUY,1.5235488209101193,False,74508.25557248452,0.000531118170179068,NONE,0.0,74055.477,1.0
2026-03-17 17:20:00+00:00,2026-03-17 17:20:00+00:00,2026-03-17 17:25:00+00:00,2026-03-17 17:50:00+00:00,LONG,LONG,4.25,"['delta_strong_positive', 'cvd_strong_positive', 'aggressive_buyers', 'big_trade_buy']",74316.0,74501.79,50.68781841152816,WIN,6,25.0,1.2863986221002208,0.8638785725819474,0.9999999999999655,1.0,take_profit,5.39292875266278,3.7601707956536745,3.9497464147433385,3.63160697353398,UP,BUY,5.404784743722721,True,74383.29002333805,0.004016344031920178,NONE,0.0,74501.79,1.0
2026-03-17 22:35:00+00:00,2026-03-17 22:35:00+00:00,2026-03-17 22:40:00+00:00,2026-03-17 22:40:00+00:00,SHORT,SHORT,-3.5,"['delta_strong_negative', 'cvd_strong_negative', 'below_vwap']",73931.2,74116.02799999999,-50.94125750358591,LOSS,1,1.0,0.20397342394007992,1.2341203713723343,-0.9999999999999678,1.0,stop_loss,5.39292875266278,3.669120007871372,-2.495405568361916,-2.24694089360433,DOWN,SELL,0.7132739676549914,False,74397.69901388203,-0.007756172199662106,NONE,0.0,73746.372,1.0
2026-03-18 10:40:00+00:00,2026-03-18 10:40:00+00:00,2026-03-18 10:45:00+00:00,2026-03-18 11:10:00+00:00,SHORT,SHORT,-4.25,"['delta_strong_negative', 'cvd_strong_negative', 'aggressive_sellers', 'below_vwap']",73837.7,74022.29424999999,-50.68655121606816,LOSS,6,25.0,0.8515974901709945,1.0677472348136836,-0.9999999999999711,1.0,stop_loss,5.39292875266278,2.9132575374510368,-2.036223616395231,-2.2796667720340444,DOWN,SELL,0.5762110488525187,False,74034.4481543192,-0.0016710265025375957,NONE,0.0,73653.10575,1.0
2026-03-18 11:30:00+00:00,2026-03-18 11:30:00+00:00,2026-03-18 11:35:00+00:00,2026-03-18 11:35:00+00:00,SHORT,SHORT,-3.5,"['delta_strong_negative', 'cvd_strong_negative', 'below_vwap']",73153.1,72970.21725,50.43311845999046,WIN,1,1.0,2.297646989669674,0.058507431674103154,1.0000000000000235,1.0,take_profit,5.39292875266278,4.031247473899201,-2.932200346797738,-3.2374934461098652,DOWN,SELL,0.8581330033797483,False,73913.37528042436,-0.007879743944742338,NONE,0.0,72970.21725,1.0
2026-03-18 14:25:00+00:00,2026-03-18 14:25:00+00:00,2026-03-18 14:30:00+00:00,2026-03-18 14:35:00+00:00,SHORT,SHORT,-4.25,"['delta_strong_negative', 'cvd_strong_negative', 'aggressive_sellers', 'below_vwap']",71620.7,71799.75175,-50.68528405228887,LOSS,2,5.0,0.5707847033050338,1.2398650110931617,-0.9999999999999929,1.0,stop_loss,5.39292875266278,2.273261703981646,-3.46612414430432,-2.0209431882362647,DOWN,SELL,0.4540597565883871,False,73099.6539759854,-0.01364736354382209,NONE,0.0,71441.64825,1.0
2026-03-18 14:55:00+00:00,2026-03-18 14:55:00+00:00,2026-03-18 15:00:00+00:00,2026-03-18 15:00:00+00:00,SHORT,SHORT,-4.25,"['delta_strong_negative', 'cvd_strong_negative', 'aggressive_sellers', 'below_vwap']",71160.4,71338.30099999999,-50.431857632027224,LOSS,1,1.0,1.9066784335107567,1.0264135670963392,-0.999999999999989,1.0,stop_loss,5.39292875266278,2.428389990732472,-2.956658590686011,-2.242982086779793,DOWN,SELL,0.39187022871744065,False,72922.32696383032,-0.016888479850191533,NONE,0.0,70982.499,1.0
2026-03-18 17:35:00+00:00,2026-03-18 17:35:00+00:00,2026-03-18 17:40:00+00:00,2026-03-18 17:40:00+00:00,LONG,LONG,3.75,"['delta_strong_positive', 'cvd_strong_positive', 'aggressive_buyers']",71663.5,71484.34125,-50.1796983438683,LOSS,1,1.0,0.0,1.1375386354280934,-1.000000000000013,1.0,stop_loss,5.39292875266278,2.0355462337564068,2.3425151675873455,2.032206248190298,UP,BUY,1.9465202509982886,False,72546.85213898358,0.002474478621168726,NONE,0.0,71842.65875,1.0
2026-03-18 18:00:00+00:00,2026-03-18 18:00:00+00:00,2026-03-18 18:05:00+00:00,2026-03-18 18:15:00+00:00,LONG,LONG,3.75,"['delta_strong_positive', 'cvd_strong_positive', 'aggressive_buyers']",71886.9,71707.18274999999,-49.92879985214873,LOSS,3,10.0,0.520818118461115,1.7616561571022888,-1.0000000000000084,1.0,stop_loss,5.39292875266278,3.6044360891255893,3.329608930349648,2.4087551839937973,UP,BUY,2.1375267171529364,False,72520.56360826541,0.006737746898230242,NONE,0.0,72066.61725,1.0
2026-03-18 18:50:00+00:00,2026-03-18 18:50:00+00:00,2026-03-18 18:55:00+00:00,2026-03-18 19:00:00+00:00,SHORT,SHORT,-4.25,"['delta_strong_negative', 'cvd_strong_negative', 'aggressive_sellers', 'below_vwap']",71049.1,71226.72275,-49.67915585288615,LOSS,2,5.0,0.8140849074795081,1.5313353722988747,-0.9999999999999717,1.0,stop_loss,5.39292875266278,1.9444252478044528,-2.255813735934837,-2.4559808765281828,DOWN,SELL,0.4982785867283718,False,72473.43935562343,-0.004123895041361011,NONE,0.0,70871.47725000001,1.0
2026-03-18 20:05:00+00:00,2026-03-18 20:05:00+00:00,2026-03-18 20:10:00+00:00,2026-03-18 20:15:00+00:00,SHORT,SHORT,-4.25,"['delta_strong_negative', 'cvd_strong_negative', 'aggressive_sellers', 'below_vwap']",70577.6,70754.04400000001,-49.430760073624015,LOSS,2,5.0,0.6891705016889541,1.5438326041123198,-1.0000000000000178,1.0,stop_loss,5.39292875266278,3.386639214938901,-3.398989864604189,-2.779281860977113,DOWN,SELL,0.5177514044717799,False,72367.6528009554,-0.010232800886179056,NONE,0.0,70401.156,1.0
2026-03-19 03:15:00+00:00,2026-03-19 03:15:00+00:00,2026-03-19 03:20:00+00:00,2026-03-19 03:30:00+00:00,LONG,LONG,4.25,"['delta_strong_positive', 'cvd_strong_positive', 'aggressive_buyers', 'above_vwap']",71543.4,71364.54149999999,-49.18360627325559,LOSS,3,10.0,0.036900678469325314,1.2898464428584446,-1.0000000000000118,1.0,stop_loss,5.39292875266278,4.18937660269935,4.135505859417106,3.7589699963940144,UP,BUY,2.3530048190838637,False,71150.50406415865,0.005345268057808727,NONE,0.0,71722.2585,1.0
2026-03-19 06:55:00+00:00,2026-03-19 06:55:00+00:00,2026-03-19 07:00:00+00:00,2026-03-19 07:00:00+00:00,SHORT,SHORT,-4.75,"['delta_strong_negative', 'cvd_strong_negative', 'aggressive_sellers', 'big_trade_sell', 'below_vwap']",70552.4,70376.019,48.937688241887045,WIN,1,1.0,1.4309931341810862,0.09978399033912848,0.9999999999999656,1.0,take_profit,5.39292875266278,3.161831906073457,-2.9312299641968536,-2.0502335048469007,DOWN,SELL,0.48895680784687295,True,70979.31115470616,-0.005388466435664341,NONE,0.0,70376.019,1.0
2026-03-19 12:05:00+00:00,2026-03-19 12:05:00+00:00,2026-03-19 12:10:00+00:00,2026-03-19 12:10:00+00:00,SHORT,SHORT,-4.25,"['delta_strong_negative', 'cvd_strong_negative', 'aggressive_sellers', 'below_vwap']",69649.9,69824.02475,-49.18237668309892,LOSS,1,1.0,0.0,1.0681996671926308,-1.0000000000000155,1.0,stop_loss,5.39292875266278,4.117994623763171,-4.087150762455962,-3.9189018823796244,DOWN,SELL,0.4314207864507782,False,70359.56060786599,-0.006184513015603859,NONE,0.0,69475.77524999999,1.0
2026-03-19 19:10:00+00:00,2026-03-19 19:10:00+00:00,2026-03-19 19:15:00+00:00,2026-03-19 19:15:00+00:00,LONG,LONG,4.25,"['delta_strong_positive', 'cvd_strong_positive', 'aggressive_buyers', 'above_vwap']",70316.4,70492.19099999999,48.936464799681964,WIN,1,1.0,1.208252982234635,0.6194856391965128,0.9999999999999855,1.0,take_profit,5.39292875266278,3.5095968606821555,3.580646076412735,2.896101434366293,UP,BUY,1.8886981165172847,False,69914.85002955161,0.012247234735169515,NONE,0.0,70492.19099999999,1.0
2026-03-19 22:30:00+00:00,2026-03-19 22:30:00+00:00,2026-03-19 22:35:00+00:00,2026-03-19 22:35:00+00:00,SHORT,SHORT,-3.75,"['delta_strong_negative', 'cvd_strong_negative', 'aggressive_sellers']",70191.7,70016.22075,49.181147123682194,WIN,1,1.0,1.5443421373182298,0.04672917168267524,1.0000000000000226,1.0,take_profit,5.39292875266278,3.283205066578935,-3.1061684969491465,-2.1756366261914364,DOWN,SELL,0.4389268311711109,False,69953.90923716432,-0.0014222755080299588,NONE,0.0,70016.22075,1.0
2026-03-20 02:30:00+00:00,2026-03-20 02:30:00+00:00,2026-03-20 02:35:00+00:00,2026-03-20 02:40:00+00:00,SHORT,SHORT,-4.25,"['delta_strong_negative', 'cvd_strong_negative', 'aggressive_sellers', 'below_vwap']",70052.0,70227.13,-49.42705285930081,LOSS,2,5.0,0.011420087934677097,1.155712898989289,-1.0000000000000266,1.0,stop_loss,5.39292875266278,1.9310873357817644,-2.623652543043722,-2.640231309331311,DOWN,SELL,0.4128023567410247,False,70240.21623051736,-0.0010378617890830011,NONE,0.0,69876.87,1.0
2026-03-20 04:05:00+00:00,2026-03-20 04:05:00+00:00,2026-03-20 04:10:00+00:00,2026-03-20 04:30:00+00:00,LONG,LONG,4.25,"['delta_strong_positive', 'cvd_strong_positive', 'aggressive_buyers', 'above_vwap']",70888.7,70711.47825,-49.17991759500216,LOSS,5,20.0,0.3171168324429541,1.8146756817376608,-0.9999999999999829,1.0,stop_loss,5.397659047095704,2.8169486451481154,3.48697517759583,2.6271513039192715,UP,BUY,2.7849536613767816,False,70403.44663977991,0.006562724205299479,NONE,0.0,71065.92175,1.0
2026-03-20 07:30:00+00:00,2026-03-20 07:30:00+00:00,2026-03-20 07:35:00+00:00,2026-03-20 07:40:00+00:00,LONG,LONG,4.25,"['delta_strong_positive', 'cvd_strong_positive', 'aggressive_buyers', 'above_vwap']",70608.0,70784.52,48.9340180070291,WIN,2,5.0,1.217992295490596,0.10197144799456152,1.0000000000000229,1.0,take_profit,5.397659047095704,1.4371157012155602,2.7699848217293312,3.205447296161839,UP,BUY,3.014542655756299,False,70473.93534725715,0.00019844918022036065,NONE,0.0,70784.52,1.0
2026-03-20 13:30:00+00:00,2026-03-20 13:30:00+00:00,2026-03-20 13:35:00+00:00,2026-03-20 13:35:00+00:00,SHORT,SHORT,-4.25,"['delta_strong_negative', 'cvd_strong_negative', 'aggressive_sellers', 'below_vwap']",69990.0,70164.975,-49.17868809706476,LOSS,1,1.0,1.0401485926560938,1.2178882697528552,-1.0000000000000333,1.0,stop_loss,5.400024105619538,4.070676346591637,-3.9253006884941413,-2.8089933640241136,DOWN,SELL,0.6059324022873287,False,70565.77920999772,-0.005989130511733771,NONE,0.0,69815.025,1.0
2026-03-20 14:30:00+00:00,2026-03-20 14:30:00+00:00,2026-03-20 14:35:00+00:00,2026-03-20 14:40:00+00:00,LONG,LONG,4.25,"['delta_strong_positive', 'cvd_strong_positive', 'aggressive_buyers', 'big_trade_buy']",70147.3,69971.93175,-48.93279465657766,LOSS,2,5.0,0.5286019561693583,1.2602053108245077,-0.9999999999999972,1.0,stop_loss,5.873023985091436,1.497223364171143,3.3069428246047035,3.3545366790551094,UP,BUY,2.750253389273494,True,70402.31521382809,0.0002842272163913122,NONE,0.0,70322.66825,1.0
2026-03-20 17:55:00+00:00,2026-03-20 17:55:00+00:00,2026-03-20 18:00:00+00:00,2026-03-20 18:20:00+00:00,LONG,LONG,3.75,"['delta_strong_positive', 'cvd_strong_positive', 'aggressive_buyers']",69970.9,69795.97275,-48.68813068329307,LOSS,5,20.0,0.4458996525698541,1.62010207100377,-0.999999999999962,1.0,stop_loss,6.343658865165959,1.7787784268535143,3.1357323386042757,2.82451999697608,UP,BUY,2.0415061821359326,False,70259.10766892541,0.0024803182223493855,NONE,0.0,70145.82724999999,1.0
2026-03-20 21:15:00+00:00,2026-03-20 21:15:00+00:00,2026-03-20 21:20:00+00:00,2026-03-20 21:35:00+00:00,LONG,LONG,4.25,"['delta_strong_positive', 'cvd_strong_positive', 'aggressive_buyers', 'above_vwap']",70498.3,70674.54575,48.44469002987896,WIN,4,15.0,1.2613070102399797,0.8981776865541603,1.0000000000000107,1.0,take_profit,6.343658865165959,3.8330084755353084,3.877764387883938,2.9965809909119074,UP,BUY,2.0627174728032722,False,70219.94305383672,0.008965414400727428,NONE,0.0,70674.54575,1.0
2026-03-21 02:25:00+00:00,2026-03-21 02:25:00+00:00,2026-03-21 02:30:00+00:00,2026-03-21 04:25:00+00:00,LONG,LONG,3.5,"['delta_strong_positive', 'cvd_strong_positive', 'above_vwap']",70610.4,70786.92599999999,48.6869134800273,WIN,24,115.0,1.0655654124605205,0.4344969013063067,0.9999999999999889,1.0,take_profit,6.343658865165959,2.9735330472601813,2.479694892926489,2.834480312006698,UP,BUY,1.494626025217285,False,70573.76201916634,0.0005657019435481689,NONE,0.0,70786.92599999999,1.0
2026-03-21 08:15:00+00:00,2026-03-21 08:15:00+00:00,2026-03-21 08:20:00+00:00,2026-03-21 12:20:00+00:00,SHORT,SHORT,-4.75,"['delta_strong_negative', 'cvd_strong_negative', 'aggressive_sellers', 'big_trade_sell', 'below_vwap']",70585.9,70762.36475,-48.93034804742776,LOSS,49,240.0,0.7383910951053305,1.041001106453338,-0.9999999999999954,1.0,stop_loss,6.343658865165959,2.9619169668310548,-3.0531905625588016,-2.7795652766172547,DOWN,SELL,0.3618524675671717,True,70652.46983938596,-0.0016236050932543105,NONE,0.0,70409.43525,1.0
2026-03-21 14:10:00+00:00,2026-03-21 14:10:00+00:00,2026-03-21 14:15:00+00:00,2026-03-21 14:45:00+00:00,LONG,LONG,4.25,"['delta_strong_positive', 'cvd_strong_positive', 'aggressive_buyers', 'above_vwap']",70992.7,70815.21824999999,-48.68569630719256,LOSS,7,30.0,0.28904380309526423,1.572556051537644,-1.0000000000000353,1.0,stop_loss,6.348341623687513,4.234528874580326,4.1753624959627516,3.9829474079375213,UP,BUY,1.90544104074188,False,70664.38487195576,0.003546615497008464,NONE,0.0,71170.18175,1.0
2026-03-21 23:00:00+00:00,2026-03-21 23:00:00+00:00,2026-03-21 23:05:00+00:00,2026-03-21 23:45:00+00:00,SHORT,SHORT,-4.25,"['delta_strong_negative', 'cvd_strong_negative', 'aggressive_sellers', 'below_vwap']",70217.0,70041.4575,48.44226782565375,WIN,9,40.0,3.8896563510261215,0.11564151131494033,0.9999999999999768,1.0,take_profit,6.348341623687513,3.457235376379697,-3.291412060931295,-2.7982360955852688,DOWN,SELL,0.4965812660343847,False,70589.17083151164,-0.001773207810029165,NONE,0.0,70041.4575,1.0
2026-03-22 02:25:00+00:00,2026-03-22 02:25:00+00:00,2026-03-22 02:30:00+00:00,2026-03-22 03:00:00+00:00,LONG,LONG,4.25,"['delta_strong_positive', 'cvd_strong_positive', 'aggressive_buyers', 'above_vwap']",69314.7,69141.41325,-48.68447916478295,LOSS,7,30.0,0.09464081933563145,1.3526712226987592,-0.9999999999999961,1.0,stop_loss,6.350682915146932,3.5513668455457488,3.616016645112833,3.104864175763102,UP,BUY,2.127324968842456,False,68806.51193696937,0.004033484747787083,NONE,0.0,69487.98675,1.0
2026-03-22 07:35:00+00:00,2026-03-22 07:35:00+00:00,2026-03-22 07:40:00+00:00,2026-03-22 08:00:00+00:00,SHORT,SHORT,-4.25,"['delta_strong_negative', 'cvd_strong_negative', 'aggressive_sellers', 'below_vwap']",68963.4,68790.99149999999,48.44105676896064,WIN,5,20.0,1.7249729566697363,0.5626172723502613,1.000000000000029,1.0,take_profit,6.350682915146932,3.023368152485934,-3.606025120530995,-2.3199095485820123,DOWN,SELL,0.18489042196547809,False,68985.81404508287,-0.0036350414316996603,NONE,0.0,68790.99149999999,1.0
2026-03-22 11:25:00+00:00,2026-03-22 11:25:00+00:00,2026-03-22 11:30:00+00:00,2026-03-22 11:50:00+00:00,SHORT,SHORT,-4.25,"['delta_strong_negative', 'cvd_strong_negative', 'aggressive_sellers', 'below_vwap']",68374.1,68203.16475000001,48.6832620528026,WIN,5,20.0,2.0130429504739706,0.5937920937898999,0.9999999999999705,1.0,take_profit,6.350682915146932,4.162216201635669,-4.021189261939596,-3.0713835582190994,DOWN,SELL,0.4971088432578849,False,68904.9492660181,-0.00505747995028151,NONE,0.0,68203.16475000001,1.0
2026-03-22 20:10:00+00:00,2026-03-22 20:10:00+00:00,2026-03-22 20:15:00+00:00,2026-03-22 20:20:00+00:00,LONG,LONG,3.75,"['delta_strong_positive', 'cvd_strong_positive', 'aggressive_buyers']",68299.7,68470.44924999999,48.92667836306617,WIN,2,5.0,1.0008828735705062,0.0005856541097033741,0.9999999999999618,1.0,take_profit,6.350682915146932,0.40303033805296357,2.3431279289788507,2.8237252489881968,UP,BUY,3.1352178115108043,False,68772.47236525541,-0.002468764804761699,NONE,0.0,68470.44924999999,1.0
2026-03-22 21:05:00+00:00,2026-03-22 21:05:00+00:00,2026-03-22 21:10:00+00:00,2026-03-22 21:15:00+00:00,SHORT,SHORT,-4.25,"['delta_strong_negative', 'cvd_strong_negative', 'aggressive_sellers', 'below_vwap']",67816.9,67647.35775,49.17131175488297,WIN,2,5.0,2.9308328749913026,0.09968016821770816,0.9999999999999918,1.0,take_profit,6.350682915146932,4.198242134889416,-4.045184809732527,-3.632492762024082,DOWN,SELL,0.6307112083257808,False,68707.89601304125,-0.0056104535626479235,NONE,0.0,67647.35775,1.0
2026-03-23 04:50:00+00:00,2026-03-23 04:50:00+00:00,2026-03-23 04:55:00+00:00,2026-03-23 05:00:00+00:00,LONG,LONG,4.25,"['delta_strong_positive', 'cvd_strong_positive', 'aggressive_buyers', 'above_vwap']",68443.8,68614.90950000001,49.4171683136595,WIN,2,5.0,1.9472910621560877,0.23201517157140364,1.0000000000000349,1.0,take_profit,6.350682915146932,3.453030496908545,2.876210921512403,2.3342238739116077,UP,BUY,1.8523046538613714,False,68014.24962297858,0.0049273765977243585,NONE,0.0,68614.90950000001,1.0
2026-03-23 06:40:00+00:00,2026-03-23 06:40:00+00:00,2026-03-23 06:45:00+00:00,2026-03-23 07:05:00+00:00,SHORT,SHORT,-3.5,"['delta_strong_negative', 'cvd_strong_negative', 'below_vwap']",67786.9,67617.43274999999,49.66425415522653,WIN,5,20.0,1.9484590680500045,0.7854024892715603,1.000000000000009,1.0,take_profit,6.350682915146932,3.502082044592401,-2.264179437839897,-2.080242412458556,DOWN,SELL,0.7269602321942763,False,68188.78549895776,-0.008807447242731135,NONE,0.0,67617.43274999999,1.0
2026-03-23 09:55:00+00:00,2026-03-23 09:55:00+00:00,2026-03-23 10:00:00+00:00,2026-03-23 10:05:00+00:00,LONG,LONG,4.25,"['delta_strong_positive', 'cvd_strong_positive', 'aggressive_buyers', 'above_vwap']",68304.9,68475.66225,49.91257542600215,WIN,2,5.0,2.0174248113971327,0.2201891811567912,0.9999999999999987,1.0,take_profit,6.350682915146932,-0.4520268010428184,2.52127428366966,2.757822790307754,UP,BUY,2.459872826963072,False,68160.33027395362,0.002392184939616235,NONE,0.0,68475.66225,1.0
2026-03-23 11:05:00+00:00,2026-03-23 11:05:00+00:00,2026-03-23 11:10:00+00:00,2026-03-23 11:10:00+00:00,LONG,LONG,4.75,"['delta_strong_positive', 'cvd_strong_positive', 'aggressive_buyers', 'big_trade_buy', 'above_vwap']",71194.0,71016.015,-50.16213830313238,LOSS,1,1.0,1.5394555720987722,2.21872629715984,-1.000000000000003,1.0,stop_loss,6.350682915146932,4.242489979423901,4.2376010756077545,4.187527555808773,UP,BUY,1.5195619661296522,True,68735.73488875564,0.027601053630963386,NONE,0.0,71371.985,1.0
2026-03-23 22:00:00+00:00,2026-03-23 22:00:00+00:00,2026-03-23 22:05:00+00:00,2026-03-23 22:45:00+00:00,SHORT,SHORT,-3.75,"['delta_strong_negative', 'cvd_strong_negative', 'aggressive_sellers']",70577.5,70753.94375,-49.91132761161821,LOSS,9,40.0,0.5690198717721324,1.0739966703269457,-1.000000000000033,1.0,stop_loss,6.350682915146932,3.19129601770102,-3.0248866474874463,-2.4063837930330236,DOWN,SELL,0.6507213686853641,False,69962.62518326925,-0.004309192900880851,NONE,0.0,70401.05625,1.0
2026-03-24 00:30:00+00:00,2026-03-24 00:30:00+00:00,2026-03-24 00:35:00+00:00,2026-03-24 00:35:00+00:00,SHORT,SHORT,-4.25,"['delta_strong_negative', 'cvd_strong_negative', 'aggressive_sellers', 'below_vwap']",70623.9,70447.34025,49.661770973558575,WIN,1,1.0,1.3932960371772163,0.30414633006679975,1.0000000000000022,1.0,take_profit,6.350682915146932,1.369033635552972,-2.5146965036370896,-2.3229705307517694,DOWN,SELL,0.6501279091991709,False,70798.24049963753,-0.0016391677809120566,NONE,0.0,70447.34025,1.0
2026-03-24 04:30:00+00:00,2026-03-24 04:30:00+00:00,2026-03-24 04:35:00+00:00,2026-03-24 05:00:00+00:00,SHORT,SHORT,-4.25,"['delta_strong_negative', 'cvd_strong_negative', 'aggressive_sellers', 'below_vwap']",70352.7,70176.81825,49.9100798284264,WIN,6,25.0,1.1075623252554796,0.33829547408983596,1.0000000000000027,1.0,take_profit,6.350682915146932,2.777877713600338,-2.6831380048522124,-3.3161441957074906,DOWN,SELL,0.4808831687991356,False,70581.78042765088,-0.0023597951325891376,NONE,0.0,70176.81825,1.0
2026-03-24 07:55:00+00:00,2026-03-24 07:55:00+00:00,2026-03-24 08:00:00+00:00,2026-03-24 08:05:00+00:00,LONG,LONG,4.25,"['delta_strong_positive', 'cvd_strong_positive', 'aggressive_buyers', 'above_vwap']",71255.2,71077.06199999999,-50.15963022757017,LOSS,2,5.0,0.3317652606406596,1.0671501869336766,-1.0000000000000353,1.0,stop_loss,6.350682915146932,3.397965420997988,3.5911329850824405,3.2919194848452564,UP,BUY,2.28912023724711,False,70613.03967293557,0.008881537448915731,NONE,0.0,71433.338,1.0
2026-03-24 13:40:00+00:00,2026-03-24 13:40:00+00:00,2026-03-24 13:45:00+00:00,2026-03-24 13:50:00+00:00,SHORT,SHORT,-3.5,"['delta_strong_negative', 'cvd_strong_negative', 'below_vwap']",70284.6,70108.8885,49.90883207643193,WIN,2,5.0,2.2571089541663794,0.7170845391451327,1.0000000000000275,1.0,take_profit,6.350682915146932,3.611038474126331,-3.0461780022005494,-2.8822775148585396,DOWN,SELL,0.6803826628914169,False,70746.89946481738,-0.008073722001417339,NONE,0.0,70108.8885,1.0
2026-03-24 16:35:00+00:00,2026-03-24 16:35:00+00:00,2026-03-24 16:40:00+00:00,2026-03-24 16:45:00+00:00,SHORT,SHORT,-4.25,"['delta_strong_negative', 'cvd_strong_negative', 'aggressive_sellers', 'below_vwap']",69371.9,69545.32974999999,-50.15837623681146,LOSS,2,5.0,0.2738861123884455,1.2806338012942176,-0.9999999999999754,1.0,stop_loss,6.350682915146932,2.8942423830721986,-2.9475170065998504,-2.352319548119053,DOWN,SELL,0.619389760624444,False,70413.35828996141,-0.00962234760187902,NONE,0.0,69198.47025,1.0
2026-03-24 20:20:00+00:00,2026-03-24 20:20:00+00:00,2026-03-24 20:25:00+00:00,2026-03-24 20:25:00+00:00,LONG,LONG,3.0,"['delta_strong_positive', 'cvd_strong_positive']",69926.7,70101.51675,49.90758435562812,WIN,1,1.0,1.9637706341068744,0.10582509971155511,0.9999999999999895,1.0,take_profit,6.350682915146932,4.043898825147021,2.650448557397526,2.4929566599106603,UP,BUY,1.2895803250325342,False,70189.52324472873,0.008070496598071675,NONE,0.0,70101.51675,1.0
2026-03-25 00:40:00+00:00,2026-03-25 00:40:00+00:00,2026-03-25 00:45:00+00:00,2026-03-25 01:05:00+00:00,LONG,LONG,4.25,"['delta_strong_positive', 'cvd_strong_positive', 'aggressive_buyers', 'above_vwap']",70893.7,70716.46575,-50.157122277405094,LOSS,5,20.0,0.3853656954003129,1.316336994683606,-0.9999999999999666,1.0,stop_loss,6.350682915146932,1.7905419686164632,2.1324407303509325,2.245324779817168,UP,BUY,1.9353322105373836,False,70751.1573529585,0.006615717446718414,NONE,0.0,71070.93424999999,1.0
2026-03-25 05:05:00+00:00,2026-03-25 05:05:00+00:00,2026-03-25 05:10:00+00:00,2026-03-25 06:05:00+00:00,LONG,LONG,3.5,"['delta_strong_positive', 'cvd_strong_positive', 'above_vwap']",71175.0,70997.0625,-49.90633666601976,LOSS,12,55.0,0.8143308746048145,1.2633649455567428,-1.0,1.0,stop_loss,6.350682915146932,4.112429477443959,2.854671118745546,2.545607522764179,UP,BUY,1.3528944565435856,False,70738.72609545986,0.006353507431489185,NONE,0.0,71352.9375,1.0
2026-03-25 06:55:00+00:00,2026-03-25 06:55:00+00:00,2026-03-25 07:00:00+00:00,2026-03-25 07:30:00+00:00,SHORT,SHORT,-3.75,"['delta_strong_negative', 'cvd_strong_negative', 'aggressive_sellers']",70962.8,71140.20700000001,-49.656804982691476,LOSS,7,30.0,0.2632365126516828,1.1701905787257056,-1.0000000000000366,1.0,stop_loss,6.350682915146932,2.3520570748609533,-2.0856004270189237,-2.3431625316073035,DOWN,SELL,0.440730026302988,False,70839.44679399424,0.0003737075018255081,NONE,0.0,70785.393,1.0
2026-03-25 08:30:00+00:00,2026-03-25 08:30:00+00:00,2026-03-25 08:35:00+00:00,2026-03-25 08:35:00+00:00,LONG,LONG,4.25,"['delta_strong_positive', 'cvd_strong_positive', 'aggressive_buyers', 'above_vwap']",71458.8,71280.153,-49.40852095777542,LOSS,1,1.0,0.07276920407283637,1.113928585422649,-0.9999999999999842,1.0,stop_loss,6.350682915146932,3.749127494867392,3.2966334177363157,3.2237350100657984,UP,BUY,1.9515004805983605,False,70892.29196997291,0.005307736564039584,NONE,0.0,71637.447,1.0
2026-03-25 11:25:00+00:00,2026-03-25 11:25:00+00:00,2026-03-25 11:30:00+00:00,2026-03-25 11:45:00+00:00,LONG,LONG,4.25,"['delta_strong_positive', 'cvd_strong_positive', 'aggressive_buyers', 'above_vwap']",71832.9,71653.31774999999,-49.16147835298917,LOSS,4,15.0,0.9299360042543181,1.940058107079036,-1.0000000000000377,1.0,stop_loss,6.350682915146932,2.931461151120148,3.3253918661668216,2.9199447772126947,UP,BUY,2.1351459854014596,False,71043.71009030915,0.007242118740035956,NONE,0.0,72012.48225,1.0
2026-03-25 15:10:00+00:00,2026-03-25 15:10:00+00:00,2026-03-25 15:15:00+00:00,2026-03-25 15:15:00+00:00,SHORT,SHORT,-4.25,"['delta_strong_negative', 'cvd_strong_negative', 'aggressive_sellers', 'below_vwap']",70788.2,70611.2295,48.915670961221224,WIN,1,1.0,1.451089305844776,0.2955294809022007,0.9999999999999764,1.0,take_profit,6.350682915146932,1.9213120792834812,-2.5545566411513705,-2.0114285060723143,DOWN,SELL,0.6656642472679823,False,71221.93304175246,-0.00975099258407889,NONE,0.0,70611.2295,1.0
2026-03-25 22:35:00+00:00,2026-03-25 22:35:00+00:00,2026-03-25 22:40:00+00:00,2026-03-25 22:40:00+00:00,LONG,LONG,4.25,"['delta_strong_positive', 'cvd_strong_positive', 'aggressive_buyers', 'above_vwap']",71201.9,71379.90474999999,49.16024931602649,WIN,1,1.0,2.270164138878349,0.06685214860836118,0.9999999999999594,1.0,take_profit,6.350682915146932,3.486491432852717,3.4299939898247094,3.2972084500682795,UP,BUY,2.3077141001368138,False,71154.0759440731,0.004112097409090515,NONE,0.0,71379.90474999999,1.0
2026-03-26 02:30:00+00:00,2026-03-26 02:30:00+00:00,2026-03-26 02:35:00+00:00,2026-03-26 05:05:00+00:00,SHORT,SHORT,-4.25,"['delta_strong_negative', 'cvd_strong_negative', 'aggressive_sellers', 'below_vwap']",70770.7,70593.77325,49.406050562608264,WIN,31,150.0,1.896830185373276,0.9845882547438253,0.9999999999999928,1.0,take_profit,6.350682915146932,3.7580516381708473,-3.44695221279822,-2.698634692704705,DOWN,SELL,0.6476051184674345,False,71111.84915928994,-0.005824456681524639,NONE,0.0,70593.77325,1.0
2026-03-26 05:40:00+00:00,2026-03-26 05:40:00+00:00,2026-03-26 05:45:00+00:00,2026-03-26 05:50:00+00:00,SHORT,SHORT,-4.75,"['delta_strong_negative', 'cvd_strong_negative', 'aggressive_sellers', 'big_trade_sell', 'below_vwap']",70279.0,70103.3025,49.65308081542018,WIN,2,5.0,1.14571920488341,0.3733690006972542,0.9999999999999702,1.0,take_profit,6.350682915146932,2.6482029525350295,-3.2317147511815536,-2.097502983449499,DOWN,SELL,0.34177817392398,True,70856.9019876293,-0.006513646270480914,NONE,0.0,70103.3025,1.0
2026-03-26 09:30:00+00:00,2026-03-26 09:30:00+00:00,2026-03-26 09:35:00+00:00,2026-03-26 10:15:00+00:00,SHORT,SHORT,-4.25,"['delta_strong_negative', 'cvd_strong_negative', 'aggressive_sellers', 'below_vwap']",69428.0,69601.57,-49.901346219500766,LOSS,9,40.0,0.3572045860459757,1.209886501123466,-1.0000000000000402,1.0,stop_loss,6.350682915146932,4.150121238596498,-4.184527507048447,-4.0165374441966915,DOWN,SELL,0.5318774727254846,False,70334.53018416047,-0.0077794316220039135,NONE,0.0,69254.43,1.0
2026-03-26 11:25:00+00:00,2026-03-26 11:25:00+00:00,2026-03-26 11:30:00+00:00,2026-03-26 13:05:00+00:00,SHORT,SHORT,-4.25,"['delta_strong_negative', 'cvd_strong_negative', 'aggressive_sellers', 'below_vwap']",69282.0,69455.205,-49.65183948840175,LOSS,20,95.0,0.5461736093069243,1.2586241736670418,-1.00000000000001,1.0,stop_loss,6.350682915146932,4.049935784731337,-3.733849198913626,-2.111627866771509,DOWN,SELL,0.5619296642042646,False,70143.5176524751,-0.005267438831976611,NONE,0.0,69108.795,1.0
2026-03-26 13:25:00+00:00,2026-03-26 13:25:00+00:00,2026-03-26 13:30:00+00:00,2026-03-26 13:35:00+00:00,SHORT,SHORT,-4.25,"['delta_strong_negative', 'cvd_strong_negative', 'aggressive_sellers', 'below_vwap']",69360.0,69186.6,49.40358029095757,WIN,2,5.0,1.1597462514417867,0.6113033448673587,0.9999999999999664,1.0,take_profit,6.350682915146932,0.35380371642212977,-2.3349639903841473,-3.3584797619508255,DOWN,SELL,0.5770672318054044,False,70040.8919361583,-0.0011077548642584815,NONE,0.0,69186.6,1.0
2026-03-26 13:50:00+00:00,2026-03-26 13:50:00+00:00,2026-03-26 13:55:00+00:00,2026-03-26 13:55:00+00:00,LONG,LONG,3.75,"['delta_strong_positive', 'cvd_strong_positive', 'aggressive_buyers']",69762.4,69587.99399999999,-49.650598192414805,LOSS,1,1.0,0.16111831014991357,1.7396190498032993,-1.0000000000000155,1.0,stop_loss,6.350682915146932,1.7511702970773761,2.765819654113966,3.5675852588522643,UP,BUY,1.9859839264428263,False,69987.72884544054,0.004381560484939342,NONE,0.0,69936.806,1.0
2026-03-26 15:15:00+00:00,2026-03-26 15:15:00+00:00,2026-03-26 15:20:00+00:00,2026-03-26 15:25:00+00:00,SHORT,SHORT,-4.75,"['delta_strong_negative', 'cvd_strong_negative', 'aggressive_sellers', 'big_trade_sell', 'below_vwap']",68854.4,69026.536,-49.40234520145155,LOSS,2,5.0,0.2149463215132221,1.1729097922573357,-0.9999999999999918,1.0,stop_loss,6.350682915146932,2.710029786519552,-2.2408903177300465,-2.47114009271472,DOWN,SELL,0.6608656490347822,True,69835.85295189354,-0.006954089286017724,NONE,0.0,68682.264,1.0
2026-03-26 17:55:00+00:00,2026-03-26 17:55:00+00:00,2026-03-26 18:00:00+00:00,2026-03-26 18:05:00+00:00,SHORT,SHORT,-4.75,"['delta_strong_negative', 'cvd_strong_negative', 'aggressive_sellers', 'big_trade_sell', 'below_vwap']",68456.2,68285.0595,49.15533347544299,WIN,2,5.0,1.2837405523531664,0.7309783481993205,0.9999999999999654,1.0,take_profit,6.350682915146932,3.788871075977853,-3.8438651600789764,-3.8674495111242293,DOWN,SELL,0.5813249394950991,True,69674.99123977975,-0.0082297190989291,NONE,0.0,68285.0595,1.0
2026-03-26 20:10:00+00:00,2026-03-26 20:10:00+00:00,2026-03-26 20:15:00+00:00,2026-03-26 20:50:00+00:00,LONG,LONG,3.75,"['delta_strong_positive', 'cvd_strong_positive', 'aggressive_buyers']",69169.1,68996.17725000001,-49.40111014282131,LOSS,8,35.0,0.852982039668002,1.5336327926777225,-0.9999999999999878,1.0,stop_loss,6.350682915146932,4.224178376688666,3.978994321597887,2.4846985855126875,UP,BUY,1.5025130046368431,False,69511.48810315167,0.007137748303662963,NONE,0.0,69342.02275,1.0
2026-03-27 03:05:00+00:00,2026-03-27 03:05:00+00:00,2026-03-27 03:10:00+00:00,2026-03-27 03:35:00+00:00,SHORT,SHORT,-4.25,"['delta_strong_negative', 'cvd_strong_negative', 'aggressive_sellers', 'below_vwap']",68680.4,68852.101,-49.15410459210808,LOSS,6,25.0,0.293533526304414,1.121717404092031,-1.0000000000000053,1.0,stop_loss,6.350682915146932,3.554853282535542,-3.5733786317841623,-2.4106503262414614,DOWN,SELL,0.5248585304356547,False,68812.7724120445,-0.0017076584340363983,NONE,0.0,68508.699,1.0
2026-03-27 04:00:00+00:00,2026-03-27 04:00:00+00:00,2026-03-27 04:05:00+00:00,2026-03-27 04:05:00+00:00,SHORT,SHORT,-3.5,"['delta_strong_negative', 'cvd_strong_negative', 'below_vwap']",68499.9,68328.65024999999,48.90833406914804,WIN,1,1.0,1.417228346318737,0.21313899728320773,1.0000000000000158,1.0,take_profit,6.350682915146932,3.8620746690353047,-2.72048891426356,-2.6009167664116055,DOWN,SELL,0.7214654329541113,False,68766.0803730183,-0.003908349178331391,NONE,0.0,68328.65024999999,1.0
2026-03-27 07:10:00+00:00,2026-03-27 07:10:00+00:00,2026-03-27 07:15:00+00:00,2026-03-27 07:35:00+00:00,LONG,LONG,4.25,"['delta_strong_positive', 'cvd_strong_positive', 'aggressive_buyers', 'above_vwap']",68830.5,68658.42375,-49.15287573949251,LOSS,5,20.0,0.5491751476453025,1.256419755776855,-0.9999999999999899,1.0,stop_loss,6.350682915146932,3.8342868206353473,3.756666971768319,2.806394407261618,UP,BUY,2.249666047633011,False,68691.67331585953,0.0033879318624987216,NONE,0.0,69002.57625,1.0
2026-03-27 08:25:00+00:00,2026-03-27 08:25:00+00:00,2026-03-27 08:30:00+00:00,2026-03-27 08:35:00+00:00,SHORT,SHORT,-4.25,"['delta_strong_negative', 'cvd_strong_negative', 'aggressive_sellers', 'below_vwap']",68201.0,68030.4975,48.90711136079622,WIN,2,5.0,3.7594756675122065,0.3976481283265812,1.0000000000000138,1.0,take_profit,6.350682915146932,1.0265724319613272,-2.140639489008248,-3.154906812483099,DOWN,SELL,0.40464010917260457,False,68652.23037679274,-0.005734325156814047,NONE,0.0,68030.4975,1.0
2026-03-27 10:35:00+00:00,2026-03-27 10:35:00+00:00,2026-03-27 10:40:00+00:00,2026-03-27 10:40:00+00:00,SHORT,SHORT,-4.25,"['delta_strong_negative', 'cvd_strong_negative', 'aggressive_sellers', 'below_vwap']",66942.8,66775.443,49.151646917600594,WIN,1,1.0,1.3288957139528597,0.36867295661368865,1.0000000000000215,1.0,take_profit,6.350682915146932,4.189518593685443,-4.194223022214162,-4.126364282264331,DOWN,SELL,0.5027064380413822,False,68165.05571077544,-0.013417983343083084,NONE,0.0,66775.443,1.0
2026-03-27 13:30:00+00:00,2026-03-27 13:30:00+00:00,2026-03-27 13:35:00+00:00,2026-03-27 13:35:00+00:00,SHORT,SHORT,-4.25,"['delta_strong_negative', 'cvd_strong_negative', 'aggressive_sellers', 'below_vwap']",66319.7,66153.90075,49.39740515218646,WIN,1,1.0,1.775038186240305,0.8443946519661578,0.9999999999999781,1.0,take_profit,6.350682915146932,3.8624735344724708,-3.4433922633858365,-2.132217985861561,DOWN,SELL,0.5928496918700659,False,67665.10329162279,-0.0072919045269615,NONE,0.0,66153.90075,1.0
2026-03-27 23:20:00+00:00,2026-03-27 23:20:00+00:00,2026-03-27 23:25:00+00:00,2026-03-27 23:45:00+00:00,LONG,LONG,3.75,"['delta_strong_positive', 'cvd_strong_positive', 'aggressive_buyers']",66183.9,66349.35974999999,49.644392177946834,WIN,5,20.0,1.0032651445442171,0.39707542166597676,0.9999999999999669,1.0,take_profit,6.350682915146932,1.9189864553422982,2.6346556103171603,2.1548737705594707,UP,BUY,3.3306917917442695,False,66927.6487725334,0.002932987863117079,NONE,0.0,66349.35974999999,1.0
2026-03-28 01:10:00+00:00,2026-03-28 01:10:00+00:00,2026-03-28 01:15:00+00:00,2026-03-28 02:30:00+00:00,SHORT,SHORT,-4.25,"['delta_strong_negative', 'cvd_strong_negative', 'aggressive_sellers', 'below_vwap']",66115.7,65950.41075,49.8926141388387,WIN,16,75.0,1.3775850516594217,0.8052550301970988,1.0000000000000098,1.0,take_profit,6.350682915146932,3.081371500095049,-3.0417308552213003,-2.280421048442001,DOWN,SELL,0.47312567932481653,False,66317.36373572778,-0.0010193713384683797,NONE,0.0,65950.41075,1.0
2026-03-28 06:15:00+00:00,2026-03-28 06:15:00+00:00,2026-03-28 06:20:00+00:00,2026-03-28 09:05:00+00:00,LONG,LONG,4.25,"['delta_strong_positive', 'cvd_strong_positive', 'aggressive_buyers', 'above_vwap']",66445.4,66279.28649999999,-50.14207720953445,LOSS,34,165.0,0.5327682578477969,1.0396506003425194,-1.0000000000000406,1.0,stop_loss,6.350682915146932,2.385191729941739,2.4321356736122866,2.1599775007218827,UP,BUY,2.7189858554334134,False,66194.23530504371,0.004313487128535793,NONE,0.0,66611.5135,1.0
2026-03-28 13:35:00+00:00,2026-03-28 13:35:00+00:00,2026-03-28 13:40:00+00:00,2026-03-28 13:40:00+00:00,LONG,LONG,4.75,"['delta_strong_positive', 'cvd_strong_positive', 'aggressive_buyers', 'big_trade_buy', 'above_vwap']",66634.5,66801.08625,49.89136682348263,WIN,1,1.0,3.0866893276005496,0.005402606757725678,0.999999999999958,1.0,take_profit,6.350682915146932,2.2853220965041965,2.8266917942655994,3.407872424385241,UP,BUY,2.294375501383409,True,66300.159930233,0.003906878205556578,NONE,0.0,66801.08625,1.0
2026-03-28 21:50:00+00:00,2026-03-28 21:50:00+00:00,2026-03-28 21:55:00+00:00,2026-03-28 23:10:00+00:00,SHORT,SHORT,-3.75,"['delta_strong_negative', 'cvd_strong_negative', 'aggressive_sellers']",66663.4,66496.74149999999,50.140823657603654,WIN,16,75.0,2.578926367391933,0.5730280783758405,1.0000000000000304,1.0,take_profit,6.350682915146932,3.996013373959226,-3.7846867904052934,-2.4834976376029703,DOWN,SELL,0.4029299529453476,False,66587.48267292132,-0.0026528248447366654,NONE,0.0,66496.74149999999,1.0
2026-03-28 23:30:00+00:00,2026-03-28 23:30:00+00:00,2026-03-28 23:35:00+00:00,2026-03-29 00:20:00+00:00,LONG,LONG,3.75,"['delta_strong_positive', 'cvd_strong_positive', 'aggressive_buyers']",66421.8,66255.7455,-50.39152777588966,LOSS,10,45.0,0.20294541852221462,1.121318603229645,-0.9999999999999901,1.0,stop_loss,6.350682915146932,0.9089837253077147,2.614633377589204,2.221315458783894,UP,BUY,5.218192926691569,False,66578.16590099505,-0.002757138089264574,NONE,0.0,66587.8545,1.0
2026-03-29 04:20:00+00:00,2026-03-29 04:20:00+00:00,2026-03-29 04:25:00+00:00,2026-03-29 05:15:00+00:00,SHORT,SHORT,-4.25,"['delta_strong_negative', 'cvd_strong_negative', 'aggressive_sellers', 'big_trade_sell']",66791.3,66624.32175,50.13957013701074,WIN,11,50.0,1.2055462313205636,0.17127979242800345,1.0000000000000007,1.0,take_profit,6.350682915146932,0.9529490194795058,-3.282024087786042,-2.9154979125562726,DOWN,SELL,0.21639968821583103,True,66684.41666026846,0.0011658056935142892,NONE,0.0,66624.32175,1.0
2026-03-29 05:50:00+00:00,2026-03-29 05:50:00+00:00,2026-03-29 05:55:00+00:00,2026-03-29 07:00:00+00:00,LONG,LONG,4.25,"['delta_strong_positive', 'cvd_strong_positive', 'aggressive_buyers', 'above_vwap']",66752.1,66585.21975,-50.39026798769636,LOSS,14,65.0,0.5566866061142296,1.3638522233757788,-1.0000000000000118,1.0,stop_loss,6.350682915146932,2.053606118937486,2.286462215165857,2.596862391804493,UP,BUY,2.8350087319504196,False,66685.9757233791,-0.00037707813960094586,NONE,0.0,66918.98025000001,1.0
2026-03-29 11:00:00+00:00,2026-03-29 11:00:00+00:00,2026-03-29 11:05:00+00:00,2026-03-29 11:05:00+00:00,LONG,LONG,3.75,"['delta_strong_positive', 'cvd_strong_positive', 'aggressive_buyers']",66655.4,66822.0385,50.13831664775757,WIN,1,1.0,1.0591790012512114,0.12482109476494543,1.0000000000000058,1.0,take_profit,6.350682915146932,1.7680480308055289,3.22267384345099,2.274109160583268,UP,BUY,3.491049177398056,False,66656.04200206656,0.0010567347620177828,NONE,0.0,66822.0385,1.0
2026-03-29 15:25:00+00:00,2026-03-29 15:25:00+00:00,2026-03-29 15:30:00+00:00,2026-03-29 16:15:00+00:00,SHORT,SHORT,-4.25,"['delta_strong_negative', 'cvd_strong_negative', 'aggressive_sellers', 'below_vwap']",66392.5,66558.48125,-50.38900823099518,LOSS,10,45.0,0.6289867078359404,1.4820951161652294,-0.9999999999999823,1.0,stop_loss,6.350682915146932,2.4682120233037788,-2.2049526152273837,-2.6544755317102733,DOWN,SELL,0.6366040342636088,False,66650.11096963708,-0.003488887147676642,NONE,0.0,66226.51875,1.0
2026-03-29 17:20:00+00:00,2026-03-29 17:20:00+00:00,2026-03-29 17:25:00+00:00,2026-03-29 17:40:00+00:00,SHORT,SHORT,-4.75,"['delta_strong_negative', 'cvd_strong_negative', 'aggressive_sellers', 'big_trade_sell', 'below_vwap']",66173.8,66339.2345,-50.13706318984201,LOSS,4,15.0,0.10517757783297153,1.3679129806660817,-1.0000000000000182,1.0,stop_loss,6.350682915146932,4.0260710444089,-3.9093839961976737,-3.595055484124219,DOWN,SELL,0.38986295205288246,True,66613.93641627794,-0.004383524418048023,NONE,0.0,66008.3655,1.0
2026-03-29 20:15:00+00:00,2026-03-29 20:15:00+00:00,2026-03-29 20:20:00+00:00,2026-03-29 20:20:00+00:00,LONG,LONG,3.75,"['delta_strong_positive', 'cvd_strong_positive', 'aggressive_buyers']",66516.9,66683.19225,49.88637787389146,WIN,1,1.0,1.509390846536745,0.00962161495795065,0.9999999999999916,1.0,take_profit,6.350682915146932,3.4319663726488177,3.409956559041236,2.8464436435259155,UP,BUY,2.6912023474244844,False,66587.10523366337,0.0022913757046273135,NONE,0.0,66683.19225,1.0
2026-03-29 22:40:00+00:00,2026-03-29 22:40:00+00:00,2026-03-29 22:45:00+00:00,2026-03-29 22:45:00+00:00,SHORT,SHORT,-4.25,"['delta_strong_negative', 'cvd_strong_negative', 'aggressive_sellers', 'below_vwap']",65645.8,65481.6855,50.135809763262344,WIN,1,1.0,4.433490032873425,0.018279920421413097,1.00000000000002,1.0,take_profit,6.350682915146932,4.1041644022755595,-4.120520980155157,-4.052515310093984,DOWN,SELL,0.46885510701783323,False,66521.51895815012,-0.009579348010416832,NONE,0.0,65481.6855,1.0
2026-03-30 02:40:00+00:00,2026-03-30 02:40:00+00:00,2026-03-30 02:45:00+00:00,2026-03-30 02:45:00+00:00,LONG,LONG,4.25,"['delta_strong_positive', 'cvd_strong_positive', 'aggressive_buyers', 'above_vwap']",67020.9,67188.45224999999,50.386488812075655,WIN,1,1.0,2.7859966070285713,0.2799126839537767,0.9999999999999604,1.0,take_profit,6.350682915146932,2.99052182115446,2.566292122997702,2.2580549335211555,UP,BUY,1.6605445762363182,False,66528.32416993457,0.014018508910258146,NONE,0.0,67188.45224999999,1.0
2026-03-30 08:00:00+00:00,2026-03-30 08:00:00+00:00,2026-03-30 08:05:00+00:00,2026-03-30 08:35:00+00:00,LONG,LONG,3.5,"['delta_strong_positive', 'cvd_strong_positive', 'above_vwap']",67750.2,67919.57549999999,50.63842125613643,WIN,7,30.0,1.0025062656641777,0.3619177507963248,0.9999999999999685,1.0,take_profit,6.350682915146932,3.4274197234835895,2.5349175148280474,2.1397050609064925,UP,BUY,1.3305914804866814,False,67025.52036033153,0.004167957970415672,NONE,0.0,67919.57549999999,1.0
2026-03-30 11:25:00+00:00,2026-03-30 11:25:00+00:00,2026-03-30 11:30:00+00:00,2026-03-30 11:35:00+00:00,LONG,LONG,3.5,"['delta_strong_positive', 'cvd_strong_positive', 'above_vwap']",67655.9,67486.76024999999,-50.89161336241934,LOSS,2,5.0,0.3772028751372928,1.0695297823249366,-1.0000000000000124,1.0,stop_loss,6.350682915146932,4.19615533305149,3.6857704166747975,2.8912667859021517,UP,BUY,1.3298203521885934,False,67162.9765197307,0.00044408868226929253,NONE,0.0,67825.03975,1.0
2026-03-30 13:20:00+00:00,2026-03-30 13:20:00+00:00,2026-03-30 13:25:00+00:00,2026-03-30 13:30:00+00:00,LONG,LONG,4.75,"['delta_strong_positive', 'cvd_strong_positive', 'aggressive_buyers', 'big_trade_buy', 'above_vwap']",68002.3,67832.29425,-50.637155295605616,LOSS,2,5.0,0.036469354712985236,1.5864169300155853,-0.9999999999999801,1.0,stop_loss,6.350682915146932,3.9977906986712988,3.9762091578452408,3.3706836848333723,UP,BUY,2.253188836793704,True,67239.79239842776,0.0044326270142644895,NONE,0.0,68172.30575,1.0
2026-03-30 17:20:00+00:00,2026-03-30 17:20:00+00:00,2026-03-30 17:25:00+00:00,2026-03-30 17:25:00+00:00,SHORT,SHORT,-4.75,"['delta_strong_negative', 'cvd_strong_negative', 'aggressive_sellers', 'big_trade_sell', 'below_vwap']",66817.8,66650.7555,50.38396951912968,WIN,1,1.0,1.200278967580495,0.0,1.0000000000000218,1.0,take_profit,6.350682915146932,3.8684101079047437,-4.020986632440142,-4.01867846063029,DOWN,SELL,0.3524256174067258,True,67309.76520297966,-0.009714444788130081,NONE,0.0,66650.7555,1.0
2026-03-31 00:45:00+00:00,2026-03-31 00:45:00+00:00,2026-03-31 00:50:00+00:00,2026-03-31 00:50:00+00:00,LONG,LONG,4.25,"['delta_strong_positive', 'cvd_strong_positive', 'aggressive_buyers', 'above_vwap']",67222.2,67054.1445,-50.6358893667249,LOSS,1,1.0,0.06366944253533559,1.500694710973441,-1.000000000000013,1.0,stop_loss,6.350682915146932,4.112254997188621,3.869742479266737,3.045571486171873,UP,BUY,1.9838427186488377,False,66899.39716344199,0.006731432562932429,NONE,0.0,67390.2555,1.0
2026-03-31 01:30:00+00:00,2026-03-31 01:30:00+00:00,2026-03-31 01:35:00+00:00,2026-03-31 01:35:00+00:00,LONG,LONG,4.25,"['delta_strong_positive', 'cvd_strong_positive', 'aggressive_buyers', 'above_vwap']",68297.5,68126.75625,-50.38270991988888,LOSS,1,1.0,0.3080639847725367,1.3365057286137683,-0.9999999999999659,1.0,stop_loss,6.350682915146932,3.4815054782245873,3.12741834787541,2.6048779722069915,UP,BUY,1.5800625762678346,False,67461.3476487413,0.016069690072507616,NONE,0.0,68468.24375,1.0
2026-03-31 07:15:00+00:00,2026-03-31 07:15:00+00:00,2026-03-31 07:20:00+00:00,2026-03-31 07:25:00+00:00,SHORT,SHORT,-4.25,"['delta_strong_negative', 'cvd_strong_negative', 'aggressive_sellers', 'below_vwap']",67121.4,67289.20349999999,-50.13079637028953,LOSS,2,5.0,0.18771956484817065,1.0428864713787258,-0.9999999999999676,1.0,stop_loss,6.350682915146932,3.4574357142419374,-3.274161234612338,-3.2746366101398103,DOWN,SELL,0.4801611261391849,False,67619.27344364203,-0.00614338131228172,NONE,0.0,66953.5965,1.0
2026-03-31 08:40:00+00:00,2026-03-31 08:40:00+00:00,2026-03-31 08:45:00+00:00,2026-03-31 09:10:00+00:00,SHORT,SHORT,-4.75,"['delta_strong_negative', 'cvd_strong_negative', 'aggressive_sellers', 'big_trade_sell', 'below_vwap']",66818.9,66651.85274999999,49.88014238844068,WIN,6,25.0,1.6097241948011367,0.5567287099907362,1.0000000000000195,1.0,take_profit,6.350682915146932,3.7729981089655587,-3.583657413703654,-2.421348478598084,DOWN,SELL,0.48544189325615683,True,67540.72082284339,-0.007384545464703247,NONE,0.0,66651.85274999999,1.0
2026-03-31 13:50:00+00:00,2026-03-31 13:50:00+00:00,2026-03-31 13:55:00+00:00,2026-03-31 14:00:00+00:00,LONG,LONG,4.25,"['delta_strong_positive', 'cvd_strong_positive', 'aggressive_buyers', 'above_vwap']",67307.6,67475.869,50.12954310038199,WIN,2,5.0,1.1434072823870955,0.9354069971296479,1.0000000000000013,1.0,take_profit,6.350682915146932,1.8481599946602323,3.066370081391301,2.8899146063660743,UP,BUY,1.5864697645641344,False,67120.6628921956,0.010119955673617047,NONE,0.0,67475.869,1.0
2026-03-31 14:45:00+00:00,2026-03-31 14:45:00+00:00,2026-03-31 14:50:00+00:00,2026-03-31 14:50:00+00:00,SHORT,SHORT,-4.25,"['delta_strong_negative', 'cvd_strong_negative', 'aggressive_sellers', 'below_vwap']",66878.1,66710.90475,50.38019081588512,WIN,1,1.0,2.687277300042931,0.29845345486785163,1.0000000000000258,1.0,take_profit,6.350682915146932,0.5902024718999657,-2.1485833063695146,-3.0826619603142387,DOWN,SELL,0.5369687100253421,False,67152.68849297834,-0.0019175610731365306,NONE,0.0,66710.90475,1.0
2026-03-31 16:40:00+00:00,2026-03-31 16:40:00+00:00,2026-03-31 16:45:00+00:00,2026-03-31 16:45:00+00:00,LONG,LONG,3.5,"['delta_strong_positive', 'cvd_strong_positive', 'above_vwap']",67742.1,67572.74475000001,-50.63209176996123,LOSS,1,1.0,0.8615026696839583,1.683443530684793,-0.99999999999996,1.0,stop_loss,6.350682915146932,3.7063461711805483,3.1381954156396508,2.0732725850802516,UP,BUY,1.3710861880029832,False,67136.34794093794,0.00898007145258743,NONE,0.0,67911.45525,1.0
2026-03-31 17:10:00+00:00,2026-03-31 17:10:00+00:00,2026-03-31 17:15:00+00:00,2026-03-31 17:15:00+00:00,LONG,LONG,4.75,"['delta_strong_positive', 'cvd_strong_positive', 'aggressive_buyers', 'big_trade_buy', 'above_vwap']",68432.8,68261.71800000001,-50.378931311111934,LOSS,1,1.0,0.9773091266176283,1.316327842788821,-0.9999999999999698,1.0,stop_loss,6.350682915146932,3.3663045158172205,3.8311466080519163,2.585631874344556,UP,BUY,1.766234459395981,True,67213.15395593381,0.01637033505173505,NONE,0.0,68603.882,1.0
2026-04-01 03:05:00+00:00,2026-04-01 03:05:00+00:00,2026-04-01 03:10:00+00:00,2026-04-01 03:45:00+00:00,LONG,LONG,4.25,"['delta_strong_positive', 'cvd_strong_positive', 'aggressive_buyers', 'above_vwap']",68032.3,68202.38075,50.12703665455603,WIN,8,35.0,1.0712558593491448,0.9395537119868232,0.999999999999963,1.0,take_profit,6.350682915146932,2.4728468583216143,3.136897734812848,2.7022778323738694,UP,BUY,2.482267321980273,False,67934.01896061897,0.0008412648917093124,NONE,0.0,68202.38075,1.0
2026-04-01 05:25:00+00:00,2026-04-01 05:25:00+00:00,2026-04-01 05:30:00+00:00,2026-04-01 06:15:00+00:00,LONG,LONG,4.25,"['delta_strong_positive', 'cvd_strong_positive', 'aggressive_buyers', 'above_vwap']",68553.0,68724.3825,50.37767183783273,WIN,10,45.0,1.1564774699867086,0.8694003180021298,1.0000000000000409,1.0,take_profit,6.350682915146932,3.2508799099732095,2.2015002888147652,2.2393633347133446,UP,BUY,1.5740100440070388,False,68080.04800227698,0.0069914755100013715,NONE,0.0,68724.3825,1.0
2026-04-01 06:35:00+00:00,2026-04-01 06:35:00+00:00,2026-04-01 06:40:00+00:00,2026-04-01 06:40:00+00:00,LONG,LONG,4.75,"['delta_strong_positive', 'cvd_strong_positive', 'aggressive_buyers', 'big_trade_buy', 'above_vwap']",68940.0,69112.35,50.62956019702154,WIN,1,1.0,1.624601102407891,0.0,1.0000000000000338,1.0,take_profit,6.350682915146932,2.404462830206952,2.5273173503716504,2.0318414224868997,UP,BUY,1.9347759563843578,True,68248.84069370378,0.007909988183569068,NONE,0.0,69112.35,1.0
2026-04-01 12:00:00+00:00,2026-04-01 12:00:00+00:00,2026-04-01 12:05:00+00:00,2026-04-01 12:35:00+00:00,SHORT,SHORT,-4.25,"['delta_strong_negative', 'cvd_strong_negative', 'aggressive_sellers', 'below_vwap']",68468.8,68297.628,50.88270799800671,WIN,7,30.0,1.301614750075964,0.9832215549272247,1.0000000000000349,1.0,take_profit,6.350682915146932,3.060644159229845,-2.916694669707228,-2.0027086770010207,DOWN,SELL,0.6367815494896502,False,68471.37514197263,-0.0013350701472628708,NONE,0.0,68297.628,1.0
2026-04-01 13:40:00+00:00,2026-04-01 13:40:00+00:00,2026-04-01 13:45:00+00:00,2026-04-01 13:45:00+00:00,SHORT,SHORT,-4.25,"['delta_strong_negative', 'cvd_strong_negative', 'aggressive_sellers', 'below_vwap']",68076.7,67906.50825,51.13712153799442,WIN,1,1.0,1.0165005060468562,0.21270126195892042,0.9999999999999891,1.0,take_profit,6.350682915146932,3.0920186851214995,-3.4053181962554264,-2.1231175040794255,DOWN,SELL,0.6436533626020893,False,68452.40882065738,-0.005059103148979725,NONE,0.0,67906.50825,1.0
2026-04-02 00:10:00+00:00,2026-04-02 00:10:00+00:00,2026-04-02 00:15:00+00:00,2026-04-02 00:35:00+00:00,LONG,LONG,4.25,"['delta_strong_positive', 'cvd_strong_positive', 'aggressive_buyers', 'above_vwap']",68177.3,68347.74325,51.39280714568393,WIN,5,20.0,1.005613305308331,0.4535233868164501,0.9999999999999802,1.0,take_profit,6.350682915146932,2.1458309514430063,2.9570002640078843,2.3176517678641133,UP,BUY,2.8566336555455725,False,68123.36600099734,-0.00019732518507527182,NONE,0.0,68347.74325,1.0
2026-04-02 01:05:00+00:00,2026-04-02 01:05:00+00:00,2026-04-02 01:10:00+00:00,2026-04-02 01:10:00+00:00,SHORT,SHORT,-3.5,"['delta_strong_negative', 'cvd_strong_negative', 'below_vwap']",68135.1,68305.43775000001,-51.64977118141519,LOSS,1,1.0,0.49607324271924447,1.7418335043171407,-1.0000000000000353,1.0,stop_loss,6.350682915146932,4.0965492495362374,-2.7742770651919133,-2.859396864765986,DOWN,SELL,0.8537853928568413,False,68183.63373275269,-0.0009189935483389829,NONE,0.0,67964.76225,1.0
2026-04-02 12:20:00+00:00,2026-04-02 12:20:00+00:00,2026-04-02 12:25:00+00:00,2026-04-02 13:00:00+00:00,SHORT,SHORT,-3.5,"['delta_strong_negative', 'cvd_strong_negative', 'below_vwap']",66103.0,65937.7425,51.39152232550846,WIN,8,35.0,1.1128087983903556,0.6432385822126252,1.0000000000000424,1.0,take_profit,6.350682915146932,3.0444874369568797,-3.537654843933777,-2.9339557255644437,DOWN,SELL,0.7441846990422883,False,66917.70551797867,-0.0028984618910665835,NONE,0.0,65937.7425,1.0
2026-04-02 13:15:00+00:00,2026-04-02 13:15:00+00:00,2026-04-02 13:20:00+00:00,2026-04-02 13:25:00+00:00,SHORT,SHORT,-4.25,"['delta_strong_negative', 'cvd_strong_negative', 'aggressive_sellers', 'below_vwap']",65881.0,66045.7025,-51.64847993713364,LOSS,2,5.0,0.18578952960644687,1.6860703389444427,-0.9999999999999963,1.0,stop_loss,6.350682915146932,1.2309558635874873,-3.1895929541676225,-3.0391160219390345,DOWN,SELL,0.3268972135989535,False,66863.13030747013,-0.004676761658879381,NONE,0.0,65716.2975,1.0
2026-04-02 16:35:00+00:00,2026-04-02 16:35:00+00:00,2026-04-02 16:40:00+00:00,2026-04-02 17:00:00+00:00,LONG,LONG,4.25,"['delta_strong_positive', 'cvd_strong_positive', 'aggressive_buyers', 'above_vwap']",67074.7,66907.01325,-51.39023753744616,LOSS,5,20.0,0.9523710132136087,1.548124702756725,-0.9999999999999611,1.0,stop_loss,6.350682915146932,2.472902003098836,2.6095962758954436,2.1706767720126554,UP,BUY,1.6297654279363651,False,66758.64810665537,0.009216740236619057,NONE,0.0,67242.38674999999,1.0
2026-04-02 19:55:00+00:00,2026-04-02 19:55:00+00:00,2026-04-02 20:00:00+00:00,2026-04-02 20:00:00+00:00,SHORT,SHORT,-3.75,"['delta_strong_negative', 'cvd_strong_negative', 'aggressive_sellers']",66943.2,66775.842,51.13328634975876,WIN,1,1.0,1.1209502981631667,0.012547951098876783,0.9999999999999576,1.0,take_profit,6.350682915146932,1.4978674306482926,-2.3926049987014304,-2.046089108442332,DOWN,SELL,0.4704964996675662,False,66785.29821012779,-7.420671673473012e-05,NONE,0.0,66775.842,1.0
2026-04-03 00:45:00+00:00,2026-04-03 00:45:00+00:00,2026-04-03 00:50:00+00:00,2026-04-03 01:30:00+00:00,SHORT,SHORT,-4.25,"['delta_strong_negative', 'cvd_strong_negative', 'aggressive_sellers', 'below_vwap']",66706.2,66872.96549999999,-51.38895278150789,LOSS,9,40.0,0.21107483262423637,1.0499773634235248,-0.9999999999999644,1.0,stop_loss,6.350682915146932,3.021282370514997,-3.2179129259101042,-3.2437693475471927,DOWN,SELL,0.36116472667301625,False,66819.35775313886,-0.002452299374490204,NONE,0.0,66539.4345,1.0
2026-04-03 07:30:00+00:00,2026-04-03 07:30:00+00:00,2026-04-03 07:35:00+00:00,2026-04-03 07:35:00+00:00,LONG,LONG,4.25,"['delta_strong_positive', 'cvd_strong_positive', 'aggressive_buyers', 'above_vwap']",67038.3,67205.89575,51.132008017600086,WIN,1,1.0,1.1635139912557448,0.04833058117527336,0.999999999999959,1.0,take_profit,6.350682915146932,3.6278868596457134,3.6209625398142906,2.6188669880576647,UP,BUY,2.06971780133445,False,66615.23373342946,0.005436570676559941,NONE,0.0,67205.89575,1.0
2026-04-03 13:00:00+00:00,2026-04-03 13:00:00+00:00,2026-04-03 13:05:00+00:00,2026-04-03 14:05:00+00:00,SHORT,SHORT,-4.25,"['delta_strong_negative', 'cvd_strong_negative', 'aggressive_sellers', 'below_vwap']",66594.5,66760.98625,-51.38766805769071,LOSS,13,60.0,0.6967542364609689,1.0949853216106609,-1.0000000000000104,1.0,stop_loss,6.350682915146932,0.1161031932348499,-2.1095767722003838,-2.771664311115771,DOWN,SELL,0.4637979885082756,False,66767.38746220309,-0.004240386727554332,NONE,0.0,66428.01375,1.0
2026-04-03 16:45:00+00:00,2026-04-03 16:45:00+00:00,2026-04-03 16:50:00+00:00,2026-04-03 17:15:00+00:00,LONG,LONG,4.25,"['delta_strong_positive', 'cvd_strong_positive', 'aggressive_buyers', 'above_vwap']",66999.8,66832.3005,-51.130729717403355,LOSS,6,25.0,0.24000071642003162,1.7056767333633658,-1.0000000000000318,1.0,stop_loss,6.350682915146932,2.1627916085060352,2.0100122787071157,2.943470499381645,UP,BUY,2.1030928610657615,False,66765.52498245928,0.003751881125028295,NONE,0.0,67167.29950000001,1.0
2026-04-03 21:10:00+00:00,2026-04-03 21:10:00+00:00,2026-04-03 21:15:00+00:00,2026-04-04 10:45:00+00:00,LONG,LONG,4.25,"['delta_strong_positive', 'cvd_strong_positive', 'aggressive_buyers', 'above_vwap']",66878.7,67045.89675,50.87507606881556,WIN,163,810.0,1.6244334892873564,0.7966662031408929,1.0000000000000167,1.0,take_profit,6.350682915146932,3.343777786863262,3.4751533373132903,2.6509402977826566,UP,BUY,4.060378883102891,False,66773.2382361331,0.0008316280381277069,NONE,0.0,67045.89675,1.0
2026-04-04 11:00:00+00:00,2026-04-04 11:00:00+00:00,2026-04-04 11:05:00+00:00,2026-04-04 15:10:00+00:00,LONG,LONG,4.25,"['delta_strong_positive', 'cvd_strong_positive', 'aggressive_buyers', 'above_vwap']",67149.9,67317.77475,51.129451449159625,WIN,50,245.0,2.4101301714522636,0.8708873728776788,1.0000000000000162,1.0,take_profit,6.350682915146932,2.884605580687609,2.259932488686163,2.4262174155588108,UP,BUY,1.8048243875366685,False,66932.93794538324,0.0022235133579902333,NONE,0.0,67317.77475,1.0
2026-04-04 20:00:00+00:00,2026-04-04 20:00:00+00:00,2026-04-04 20:05:00+00:00,2026-04-04 21:45:00+00:00,SHORT,SHORT,-3.75,"['delta_strong_negative', 'cvd_strong_negative', 'aggressive_sellers']",67162.9,67330.80725,-51.38509870640578,LOSS,21,100.0,0.0,1.0368819690633122,-1.000000000000023,1.0,stop_loss,6.350682915146932,2.4398858845344673,-2.7765218774591687,-2.1559331946681715,DOWN,SELL,0.5242655678918695,False,67149.86895265247,-0.002808384095007501,NONE,0.0,66994.99274999999,1.0
2026-04-05 02:00:00+00:00,2026-04-05 02:00:00+00:00,2026-04-05 02:05:00+00:00,2026-04-05 05:55:00+00:00,SHORT,SHORT,-4.25,"['delta_strong_negative', 'cvd_strong_negative', 'aggressive_sellers', 'below_vwap']",67010.3,66842.77425,51.12817321287278,WIN,47,230.0,1.1192309242012048,0.9347816678927942,1.000000000000004,1.0,take_profit,6.350682915146932,4.162328434918128,-3.934585471182569,-2.1734910904772753,DOWN,SELL,0.5180988702889451,False,67105.8167604494,-0.0025856548143435255,NONE,0.0,66842.77425,1.0
2026-04-05 10:35:00+00:00,2026-04-05 10:35:00+00:00,2026-04-05 10:40:00+00:00,2026-04-05 12:00:00+00:00,LONG,LONG,4.25,"['delta_strong_positive', 'cvd_strong_positive', 'aggressive_buyers', 'above_vwap']",67084.6,66916.8885,-51.383814078938435,LOSS,17,80.0,0.04412339046513911,1.1764249917268814,-1.000000000000029,1.0,stop_loss,6.350682915146932,3.194197965893016,3.2728334505806806,2.130616796973282,UP,BUY,2.9735647548630553,False,66908.6620734555,0.0031719049146767585,NONE,0.0,67252.31150000001,1.0
2026-04-05 15:25:00+00:00,2026-04-05 15:25:00+00:00,2026-04-05 15:30:00+00:00,2026-04-05 15:30:00+00:00,LONG,LONG,4.75,"['delta_strong_positive', 'cvd_strong_positive', 'aggressive_buyers', 'big_trade_buy', 'above_vwap']",67478.2,67646.8955,51.12689500854274,WIN,1,1.0,2.0771152757483673,0.6882222703035425,1.0000000000000095,1.0,take_profit,6.350682915146932,4.23498181157173,4.197590951119242,3.9992124336951185,UP,BUY,1.9088976518187466,True,66940.37270566079,0.007440308964166609,NONE,0.0,67646.8955,1.0
2026-04-05 20:35:00+00:00,2026-04-05 20:35:00+00:00,2026-04-05 20:40:00+00:00,2026-04-05 21:10:00+00:00,LONG,LONG,4.25,"['delta_strong_positive', 'cvd_strong_positive', 'aggressive_buyers', 'above_vwap']",67658.7,67489.55325,-51.38252948358493,LOSS,7,30.0,0.13538539759119658,1.586196601471816,-0.9999999999999994,1.0,stop_loss,6.350682915146932,3.896179959286512,4.0087742192068605,3.340118586313972,UP,BUY,3.9705625897697097,False,67100.37907161449,0.004389884854120099,NONE,0.0,67827.84675,1.0
2026-04-05 22:40:00+00:00,2026-04-05 22:40:00+00:00,2026-04-05 22:45:00+00:00,2026-04-05 22:45:00+00:00,LONG,LONG,4.25,"['delta_strong_positive', 'cvd_strong_positive', 'aggressive_buyers', 'above_vwap']",67937.4,68107.2435,51.125616836167865,WIN,1,1.0,1.7539676231354675,0.045924630615763094,1.0000000000000158,1.0,take_profit,6.350682915146932,3.6134208646687855,4.014815071153001,3.2390425654713377,UP,BUY,2.180245229800704,False,67175.84479437802,0.005442076007720331,NONE,0.0,68107.2435,1.0
2026-04-06 02:10:00+00:00,2026-04-06 02:10:00+00:00,2026-04-06 02:15:00+00:00,2026-04-06 02:15:00+00:00,LONG,LONG,3.75,"['delta_strong_positive', 'cvd_strong_positive', 'aggressive_buyers']",69089.5,69262.22375,51.38124492034928,WIN,1,1.0,1.0525477822245228,0.10421265170539662,1.000000000000027,1.0,take_profit,6.350682915146932,2.6508495093138507,3.2527075441756206,2.395938966240638,UP,BUY,1.892822672771978,False,69124.38968637296,0.005116125926056841,NONE,0.0,69262.22375,1.0
2026-04-06 06:25:00+00:00,2026-04-06 06:25:00+00:00,2026-04-06 06:30:00+00:00,2026-04-06 06:50:00+00:00,SHORT,SHORT,-4.25,"['delta_strong_negative', 'cvd_strong_negative', 'aggressive_sellers', 'below_vwap']",68813.8,68985.8345,-51.63815114494792,LOSS,5,20.0,0.0511525304517577,1.5444576523894746,-0.9999999999999667,1.0,stop_loss,6.350682915146932,3.184981968549398,-3.6795373696558746,-2.5759541223058666,DOWN,SELL,0.5504484089534865,False,69123.2711957863,-0.004368753637325458,NONE,0.0,68641.76550000001,1.0
2026-04-06 09:10:00+00:00,2026-04-06 09:10:00+00:00,2026-04-06 09:15:00+00:00,2026-04-06 09:15:00+00:00,LONG,LONG,4.25,"['delta_strong_positive', 'cvd_strong_positive', 'aggressive_buyers', 'above_vwap']",69604.0,69778.01,51.37996038922335,WIN,1,1.0,2.1176943853801506,0.085627262800955,0.9999999999999698,1.0,take_profit,6.350682915146932,4.078511718902898,4.085407324338212,3.279552739768315,UP,BUY,2.682544538304636,False,69140.56247229215,0.006447555532913897,NONE,0.0,69778.01,1.0
2026-04-06 12:35:00+00:00,2026-04-06 12:35:00+00:00,2026-04-06 12:40:00+00:00,2026-04-06 12:55:00+00:00,LONG,LONG,4.25,"['delta_strong_positive', 'cvd_strong_positive', 'aggressive_buyers', 'above_vwap']",69478.2,69304.5045,-51.63686019117149,LOSS,4,15.0,0.2423781848119601,1.123805740505638,-1.0000000000000093,1.0,stop_loss,6.350682915146932,-0.5629137560736488,2.3428562179334493,2.2155643953982826,UP,BUY,2.2540584851905607,False,69344.54931490318,-0.003618492376198156,NONE,0.0,69651.8955,1.0
2026-04-06 14:00:00+00:00,2026-04-06 14:00:00+00:00,2026-04-06 14:05:00+00:00,2026-04-06 14:15:00+00:00,SHORT,SHORT,-4.25,"['delta_strong_negative', 'cvd_strong_negative', 'aggressive_sellers', 'below_vwap']",69164.9,69337.81224999999,-51.378675890213366,LOSS,3,10.0,0.025446433089582603,1.7245741698463333,-0.999999999999965,1.0,stop_loss,6.350682915146932,3.4290388387539323,-3.5422385770646057,-2.5963572899082257,DOWN,SELL,0.6129309608505165,False,69345.18282394327,-0.004951076661694919,NONE,0.0,68991.98775,1.0
2026-04-06 16:10:00+00:00,2026-04-06 16:10:00+00:00,2026-04-06 16:15:00+00:00,2026-04-06 16:30:00+00:00,LONG,LONG,4.25,"['delta_strong_positive', 'cvd_strong_positive', 'aggressive_buyers', 'above_vwap']",70029.4,69854.3265,-51.121782510763694,LOSS,4,15.0,0.14393954539100232,1.258899833498469,-0.9999999999999921,1.0,stop_loss,6.350682915146932,0.8838003928678733,2.1951567874072615,2.0339325879802095,UP,BUY,1.9595121840437855,False,69392.77563631041,0.007368166185747489,NONE,0.0,70204.4735,1.0
2026-04-06 17:00:00+00:00,2026-04-06 17:00:00+00:00,2026-04-06 17:05:00+00:00,2026-04-06 17:10:00+00:00,SHORT,SHORT,-3.75,"['delta_strong_negative', 'cvd_strong_negative', 'aggressive_sellers']",69554.9,69381.01275,50.86617359821022,WIN,2,5.0,1.653370215470082,0.45719280740824875,0.9999999999999988,1.0,take_profit,6.350682915146932,2.474393572694791,-2.381402787340276,-2.8590866928874004,DOWN,SELL,0.6237472179440893,False,69436.89604112689,-0.0011134504162534507,NONE,0.0,69381.01275,1.0
2026-04-06 22:50:00+00:00,2026-04-06 22:50:00+00:00,2026-04-06 22:55:00+00:00,2026-04-06 23:00:00+00:00,SHORT,SHORT,-4.25,"['delta_strong_negative', 'cvd_strong_negative', 'aggressive_sellers', 'below_vwap']",68909.1,68736.82725,51.120504466202426,WIN,2,5.0,2.1657516931726333,0.18981527838846876,1.0000000000000213,1.0,take_profit,6.350682915146932,4.057694513297955,-4.039565115007877,-4.0272988488146035,DOWN,SELL,0.4447749708167918,False,69450.3067637741,-0.008190179735985733,NONE,0.0,68736.82725,1.0
2026-04-07 04:45:00+00:00,2026-04-07 04:45:00+00:00,2026-04-07 04:50:00+00:00,2026-04-07 05:00:00+00:00,LONG,LONG,4.25,"['delta_strong_positive', 'cvd_strong_positive', 'aggressive_buyers', 'above_vwap']",68932.2,68759.8695,-51.37610698853126,LOSS,3,10.0,0.0,1.0218736671685584,-0.999999999999979,1.0,stop_loss,6.350682915146932,2.985491320923848,2.716769639212508,2.6987366729581956,UP,BUY,1.9448654601849806,False,68679.64080685608,0.004621911558462298,NONE,0.0,69104.5305,1.0
2026-04-07 08:20:00+00:00,2026-04-07 08:20:00+00:00,2026-04-07 08:25:00+00:00,2026-04-07 09:05:00+00:00,LONG,LONG,4.25,"['delta_strong_positive', 'cvd_strong_positive', 'aggressive_buyers', 'above_vwap']",68822.4,68994.45599999999,51.11922645358876,WIN,9,40.0,2.124889570837436,0.63002743292878,0.9999999999999819,1.0,take_profit,6.350682915146932,1.6712687793594596,2.2121364852654666,2.675374519890201,UP,BUY,1.883074898255164,False,68662.86353105475,0.002486928266973499,NONE,0.0,68994.45599999999,1.0
2026-04-07 10:05:00+00:00,2026-04-07 10:05:00+00:00,2026-04-07 10:10:00+00:00,2026-04-07 10:25:00+00:00,SHORT,SHORT,-3.75,"['delta_strong_negative', 'cvd_strong_negative', 'aggressive_sellers']",68901.3,68729.04675000001,51.374822585855924,WIN,4,15.0,1.5924227844757814,0.4336638060529893,0.9999999999999668,1.0,take_profit,6.350682915146932,2.3916028764664126,-2.0275912074215108,-2.259177856600681,DOWN,SELL,0.6036094090965399,False,68739.93939473186,0.00086137842643137,NONE,0.0,68729.04675000001,1.0
2026-04-07 14:05:00+00:00,2026-04-07 14:05:00+00:00,2026-04-07 14:10:00+00:00,2026-04-07 14:20:00+00:00,SHORT,SHORT,-4.75,"['delta_strong_negative', 'cvd_strong_negative', 'aggressive_sellers', 'big_trade_sell', 'below_vwap']",67834.5,68004.08625,-51.63169669878478,LOSS,3,10.0,0.5513418688130671,1.8073399229005889,-0.9999999999999587,1.0,stop_loss,6.350682915146932,3.8116190650677435,-3.7766749959447616,-2.1678233772449804,DOWN,SELL,0.6085554755564038,True,68546.36913112145,-0.007229506428899075,NONE,0.0,67664.91375,1.0
2026-04-07 17:35:00+00:00,2026-04-07 17:35:00+00:00,2026-04-07 17:40:00+00:00,2026-04-07 18:40:00+00:00,LONG,LONG,4.25,"['delta_strong_positive', 'cvd_strong_positive', 'aggressive_buyers', 'above_vwap']",68684.3,68512.58925,-51.37353821529249,LOSS,13,60.0,0.6464359395087378,1.5642584986671235,-0.9999999999999905,1.0,stop_loss,6.350682915146932,3.7927146386357555,3.3564818586960437,2.787331950691373,UP,BUY,1.5411802931066916,False,68451.44601746427,0.007982120974555989,NONE,0.0,68856.01075,1.0
2026-04-07 19:45:00+00:00,2026-04-07 19:45:00+00:00,2026-04-07 19:50:00+00:00,2026-04-07 19:50:00+00:00,LONG,LONG,4.25,"['delta_strong_positive', 'cvd_strong_positive', 'aggressive_buyers', 'above_vwap']",68789.1,68961.07275,51.11667052421676,WIN,1,1.0,1.625257489922095,0.0,1.0000000000000047,1.0,take_profit,6.350682915146932,3.9495953883623827,3.220258829600479,2.0402083932046913,UP,BUY,1.557815701594549,False,68466.02044545455,0.004341150597664525,NONE,0.0,68961.07275,1.0
2026-04-08 02:30:00+00:00,2026-04-08 02:30:00+00:00,2026-04-08 02:35:00+00:00,2026-04-08 04:05:00+00:00,SHORT,SHORT,-4.25,"['delta_strong_negative', 'cvd_strong_negative', 'aggressive_sellers', 'below_vwap']",71323.7,71502.00925,-51.37225387683925,LOSS,19,90.0,0.7722538230630048,1.1121128040188768,-1.000000000000032,1.0,stop_loss,6.350682915146932,2.4027141429830357,-3.3836468937412056,-2.4160178196685664,DOWN,SELL,0.36361344374842425,False,71695.32308376573,-0.00558937096484247,NONE,0.0,71145.39074999999,1.0
2026-04-08 11:50:00+00:00,2026-04-08 11:50:00+00:00,2026-04-08 11:55:00+00:00,2026-04-08 12:30:00+00:00,LONG,LONG,4.25,"['delta_strong_positive', 'cvd_strong_positive', 'aggressive_buyers', 'above_vwap']",71684.2,71863.4105,51.115392607453714,WIN,8,35.0,1.0641117568445884,0.790132274615557,1.0000000000000058,1.0,take_profit,6.350682915146932,2.8846312837155383,2.9381925336973973,2.9489580857796525,UP,BUY,2.5098802427914464,False,71627.87330752659,0.0006948738676329186,NONE,0.0,71863.4105,1.0
2026-04-08 13:05:00+00:00,2026-04-08 13:05:00+00:00,2026-04-08 13:10:00+00:00,2026-04-08 13:10:00+00:00,LONG,LONG,4.25,"['delta_strong_positive', 'cvd_strong_positive', 'aggressive_buyers', 'above_vwap']",72604.8,72423.288,-51.37096957049137,LOSS,1,1.0,1.0754109921106985,1.3701573449689117,-1.0000000000000133,1.0,stop_loss,6.350682915146932,4.007753488001548,3.2256933093578635,2.221422800911909,UP,BUY,1.6555784653902228,False,71746.27942195298,0.00946265110182864,NONE,0.0,72786.312,1.0
2026-04-08 21:25:00+00:00,2026-04-08 21:25:00+00:00,2026-04-08 21:30:00+00:00,2026-04-08 22:00:00+00:00,LONG,LONG,3.75,"['delta_strong_positive', 'cvd_strong_positive', 'aggressive_buyers']",71627.2,71448.132,-51.114114722638035,LOSS,7,30.0,0.3925882904818444,1.3190519802532954,-0.9999999999999962,1.0,stop_loss,6.350682915146932,2.0125118280188543,2.5162525138171614,2.3913395286636545,UP,BUY,2.82960054919123,False,71644.96782092818,0.002773031965884692,NONE,0.0,71806.268,1.0
2026-04-09 00:30:00+00:00,2026-04-09 00:30:00+00:00,2026-04-09 00:35:00+00:00,2026-04-09 01:05:00+00:00,SHORT,SHORT,-4.25,"['delta_strong_negative', 'cvd_strong_negative', 'aggressive_sellers', 'below_vwap']",70795.0,70618.0125,50.85854414902587,WIN,7,30.0,1.980930856698952,0.6740589024648798,1.0000000000000164,1.0,take_profit,6.350682915146932,2.359277104654843,-2.9942729682156326,-3.0901720422301806,DOWN,SELL,0.4009670427388428,False,70897.67364761136,-0.005283641870365544,NONE,0.0,70618.0125,1.0
2026-04-09 04:45:00+00:00,2026-04-09 04:45:00+00:00,2026-04-09 04:50:00+00:00,2026-04-09 05:20:00+00:00,SHORT,SHORT,-4.25,"['delta_strong_negative', 'cvd_strong_negative', 'aggressive_sellers', 'below_vwap']",70735.5,70912.33875,-51.11283686976882,LOSS,7,30.0,0.39301340910858057,1.1660340281753694,-0.9999999999999736,1.0,stop_loss,6.350682915146932,3.8852569796165355,-3.884904527581503,-2.9928352924785475,DOWN,SELL,0.27356722437569364,False,70822.21550595376,-0.0011628050080760505,NONE,0.0,70558.66125,1.0
2026-04-09 08:40:00+00:00,2026-04-09 08:40:00+00:00,2026-04-09 08:45:00+00:00,2026-04-09 09:00:00+00:00,LONG,LONG,4.25,"['delta_strong_positive', 'cvd_strong_positive', 'aggressive_buyers', 'above_vwap']",71294.2,71115.9645,-50.85727268541996,LOSS,4,15.0,0.26818450869777855,1.1950481245318694,-0.9999999999999734,1.0,stop_loss,6.350682915146932,4.10263056482912,3.6671780197415162,3.398095262572085,UP,BUY,1.7835897172406328,False,70875.22993446978,0.004726568434214515,NONE,0.0,71472.43549999999,1.0
2026-04-09 13:35:00+00:00,2026-04-09 13:35:00+00:00,2026-04-09 13:40:00+00:00,2026-04-09 13:45:00+00:00,SHORT,SHORT,-4.0,"['delta_strong_negative', 'cvd_strong_negative', 'big_trade_sell', 'below_vwap']",70913.7,70736.41575,50.60298632199336,WIN,2,5.0,1.1490022379314413,0.08630208267233504,0.999999999999983,1.0,take_profit,6.350682915146932,3.1374674618593708,-2.1738313030284133,-2.4560541006607672,DOWN,SELL,0.7976922130869609,True,70998.72935690044,-0.0038099168734307444,NONE,0.0,70736.41575,1.0
2026-04-09 14:50:00+00:00,2026-04-09 14:50:00+00:00,2026-04-09 14:55:00+00:00,2026-04-09 15:05:00+00:00,LONG,LONG,3.5,"['delta_strong_positive', 'cvd_strong_positive', 'above_vwap']",71119.4,70941.60149999999,-50.85600125360546,LOSS,3,10.0,0.4533221596358002,1.3014732970187837,-1.000000000000025,1.0,stop_loss,6.350682915146932,2.084269367412686,2.047472841314582,3.059961382221198,UP,BUY,1.418638048277418,False,70958.64925423669,0.0025980235018320157,NONE,0.0,71297.1985,1.0
2026-04-09 15:30:00+00:00,2026-04-09 15:30:00+00:00,2026-04-09 15:35:00+00:00,2026-04-09 15:35:00+00:00,LONG,LONG,4.25,"['delta_strong_positive', 'cvd_strong_positive', 'aggressive_buyers', 'above_vwap']",72185.8,72005.3355,-50.601721247336684,LOSS,1,1.0,0.20059346852149362,2.176605371139492,-1.0000000000000102,1.0,stop_loss,6.350682915146932,3.799164563225656,3.8456764509892656,3.3974404346021245,UP,BUY,2.183854538018839,False,71053.0967054098,0.01464018934997391,NONE,0.0,72366.2645,1.0
2026-04-09 22:15:00+00:00,2026-04-09 22:15:00+00:00,2026-04-09 22:20:00+00:00,2026-04-09 22:25:00+00:00,LONG,LONG,4.25,"['delta_strong_positive', 'cvd_strong_positive', 'aggressive_buyers', 'above_vwap']",72774.0,72592.065,-50.348712641098835,LOSS,2,5.0,0.01648940555692967,1.2400032978811433,-0.9999999999999871,1.0,stop_loss,6.350682915146932,4.0209238261060944,4.236473619819221,4.204760267858465,UP,BUY,2.3216640078067634,False,71566.55782372534,0.006950540551987504,NONE,0.0,72955.935,1.0
2026-04-10 01:30:00+00:00,2026-04-10 01:30:00+00:00,2026-04-10 01:35:00+00:00,2026-04-10 01:35:00+00:00,LONG,LONG,4.25,"['delta_strong_positive', 'cvd_strong_positive', 'aggressive_buyers', 'above_vwap']",72138.5,72318.84625,50.09696907789464,WIN,1,1.0,1.0673911988743874,0.0654296942686799,1.0000000000000129,1.0,take_profit,6.350682915146932,3.209371285755466,3.1621375619565244,2.521837244310007,UP,BUY,3.0239138438880704,False,71838.51653378448,-0.00015047789432172997,NONE,0.0,72318.84625,1.0
2026-04-10 07:40:00+00:00,2026-04-10 07:40:00+00:00,2026-04-10 07:45:00+00:00,2026-04-10 07:50:00+00:00,SHORT,SHORT,-4.25,"['delta_strong_negative', 'cvd_strong_negative', 'aggressive_sellers', 'below_vwap']",71633.6,71454.516,50.34745392328418,WIN,2,5.0,1.4043688995108439,0.18259587679523065,1.0000000000000142,1.0,take_profit,6.350682915146932,2.880940673762875,-3.9476193881666135,-3.4943926334314486,DOWN,SELL,0.14432813211985368,False,71942.78647470321,-0.003855179715667793,NONE,0.0,71454.516,1.0
2026-04-10 10:50:00+00:00,2026-04-10 10:50:00+00:00,2026-04-10 10:55:00+00:00,2026-04-10 11:05:00+00:00,LONG,LONG,4.25,"['delta_strong_positive', 'cvd_strong_positive', 'aggressive_buyers', 'above_vwap']",71860.8,72040.452,50.599191192900406,WIN,3,10.0,1.1839556475853152,0.0005566317102276666,1.0000000000000102,1.0,take_profit,6.350682915146932,3.223064751132579,3.4183334816705218,2.2733324934245114,UP,BUY,2.28602099155218,False,71848.36356519927,0.0029733133988657716,NONE,0.0,72040.452,1.0
2026-04-10 14:10:00+00:00,2026-04-10 14:10:00+00:00,2026-04-10 14:15:00+00:00,2026-04-10 14:20:00+00:00,LONG,LONG,4.25,"['delta_strong_positive', 'cvd_strong_positive', 'aggressive_buyers', 'above_vwap']",72667.3,72848.96825,50.85218714886507,WIN,2,5.0,2.00200089999214,0.42054679339955514,1.0000000000000135,1.0,take_profit,6.350682915146932,2.6439396491541753,2.485224361771228,2.1755339874135493,UP,BUY,1.6645993273705146,False,71992.35929773984,0.006674485036364442,NONE,0.0,72848.96825,1.0
2026-04-10 17:50:00+00:00,2026-04-10 17:50:00+00:00,2026-04-10 17:55:00+00:00,2026-04-10 18:05:00+00:00,LONG,LONG,4.25,"['delta_strong_positive', 'cvd_strong_positive', 'aggressive_buyers', 'above_vwap']",73027.1,72844.53225,-51.106448084609255,LOSS,3,10.0,0.3993038200886749,1.0757650242170849,-1.0000000000000107,1.0,stop_loss,6.350682915146932,2.042738601139226,2.6179495024358572,2.534934786415879,UP,BUY,2.224247064421883,False,72285.02480794558,0.0034651598393678337,NONE,0.0,73209.66775000001,1.0
2026-04-10 19:55:00+00:00,2026-04-10 19:55:00+00:00,2026-04-10 20:00:00+00:00,2026-04-10 20:30:00+00:00,LONG,LONG,4.25,"['delta_strong_positive', 'cvd_strong_positive', 'aggressive_buyers', 'above_vwap']",73187.4,73370.3685,50.85091584418642,WIN,7,30.0,1.4352197236136595,0.595184416989778,1.0000000000000147,1.0,take_profit,6.350682915146932,2.3648756918197695,3.734223442072097,2.950289888996584,UP,BUY,2.485963738778384,False,72340.30950963947,0.0042480367902465324,NONE,0.0,73370.3685,1.0
2026-04-10 22:40:00+00:00,2026-04-10 22:40:00+00:00,2026-04-10 22:45:00+00:00,2026-04-11 01:15:00+00:00,SHORT,SHORT,-3.75,"['delta_strong_negative', 'cvd_strong_negative', 'aggressive_sellers']",72821.1,72639.04725,51.10517042340731,WIN,31,150.0,1.1320894630814737,0.5707137079774635,1.000000000000014,1.0,take_profit,6.350682915146932,3.3648983072851815,-3.18813721749182,-2.3048602964629388,DOWN,SELL,0.5665425391991004,False,72415.81093301973,-0.0037008144097491844,NONE,0.0,72639.04725,1.0
2026-04-11 06:30:00+00:00,2026-04-11 06:30:00+00:00,2026-04-11 06:35:00+00:00,2026-04-11 09:20:00+00:00,LONG,LONG,3.75,"['delta_strong_positive', 'cvd_strong_positive', 'aggressive_buyers']",72646.4,72828.01599999999,51.36069627552209,WIN,34,165.0,1.2207074266585083,0.3656065544885593,0.99999999999997,1.0,take_profit,6.350682915146932,0.6715620878195752,2.057788744963239,2.0882511820332916,UP,BUY,4.374330218068536,False,72800.13172469707,-0.0017409622560992863,NONE,0.0,72828.01599999999,1.0
2026-04-11 12:00:00+00:00,2026-04-11 12:00:00+00:00,2026-04-11 12:05:00+00:00,2026-04-11 13:10:00+00:00,LONG,LONG,4.25,"['delta_strong_positive', 'cvd_strong_positive', 'aggressive_buyers', 'above_vwap']",72881.3,72699.09675,-51.61749975690292,LOSS,14,65.0,0.34960957063058473,2.3567087853812088,-1.0000000000000326,1.0,stop_loss,6.350682915146932,2.997692522882648,2.1148141185706395,2.504961050843206,UP,BUY,2.0781743362932734,False,72779.22347479852,0.0016529082844996617,NONE,0.0,73063.50325000001,1.0
2026-04-11 16:40:00+00:00,2026-04-11 16:40:00+00:00,2026-04-11 16:45:00+00:00,2026-04-11 18:30:00+00:00,LONG,LONG,4.25,"['delta_strong_positive', 'cvd_strong_positive', 'aggressive_buyers', 'above_vwap']",73074.1,73256.78525,51.359412258115306,WIN,22,105.0,1.2173943982888282,0.9524578475821117,0.9999999999999725,1.0,take_profit,6.350682915146932,4.005377861504576,3.959638554268159,3.646530413646793,UP,BUY,2.1795361408621075,False,72770.07180313669,0.004570935848130239,NONE,0.0,73256.78525,1.0
2026-04-11 22:30:00+00:00,2026-04-11 22:30:00+00:00,2026-04-11 22:35:00+00:00,2026-04-11 23:00:00+00:00,SHORT,SHORT,-3.75,"['delta_strong_negative', 'cvd_strong_negative', 'aggressive_sellers']",73272.5,73089.31875,51.61620931940568,WIN,6,25.0,1.2228325770241222,0.45692449418265835,0.9999999999999682,1.0,take_profit,6.350682915146932,3.5699449050730587,-3.072979542040922,-2.6942374371904267,DOWN,SELL,0.4051114071180539,False,73007.33898659727,-0.0027665382596263723,NONE,0.0,73089.31875,1.0
2026-04-12 01:30:00+00:00,2026-04-12 01:30:00+00:00,2026-04-12 01:35:00+00:00,2026-04-12 01:35:00+00:00,SHORT,SHORT,-4.25,"['delta_strong_negative', 'cvd_strong_negative', 'aggressive_sellers', 'below_vwap']",72557.4,72376.00649999999,51.87429036600594,WIN,1,1.0,3.4422402125764937,0.09757791762114763,1.0000000000000309,1.0,take_profit,6.350682915146932,4.080941480965302,-3.9402371891521137,-3.3969917081437355,DOWN,SELL,0.37884129453694815,False,72886.6966001056,-0.007009301032780829,NONE,0.0,72376.00649999999,1.0
2026-04-12 12:50:00+00:00,2026-04-12 12:50:00+00:00,2026-04-12 12:55:00+00:00,2026-04-12 13:00:00+00:00,SHORT,SHORT,-4.75,"['delta_strong_negative', 'cvd_strong_negative', 'aggressive_sellers', 'big_trade_sell', 'below_vwap']",71117.4,70939.6065,52.133661817834295,WIN,2,5.0,1.2880110915190939,0.40777643727132884,0.9999999999999987,1.0,take_profit,6.350682915146932,4.200329186458657,-4.144979362299941,-3.6649218137834647,DOWN,SELL,0.452306536388772,True,71737.2403173161,-0.0034082798887225653,NONE,0.0,70939.6065,1.0
2026-04-12 17:50:00+00:00,2026-04-12 17:50:00+00:00,2026-04-12 17:55:00+00:00,2026-04-12 20:40:00+00:00,LONG,LONG,3.75,"['delta_strong_positive', 'cvd_strong_positive', 'aggressive_buyers']",71078.8,71256.497,52.39433012692357,WIN,34,165.0,1.9083045858961674,0.8914050321615375,1.0000000000000007,1.0,take_profit,6.350682915146932,4.08890763201718,3.789987434432106,3.394771804448037,UP,BUY,1.7154555344531925,False,71471.15739592702,0.0032839988187551,NONE,0.0,71256.497,1.0
2026-04-12 22:00:00+00:00,2026-04-12 22:00:00+00:00,2026-04-12 22:05:00+00:00,2026-04-12 22:05:00+00:00,SHORT,SHORT,-4.25,"['delta_strong_negative', 'cvd_strong_negative', 'aggressive_sellers', 'below_vwap']",70729.2,70906.023,-52.65630177755933,LOSS,1,1.0,0.12045944249335726,1.3425855233765331,-1.0000000000000222,1.0,stop_loss,6.350682915146932,3.9508077421895176,-3.713075251448584,-2.838507823002461,DOWN,SELL,0.5089953564777746,False,71416.05429215537,-0.005054192381244219,NONE,0.0,70552.377,1.0
2026-04-13 11:40:00+00:00,2026-04-13 11:40:00+00:00,2026-04-13 11:45:00+00:00,2026-04-13 12:50:00+00:00,LONG,LONG,4.25,"['delta_strong_positive', 'cvd_strong_positive', 'aggressive_buyers', 'above_vwap']",70898.5,71075.74625,52.39302026866932,WIN,14,65.0,1.6304999400551492,0.9940971952862026,0.9999999999999802,1.0,take_profit,6.350682915146932,2.5536855299142234,2.9301716805108677,2.616384774879707,UP,BUY,2.31393475916355,False,70883.37129166648,0.002410083580925626,NONE,0.0,71075.74625,1.0
2026-04-13 13:50:00+00:00,2026-04-13 13:50:00+00:00,2026-04-13 13:55:00+00:00,2026-04-13 13:55:00+00:00,SHORT,SHORT,-3.75,"['delta_strong_negative', 'cvd_strong_negative', 'aggressive_sellers']",71442.0,71620.605,-52.654985370012504,LOSS,1,1.0,0.23571568545116778,1.0475630581451014,-0.9999999999999772,1.0,stop_loss,6.350682915146932,2.593919926070273,-3.049361663193919,-3.0239313082874832,DOWN,SELL,0.5388031279061687,False,70986.84530597704,0.00484302813434965,NONE,0.0,71263.395,1.0
2026-04-13 17:30:00+00:00,2026-04-13 17:30:00+00:00,2026-04-13 17:35:00+00:00,2026-04-13 17:50:00+00:00,LONG,LONG,4.25,"['delta_strong_positive', 'cvd_strong_positive', 'aggressive_buyers', 'above_vwap']",72435.9,72254.81025,-52.391710443163404,LOSS,4,15.0,0.077861944146512,2.1127645269817386,-0.9999999999999956,1.0,stop_loss,6.350682915146932,2.5963702914855715,3.253555374553534,2.9993283557289914,UP,BUY,2.220843266174902,False,71458.7837900502,0.008271371794633917,NONE,0.0,72616.98975,1.0
2026-04-13 19:30:00+00:00,2026-04-13 19:30:00+00:00,2026-04-13 19:35:00+00:00,2026-04-13 19:45:00+00:00,LONG,LONG,4.25,"['delta_strong_positive', 'cvd_strong_positive', 'aggressive_buyers', 'above_vwap']",73061.9,73244.55475,52.129751890948256,WIN,3,10.0,1.1721567602266343,0.7818028274654143,1.0000000000000084,1.0,take_profit,6.350682915146932,3.321698365273156,3.2489613384264033,2.7089628776468784,UP,BUY,1.9427008603709934,False,71631.23192604083,0.010497783240242612,NONE,0.0,73244.55475,1.0
2026-04-13 22:10:00+00:00,2026-04-13 22:10:00+00:00,2026-04-13 22:15:00+00:00,2026-04-13 22:15:00+00:00,LONG,LONG,4.25,"['delta_strong_positive', 'cvd_strong_positive', 'aggressive_buyers', 'above_vwap']",73720.4,73904.701,52.39040065040448,WIN,1,1.0,3.991296845920564,0.009766631759938136,1.0000000000000369,1.0,take_profit,6.350682915146932,3.6738945107640513,4.019645314232935,3.9988010986232223,UP,BUY,3.0903189007261425,False,71925.60646936405,0.009793076965658596,NONE,0.0,73904.701,1.0
2026-04-14 06:50:00+00:00,2026-04-14 06:50:00+00:00,2026-04-14 06:55:00+00:00,2026-04-14 07:05:00+00:00,LONG,LONG,4.25,"['delta_strong_positive', 'cvd_strong_positive', 'aggressive_buyers', 'above_vwap']",74464.8,74650.962,52.65235265365363,WIN,3,10.0,2.337748842406061,0.37171925527227406,0.9999999999999818,1.0,take_profit,6.350682915146932,0.8865254587492236,2.311922812849809,2.6163351569118527,UP,BUY,2.5299983714759215,False,74302.15511186935,0.0018051988733088758,NONE,0.0,74650.962,1.0
2026-04-14 13:00:00+00:00,2026-04-14 13:00:00+00:00,2026-04-14 13:05:00+00:00,2026-04-14 13:30:00+00:00,LONG,LONG,4.25,"['delta_strong_positive', 'cvd_strong_positive', 'aggressive_buyers', 'above_vwap']",74554.3,74740.68575,52.91561441692321,WIN,6,25.0,1.52211207133591,0.5445695285181404,1.0000000000000069,1.0,take_profit,6.350682915146932,2.9597606159613528,2.8089161919914867,2.015442806683589,UP,BUY,2.046514867730601,False,74419.95379019435,0.0016726926630647211,NONE,0.0,74740.68575,1.0
2026-04-14 15:05:00+00:00,2026-04-14 15:05:00+00:00,2026-04-14 15:10:00+00:00,2026-04-14 15:20:00+00:00,SHORT,SHORT,-4.25,"['delta_strong_negative', 'cvd_strong_negative', 'aggressive_sellers', 'below_vwap']",74648.8,74835.422,-53.18019248900833,LOSS,3,10.0,0.5856758581517876,1.2619090996774227,-1.0000000000000162,1.0,stop_loss,6.350682915146932,0.6787094163232015,-2.12288557253326,-2.4704909568413718,DOWN,SELL,0.6264403333020577,False,74833.47512755037,-0.0065135822694670055,NONE,0.0,74462.178,1.0
2026-04-14 18:45:00+00:00,2026-04-14 18:45:00+00:00,2026-04-14 18:50:00+00:00,2026-04-14 18:50:00+00:00,SHORT,SHORT,-4.25,"['delta_strong_negative', 'cvd_strong_negative', 'aggressive_sellers', 'below_vwap']",73811.0,73995.5275,-52.914291526561435,LOSS,1,1.0,0.1154299494655426,1.5672460744333343,-0.999999999999981,1.0,stop_loss,6.350682915146932,3.191833700687279,-3.055144432779221,-2.623059144927702,DOWN,SELL,0.5759059116116909,False,74815.17000841431,-0.013147410486777115,NONE,0.0,73626.4725,1.0
2026-04-14 21:35:00+00:00,2026-04-14 21:35:00+00:00,2026-04-14 21:40:00+00:00,2026-04-14 21:50:00+00:00,SHORT,SHORT,-4.25,"['delta_strong_negative', 'cvd_strong_negative', 'aggressive_sellers', 'below_vwap']",74003.1,74188.10775000001,-52.64972006893083,LOSS,3,10.0,0.5367342719426775,1.003741735143512,-1.0000000000000233,1.0,stop_loss,6.350682915146932,0.913282807112234,-2.429296816135718,-2.117564331234121,DOWN,SELL,0.3241325576563474,False,74755.77172233407,-0.0024851980534095065,NONE,0.0,73818.09225,1.0
2026-04-15 00:00:00+00:00,2026-04-15 00:00:00+00:00,2026-04-15 00:05:00+00:00,2026-04-15 01:05:00+00:00,LONG,LONG,4.25,"['delta_strong_positive', 'cvd_strong_positive', 'aggressive_buyers', 'above_vwap']",74502.6,74688.85650000001,52.386471468585846,WIN,13,60.0,1.1178133380579849,0.8364808744929862,1.0000000000000167,1.0,take_profit,6.350682915146932,3.4589119036757587,3.456047347770075,2.803832613117072,UP,BUY,2.035433915623232,False,74392.09999999999,0.005055031717790748,NONE,0.0,74688.85650000001,1.0
2026-04-15 02:25:00+00:00,2026-04-15 02:25:00+00:00,2026-04-15 02:30:00+00:00,2026-04-15 03:15:00+00:00,SHORT,SHORT,-4.25,"['delta_strong_negative', 'cvd_strong_negative', 'aggressive_sellers', 'below_vwap']",74311.4,74125.6215,52.64840382592801,WIN,10,45.0,1.0108812376027816,0.054904092777213954,1.000000000000002,1.0,take_profit,6.350682915146932,1.775902818193273,-2.2073204409256877,-2.5384390746005443,DOWN,SELL,0.6479006813578049,False,74511.71596679934,-0.0005789851335088198,NONE,0.0,74125.6215,1.0
2026-04-15 07:15:00+00:00,2026-04-15 07:15:00+00:00,2026-04-15 07:20:00+00:00,2026-04-15 08:05:00+00:00,SHORT,SHORT,-4.25,"['delta_strong_negative', 'cvd_strong_negative', 'aggressive_sellers', 'below_vwap']",73604.8,73788.812,-52.91164584505823,LOSS,10,45.0,0.8466839119188038,1.0830815381605705,-1.0000000000000133,1.0,stop_loss,6.350682915146932,4.058471651032019,-4.063580327112818,-3.139823556059211,DOWN,SELL,0.4720721759130704,False,74220.00544745046,-0.00529081182914909,NONE,0.0,73420.788,1.0
2026-04-15 12:35:00+00:00,2026-04-15 12:35:00+00:00,2026-04-15 12:40:00+00:00,2026-04-15 13:00:00+00:00,LONG,LONG,4.25,"['delta_strong_positive', 'cvd_strong_positive', 'aggressive_buyers', 'above_vwap']",74408.0,74221.98,-52.64708761583339,LOSS,5,20.0,0.05053220083858821,1.4944629609719384,-1.0000000000000218,1.0,stop_loss,6.350682915146932,3.247540657077368,3.795193871386495,2.6590963281759223,UP,BUY,1.8753726546952556,False,74087.56509357934,0.004894301726044211,NONE,0.0,74594.02,1.0
2026-04-15 15:30:00+00:00,2026-04-15 15:30:00+00:00,2026-04-15 15:35:00+00:00,2026-04-15 15:40:00+00:00,SHORT,SHORT,-4.75,"['delta_strong_negative', 'cvd_strong_negative', 'aggressive_sellers', 'big_trade_sell', 'below_vwap']",73613.3,73797.33325,-52.383852177751116,LOSS,2,5.0,0.02825576356444876,1.4464777424731514,-0.9999999999999627,1.0,stop_loss,6.350682915146932,3.917482232555148,-3.5708959881933313,-2.836199591813706,DOWN,SELL,0.5966492154314451,True,74076.90611970777,-0.00625931176352784,NONE,0.0,73429.26675000001,1.0
2026-04-15 19:00:00+00:00,2026-04-15 19:00:00+00:00,2026-04-15 19:05:00+00:00,2026-04-15 19:05:00+00:00,LONG,LONG,4.25,"['delta_strong_positive', 'cvd_strong_positive', 'aggressive_buyers', 'above_vwap']",74405.3,74591.31325,52.12193291686533,WIN,1,1.0,1.3273248007870093,0.0,1.0000000000000193,1.0,take_profit,6.350682915146932,2.5657044106623856,2.2949857337085398,2.6069161401835954,UP,BUY,1.819202504700856,False,74069.42017350461,0.005702558691622126,NONE,0.0,74591.31325,1.0
2026-04-15 19:35:00+00:00,2026-04-15 19:35:00+00:00,2026-04-15 19:40:00+00:00,2026-04-15 19:45:00+00:00,LONG,LONG,4.25,"['delta_strong_positive', 'cvd_strong_positive', 'aggressive_buyers', 'above_vwap']",75093.0,74905.2675,-52.38254258144816,LOSS,2,5.0,0.03728709733264086,1.1207436112553455,-0.9999999999999907,1.0,stop_loss,6.350682915146932,3.1641131426698634,2.4153341799413575,2.512954188104289,UP,BUY,1.6982198839192408,False,74127.02500385701,0.010439064115624095,NONE,0.0,75280.7325,1.0
2026-04-15 22:05:00+00:00,2026-04-15 22:05:00+00:00,2026-04-15 22:10:00+00:00,2026-04-15 22:15:00+00:00,LONG,LONG,4.25,"['delta_strong_positive', 'cvd_strong_positive', 'aggressive_buyers', 'above_vwap']",75098.6,74910.85350000001,-52.12062986853969,LOSS,2,5.0,0.06551387109740185,1.277254169851384,-0.999999999999967,1.0,stop_loss,6.350682915146932,2.511717161142805,3.091183675835752,2.034694805232983,UP,BUY,1.879166456938642,False,74203.35021017372,0.004844462568226741,NONE,0.0,75286.3465,1.0
2026-04-15 22:35:00+00:00,2026-04-15 22:35:00+00:00,2026-04-15 22:40:00+00:00,2026-04-15 22:40:00+00:00,LONG,LONG,4.25,"['delta_strong_positive', 'cvd_strong_positive', 'aggressive_buyers', 'above_vwap']",75251.1,75062.97225,-51.860026719198615,LOSS,1,1.0,0.16106076854684306,1.2475565141241078,-0.9999999999999979,1.0,stop_loss,6.350682915146932,3.914033682958246,4.1142887191200606,3.429511461135742,UP,BUY,3.701622839102144,False,74231.2593096127,0.005842133675901849,NONE,0.0,75439.22775,1.0
2026-04-16 02:30:00+00:00,2026-04-16 02:30:00+00:00,2026-04-16 02:35:00+00:00,2026-04-16 02:40:00+00:00,LONG,LONG,3.5,"['delta_strong_positive', 'cvd_strong_positive', 'above_vwap']",74912.5,75099.78125,51.60072658560272,WIN,2,5.0,1.533522442849976,0.10892708159516332,1.0,1.0,take_profit,6.350682915146932,3.2928038736646013,2.085375544987341,2.863684272741235,UP,BUY,1.3929772457278626,False,74669.50321168525,0.0014969133506052593,NONE,0.0,75099.78125,1.0
2026-04-16 04:30:00+00:00,2026-04-16 04:30:00+00:00,2026-04-16 04:35:00+00:00,2026-04-16 04:40:00+00:00,LONG,LONG,4.75,"['delta_strong_positive', 'cvd_strong_positive', 'aggressive_buyers', 'big_trade_buy', 'above_vwap']",74915.7,75102.98925,51.85873021853119,WIN,2,5.0,1.1442194359793896,0.0,1.0000000000000087,1.0,take_profit,6.350682915146932,2.8441879241827115,3.95045590104121,2.9527619623158348,UP,BUY,5.775731752920779,True,74804.41598710342,0.0009166393792350735,NONE,0.0,75102.98925,1.0
2026-04-16 06:40:00+00:00,2026-04-16 06:40:00+00:00,2026-04-16 06:45:00+00:00,2026-04-16 07:45:00+00:00,SHORT,SHORT,-3.75,"['delta_strong_negative', 'cvd_strong_negative', 'aggressive_sellers']",74907.3,74720.03175000001,52.11802386962164,WIN,13,60.0,1.2463404768294075,0.7032692407815905,0.9999999999999664,1.0,take_profit,6.350682915146932,3.7998328836428388,-3.8035922232547894,-2.671982744803054,DOWN,SELL,0.28872161863248974,False,74857.37268772245,-0.0004050179818364564,NONE,0.0,74720.03175000001,1.0
2026-04-16 10:05:00+00:00,2026-04-16 10:05:00+00:00,2026-04-16 10:10:00+00:00,2026-04-16 10:15:00+00:00,SHORT,SHORT,-4.25,"['delta_strong_negative', 'cvd_strong_negative', 'aggressive_sellers', 'below_vwap']",74516.0,74329.71,52.378613988969704,WIN,2,5.0,1.3870846529604068,0.0005367974663472048,0.9999999999999657,1.0,take_profit,6.350682915146932,3.993317201470308,-3.427001456468352,-2.0706749680832823,DOWN,SELL,0.553688503885376,False,74794.12196849883,-0.0024433733914586806,NONE,0.0,74329.71,1.0
2026-04-16 13:50:00+00:00,2026-04-16 13:50:00+00:00,2026-04-16 13:55:00+00:00,2026-04-16 13:55:00+00:00,SHORT,SHORT,-4.25,"['delta_strong_negative', 'cvd_strong_negative', 'aggressive_sellers', 'below_vwap']",73377.7,73561.14425,-52.64050705891649,LOSS,1,1.0,0.6590558166854191,2.100365642422714,-1.0000000000000027,1.0,stop_loss,6.350682915146932,4.191646793651121,-4.194701997437587,-4.112682477930617,DOWN,SELL,0.5044264266566197,False,74593.51782079715,-0.012795723951427335,NONE,0.0,73194.25575,1.0
2026-04-16 18:50:00+00:00,2026-04-16 18:50:00+00:00,2026-04-16 18:55:00+00:00,2026-04-16 18:55:00+00:00,LONG,LONG,4.25,"['delta_strong_positive', 'cvd_strong_positive', 'aggressive_buyers', 'above_vwap']",74849.9,75037.02475,52.37730452362252,WIN,1,1.0,1.1457597137738795,0.0,1.0000000000000144,1.0,take_profit,6.350682915146932,3.792244633571854,3.8725665942433722,3.6784240581604437,UP,BUY,2.092152710137989,False,74390.88621954198,0.0061037242601638345,NONE,0.0,75037.02475,1.0
2026-04-16 23:30:00+00:00,2026-04-16 23:30:00+00:00,2026-04-16 23:35:00+00:00,2026-04-17 01:20:00+00:00,SHORT,SHORT,-3.75,"['delta_strong_negative', 'cvd_strong_negative', 'aggressive_sellers']",75006.6,74819.08350000001,52.63919104623929,WIN,22,105.0,2.281932523271332,0.7599331258849221,0.9999999999999888,1.0,take_profit,6.350682915146932,0.6295005036470674,-2.1151385873572623,-2.011645837182241,DOWN,SELL,0.4498431349572017,False,74493.40067054002,-0.0012618102659337454,NONE,0.0,74819.08350000001,1.0
2026-04-17 07:05:00+00:00,2026-04-17 07:05:00+00:00,2026-04-17 07:10:00+00:00,2026-04-17 08:30:00+00:00,LONG,LONG,4.25,"['delta_strong_positive', 'cvd_strong_positive', 'aggressive_buyers', 'above_vwap']",75049.9,75237.52475,52.90238700147184,WIN,17,80.0,1.6261180894311964,0.812259576628319,1.0000000000000144,1.0,take_profit,6.350682915146932,2.764143125263527,2.7585446906336997,2.8139939583798297,UP,BUY,2.072008841963886,False,74738.86239006225,0.004296219303645589,NONE,0.0,75237.52475,1.0
2026-04-17 08:45:00+00:00,2026-04-17 08:45:00+00:00,2026-04-17 08:50:00+00:00,2026-04-17 08:50:00+00:00,LONG,LONG,4.25,"['delta_strong_positive', 'cvd_strong_positive', 'aggressive_buyers', 'above_vwap']",75506.7,75695.46674999999,53.16689893647709,WIN,1,1.0,1.3153799596592244,0.3898991745102952,0.9999999999999747,1.0,take_profit,6.350682915146932,3.5689162108007224,2.7196415395093325,2.986417767303219,UP,BUY,1.6910044102773885,False,74899.29170534661,0.006394387646347832,NONE,0.0,75695.46674999999,1.0
2026-04-17 13:00:00+00:00,2026-04-17 13:00:00+00:00,2026-04-17 13:05:00+00:00,2026-04-17 13:05:00+00:00,LONG,LONG,3.5,"['delta_strong_positive', 'cvd_strong_positive', 'above_vwap']",76139.9,76330.24974999999,53.43273343115911,WIN,1,1.0,2.6745503999874223,0.3729976004696618,0.9999999999999682,1.0,take_profit,6.350682915146932,2.7678747997583937,2.681920597905135,3.3096127939962847,UP,BUY,1.3722191509826864,False,75430.00803515392,0.005508459853857316,NONE,0.0,76330.24974999999,1.0
2026-04-17 16:20:00+00:00,2026-04-17 16:20:00+00:00,2026-04-17 16:25:00+00:00,2026-04-17 16:45:00+00:00,LONG,LONG,4.25,"['delta_strong_positive', 'cvd_strong_positive', 'aggressive_buyers', 'above_vwap']",78103.2,77907.942,-53.69989709831705,LOSS,5,20.0,0.6493972077968785,1.1425908285447524,-1.0000000000000084,1.0,stop_loss,6.350682915146932,3.517493028990294,3.7907879895326975,2.4829779704263992,UP,BUY,2.2194469712596843,False,76365.11626560273,0.013111609231571597,NONE,0.0,78298.458,1.0
2026-04-17 22:15:00+00:00,2026-04-17 22:15:00+00:00,2026-04-17 22:20:00+00:00,2026-04-17 23:15:00+00:00,SHORT,SHORT,-3.75,"['delta_strong_negative', 'cvd_strong_negative', 'aggressive_sellers']",77316.8,77123.508,53.43139761282538,WIN,12,55.0,2.3932702853713854,0.6409991101545547,1.0000000000000067,1.0,take_profit,6.350682915146932,3.0641006014536587,-2.3369727874053585,-2.2322796374662484,DOWN,SELL,0.6335641689196027,False,76533.1293371448,0.0005127773848176617,NONE,0.0,77123.508,1.0
2026-04-18 04:35:00+00:00,2026-04-18 04:35:00+00:00,2026-04-18 04:40:00+00:00,2026-04-18 05:10:00+00:00,LONG,LONG,4.25,"['delta_strong_positive', 'cvd_strong_positive', 'aggressive_buyers', 'big_trade_buy']",77004.5,77197.01125,53.698554600888,WIN,7,30.0,1.1900603211500929,0.3620567629164378,0.9999999999999788,1.0,take_profit,6.350682915146932,2.2243837533843807,3.836085184804595,2.7268847933412896,UP,BUY,8.990193730186686,True,77108.02785645892,-0.0014110168945378344,NONE,0.0,77197.01125,1.0
2026-04-18 07:50:00+00:00,2026-04-18 07:50:00+00:00,2026-04-18 07:55:00+00:00,2026-04-18 08:15:00+00:00,SHORT,SHORT,-4.25,"['delta_strong_negative', 'cvd_strong_negative', 'aggressive_sellers', 'below_vwap']",76905.2,76712.93699999999,53.96704737389535,WIN,5,20.0,1.5874089138315592,0.5149196673306876,1.0000000000000326,1.0,take_profit,6.350682915146932,3.120187513693405,-2.8349909125939714,-3.0389978523438272,DOWN,SELL,0.5438708978106347,False,77083.10025248145,-0.0014864154113829289,NONE,0.0,76712.93699999999,1.0
2026-04-18 16:15:00+00:00,2026-04-18 16:15:00+00:00,2026-04-18 16:20:00+00:00,2026-04-18 17:10:00+00:00,SHORT,SHORT,-4.75,"['delta_strong_negative', 'cvd_strong_negative', 'aggressive_sellers', 'big_trade_sell', 'below_vwap']",75932.3,75742.46925000001,54.23688261076126,WIN,11,50.0,1.0930789663950649,0.848650705957761,0.9999999999999668,1.0,take_profit,6.350682915146932,4.151141035702818,-4.120942385702285,-3.4275659635710225,DOWN,SELL,0.470295718409782,True,76448.9022256659,-0.0014322715670292599,NONE,0.0,75742.46925000001,1.0
2026-04-18 18:15:00+00:00,2026-04-18 18:15:00+00:00,2026-04-18 18:20:00+00:00,2026-04-18 20:45:00+00:00,SHORT,SHORT,-4.25,"['delta_strong_negative', 'cvd_strong_negative', 'aggressive_sellers', 'below_vwap']",75576.3,75765.24075,-54.508067023815215,LOSS,30,145.0,0.9547966756774742,1.1633276569506732,-0.9999999999999698,1.0,stop_loss,6.350682915146932,2.9869899200902448,-3.6199773515573006,-3.569371714939128,DOWN,SELL,0.3241580739378096,False,76386.99488730919,-0.004828807206367771,NONE,0.0,75387.35925000001,1.0
2026-04-18 21:10:00+00:00,2026-04-18 21:10:00+00:00,2026-04-18 21:15:00+00:00,2026-04-19 01:30:00+00:00,SHORT,SHORT,-4.25,"['delta_strong_negative', 'cvd_strong_negative', 'aggressive_sellers', 'below_vwap']",75676.7,75487.50825,54.23552668869727,WIN,52,255.0,1.4176093830729781,0.8805880806113683,0.9999999999999901,1.0,take_profit,6.350682915146932,1.2697286165094568,-2.5118262755040686,-2.299842774712738,DOWN,SELL,0.3695882102015415,False,76303.55289696323,0.00042263222777006983,NONE,0.0,75487.50825,1.0
2026-04-19 07:15:00+00:00,2026-04-19 07:15:00+00:00,2026-04-19 07:20:00+00:00,2026-04-19 07:20:00+00:00,SHORT,SHORT,-4.25,"['delta_strong_negative', 'cvd_strong_negative', 'aggressive_sellers', 'below_vwap']",75072.0,74884.32,54.50670432213924,WIN,1,1.0,1.3197996589940169,0.14865728900252653,0.9999999999999627,1.0,take_profit,6.350682915146932,2.3421707224863173,-2.4083836984062708,-2.4831953241441056,DOWN,SELL,0.45978927109555323,False,75479.16102851537,-0.004889695356641473,NONE,0.0,74884.32,1.0
2026-04-19 11:05:00+00:00,2026-04-19 11:05:00+00:00,2026-04-19 11:10:00+00:00,2026-04-19 11:50:00+00:00,LONG,LONG,4.75,"['delta_strong_positive', 'cvd_strong_positive', 'aggressive_buyers', 'big_trade_buy', 'above_vwap']",75395.7,75584.18925,54.779237843751595,WIN,9,40.0,1.0265837441657812,0.6636983276234123,0.9999999999999932,1.0,take_profit,6.350682915146932,3.489322246605698,3.7109376127049702,3.126431962129551,UP,BUY,2.5131490958236844,True,75311.8631070382,0.004245116095552323,NONE,0.0,75584.18925,1.0
2026-04-19 13:05:00+00:00,2026-04-19 13:05:00+00:00,2026-04-19 13:10:00+00:00,2026-04-19 13:15:00+00:00,LONG,LONG,4.25,"['delta_strong_positive', 'cvd_strong_positive', 'aggressive_buyers', 'above_vwap']",75729.7,75919.02425,55.05313403297222,WIN,2,5.0,1.6653967994063248,0.5963314261115212,1.0000000000000269,1.0,take_profit,6.350682915146932,2.541316589910462,3.3153924064247304,2.3617429210306464,UP,BUY,3.129460007339083,False,75357.17404355112,0.005032608223356746,NONE,0.0,75919.02425,1.0
2026-04-19 17:00:00+00:00,2026-04-19 17:00:00+00:00,2026-04-19 17:05:00+00:00,2026-04-19 17:20:00+00:00,SHORT,SHORT,-4.75,"['delta_strong_negative', 'cvd_strong_negative', 'aggressive_sellers', 'big_trade_sell', 'below_vwap']",75107.6,75295.369,-55.32839970313566,LOSS,4,15.0,0.898444365150859,1.2238441915331517,-1.000000000000001,1.0,stop_loss,6.350682915146932,2.8614764654147415,-3.2160187157737257,-2.872029846580281,DOWN,SELL,0.502908930735622,True,75502.48355569929,-0.008437486937508568,NONE,0.0,74919.831,1.0
2026-04-19 22:00:00+00:00,2026-04-19 22:00:00+00:00,2026-04-19 22:05:00+00:00,2026-04-19 22:05:00+00:00,SHORT,SHORT,-3.5,"['delta_strong_negative', 'cvd_strong_negative', 'below_vwap']",73840.4,74025.00099999999,-55.05175770461846,LOSS,1,1.0,0.4068233649871413,1.7237176396661538,-0.9999999999999735,1.0,stop_loss,6.350682915146932,4.113380921493732,-3.330087002207844,-3.110997420061054,DOWN,SELL,0.7264325758993229,False,75229.88434203599,-0.008341935080331554,NONE,0.0,73655.799,1.0
2026-04-20 00:00:00+00:00,2026-04-20 00:00:00+00:00,2026-04-20 00:05:00+00:00,2026-04-20 00:05:00+00:00,LONG,LONG,4.25,"['delta_strong_positive', 'cvd_strong_positive', 'aggressive_buyers', 'above_vwap']",74029.1,73844.02725,-54.77649891609879,LOSS,1,1.0,0.29826108922030437,1.408094924833644,-1.0000000000000357,1.0,stop_loss,6.350682915146932,3.9507495662113907,3.5243542496267986,2.949761170391782,UP,BUY,1.8550492621415933,False,73966.03333333334,-0.0012189812214546524,NONE,0.0,74214.17275000001,1.0
2026-04-20 06:40:00+00:00,2026-04-20 06:40:00+00:00,2026-04-20 06:45:00+00:00,2026-04-20 07:20:00+00:00,LONG,LONG,4.25,"['delta_strong_positive', 'cvd_strong_positive', 'aggressive_buyers', 'above_vwap']",74740.0,74926.85,54.502616421518034,WIN,8,35.0,4.277762911426294,0.6845062884666534,1.0000000000000313,1.0,take_profit,6.350682915146932,3.691732395898878,3.0985859798591195,2.4362552303649063,UP,BUY,1.71022560940707,False,74318.38860229962,0.004377851931780082,NONE,0.0,74926.85,1.0
2026-04-20 12:20:00+00:00,2026-04-20 12:20:00+00:00,2026-04-20 12:25:00+00:00,2026-04-20 12:35:00+00:00,LONG,LONG,4.25,"['delta_strong_positive', 'cvd_strong_positive', 'aggressive_buyers', 'above_vwap']",75472.6,75283.9185,-54.77512950362567,LOSS,3,10.0,0.14521826464170667,1.7139995177058094,-1.000000000000032,1.0,stop_loss,6.350682915146932,3.9201514901091405,3.7246466952110233,3.4166091648508736,UP,BUY,1.899926524854727,False,74710.43487681728,0.005051678763567336,NONE,0.0,75661.28150000001,1.0
2026-04-20 14:50:00+00:00,2026-04-20 14:50:00+00:00,2026-04-20 14:55:00+00:00,2026-04-20 15:00:00+00:00,SHORT,SHORT,-3.75,"['delta_strong_negative', 'cvd_strong_negative', 'aggressive_sellers']",74982.8,74795.34300000001,54.501253856104306,WIN,2,5.0,1.8313533236955828,0.3360770736755629,0.9999999999999725,1.0,take_profit,6.350682915146932,2.7713966555039065,-2.891442243046255,-2.954505567766691,DOWN,SELL,0.5741082742146971,False,74843.71221579451,-0.003281811995900959,NONE,0.0,74795.34300000001,1.0
2026-04-20 15:25:00+00:00,2026-04-20 15:25:00+00:00,2026-04-20 15:30:00+00:00,2026-04-20 15:30:00+00:00,LONG,LONG,4.75,"['delta_strong_positive', 'cvd_strong_positive', 'aggressive_buyers', 'big_trade_buy', 'above_vwap']",75708.1,75518.82975,-54.77376012538672,LOSS,1,1.0,0.0,1.2638013633944671,-1.0000000000000073,1.0,stop_loss,6.350682915146932,2.3591584108746986,2.4002916852820597,2.009830767403209,UP,BUY,1.6269256862008625,True,74876.8044003927,0.006474734552270306,NONE,0.0,75897.37025,1.0
2026-04-20 17:15:00+00:00,2026-04-20 17:15:00+00:00,2026-04-20 17:20:00+00:00,2026-04-20 17:30:00+00:00,LONG,LONG,4.25,"['delta_strong_positive', 'cvd_strong_positive', 'aggressive_buyers', 'above_vwap']",75811.8,75622.2705,-54.49989132476058,LOSS,3,10.0,0.009497202282509637,1.365486639283082,-1.000000000000022,1.0,stop_loss,6.350682915146932,2.6803205134036543,2.743703606959276,2.556111060939137,UP,BUY,2.202653215813949,False,74947.40783793999,0.006812343930413366,NONE,0.0,76001.3295,1.0
2026-04-20 18:00:00+00:00,2026-04-20 18:00:00+00:00,2026-04-20 18:05:00+00:00,2026-04-20 18:05:00+00:00,LONG,LONG,4.25,"['delta_strong_positive', 'cvd_strong_positive', 'aggressive_buyers', 'above_vwap']",76039.3,76229.39825,54.22739186813428,WIN,1,1.0,1.279338447355497,0.0794326091902783,0.9999999999999761,1.0,take_profit,6.350682915146932,3.9700156035564524,3.6562836191503783,2.551429037799566,UP,BUY,1.7210207097147912,False,75013.72018570073,0.007771895805531643,NONE,0.0,76229.39825,1.0
2026-04-21 01:05:00+00:00,2026-04-21 01:05:00+00:00,2026-04-21 01:10:00+00:00,2026-04-21 01:50:00+00:00,LONG,LONG,4.25,"['delta_strong_positive', 'cvd_strong_positive', 'aggressive_buyers', 'above_vwap']",76125.7,75935.38575,-54.498528827475056,LOSS,9,40.0,0.3399640331714367,1.7187362480738635,-0.9999999999999781,1.0,stop_loss,6.350682915146932,2.4871925078798616,2.206467845389472,2.3775934853846588,UP,BUY,1.6297912188477661,False,75917.43593342061,0.0033415872682233567,NONE,0.0,76316.01425,1.0
2026-04-21 05:25:00+00:00,2026-04-21 05:25:00+00:00,2026-04-21 05:30:00+00:00,2026-04-21 06:20:00+00:00,SHORT,SHORT,-3.75,"['delta_strong_negative', 'cvd_strong_negative', 'aggressive_sellers']",75859.6,75669.951,54.22603618334028,WIN,11,50.0,1.0614345448697482,0.0,1.0000000000000258,1.0,take_profit,6.350682915146932,3.6570853326129846,-3.7549202271862874,-3.0779004270612513,DOWN,SELL,0.24468376936753872,False,75773.54288841835,0.0020862318074497187,NONE,0.0,75669.951,1.0
2026-04-21 08:45:00+00:00,2026-04-21 08:45:00+00:00,2026-04-21 08:50:00+00:00,2026-04-21 08:55:00+00:00,LONG,LONG,4.75,"['delta_strong_positive', 'cvd_strong_positive', 'aggressive_buyers', 'big_trade_buy', 'above_vwap']",76618.8,76427.253,-54.49716636425726,LOSS,2,5.0,0.03027977467672639,1.1213957931995953,-1.0000000000000309,1.0,stop_loss,6.350682915146932,4.132529707297429,4.058304952868385,3.7066256175016505,UP,BUY,2.1859868788171997,True,75996.43401190985,0.005763389612266294,NONE,0.0,76810.34700000001,1.0
2026-04-21 10:45:00+00:00,2026-04-21 10:45:00+00:00,2026-04-21 10:50:00+00:00,2026-04-21 11:10:00+00:00,LONG,LONG,4.25,"['delta_strong_positive', 'cvd_strong_positive', 'aggressive_buyers', 'above_vwap']",76685.8,76494.0855,-54.22468053243482,LOSS,5,20.0,0.8277934115572744,2.1109514408143206,-1.0000000000000095,1.0,stop_loss,6.350682915146932,2.6848123674064297,3.42540739455045,2.058915655960123,UP,BUY,2.364873173815524,False,76089.0331104055,0.004268264853983592,NONE,0.0,76877.5145,1.0
2026-04-21 12:40:00+00:00,2026-04-21 12:40:00+00:00,2026-04-21 12:45:00+00:00,2026-04-21 12:55:00+00:00,SHORT,SHORT,-4.25,"['delta_strong_negative', 'cvd_strong_negative', 'aggressive_sellers', 'below_vwap']",75783.4,75972.85849999999,-53.953557129770246,LOSS,3,10.0,0.49562305201399875,1.2752133052885242,-0.9999999999999649,1.0,stop_loss,6.350682915146932,3.8930272445680543,-3.601821899998926,-3.309404550485881,DOWN,SELL,0.6349615043962865,False,76143.7305439589,-0.007716545706681186,NONE,0.0,75593.9415,1.0
2026-04-21 14:45:00+00:00,2026-04-21 14:45:00+00:00,2026-04-21 14:50:00+00:00,2026-04-21 14:55:00+00:00,SHORT,SHORT,-3.75,"['delta_strong_negative', 'cvd_strong_negative', 'aggressive_sellers']",76184.9,75994.43775,53.68378934412239,WIN,2,5.0,3.219535629763888,0.3249987858486852,0.9999999999999836,1.0,take_profit,6.350682915146932,1.2956261159732598,-3.121677683950835,-2.482104425035376,DOWN,SELL,0.2178576830026546,False,76116.45693372413,0.0005009876212787908,NONE,0.0,75994.43775,1.0
2026-04-21 17:15:00+00:00,2026-04-21 17:15:00+00:00,2026-04-21 17:20:00+00:00,2026-04-21 17:20:00+00:00,SHORT,SHORT,-4.25,"['delta_strong_negative', 'cvd_strong_negative', 'aggressive_sellers', 'below_vwap']",75064.5,75252.16125,-53.95220829084523,LOSS,1,1.0,0.24885265338474027,1.471268042816542,-1.0000000000000249,1.0,stop_loss,6.350682915146932,3.6188249778825847,-3.626793236507143,-3.180630001859989,DOWN,SELL,0.6198961399863351,False,76024.27587449999,-0.010521666523696469,NONE,0.0,74876.83875,1.0
2026-04-21 19:35:00+00:00,2026-04-21 19:35:00+00:00,2026-04-21 19:40:00+00:00,2026-04-21 19:40:00+00:00,SHORT,SHORT,-4.25,"['delta_strong_negative', 'cvd_strong_negative', 'aggressive_sellers', 'below_vwap']",75216.4,75028.359,53.68244724938892,WIN,1,1.0,2.331938247509852,0.02658994580969044,0.9999999999999863,1.0,take_profit,6.350682915146932,3.7013404343478644,-3.737921619957377,-2.3379353611595755,DOWN,SELL,0.5593344301722768,False,75949.28509380257,-0.00466858103789164,NONE,0.0,75028.359,1.0
2026-04-21 22:15:00+00:00,2026-04-21 22:15:00+00:00,2026-04-21 22:20:00+00:00,2026-04-21 22:40:00+00:00,SHORT,SHORT,-4.25,"['delta_strong_negative', 'cvd_strong_negative', 'aggressive_sellers', 'below_vwap']",75268.3,75456.47075000001,-53.95085948563796,LOSS,5,20.0,0.09725209683228084,1.2791573610669942,-1.0000000000000253,1.0,stop_loss,6.350682915146932,3.891389193986281,-3.8923130613393933,-3.1854118631792434,DOWN,SELL,0.24146692976766573,False,75860.09414381375,-0.0010571320505414243,NONE,0.0,75080.12925,1.0
2026-04-21 23:40:00+00:00,2026-04-21 23:40:00+00:00,2026-04-21 23:45:00+00:00,2026-04-21 23:45:00+00:00,LONG,LONG,4.25,"['delta_strong_positive', 'cvd_strong_positive', 'aggressive_buyers', 'above_vwap']",76040.6,76230.70150000001,53.68110518820962,WIN,1,1.0,1.7701070217752095,0.03524433000271771,1.0000000000000224,1.0,take_profit,6.350682915146932,3.4012026414596073,2.8293431662198643,2.157956987805087,UP,BUY,2.241357391543029,False,75856.11218246506,0.007776456794880443,NONE,0.0,76230.70150000001,1.0
2026-04-22 02:10:00+00:00,2026-04-22 02:10:00+00:00,2026-04-22 02:15:00+00:00,2026-04-22 02:15:00+00:00,LONG,LONG,4.25,"['delta_strong_positive', 'cvd_strong_positive', 'aggressive_buyers', 'above_vwap']",76696.4,76888.14099999999,53.94951071414792,WIN,1,1.0,2.2999775739148123,0.0005215368647877546,0.9999999999999716,1.0,take_profit,6.350682915146932,4.132941286347469,4.062539357128904,3.3567404156956187,UP,BUY,1.6222550121338373,False,76367.90607864442,0.006966256889689366,NONE,0.0,76888.14099999999,1.0
2026-04-22 05:15:00+00:00,2026-04-22 05:15:00+00:00,2026-04-22 05:20:00+00:00,2026-04-22 05:20:00+00:00,LONG,LONG,4.25,"['delta_strong_positive', 'cvd_strong_positive', 'aggressive_buyers', 'above_vwap']",77893.5,78088.23375,54.21925826772003,WIN,1,1.0,2.8449100374228915,0.2470039220217647,0.9999999999999969,1.0,take_profit,6.350682915146932,4.214369355786169,4.160008179545019,3.969346379118327,UP,BUY,1.9039109897539004,False,77124.46274290851,0.008261272142365573,NONE,0.0,78088.23375,1.0
2026-04-22 07:20:00+00:00,2026-04-22 07:20:00+00:00,2026-04-22 07:25:00+00:00,2026-04-22 07:45:00+00:00,SHORT,SHORT,-3.75,"['delta_strong_negative', 'cvd_strong_negative', 'aggressive_sellers']",77845.6,78040.214,-54.49035455905918,LOSS,5,20.0,0.2682232521813006,1.2044354465762697,-1.0000000000000069,1.0,stop_loss,6.350682915146932,1.1017813946169464,-2.092944367612681,-2.017295255978548,DOWN,SELL,0.4943263130613119,False,77475.05245476044,-0.001126725830329887,NONE,0.0,77650.986,1.0
2026-04-22 13:30:00+00:00,2026-04-22 13:30:00+00:00,2026-04-22 13:35:00+00:00,2026-04-22 13:40:00+00:00,LONG,LONG,4.25,"['delta_strong_positive', 'cvd_strong_positive', 'aggressive_buyers', 'above_vwap']",78397.5,78593.49375,54.21790278626189,WIN,2,5.0,1.058707229184604,0.8398226984279132,0.9999999999999704,1.0,take_profit,6.350682915146932,3.827277660655175,3.411276573732387,2.2588684080825923,UP,BUY,1.5041432060180726,False,77670.6255943088,0.0020306318071056017,NONE,0.0,78593.49375,1.0
2026-04-22 14:10:00+00:00,2026-04-22 14:10:00+00:00,2026-04-22 14:15:00+00:00,2026-04-22 14:15:00+00:00,LONG,LONG,4.25,"['delta_strong_positive', 'cvd_strong_positive', 'aggressive_buyers', 'above_vwap']",79018.0,78820.455,-54.488992300194326,LOSS,1,1.0,0.0976992583968357,1.498392771267306,-0.999999999999991,1.0,stop_loss,6.350682915146932,2.1756662274132683,3.4425815837029847,2.34057836082365,UP,BUY,2.463620767771349,False,77784.72631941436,0.00726327118069621,NONE,0.0,79215.545,1.0
2026-04-23 00:10:00+00:00,2026-04-23 00:10:00+00:00,2026-04-23 00:15:00+00:00,2026-04-23 00:15:00+00:00,SHORT,SHORT,-4.25,"['delta_strong_negative', 'cvd_strong_negative', 'aggressive_sellers', 'below_vwap']",77839.1,78033.69775,-54.21654733869407,LOSS,1,1.0,1.6048489769280625,2.861800817326994,-1.0000000000000042,1.0,stop_loss,6.350682915146932,3.797116564423778,-3.520474688403825,-2.259052777679709,DOWN,SELL,0.608236754271553,False,78018.37131243516,-0.006928428979102962,NONE,0.0,77644.50225,1.0
2026-04-23 06:20:00+00:00,2026-04-23 06:20:00+00:00,2026-04-23 06:25:00+00:00,2026-04-23 06:45:00+00:00,LONG,LONG,4.25,"['delta_strong_positive', 'cvd_strong_positive', 'aggressive_buyers', 'above_vwap']",78262.6,78066.94350000001,-53.94546460199964,LOSS,5,20.0,0.1911513289872515,1.073820701075639,-0.9999999999999861,1.0,stop_loss,6.350682915146932,2.2873106006763226,3.6045262007683068,2.727364943224447,UP,BUY,3.51259993189226,False,77991.40173431335,0.005367528443176226,NONE,0.0,78458.2565,1.0
2026-04-23 10:05:00+00:00,2026-04-23 10:05:00+00:00,2026-04-23 10:10:00+00:00,2026-04-23 11:00:00+00:00,SHORT,SHORT,-4.75,"['delta_strong_negative', 'cvd_strong_negative', 'aggressive_sellers', 'big_trade_sell', 'below_vwap']",77263.3,77456.45825,-53.675737278988464,LOSS,11,50.0,0.758963181743497,1.0183360016980745,-0.9999999999999644,1.0,stop_loss,6.350682915146932,4.1828054934910455,-4.195155137074735,-4.086343870020746,DOWN,SELL,0.39262073175236734,True,77825.04618989697,-0.004660854897033351,NONE,0.0,77070.14175000001,1.0
2026-04-23 14:25:00+00:00,2026-04-23 14:25:00+00:00,2026-04-23 14:30:00+00:00,2026-04-23 14:35:00+00:00,LONG,LONG,3.75,"['delta_strong_positive', 'cvd_strong_positive', 'aggressive_buyers']",77690.4,77884.62599999999,53.407358592594086,WIN,2,5.0,1.295398144429715,0.0,0.9999999999999749,1.0,take_profit,6.350682915146932,3.6912220169986187,2.40332704360819,2.367214718205455,UP,BUY,1.530127790245802,False,77733.43218442777,0.001382461531387063,NONE,0.0,77884.62599999999,1.0
2026-04-23 15:45:00+00:00,2026-04-23 15:45:00+00:00,2026-04-23 15:50:00+00:00,2026-04-23 16:50:00+00:00,SHORT,SHORT,-3.75,"['delta_strong_negative', 'cvd_strong_negative', 'aggressive_sellers']",78331.6,78135.77100000001,53.67439538555782,WIN,13,60.0,1.463521746013133,0.6903982556209606,0.9999999999999892,1.0,take_profit,6.350682915146932,0.584665470526868,-2.1115761857008324,-3.2256755389125678,DOWN,SELL,0.5019278290695565,False,77798.80805208052,0.005582810386373212,NONE,0.0,78135.77100000001,1.0
2026-04-23 17:05:00+00:00,2026-04-23 17:05:00+00:00,2026-04-23 17:10:00+00:00,2026-04-23 17:10:00+00:00,SHORT,SHORT,-4.25,"['delta_strong_negative', 'cvd_strong_negative', 'aggressive_sellers', 'below_vwap']",77684.1,77878.31025000001,-53.94276736248722,LOSS,1,1.0,0.32181617602572465,1.004581375081857,-1.000000000000019,1.0,stop_loss,6.350682915146932,2.2464975081856013,-2.716913547221257,-2.0514426059168995,DOWN,SELL,0.47171943595262117,False,77822.9334134928,-0.004277191395230785,NONE,0.0,77489.88975,1.0
2026-04-24 01:00:00+00:00,2026-04-24 01:00:00+00:00,2026-04-24 01:05:00+00:00,2026-04-24 01:05:00+00:00,SHORT,SHORT,-4.25,"['delta_strong_negative', 'cvd_strong_negative', 'aggressive_sellers', 'below_vwap']",78199.5,78004.00125,53.67305352567344,WIN,1,1.0,1.0025639550125,0.000511512221974927,0.999999999999994,1.0,take_profit,6.350682915146932,2.4447968721081947,-2.732207874896952,-3.117424163328789,DOWN,SELL,0.4300925059166343,False,78313.56171183487,0.0006169999430108588,NONE,0.0,78004.00125,1.0
2026-04-24 05:55:00+00:00,2026-04-24 05:55:00+00:00,2026-04-24 06:00:00+00:00,2026-04-24 06:35:00+00:00,LONG,LONG,3.75,"['delta_strong_positive', 'cvd_strong_positive', 'aggressive_buyers']",77911.1,77716.32225000001,-53.941418793300414,LOSS,8,35.0,0.17404451997209217,1.0632631293872417,-0.9999999999999682,1.0,stop_loss,6.350682915146932,4.134765582317112,4.062922279803668,3.9153304183668314,UP,BUY,2.4848456184941767,False,77941.6632111786,0.0008273689894577961,NONE,0.0,78105.87775,1.0
2026-04-24 08:20:00+00:00,2026-04-24 08:20:00+00:00,2026-04-24 08:25:00+00:00,2026-04-24 09:00:00+00:00,LONG,LONG,3.75,"['delta_strong_positive', 'cvd_strong_positive', 'aggressive_buyers']",77875.2,77680.512,-53.67171169933416,LOSS,8,35.0,0.02465483234715499,1.2070595003287312,-0.9999999999999726,1.0,stop_loss,6.350682915146932,3.4356413851948377,2.9833336727555175,2.6660547519174296,UP,BUY,1.7448887818498604,False,77895.88570131402,0.002003077791725073,NONE,0.0,78069.88799999999,1.0
2026-04-24 11:05:00+00:00,2026-04-24 11:05:00+00:00,2026-04-24 11:10:00+00:00,2026-04-24 11:20:00+00:00,LONG,LONG,4.25,"['delta_strong_positive', 'cvd_strong_positive', 'aggressive_buyers', 'above_vwap']",78081.1,78276.30275,53.403353140838064,WIN,3,10.0,1.0701693495608755,0.08247834623234468,0.9999999999999832,1.0,take_profit,6.350682915146932,3.007615957452539,3.83253900538112,3.4983780828369277,UP,BUY,1.612141207580902,False,77848.48667348978,0.004759162887677561,NONE,0.0,78276.30275,1.0
2026-04-24 18:15:00+00:00,2026-04-24 18:15:00+00:00,2026-04-24 18:20:00+00:00,2026-04-24 18:30:00+00:00,SHORT,SHORT,-4.25,"['delta_strong_negative', 'cvd_strong_negative', 'aggressive_sellers', 'below_vwap']",77375.9,77569.33975,-53.67036990654454,LOSS,3,10.0,0.0454922010599598,1.0302949626434221,-1.0000000000000258,1.0,stop_loss,6.350682915146932,1.6389836124023804,-2.401455450690056,-3.313221658568588,DOWN,SELL,0.6129520803483052,False,77877.68713209323,-0.004596399537347941,NONE,0.0,77182.46024999999,1.0
2026-04-24 22:35:00+00:00,2026-04-24 22:35:00+00:00,2026-04-24 22:40:00+00:00,2026-04-25 00:00:00+00:00,SHORT,SHORT,-4.25,"['delta_strong_negative', 'cvd_strong_negative', 'aggressive_sellers', 'below_vwap']",77261.7,77454.85425,-53.40201805701233,LOSS,17,80.0,0.1615289334819042,1.0250874624814106,-1.0000000000000357,1.0,stop_loss,6.350682915146932,3.8553007102807575,-3.808433289387101,-3.0233501556255664,DOWN,SELL,0.3473288714238768,False,77844.52747870688,-0.0035383396501102835,NONE,0.0,77068.54574999999,1.0
2026-04-25 07:25:00+00:00,2026-04-25 07:25:00+00:00,2026-04-25 07:30:00+00:00,2026-04-25 09:35:00+00:00,LONG,LONG,4.25,"['delta_strong_positive', 'cvd_strong_positive', 'aggressive_buyers', 'above_vwap']",77500.2,77693.95049999999,53.135007966723904,WIN,26,125.0,1.1447712393000427,0.29006376757735897,0.9999999999999724,1.0,take_profit,6.350682915146932,2.634664416788794,2.7260863010174767,2.77454018924568,UP,BUY,2.8603893255117265,False,77489.34084246359,-0.0002457756528113901,NONE,0.0,77693.95049999999,1.0
2026-04-25 15:45:00+00:00,2026-04-25 15:45:00+00:00,2026-04-25 15:50:00+00:00,2026-04-25 15:50:00+00:00,SHORT,SHORT,-4.75,"['delta_strong_negative', 'cvd_strong_negative', 'aggressive_sellers', 'big_trade_sell', 'below_vwap']",77458.0,77264.355,53.400683006560115,WIN,1,1.0,1.0069973404942032,0.14975857884272767,1.000000000000021,1.0,take_profit,6.350682915146932,4.0587365515750085,-3.6494801467163795,-2.586875865885391,DOWN,SELL,0.4211918800423315,True,77574.2896102719,-0.0018556557736676214,NONE,0.0,77264.355,1.0
2026-04-25 23:30:00+00:00,2026-04-25 23:30:00+00:00,2026-04-25 23:35:00+00:00,2026-04-26 03:25:00+00:00,LONG,LONG,4.25,"['delta_strong_positive', 'cvd_strong_positive', 'aggressive_buyers', 'above_vwap']",77579.4,77385.4515,-53.66768642159141,LOSS,47,230.0,0.18716308710819063,1.0791524554198066,-0.9999999999999929,1.0,stop_loss,6.350682915146932,1.831651840790861,3.3639398063495176,3.45224006719718,UP,BUY,5.536092968021037,False,77480.20153629144,0.0019818467831555246,NONE,0.0,77773.3485,1.0
2026-04-26 04:45:00+00:00,2026-04-26 04:45:00+00:00,2026-04-26 04:50:00+00:00,2026-04-26 05:10:00+00:00,LONG,LONG,4.25,"['delta_strong_positive', 'cvd_strong_positive', 'aggressive_buyers', 'above_vwap']",77700.8,77895.052,53.399347989481946,WIN,5,20.0,2.1559623581739333,0.26254555937648,0.9999999999999645,1.0,take_profit,6.350682915146932,4.0387461890203324,3.823937249112677,2.8907148004738907,UP,BUY,2.1131274711602295,False,77489.59642481737,0.0028094541105147994,NONE,0.0,77895.052,1.0
2026-04-26 07:55:00+00:00,2026-04-26 07:55:00+00:00,2026-04-26 08:00:00+00:00,2026-04-26 12:45:00+00:00,LONG,LONG,4.25,"['delta_strong_positive', 'cvd_strong_positive', 'aggressive_buyers', 'above_vwap']",78061.5,77866.34625,-53.66634472943061,LOSS,58,285.0,0.6215612049473961,1.7755231452124287,-0.9999999999999881,1.0,stop_loss,6.350682915146932,2.1660742512391944,2.6172715403887277,2.711678442055846,UP,BUY,2.429068275442901,False,77766.43956290159,0.0021538752522911697,NONE,0.0,78256.65375,1.0
2026-04-26 15:20:00+00:00,2026-04-26 15:20:00+00:00,2026-04-26 15:25:00+00:00,2026-04-26 18:15:00+00:00,SHORT,SHORT,-3.75,"['delta_strong_negative', 'cvd_strong_negative', 'aggressive_sellers']",77957.3,78152.19325,-53.39801300578237,LOSS,35,170.0,0.730143296394323,1.892831075473338,-0.9999999999999677,1.0,stop_loss,6.350682915146932,2.525315102663968,-3.361777929610214,-2.7740912637463757,DOWN,SELL,0.20853391714041067,False,77854.682997367,7.216786046907636e-05,NONE,0.0,77762.40675000001,1.0
2026-04-26 21:30:00+00:00,2026-04-26 21:30:00+00:00,2026-04-26 21:35:00+00:00,2026-04-26 21:50:00+00:00,SHORT,SHORT,-3.75,"['delta_strong_negative', 'cvd_strong_negative', 'aggressive_sellers']",77989.2,78184.173,-53.13102294075468,LOSS,4,15.0,1.0883558236268462,2.9014273771239973,-0.9999999999999905,1.0,stop_loss,6.350682915146932,3.8650449389182424,-3.5940319152591536,-2.77349003362058,DOWN,SELL,0.5371113776625588,False,77950.09385421289,-0.002437584256071443,NONE,0.0,77794.227,1.0
2026-04-27 00:25:00+00:00,2026-04-27 00:25:00+00:00,2026-04-27 00:30:00+00:00,2026-04-27 00:40:00+00:00,SHORT,SHORT,-4.25,"['delta_strong_negative', 'cvd_strong_negative', 'aggressive_sellers', 'below_vwap']",78443.3,78639.40825000001,-52.86536782605269,LOSS,3,10.0,0.4415928447681616,1.7577026973622838,-1.0000000000000244,1.0,stop_loss,6.350682915146932,1.4324797707799402,-3.033355822358123,-2.5452080652294837,DOWN,SELL,0.3174700806206062,False,78586.6290354409,0.00037944457887491165,NONE,0.0,78247.19175,1.0
2026-04-27 00:55:00+00:00,2026-04-27 00:55:00+00:00,2026-04-27 01:00:00+00:00,2026-04-27 01:10:00+00:00,LONG,LONG,4.25,"['delta_strong_positive', 'cvd_strong_positive', 'aggressive_buyers', 'above_vwap']",79264.1,79065.93975,-52.601040986921355,LOSS,3,10.0,0.9633617236554464,1.0082748684461333,-1.000000000000004,1.0,stop_loss,6.350682915146932,3.850703685144773,3.3635513594331203,2.460190453302938,UP,BUY,1.7123872775767903,False,78850.58906574172,0.009295728518509854,NONE,0.0,79462.26025,1.0
2026-04-27 05:10:00+00:00,2026-04-27 05:10:00+00:00,2026-04-27 05:15:00+00:00,2026-04-27 05:15:00+00:00,SHORT,SHORT,-4.25,"['delta_strong_negative', 'cvd_strong_negative', 'aggressive_sellers', 'below_vwap']",78351.6,78155.721,52.338035781986754,WIN,1,1.0,2.085471132689058,0.07555684887092724,1.000000000000004,1.0,take_profit,6.350682915146932,4.085892612828621,-4.184772425878673,-3.9497192303550928,DOWN,SELL,0.3348311042794165,False,78952.49225119609,-0.0074102168500318685,NONE,0.0,78155.721,1.0
2026-04-27 09:20:00+00:00,2026-04-27 09:20:00+00:00,2026-04-27 09:25:00+00:00,2026-04-27 09:30:00+00:00,SHORT,SHORT,-4.25,"['delta_strong_negative', 'cvd_strong_negative', 'aggressive_sellers', 'below_vwap']",77661.1,77855.25275,-52.5997259608948,LOSS,2,5.0,0.020602335017145004,1.4622507278418366,-0.9999999999999681,1.0,stop_loss,6.350682915146932,-0.04166158376930307,-2.2115140705298173,-2.733181400514042,DOWN,SELL,0.3991815876431261,False,78321.56069034185,-0.00041510491742541533,NONE,0.0,77466.94725000001,1.0
2026-04-27 13:35:00+00:00,2026-04-27 13:35:00+00:00,2026-04-27 13:40:00+00:00,2026-04-27 13:45:00+00:00,LONG,LONG,3.75,"['delta_strong_positive', 'cvd_strong_positive', 'aggressive_buyers']",77792.0,77597.52,-52.3367273310909,LOSS,2,5.0,0.7111271081859466,1.2134923899629781,-0.9999999999999789,1.0,stop_loss,6.350682915146932,2.3556630305385435,2.0619145185640297,2.0251976858813876,UP,BUY,2.0005991723234486,False,78228.20193932754,0.0005858735544714374,NONE,0.0,77986.48,1.0
2026-04-27 14:50:00+00:00,2026-04-27 14:50:00+00:00,2026-04-27 14:55:00+00:00,2026-04-27 15:00:00+00:00,SHORT,SHORT,-4.25,"['delta_strong_negative', 'cvd_strong_negative', 'aggressive_sellers', 'below_vwap']",77886.3,77691.58425,52.075043694437355,WIN,2,5.0,3.4116397877418896,0.0,1.0000000000000155,1.0,take_profit,6.350682915146932,0.9796040961496181,-3.1160618473215664,-2.4414468052065916,DOWN,SELL,0.3382393575299486,False,78188.30159492938,0.0010471816761609598,NONE,0.0,77691.58425,1.0
2026-04-27 15:15:00+00:00,2026-04-27 15:15:00+00:00,2026-04-27 15:20:00+00:00,2026-04-27 15:20:00+00:00,SHORT,SHORT,-4.25,"['delta_strong_negative', 'cvd_strong_negative', 'aggressive_sellers', 'below_vwap']",76949.9,76757.52524999999,52.33541891290947,WIN,1,1.0,2.0787551380833205,0.468356684024311,1.000000000000014,1.0,take_profit,6.350682915146932,3.467783547317939,-3.1063098270950125,-2.545054972597419,DOWN,SELL,0.5672725160811445,False,78093.53326904282,-0.008470378020691885,NONE,0.0,76757.52524999999,1.0
2026-04-27 19:30:00+00:00,2026-04-27 19:30:00+00:00,2026-04-27 19:35:00+00:00,2026-04-27 19:40:00+00:00,SHORT,SHORT,-3.5,"['delta_strong_negative', 'cvd_strong_negative', 'below_vwap']",76547.3,76738.66825,-52.59709600747315,LOSS,2,5.0,0.23671638320360303,1.0597369208319714,-0.9999999999999974,1.0,stop_loss,6.350682915146932,4.1380357954231215,-3.423124612194958,-3.0612004852677797,DOWN,SELL,0.6955637156901113,False,77817.2530114721,-0.0022746232405099036,NONE,0.0,76355.93175,1.0
2026-04-27 23:15:00+00:00,2026-04-27 23:15:00+00:00,2026-04-27 23:20:00+00:00,2026-04-27 23:45:00+00:00,LONG,LONG,3.75,"['delta_strong_positive', 'cvd_strong_positive', 'aggressive_buyers']",77092.7,77285.43175,52.33411052743762,WIN,6,25.0,1.263932901558803,0.029574784642369976,1.0000000000000326,1.0,take_profit,6.350682915146932,3.4759110731211753,3.170005734414843,2.002062817547342,UP,BUY,1.7924108950066728,False,77754.09718091766,0.003613293061225555,NONE,0.0,77285.43175,1.0
2026-04-28 02:35:00+00:00,2026-04-28 02:35:00+00:00,2026-04-28 02:40:00+00:00,2026-04-28 02:55:00+00:00,SHORT,SHORT,-4.25,"['delta_strong_negative', 'cvd_strong_negative', 'aggressive_sellers', 'below_vwap']",76669.9,76861.57475,-52.59578108007464,LOSS,4,15.0,0.1439939272125894,1.0496948606950662,-1.000000000000029,1.0,stop_loss,6.350682915146932,3.140002023095262,-2.8146688346826956,-2.1910955344038205,DOWN,SELL,0.5546061559442873,False,77145.2149695954,-0.006303216757511038,NONE,0.0,76478.22524999999,1.0
2026-04-28 05:25:00+00:00,2026-04-28 05:25:00+00:00,2026-04-28 05:30:00+00:00,2026-04-28 05:35:00+00:00,SHORT,SHORT,-3.5,"['delta_strong_negative', 'cvd_strong_negative', 'big_trade_sell']",77025.8,76833.23550000001,52.33280217467086,WIN,2,5.0,1.0521150056215232,0.06283608868712182,0.9999999999999643,1.0,take_profit,6.350682915146932,3.0369218762143007,-2.4816333182710055,-2.0949667595527313,DOWN,SELL,0.7354603758902145,True,76988.16295123586,0.00195861031575833,NONE,0.0,76833.23550000001,1.0
2026-04-28 06:35:00+00:00,2026-04-28 06:35:00+00:00,2026-04-28 06:40:00+00:00,2026-04-28 06:40:00+00:00,SHORT,SHORT,-4.25,"['delta_strong_negative', 'cvd_strong_negative', 'aggressive_sellers', 'below_vwap']",76746.4,76554.534,52.59446618554459,WIN,1,1.0,1.1508031647086423,0.060980058999570756,0.9999999999999716,1.0,take_profit,6.350682915146932,1.3364251978511075,-3.4411908643416136,-2.9036022174930025,DOWN,SELL,0.24707122313113494,False,76970.94135593007,-0.0010301779967325348,NONE,0.0,76554.534,1.0
2026-04-28 11:15:00+00:00,2026-04-28 11:15:00+00:00,2026-04-28 11:20:00+00:00,2026-04-28 11:35:00+00:00,SHORT,SHORT,-3.5,"['delta_strong_negative', 'cvd_strong_negative', 'below_vwap']",76334.7,76143.86325,52.857438516474424,WIN,4,15.0,1.1496737394657695,0.5187680045903108,1.0000000000000118,1.0,take_profit,6.350682915146932,3.6588846436639244,-2.5893865630704878,-2.507881111629201,DOWN,SELL,0.6910962771405037,False,76817.40974806156,-0.003985000869772282,NONE,0.0,76143.86325,1.0
2026-04-28 20:00:00+00:00,2026-04-28 20:00:00+00:00,2026-04-28 20:05:00+00:00,2026-04-28 22:50:00+00:00,LONG,LONG,3.75,"['delta_strong_positive', 'cvd_strong_positive', 'aggressive_buyers']",76402.6,76211.5935,-53.12172570905704,LOSS,34,165.0,0.23768824621148588,1.175876213636739,-1.0000000000000162,1.0,stop_loss,6.350682915146932,3.1148142690889866,3.4330676319607956,3.2157656166455872,UP,BUY,3.327348935062682,False,76418.33264459464,0.003619642081997071,NONE,0.0,76593.60650000001,1.0
2026-04-29 01:20:00+00:00,2026-04-29 01:20:00+00:00,2026-04-29 01:25:00+00:00,2026-04-29 01:45:00+00:00,SHORT,SHORT,-4.25,"['delta_strong_negative', 'cvd_strong_negative', 'aggressive_sellers', 'below_vwap']",76202.7,76393.20675,-52.85611708051102,LOSS,5,20.0,0.335946101647317,1.9542614631765172,-1.0000000000000027,1.0,stop_loss,6.350682915146932,0.8393125216522048,-2.0074257036892,-2.932593119504228,DOWN,SELL,0.33483033350053076,False,76347.34917732236,-0.0014466601491095938,NONE,0.0,76012.19325,1.0
2026-04-29 09:30:00+00:00,2026-04-29 09:30:00+00:00,2026-04-29 09:35:00+00:00,2026-04-29 09:45:00+00:00,LONG,LONG,4.25,"['delta_strong_positive', 'cvd_strong_positive', 'aggressive_buyers', 'above_vwap']",77182.5,77375.45625,52.59183649510913,WIN,3,10.0,2.6197648430667573,0.08188384672692857,1.000000000000015,1.0,take_profit,6.350682915146932,2.965402816614828,2.889113233461424,2.7636670876771645,UP,BUY,2.1992485460565323,False,76923.23221629605,0.0016833933507815987,NONE,0.0,77375.45625,1.0
2026-04-29 12:20:00+00:00,2026-04-29 12:20:00+00:00,2026-04-29 12:25:00+00:00,2026-04-29 13:20:00+00:00,SHORT,SHORT,-4.25,"['delta_strong_negative', 'cvd_strong_negative', 'aggressive_sellers', 'below_vwap']",77097.4,76904.6565,52.85479567758301,WIN,12,55.0,1.1471203957590854,0.6656515005694248,0.9999999999999837,1.0,take_profit,6.350682915146932,3.8401387434596974,-3.073355063499155,-2.6246553832140482,DOWN,SELL,0.6255608778974664,False,77158.98694663966,-0.005219841997236466,NONE,0.0,76904.6565,1.0
2026-04-29 15:50:00+00:00,2026-04-29 15:50:00+00:00,2026-04-29 15:55:00+00:00,2026-04-29 16:00:00+00:00,SHORT,SHORT,-4.25,"['delta_strong_negative', 'cvd_strong_negative', 'aggressive_sellers', 'below_vwap']",75751.2,75940.578,-53.11906965597095,LOSS,2,5.0,0.2492369757838666,1.411462788708313,-0.9999999999999841,1.0,stop_loss,6.350682915146932,2.4379603401404046,-2.028199687839197,-2.926707273512272,DOWN,SELL,0.6395036082194542,False,76932.00919648065,-0.011254106639942934,NONE,0.0,75561.822,1.0
2026-04-29 18:05:00+00:00,2026-04-29 18:05:00+00:00,2026-04-29 18:10:00+00:00,2026-04-29 18:10:00+00:00,SHORT,SHORT,-4.75,"['delta_strong_negative', 'cvd_strong_negative', 'aggressive_sellers', 'big_trade_sell', 'below_vwap']",74970.6,75158.0265,-52.85347430769232,LOSS,1,1.0,0.5474145865179461,1.2212787412665453,-1.0000000000000073,1.0,stop_loss,6.350682915146932,4.176753835107381,-4.159227453217649,-3.9092440704965887,DOWN,SELL,0.37563061597312786,True,76682.0319595672,-0.012791948513005922,NONE,0.0,74783.1735,1.0
2026-04-30 00:30:00+00:00,2026-04-30 00:30:00+00:00,2026-04-30 00:35:00+00:00,2026-04-30 00:35:00+00:00,LONG,LONG,4.25,"['delta_strong_positive', 'cvd_strong_positive', 'aggressive_buyers', 'above_vwap']",75905.1,76094.86275,52.58920693615192,WIN,1,1.0,1.2905588689033762,0.0,0.9999999999999706,1.0,take_profit,6.350682915146932,2.0408702957470877,2.0364776387159202,2.083865337230473,UP,BUY,1.6916085547634478,False,75766.65057828698,0.0012962198242929864,NONE,0.0,76094.86275,1.0
2026-04-30 02:30:00+00:00,2026-04-30 02:30:00+00:00,2026-04-30 02:35:00+00:00,2026-04-30 02:35:00+00:00,SHORT,SHORT,-4.25,"['delta_strong_negative', 'cvd_strong_negative', 'aggressive_sellers', 'below_vwap']",75724.0,75534.69,52.85215297083358,WIN,1,1.0,1.4531720458507518,0.2826052506470868,0.9999999999999877,1.0,take_profit,6.350682915146932,3.9528742742366454,-3.1732838061922357,-2.586554031970586,DOWN,SELL,0.6417997917759417,False,76076.90184897398,-0.004024788298839625,NONE,0.0,75534.69,1.0
2026-04-30 05:40:00+00:00,2026-04-30 05:40:00+00:00,2026-04-30 05:45:00+00:00,2026-04-30 07:25:00+00:00,LONG,LONG,3.75,"['delta_strong_positive', 'cvd_strong_positive', 'aggressive_buyers']",75675.1,75864.28775,53.11641373568765,WIN,21,100.0,1.003236203189627,0.7135768568525181,0.9999999999999858,1.0,take_profit,6.350682915146932,1.1361386928501913,2.5194977239669036,2.7336409673034994,UP,BUY,2.8860517763395466,False,75866.56860029427,-0.0009837914597582023,NONE,0.0,75864.28775,1.0
2026-04-30 08:20:00+00:00,2026-04-30 08:20:00+00:00,2026-04-30 08:25:00+00:00,2026-04-30 09:25:00+00:00,SHORT,SHORT,-3.75,"['delta_strong_negative', 'cvd_strong_negative', 'aggressive_sellers']",75999.9,76189.89975,-53.3819958043676,LOSS,13,60.0,0.14000018421072277,1.0384224189768825,-1.0000000000000142,1.0,stop_loss,6.350682915146932,0.8892567675760495,-2.13891537686579,-2.2891030435324597,DOWN,SELL,0.3415900851933972,False,75873.68499434752,0.0032588062308642955,NONE,0.0,75809.90024999999,1.0
2026-04-30 12:20:00+00:00,2026-04-30 12:20:00+00:00,2026-04-30 12:25:00+00:00,2026-04-30 13:25:00+00:00,LONG,LONG,4.25,"['delta_strong_positive', 'cvd_strong_positive', 'aggressive_buyers', 'above_vwap']",76315.0,76124.2125,-53.115085825346625,LOSS,13,60.0,0.3150101552774989,1.0687282971892509,-1.0000000000000304,1.0,stop_loss,6.350682915146932,2.136289587822547,3.27930462175896,2.4917239359473737,UP,BUY,2.5701675285198533,False,75931.79619513183,0.003056565746751808,NONE,0.0,76505.7875,1.0
2026-04-30 13:40:00+00:00,2026-04-30 13:40:00+00:00,2026-04-30 13:45:00+00:00,2026-04-30 13:45:00+00:00,LONG,LONG,4.25,"['delta_strong_positive', 'cvd_strong_positive', 'aggressive_buyers', 'above_vwap']",76586.3,76394.83425,-52.84951039621912,LOSS,1,1.0,0.2298061141483529,1.0665092842975679,-1.0000000000000158,1.0,stop_loss,6.350682915146932,3.636979997869159,3.580810638673531,2.249643970560001,UP,BUY,2.169398103455211,False,75985.65419253161,0.005197554211094385,NONE,0.0,76777.76575,1.0
2026-05-01 01:45:00+00:00,2026-05-01 01:45:00+00:00,2026-05-01 01:50:00+00:00,2026-05-01 03:15:00+00:00,LONG,LONG,4.25,"['delta_strong_positive', 'cvd_strong_positive', 'aggressive_buyers', 'above_vwap']",76649.9,76841.52475,52.585262844237924,WIN,18,85.0,2.870192916102957,0.859492315058452,1.000000000000014,1.0,take_profit,6.350682915146932,3.435769941019701,3.6869126309722393,2.084116843060908,UP,BUY,2.4036411048447435,False,76494.14976015608,0.003209621496942752,NONE,0.0,76841.52475,1.0
2026-05-01 06:45:00+00:00,2026-05-01 06:45:00+00:00,2026-05-01 06:50:00+00:00,2026-05-01 08:10:00+00:00,SHORT,SHORT,-4.25,"['delta_strong_negative', 'cvd_strong_negative', 'aggressive_sellers', 'below_vwap']",76933.2,77125.533,-52.848189158458005,LOSS,17,80.0,0.5173319191194439,1.5405572626642485,-0.9999999999999932,1.0,stop_loss,6.350682915146932,1.087819574207128,-2.4609211829727062,-2.0398948284395546,DOWN,SELL,0.435306083830069,False,76949.90759696419,-0.002155745459797229,NONE,0.0,76740.867,1.0
2026-05-01 09:00:00+00:00,2026-05-01 09:00:00+00:00,2026-05-01 09:05:00+00:00,2026-05-01 11:20:00+00:00,SHORT,SHORT,-4.25,"['delta_strong_negative', 'cvd_strong_negative', 'aggressive_sellers', 'big_trade_sell']",77286.3,77479.51575,-52.5839482126669,LOSS,28,135.0,0.8705294470041758,1.5635371340068873,-1.0000000000000155,1.0,stop_loss,6.350682915146932,0.8318899218982142,-3.2565264546944315,-2.022082745077426,DOWN,SELL,0.22881869157249765,True,77026.32010750195,0.0014096461072657036,NONE,0.0,77093.08425,1.0
2026-05-01 12:30:00+00:00,2026-05-01 12:30:00+00:00,2026-05-01 12:35:00+00:00,2026-05-01 12:35:00+00:00,LONG,LONG,4.25,"['delta_strong_positive', 'cvd_strong_positive', 'aggressive_buyers', 'above_vwap']",77901.7,78096.45425,52.32102847160224,WIN,1,1.0,1.2508071069052709,0.03337539488868664,0.9999999999999905,1.0,take_profit,6.350682915146932,3.9392915435284492,3.6568753708725334,3.2951742427755257,UP,BUY,1.6195788178721138,False,77204.87421494053,0.004779763256170815,NONE,0.0,78096.45425,1.0
2026-05-01 20:15:00+00:00,2026-05-01 20:15:00+00:00,2026-05-01 20:20:00+00:00,2026-05-01 20:40:00+00:00,SHORT,SHORT,-3.75,"['delta_strong_negative', 'cvd_strong_negative', 'aggressive_sellers']",78156.6,77961.20850000001,52.58263361396018,WIN,5,20.0,1.2989306085474697,0.030195786408283774,0.9999999999999892,1.0,take_profit,6.350682915146932,1.5673987842554344,-2.080700480627849,-3.0134351289012473,DOWN,SELL,0.6475747283342758,False,77827.74276001174,-0.0024294893498399083,NONE,0.0,77961.20850000001,1.0
2026-05-02 01:30:00+00:00,2026-05-02 01:30:00+00:00,2026-05-02 01:35:00+00:00,2026-05-02 03:15:00+00:00,LONG,LONG,4.25,"['delta_strong_positive', 'cvd_strong_positive', 'aggressive_buyers', 'above_vwap']",78380.9,78184.94774999999,-52.845546782031114,LOSS,21,100.0,0.5057354534076839,1.007898607951682,-1.0000000000000107,1.0,stop_loss,6.350682915146932,2.6855370925645268,2.2302679891615216,2.1509785899381892,UP,BUY,1.726260402964275,False,78268.74367918618,0.002373311436437436,NONE,0.0,78576.85225,1.0
2026-05-02 12:25:00+00:00,2026-05-02 12:25:00+00:00,2026-05-02 12:30:00+00:00,2026-05-02 14:25:00+00:00,LONG,LONG,3.75,"['delta_strong_positive', 'cvd_strong_positive', 'aggressive_buyers']",78208.0,78403.52,52.58131904812149,WIN,24,115.0,1.2796644844517036,0.3687602291325993,1.0000000000000209,1.0,take_profit,6.350682915146932,2.4968715112601063,2.322944299153803,2.9504583369001374,UP,BUY,2.735619041732977,False,78219.98582061044,0.00028818375122500653,NONE,0.0,78403.52,1.0
2026-05-02 21:35:00+00:00,2026-05-02 21:35:00+00:00,2026-05-02 21:40:00+00:00,2026-05-02 22:00:00+00:00,LONG,LONG,4.75,"['delta_strong_positive', 'cvd_strong_positive', 'aggressive_buyers', 'big_trade_buy', 'above_vwap']",78863.0,78665.8425,-52.84422564336132,LOSS,5,20.0,0.08622547962923044,1.2122288018462397,-1.000000000000006,1.0,stop_loss,6.350682915146932,4.246474822611451,4.234018041826666,4.230996885957568,UP,BUY,1.7987955562116729,True,78351.11576709844,0.002404102068964122,NONE,0.0,79060.1575,1.0
2026-05-03 01:00:00+00:00,2026-05-03 01:00:00+00:00,2026-05-03 01:05:00+00:00,2026-05-03 01:35:00+00:00,SHORT,SHORT,-4.25,"['delta_strong_negative', 'cvd_strong_negative', 'aggressive_sellers', 'below_vwap']",78331.1,78135.27225000001,52.58000451514333,WIN,7,30.0,1.1801187523219043,0.2083463656197263,0.9999999999999833,1.0,take_profit,6.350682915146932,3.886571450788023,-3.4228732679843192,-3.4752719330487527,DOWN,SELL,0.4957712030355905,False,78488.0358480788,-0.004467978337507992,NONE,0.0,78135.27225000001,1.0
2026-05-03 09:35:00+00:00,2026-05-03 09:35:00+00:00,2026-05-03 09:40:00+00:00,2026-05-03 10:45:00+00:00,LONG,LONG,4.25,"['delta_strong_positive', 'cvd_strong_positive', 'aggressive_buyers', 'above_vwap']",78561.0,78364.5975,-52.84290453771898,LOSS,14,65.0,0.0,1.0320642558012096,-0.9999999999999821,1.0,stop_loss,6.350682915146932,3.072842380646998,2.9462338155604972,2.692509147259243,UP,BUY,2.370022870932306,False,78283.21400968796,0.0031094096425884855,NONE,0.0,78757.4025,1.0
2026-05-03 11:40:00+00:00,2026-05-03 11:40:00+00:00,2026-05-03 11:45:00+00:00,2026-05-03 20:20:00+00:00,LONG,LONG,4.25,"['delta_strong_positive', 'cvd_strong_positive', 'aggressive_buyers', 'above_vwap']",78679.1,78875.79775000001,52.5786900150331,WIN,104,515.0,1.631437065243472,0.8383420755957235,1.0000000000000338,1.0,take_profit,6.350682915146932,3.8510805895649804,3.839796748642519,3.2568275654998433,UP,BUY,2.455174639397449,False,78318.2355248401,0.0026948732262819784,NONE,0.0,78875.79775000001,1.0
2026-05-03 20:35:00+00:00,2026-05-03 20:35:00+00:00,2026-05-03 20:40:00+00:00,2026-05-03 21:35:00+00:00,LONG,LONG,4.25,"['delta_strong_positive', 'cvd_strong_positive', 'aggressive_buyers', 'above_vwap']",78989.6,78792.126,-52.841583465107,LOSS,12,55.0,0.18432806344123365,1.1009044228607752,-1.00000000000001,1.0,stop_loss,6.350682915146932,3.8365726637143247,3.0041772067410406,3.287420485553512,UP,BUY,1.7221466021375276,False,78517.29195697735,0.0018742966871989287,NONE,0.0,79187.07400000001,1.0
2026-05-04 01:55:00+00:00,2026-05-04 01:55:00+00:00,2026-05-04 02:00:00+00:00,2026-05-04 02:00:00+00:00,LONG,LONG,4.25,"['delta_strong_positive', 'cvd_strong_positive', 'aggressive_buyers', 'above_vwap']",79756.0,79556.61,-52.57737554778078,LOSS,1,1.0,2.1485530869150615,1.3190230202116455,-0.9999999999999969,1.0,stop_loss,6.350682915146932,4.043201719015753,4.082208966493189,3.7501105486821102,UP,BUY,1.5396028996130684,False,79067.66608763015,0.009139166677424815,NONE,0.0,79955.39,1.0
2026-05-04 10:00:00+00:00,2026-05-04 10:00:00+00:00,2026-05-04 10:05:00+00:00,2026-05-04 10:05:00+00:00,SHORT,SHORT,-4.25,"['delta_strong_negative', 'cvd_strong_negative', 'aggressive_sellers', 'below_vwap']",79179.9,78981.95025,52.31448867004198,WIN,1,1.0,3.1316028436509478,0.09800467037724843,0.9999999999999989,1.0,take_profit,6.350682915146932,4.192102384550443,-4.052351167965079,-2.5203208982259895,DOWN,SELL,0.6381748832782764,False,79749.01257008938,-0.006148970098893121,NONE,0.0,78981.95025,1.0
2026-05-04 10:20:00+00:00,2026-05-04 10:20:00+00:00,2026-05-04 10:25:00+00:00,2026-05-04 10:25:00+00:00,SHORT,SHORT,-4.25,"['delta_strong_negative', 'cvd_strong_negative', 'aggressive_sellers', 'below_vwap']",78214.2,78409.7355,-52.576061113391745,LOSS,1,1.0,0.43930641750472005,1.5127687811164874,-0.9999999999999906,1.0,stop_loss,6.350682915146932,2.3201083101842395,-2.9283192448641353,-3.2101245104775074,DOWN,SELL,0.5344175957185064,False,79525.76606798478,-0.01091890478528268,NONE,0.0,78018.6645,1.0
2026-05-04 13:45:00+00:00,2026-05-04 13:45:00+00:00,2026-05-04 13:50:00+00:00,2026-05-04 14:00:00+00:00,SHORT,SHORT,-4.25,"['delta_strong_negative', 'cvd_strong_negative', 'aggressive_sellers', 'below_vwap']",78795.3,78598.31175000001,52.31318080782392,WIN,3,10.0,1.1792581537223814,0.2665133580302378,0.9999999999999739,1.0,take_profit,6.350682915146932,0.5779638011798386,-3.0055910122808713,-2.796269285393625,DOWN,SELL,0.31655265710347646,False,79333.83738449159,0.0004856736908567485,NONE,0.0,78598.31175000001,1.0
2026-05-04 14:45:00+00:00,2026-05-04 14:45:00+00:00,2026-05-04 14:50:00+00:00,2026-05-04 14:50:00+00:00,LONG,LONG,3.5,"['delta_strong_positive', 'cvd_strong_positive', 'above_vwap']",79993.6,80193.584,52.57474671186354,WIN,1,1.0,2.255680454436311,0.008000640051233202,0.9999999999999837,1.0,take_profit,6.350682915146932,3.978125678823349,3.1943014735901545,2.527761064214039,UP,BUY,1.3431019942867999,False,79337.92847466122,0.011691174210768995,NONE,0.0,80193.584,1.0
2026-05-04 15:10:00+00:00,2026-05-04 15:10:00+00:00,2026-05-04 15:15:00+00:00,2026-05-04 15:15:00+00:00,SHORT,SHORT,-3.75,"['delta_strong_negative', 'cvd_strong_negative', 'aggressive_sellers']",80065.9,79865.73525,52.837620445422736,WIN,1,1.0,3.285293739282223,0.6099975145474207,0.9999999999999815,1.0,take_profit,6.350682915146932,0.9056165054865306,-2.083276248000078,-2.055268495788223,DOWN,SELL,0.6228460876352482,False,79419.78877266248,0.007713061341178133,NONE,0.0,79865.73525,1.0
2026-05-04 21:20:00+00:00,2026-05-04 21:20:00+00:00,2026-05-04 21:25:00+00:00,2026-05-04 22:50:00+00:00,LONG,LONG,4.25,"['delta_strong_positive', 'cvd_strong_positive', 'aggressive_buyers', 'above_vwap']",80234.1,80033.51475,-53.101808547651814,LOSS,18,85.0,0.6436166168748263,1.0374641206170732,-1.0000000000000184,1.0,stop_loss,6.350682915146932,2.2112911251658507,2.3862822869728264,2.4115514810920007,UP,BUY,3.019260116489051,False,79556.62883607182,0.0001355024813834289,NONE,0.0,80434.68525000001,1.0
2026-05-05 00:00:00+00:00,2026-05-05 00:00:00+00:00,2026-05-05 00:05:00+00:00,2026-05-05 00:50:00+00:00,LONG,LONG,4.25,"['delta_strong_positive', 'cvd_strong_positive', 'aggressive_buyers', 'above_vwap']",79949.1,80148.97275,52.836299504911246,WIN,10,45.0,1.0051395200195832,0.6874373820343629,0.9999999999999748,1.0,take_profit,6.350682915146932,2.931046386652589,2.214816211624185,3.083652206227854,UP,BUY,1.9914954335873583,False,79899.23333333332,-0.000769744889313437,NONE,0.0,80148.97275,1.0
2026-05-05 02:00:00+00:00,2026-05-05 02:00:00+00:00,2026-05-05 02:05:00+00:00,2026-05-05 02:35:00+00:00,LONG,LONG,4.25,"['delta_strong_positive', 'cvd_strong_positive', 'aggressive_buyers', 'above_vwap']",80451.0,80652.1275,53.100481002437746,WIN,7,30.0,1.357347950926651,0.5807261562939077,1.0000000000000115,1.0,take_profit,6.350682915146932,3.433848492599139,2.7852609713616214,2.5769232678055927,UP,BUY,1.7710480202649332,False,80126.13743194939,0.004891105754680957,NONE,0.0,80652.1275,1.0
2026-05-05 03:35:00+00:00,2026-05-05 03:35:00+00:00,2026-05-05 03:40:00+00:00,2026-05-05 05:20:00+00:00,LONG,LONG,4.25,"['delta_strong_positive', 'cvd_strong_positive', 'aggressive_buyers', 'above_vwap']",80817.8,81019.8445,53.36598340745028,WIN,21,100.0,1.7332815295640174,0.7245928495950582,1.0000000000000178,1.0,take_profit,6.350682915146932,3.225017877717246,3.5738984605939685,2.589111571330594,UP,BUY,2.5096518163371577,False,80491.85498010206,0.004453749736112003,NONE,0.0,81019.8445,1.0
2026-05-05 05:35:00+00:00,2026-05-05 05:35:00+00:00,2026-05-05 05:40:00+00:00,2026-05-05 05:45:00+00:00,LONG,LONG,4.75,"['delta_strong_positive', 'cvd_strong_positive', 'aggressive_buyers', 'big_trade_buy', 'above_vwap']",81181.5,80978.54625,-53.63281332448671,LOSS,2,5.0,0.091153772719154,1.565873998386346,-1.0000000000000029,1.0,stop_loss,6.350682915146932,3.646257902658264,3.7428120545766648,3.3612823481477627,UP,BUY,4.398557472103241,True,80697.66389345452,0.004684554432398984,NONE,0.0,81384.45375,1.0
2026-05-05 07:45:00+00:00,2026-05-05 07:45:00+00:00,2026-05-05 07:50:00+00:00,2026-05-05 08:40:00+00:00,SHORT,SHORT,-3.75,"['delta_strong_negative', 'cvd_strong_negative', 'aggressive_sellers']",80925.0,80722.6875,53.36464925786414,WIN,11,50.0,1.2371949335804902,0.0004942848316630004,1.0,1.0,take_profit,6.350682915146932,3.240960777234616,-3.2550487464214752,-3.3470712203492545,DOWN,SELL,0.332322491279832,False,80749.50387537736,-0.00040694719000050844,NONE,0.0,80722.6875,1.0
2026-05-05 11:10:00+00:00,2026-05-05 11:10:00+00:00,2026-05-05 11:15:00+00:00,2026-05-05 12:25:00+00:00,LONG,LONG,4.75,"['delta_strong_positive', 'cvd_strong_positive', 'aggressive_buyers', 'big_trade_buy', 'above_vwap']",80905.6,81107.864,53.63147250415229,WIN,15,70.0,1.4555234742712206,0.6540956373848184,0.9999999999999781,1.0,take_profit,6.350682915146932,4.003879767212795,4.081504331108042,4.051156132983556,UP,BUY,7.976657205087663,True,80745.5579128646,0.0016460034278661315,NONE,0.0,81107.864,1.0
2026-05-05 13:05:00+00:00,2026-05-05 13:05:00+00:00,2026-05-05 13:10:00+00:00,2026-05-05 13:30:00+00:00,LONG,LONG,4.25,"['delta_strong_positive', 'cvd_strong_positive', 'aggressive_buyers', 'above_vwap']",81537.9,81334.05524999999,-53.89962986667525,LOSS,5,20.0,0.5823058970123668,1.0748375908626113,-1.0000000000000189,1.0,stop_loss,6.350682915146932,3.5082364223119535,3.811450197766723,3.0233216586717635,UP,BUY,2.57778096129195,False,80849.02360831143,0.006315155812556368,NONE,0.0,81741.74475,1.0
2026-05-05 16:35:00+00:00,2026-05-05 16:35:00+00:00,2026-05-05 16:40:00+00:00,2026-05-05 17:00:00+00:00,SHORT,SHORT,-3.0,"['delta_strong_negative', 'cvd_strong_negative']",81083.6,81286.30900000001,-53.63013171734151,LOSS,5,20.0,0.41241385434295375,1.2155355706949083,-1.0000000000000124,1.0,stop_loss,6.350682915146932,3.2717084542451125,-2.3206235998517326,-2.7358248650620074,DOWN,SELL,0.7171718744710384,False,81011.5651809288,-0.003499007479079183,NONE,0.0,80880.891,1.0
2026-05-05 19:30:00+00:00,2026-05-05 19:30:00+00:00,2026-05-05 19:35:00+00:00,2026-05-05 21:30:00+00:00,LONG,LONG,4.25,"['delta_strong_positive', 'cvd_strong_positive', 'aggressive_buyers', 'above_vwap']",81545.6,81341.736,-53.361981058754495,LOSS,24,115.0,0.980065141466803,1.3518816465879497,-1.0000000000000069,1.0,stop_loss,6.350682915146932,3.162333053755355,3.4373418739484904,2.426321685291742,UP,BUY,2.671807248890476,False,81037.44246203071,0.002507821119365891,NONE,0.0,81749.464,1.0
2026-05-05 22:35:00+00:00,2026-05-05 22:35:00+00:00,2026-05-05 22:40:00+00:00,2026-05-05 22:40:00+00:00,SHORT,SHORT,-3.5,"['delta_strong_negative', 'cvd_strong_negative', 'below_vwap']",80956.1,80753.70975000001,53.0951711534595,WIN,1,1.0,1.0044950287872212,0.3488310331154355,0.9999999999999838,1.0,take_profit,6.350682915146932,2.836574855836032,-2.3212552532421746,-2.374197970278644,DOWN,SELL,0.7550013635905877,False,81088.5525449447,-0.006038207158877638,NONE,0.0,80753.70975000001,1.0
2026-05-06 00:00:00+00:00,2026-05-06 00:00:00+00:00,2026-05-06 00:05:00+00:00,2026-05-06 00:10:00+00:00,LONG,LONG,4.25,"['delta_strong_positive', 'cvd_strong_positive', 'aggressive_buyers', 'above_vwap']",81011.3,81213.82825,53.36064700922846,WIN,2,5.0,1.028498493420068,0.19305948676298648,1.0000000000000149,1.0,take_profit,6.350682915146932,0.5997701126783809,3.005502084060572,2.488632379966373,UP,BUY,3.159669812902923,False,80980.06666666667,-0.00289703752940824,NONE,0.0,81213.82825,1.0
2026-05-06 05:35:00+00:00,2026-05-06 05:35:00+00:00,2026-05-06 05:40:00+00:00,2026-05-06 05:50:00+00:00,SHORT,SHORT,-4.25,"['delta_strong_negative', 'cvd_strong_negative', 'aggressive_sellers', 'below_vwap']",81027.8,81230.3695,-53.62745024427322,LOSS,3,10.0,0.0004936577323132098,1.0411241573879295,-0.9999999999999891,1.0,stop_loss,6.350682915146932,3.6320363586735995,-3.7369142808561118,-2.2926753436482747,DOWN,SELL,0.4424747105816052,False,81238.38463285474,-0.004132246342867162,NONE,0.0,80825.2305,1.0
2026-05-06 08:30:00+00:00,2026-05-06 08:30:00+00:00,2026-05-06 08:35:00+00:00,2026-05-06 08:50:00+00:00,LONG,LONG,4.25,"['delta_strong_positive', 'cvd_strong_positive', 'aggressive_buyers', 'above_vwap']",81683.6,81887.80900000001,53.359312993053095,WIN,4,15.0,1.168410794822908,0.5220142109309864,1.0000000000000124,1.0,take_profit,6.350682915146932,4.121250730541502,4.118908100572681,3.560797171954152,UP,BUY,2.0292870326604424,False,81308.38456783837,0.0034665215362122753,NONE,0.0,81887.80900000001,1.0
2026-05-06 14:00:00+00:00,2026-05-06 14:00:00+00:00,2026-05-06 14:05:00+00:00,2026-05-06 14:05:00+00:00,SHORT,SHORT,-4.25,"['delta_strong_negative', 'cvd_strong_negative', 'aggressive_sellers', 'below_vwap']",81350.6,81147.22350000001,53.6261095580173,WIN,1,1.0,1.3644644292728019,0.20405504077413072,0.9999999999999925,1.0,take_profit,6.350682915146932,1.5920647155988787,-3.5166740746932277,-2.629984463340035,DOWN,SELL,0.46224694314616677,False,81826.56561178098,-0.010080242210898344,NONE,0.0,81147.22350000001,1.0
2026-05-06 16:20:00+00:00,2026-05-06 16:20:00+00:00,2026-05-06 16:25:00+00:00,2026-05-06 16:50:00+00:00,SHORT,SHORT,-4.25,"['delta_strong_negative', 'cvd_strong_negative', 'aggressive_sellers', 'below_vwap']",81542.0,81745.855,-53.89424010580671,LOSS,6,25.0,0.8309828064064858,1.083613352628065,-0.9999999999999799,1.0,stop_loss,6.350682915146932,1.2948021967395162,-2.198959430975331,-2.3183190684640977,DOWN,SELL,0.5650939360321361,False,81773.66218109368,-0.0017962359009767734,NONE,0.0,81338.145,1.0
2026-05-06 23:00:00+00:00,2026-05-06 23:00:00+00:00,2026-05-06 23:05:00+00:00,2026-05-06 23:10:00+00:00,SHORT,SHORT,-4.25,"['delta_strong_negative', 'cvd_strong_negative', 'aggressive_sellers', 'below_vwap']",81045.2,81247.813,-53.62476890527811,LOSS,2,5.0,0.0996974527794223,1.0483039094234265,-0.9999999999999879,1.0,stop_loss,6.350682915146932,4.212810771896546,-4.2263391552504075,-4.155358784423689,DOWN,SELL,0.43301059289106153,False,81721.8269944055,-0.003448269895138428,NONE,0.0,80842.587,1.0
2026-05-07 04:25:00+00:00,2026-05-07 04:25:00+00:00,2026-05-07 04:30:00+00:00,2026-05-07 05:10:00+00:00,LONG,LONG,3.75,"['delta_strong_positive', 'cvd_strong_positive', 'aggressive_buyers']",80899.9,81102.14975,53.356645060753074,WIN,9,40.0,1.2153290671558454,0.39307835980019756,1.0000000000000133,1.0,take_profit,6.350682915146932,0.39471172895012835,2.0098075762288565,2.927914207507514,UP,BUY,2.6342731006733913,False,80992.78817697876,-0.000895473037499176,NONE,0.0,81102.14975,1.0
2026-05-07 06:05:00+00:00,2026-05-07 06:05:00+00:00,2026-05-07 06:10:00+00:00,2026-05-07 06:30:00+00:00,SHORT,SHORT,-4.25,"['delta_strong_negative', 'cvd_strong_negative', 'aggressive_sellers', 'below_vwap']",80942.2,81144.5555,-53.62342828605748,LOSS,5,20.0,0.493191437840844,1.461783840814818,-1.0000000000000253,1.0,stop_loss,6.350682915146932,2.516653341696004,-2.369511242478302,-2.5334962129866385,DOWN,SELL,0.540558009505172,False,80993.23214889047,0.0001504615861033292,NONE,0.0,80739.84449999999,1.0
2026-05-07 09:35:00+00:00,2026-05-07 09:35:00+00:00,2026-05-07 09:40:00+00:00,2026-05-07 10:25:00+00:00,SHORT,SHORT,-4.75,"['delta_strong_negative', 'cvd_strong_negative', 'aggressive_sellers', 'big_trade_sell', 'below_vwap']",80879.3,80677.10175,53.35531114462618,WIN,10,45.0,1.7680667364826352,0.4520316075930142,1.0000000000000064,1.0,take_profit,6.350682915146932,3.503347229047552,-2.426113577890639,-2.882574548104674,DOWN,SELL,0.5387975350185176,True,81127.69815720929,-0.004942056772905177,NONE,0.0,80677.10175,1.0
2026-05-07 13:10:00+00:00,2026-05-07 13:10:00+00:00,2026-05-07 13:15:00+00:00,2026-05-07 13:20:00+00:00,SHORT,SHORT,-4.25,"['delta_strong_negative', 'cvd_strong_negative', 'aggressive_sellers', 'below_vwap']",80888.5,81090.72125,-53.62208770034958,LOSS,2,5.0,0.3961008054297252,1.0958294442349943,-1.0000000000000115,1.0,stop_loss,6.350682915146932,0.8920626047282596,-2.964359213545423,-2.4179686474450826,DOWN,SELL,0.38371312320454354,False,81061.82484478991,3.5016198067697794e-06,NONE,0.0,80686.27875,1.0
2026-05-07 13:35:00+00:00,2026-05-07 13:35:00+00:00,2026-05-07 13:40:00+00:00,2026-05-07 13:45:00+00:00,SHORT,SHORT,-4.25,"['delta_strong_negative', 'cvd_strong_negative', 'aggressive_sellers', 'below_vwap']",80645.5,80443.88625,53.3539772618483,WIN,2,5.0,2.0311114693318286,0.15623934379475604,1.0000000000000202,1.0,take_profit,6.350682915146932,3.3483385685046616,-2.669719222586926,-2.353722787408435,DOWN,SELL,0.556970442253333,False,81051.18165598101,-0.002623758924921465,NONE,0.0,80443.88625,1.0
2026-05-07 17:25:00+00:00,2026-05-07 17:25:00+00:00,2026-05-07 17:30:00+00:00,2026-05-07 17:40:00+00:00,SHORT,SHORT,-3.5,"['delta_strong_negative', 'cvd_strong_negative', 'below_vwap']",79654.6,79853.7365,-53.62074714815464,LOSS,3,10.0,0.18881520966776968,1.1318869217847767,-0.999999999999966,1.0,stop_loss,6.350682915146932,3.8701114385428133,-3.6382140806052004,-2.414516660457822,DOWN,SELL,0.7178002864361498,False,80649.55297252005,-0.005536892949683871,NONE,0.0,79455.46350000001,1.0
2026-05-07 21:05:00+00:00,2026-05-07 21:05:00+00:00,2026-05-07 21:10:00+00:00,2026-05-07 21:15:00+00:00,SHORT,SHORT,-4.25,"['delta_strong_negative', 'cvd_strong_negative', 'aggressive_sellers', 'below_vwap']",79624.7,79823.76174999999,-53.352643412413954,LOSS,2,5.0,0.0005023566807348416,1.0343524057233935,-0.9999999999999674,1.0,stop_loss,6.350682915146932,2.640297357744627,-3.808675565436778,-3.8238434911133696,DOWN,SELL,0.29590805129216446,False,80563.95877611137,-0.003911372078738904,NONE,0.0,79425.63825,1.0
2026-05-08 00:25:00+00:00,2026-05-08 00:25:00+00:00,2026-05-08 00:30:00+00:00,2026-05-08 00:50:00+00:00,SHORT,SHORT,-4.25,"['delta_strong_negative', 'cvd_strong_negative', 'aggressive_sellers', 'below_vwap']",79976.0,79776.06,53.08588019535424,WIN,5,20.0,1.2528758627588277,0.10053015904774343,1.0000000000000115,1.0,take_profit,6.350682915146932,3.77404147027662,-3.9546073507618433,-3.0204229830695972,DOWN,SELL,0.2622540379645185,False,80011.55602750607,0.0017937180483414735,NONE,0.0,79776.06,1.0
2026-05-08 02:15:00+00:00,2026-05-08 02:15:00+00:00,2026-05-08 02:20:00+00:00,2026-05-08 02:30:00+00:00,SHORT,SHORT,-4.25,"['delta_strong_negative', 'cvd_strong_negative', 'aggressive_sellers', 'below_vwap']",79346.4,79544.76599999999,-53.351309596328925,LOSS,3,10.0,0.031759474909956134,1.493703558069442,-0.9999999999999726,1.0,stop_loss,6.350682915146932,3.6842678811445437,-3.5818171182791576,-2.4271627745966473,DOWN,SELL,0.5574040644129532,False,79701.76372742289,-0.005036143489907255,NONE,0.0,79148.034,1.0
2026-05-08 07:30:00+00:00,2026-05-08 07:30:00+00:00,2026-05-08 07:35:00+00:00,2026-05-08 07:45:00+00:00,LONG,LONG,3.75,"['delta_strong_positive', 'cvd_strong_positive', 'aggressive_buyers']",79454.1,79652.73525000001,53.08455304835052,WIN,3,10.0,1.1372603805215549,0.034737036855284904,1.0000000000000333,1.0,take_profit,6.350682915146932,0.8592601837042262,2.495420849505736,2.5632459890585135,UP,BUY,2.4538687265351915,False,79550.28313469456,-0.0006201967671312742,NONE,0.0,79652.73525000001,1.0
2026-05-08 13:05:00+00:00,2026-05-08 13:05:00+00:00,2026-05-08 13:10:00+00:00,2026-05-08 13:10:00+00:00,SHORT,SHORT,-3.75,"['delta_strong_negative', 'cvd_strong_negative', 'aggressive_sellers']",79860.7,79661.04824999999,53.349975813591726,WIN,1,1.0,1.2326463454489693,0.15577123666587356,1.0000000000000229,1.0,take_profit,6.350682915146932,0.9550990721637267,-2.531992103455863,-2.884715194663906,DOWN,SELL,0.4181304948431884,False,79779.57150484422,-0.0027855711373639316,NONE,0.0,79661.04824999999,1.0
2026-05-08 22:00:00+00:00,2026-05-08 22:00:00+00:00,2026-05-08 22:05:00+00:00,2026-05-08 23:35:00+00:00,LONG,LONG,4.25,"['delta_strong_positive', 'cvd_strong_positive', 'aggressive_buyers', 'above_vwap']",80274.3,80073.61425,-53.616725692659585,LOSS,19,90.0,0.5067624382896996,1.0489035718779236,-1.0000000000000209,1.0,stop_loss,6.350682915146932,4.129290242179167,4.001062294983696,3.899768157370027,UP,BUY,3.1060084548037605,False,79854.73237061432,0.001670860228429845,NONE,0.0,80474.98575,1.0
2026-05-09 01:10:00+00:00,2026-05-09 01:10:00+00:00,2026-05-09 01:15:00+00:00,2026-05-09 03:20:00+00:00,LONG,LONG,4.25,"['delta_strong_positive', 'cvd_strong_positive', 'aggressive_buyers', 'above_vwap']",80287.4,80488.1185,53.348642064195886,WIN,26,125.0,1.2684431180982612,0.4444034804963025,1.0000000000000135,1.0,take_profit,6.350682915146932,1.5424897105844226,2.038914688234979,2.0118594418633395,UP,BUY,2.8802819865319864,False,80168.24773335176,0.0009578535913986776,NONE,0.0,80488.1185,1.0
2026-05-09 04:05:00+00:00,2026-05-09 04:05:00+00:00,2026-05-09 04:10:00+00:00,2026-05-09 04:50:00+00:00,LONG,LONG,4.75,"['delta_strong_positive', 'cvd_strong_positive', 'aggressive_buyers', 'big_trade_buy', 'above_vwap']",80550.2,80348.8245,-53.61538527451473,LOSS,9,40.0,0.0844194055384096,1.1148327378454679,-0.9999999999999735,1.0,stop_loss,6.350682915146932,4.073447231764583,3.6843444200459343,2.5000082763336136,UP,BUY,2.2442181135724764,True,80358.48245657698,0.002308169489741043,NONE,0.0,80751.57549999999,1.0
2026-05-09 06:35:00+00:00,2026-05-09 06:35:00+00:00,2026-05-09 06:40:00+00:00,2026-05-09 08:10:00+00:00,SHORT,SHORT,-4.25,"['delta_strong_negative', 'cvd_strong_negative', 'aggressive_sellers', 'below_vwap']",80180.1,80380.55025,-53.347308348142086,LOSS,19,90.0,0.4779240734297059,1.0037403295830116,-0.9999999999999721,1.0,stop_loss,6.350682915146932,3.642652750961463,-3.2195053726189955,-2.6790135580476417,DOWN,SELL,0.3117930795644114,False,80360.74410753862,-0.0026975721257097786,NONE,0.0,79979.64975000001,1.0
2026-05-09 10:35:00+00:00,2026-05-09 10:35:00+00:00,2026-05-09 10:40:00+00:00,2026-05-09 15:40:00+00:00,LONG,LONG,3.75,"['delta_strong_positive', 'cvd_strong_positive', 'aggressive_buyers']",80300.1,80500.85025,53.08057180640214,WIN,61,300.0,1.3245313517666562,0.5484426544923645,0.9999999999999866,1.0,take_profit,6.350682915146932,2.011288063974212,2.663957750942084,2.67488085705363,UP,BUY,4.118481697629422,False,80313.78310854676,0.0006753613678303861,NONE,0.0,80500.85025,1.0
2026-05-09 22:50:00+00:00,2026-05-09 22:50:00+00:00,2026-05-09 22:55:00+00:00,2026-05-10 11:00:00+00:00,SHORT,SHORT,-3.75,"['delta_strong_negative', 'cvd_strong_negative', 'aggressive_sellers']",80713.0,80914.7825,-53.345974665435186,LOSS,146,725.0,0.8885805260614915,1.1224957565695737,-1.0000000000000058,1.0,stop_loss,6.350682915146932,1.238277358957527,-2.514044152832707,-2.712396966953674,DOWN,SELL,0.16100431597478565,False,80478.17968679727,-0.0008278857129958772,NONE,0.0,80511.2175,1.0
2026-05-10 13:25:00+00:00,2026-05-10 13:25:00+00:00,2026-05-10 13:30:00+00:00,2026-05-10 15:40:00+00:00,LONG,LONG,4.25,"['delta_strong_positive', 'cvd_strong_positive', 'aggressive_buyers', 'above_vwap']",80937.7,81140.04424999999,53.079244792106294,WIN,27,130.0,1.2236572079513297,0.8238435240932079,0.9999999999999736,1.0,take_profit,6.350682915146932,2.667835623635616,2.930852157881285,2.0731642012760307,UP,BUY,2.3611474091571596,False,80739.3987027503,0.001611673254208158,NONE,0.0,81140.04424999999,1.0
2026-05-10 20:30:00+00:00,2026-05-10 20:30:00+00:00,2026-05-10 20:35:00+00:00,2026-05-10 20:45:00+00:00,SHORT,SHORT,-4.25,"['delta_strong_negative', 'cvd_strong_negative', 'aggressive_sellers', 'below_vwap']",80933.1,80730.76725,53.34464101606859,WIN,3,10.0,3.4255452960531882,0.6864929182250237,1.0000000000000069,1.0,take_profit,6.350682915146932,2.251070068734474,-2.520955536482036,-2.46825513733062,DOWN,SELL,0.4299050984671974,False,81039.42042995496,-0.004254395368573022,NONE,0.0,80730.76725,1.0
2026-05-11 00:15:00+00:00,2026-05-11 00:15:00+00:00,2026-05-11 00:20:00+00:00,2026-05-11 00:20:00+00:00,SHORT,SHORT,-4.25,"['delta_strong_negative', 'cvd_strong_negative', 'aggressive_sellers', 'below_vwap']",81541.2,81745.053,-53.6113642211493,LOSS,1,1.0,1.0949066238907306,1.0021927565451718,-1.0000000000000135,1.0,stop_loss,6.350682915146932,2.906666422068546,-3.688927494396194,-2.185620761014959,DOWN,SELL,0.32829331661592015,False,81807.9080389822,0.0013012112850900104,NONE,0.0,81337.347,1.0
2026-05-11 03:10:00+00:00,2026-05-11 03:10:00+00:00,2026-05-11 03:15:00+00:00,2026-05-11 04:30:00+00:00,SHORT,SHORT,-4.25,"['delta_strong_negative', 'cvd_strong_negative', 'aggressive_sellers', 'below_vwap']",80569.7,80771.12425,-53.343307400041866,LOSS,16,75.0,0.494478693603135,1.0793139356358965,-0.9999999999999821,1.0,stop_loss,6.350682915146932,3.802199749054686,-4.045951900814963,-3.2964686641608765,DOWN,SELL,0.5283352808859639,False,81405.86365006307,-0.012034418516674288,NONE,0.0,80368.27575,1.0
2026-05-11 05:40:00+00:00,2026-05-11 05:40:00+00:00,2026-05-11 05:45:00+00:00,2026-05-11 06:25:00+00:00,SHORT,SHORT,-4.25,"['delta_strong_negative', 'cvd_strong_negative', 'aggressive_sellers', 'below_vwap']",80750.9,80952.77725,-53.07659086304393,LOSS,9,40.0,0.2120100209408854,1.3988698577972938,-1.0000000000000249,1.0,stop_loss,6.350682915146932,1.885622078891197,-2.515610746363802,-3.282886826113251,DOWN,SELL,0.3950857435372408,False,81181.68127075849,-0.0013223899039620797,NONE,0.0,80549.02274999999,1.0
2026-05-11 13:30:00+00:00,2026-05-11 13:30:00+00:00,2026-05-11 13:35:00+00:00,2026-05-11 13:40:00+00:00,SHORT,SHORT,-4.25,"['delta_strong_negative', 'cvd_strong_negative', 'aggressive_sellers', 'below_vwap']",80863.1,81065.25775,-52.81120790872699,LOSS,2,5.0,0.727649570694202,1.7629796532657993,-0.9999999999999925,1.0,stop_loss,6.350682915146932,2.8713802835264413,-2.194518281580957,-2.2066783374419807,DOWN,SELL,0.584432603686636,False,81097.5959877274,-0.0027119266278472394,NONE,0.0,80660.94225000001,1.0
2026-05-11 16:25:00+00:00,2026-05-11 16:25:00+00:00,2026-05-11 16:30:00+00:00,2026-05-11 16:40:00+00:00,SHORT,SHORT,-3.75,"['delta_strong_negative', 'cvd_strong_negative', 'aggressive_sellers']",81732.9,81528.56774999999,52.547151869185505,WIN,3,10.0,1.1006583640125052,0.7199059375111164,1.000000000000033,1.0,take_profit,6.350682915146932,-0.19085666946345511,-2.1156962911956168,-2.3077164455776593,DOWN,SELL,0.46120796535030906,False,81099.96391596958,0.007727137318028672,NONE,0.0,81528.56774999999,1.0
2026-05-11 19:20:00+00:00,2026-05-11 19:20:00+00:00,2026-05-11 19:25:00+00:00,2026-05-11 20:30:00+00:00,LONG,LONG,4.25,"['delta_strong_positive', 'cvd_strong_positive', 'aggressive_buyers', 'above_vwap']",82002.7,81797.69325,-52.8098876285298,LOSS,14,65.0,0.255113551139184,1.0028938071550877,-1.0000000000000022,1.0,stop_loss,6.350682915146932,2.1682225447435113,3.781813158601276,2.7138593056365323,UP,BUY,2.866346386728988,False,81216.28492353276,0.004009835731306653,NONE,0.0,82207.70675,1.0
2026-05-12 01:15:00+00:00,2026-05-12 01:15:00+00:00,2026-05-12 01:20:00+00:00,2026-05-12 01:30:00+00:00,SHORT,SHORT,-4.25,"['delta_strong_negative', 'cvd_strong_negative', 'aggressive_sellers', 'below_vwap']",81337.3,81133.95675,52.54583819038841,WIN,3,10.0,1.2874781926619294,0.48145192918867075,1.0000000000000262,1.0,take_profit,6.350682915146932,2.5183443241926335,-2.167091501646886,-2.076273877074372,DOWN,SELL,0.6261174715754744,False,81502.0350857503,-0.0034614255228631622,NONE,0.0,81133.95675,1.0
2026-05-12 04:35:00+00:00,2026-05-12 04:35:00+00:00,2026-05-12 04:40:00+00:00,2026-05-12 06:40:00+00:00,LONG,LONG,4.25,"['delta_strong_positive', 'cvd_strong_positive', 'aggressive_buyers', 'above_vwap']",81256.0,81052.86,-52.80856738133882,LOSS,25,120.0,0.06990253027467308,1.0347543566013442,-0.999999999999997,1.0,stop_loss,6.350682915146932,0.9308387497375705,2.378928151752178,2.3075390312992194,UP,BUY,2.8005517977928087,False,81160.97645330727,0.0018059791748694471,NONE,0.0,81459.14,1.0
2026-05-12 07:45:00+00:00,2026-05-12 07:45:00+00:00,2026-05-12 07:50:00+00:00,2026-05-12 10:25:00+00:00,SHORT,SHORT,-4.25,"['delta_strong_negative', 'cvd_strong_negative', 'aggressive_sellers', 'below_vwap']",80835.6,80633.511,52.54452454443414,WIN,32,155.0,1.0173735334432146,0.470584742365944,1.0000000000000355,1.0,take_profit,6.350682915146932,3.277213656883164,-3.0740425622617926,-2.212401764406375,DOWN,SELL,0.5644629548253864,False,81123.82092536126,-0.0026981311425650733,NONE,0.0,80633.511,1.0
2026-05-12 16:45:00+00:00,2026-05-12 16:45:00+00:00,2026-05-12 16:50:00+00:00,2026-05-12 17:10:00+00:00,SHORT,SHORT,-3.5,"['delta_strong_negative', 'cvd_strong_negative', 'below_vwap']",79944.3,80144.16075000001,-52.80724716715632,LOSS,5,20.0,0.7169992107004647,1.179321102317474,-1.0000000000000353,1.0,stop_loss,6.350682915146932,3.503966652742631,-2.550041190333716,-2.0582007303103342,DOWN,SELL,0.7169999700876869,False,80758.86050382152,-0.0060919449305974396,NONE,0.0,79744.43925,1.0
2026-05-13 01:20:00+00:00,2026-05-13 01:20:00+00:00,2026-05-13 01:25:00+00:00,2026-05-13 02:20:00+00:00,LONG,LONG,4.25,"['delta_strong_positive', 'cvd_strong_positive', 'aggressive_buyers', 'above_vwap']",80993.8,81196.28450000001,52.543210931320196,WIN,12,55.0,1.2114507530206158,0.548683973341198,1.0000000000000293,1.0,take_profit,6.350682915146932,3.075963319947508,3.299869631446751,2.50727951801403,UP,BUY,1.7398494626371823,False,80762.86554500139,0.004021483611969041,NONE,0.0,81196.28450000001,1.0
2026-05-13 03:45:00+00:00,2026-05-13 03:45:00+00:00,2026-05-13 03:50:00+00:00,2026-05-13 05:30:00+00:00,LONG,LONG,4.25,"['delta_strong_positive', 'cvd_strong_positive', 'aggressive_buyers', 'above_vwap']",81236.1,81033.00975000001,-52.805926985973656,LOSS,21,100.0,0.15707302541601173,1.0103882387264362,-0.9999999999999695,1.0,stop_loss,6.350682915146932,2.19617218801656,2.4373824126532506,2.3295610887899985,UP,BUY,2.4674021788997162,False,80933.47955774618,0.003867895304341618,NONE,0.0,81439.19025,1.0
2026-05-13 06:25:00+00:00,2026-05-13 06:25:00+00:00,2026-05-13 06:30:00+00:00,2026-05-13 07:20:00+00:00,LONG,LONG,4.25,"['delta_strong_positive', 'cvd_strong_positive', 'aggressive_buyers', 'above_vwap']",81070.1,80867.42475,-52.541897351045456,LOSS,11,50.0,0.04884661545992507,1.0583433349656655,-1.000000000000001,1.0,stop_loss,6.350682915146932,2.211828584807351,3.290849285265234,3.1261210595195768,UP,BUY,4.215579611002266,False,80994.10008733826,-0.00034036660141131527,NONE,0.0,81272.77525,1.0
2026-05-13 09:00:00+00:00,2026-05-13 09:00:00+00:00,2026-05-13 09:05:00+00:00,2026-05-13 10:10:00+00:00,LONG,LONG,4.75,"['delta_strong_positive', 'cvd_strong_positive', 'aggressive_buyers', 'big_trade_buy', 'above_vwap']",81270.1,81066.92475,-52.279187864290236,LOSS,14,65.0,0.0004921859330369661,1.0025827456838943,-1.000000000000001,1.0,stop_loss,6.350682915146932,3.9907170643142336,4.0970316516647225,3.562176196365741,UP,BUY,5.5195414347708285,True,81004.83104611866,0.0028241980245208953,NONE,0.0,81473.27525,1.0
2026-05-13 15:55:00+00:00,2026-05-13 15:55:00+00:00,2026-05-13 16:00:00+00:00,2026-05-13 16:00:00+00:00,SHORT,SHORT,-4.25,"['delta_strong_negative', 'cvd_strong_negative', 'aggressive_sellers', 'below_vwap']",78794.7,78991.68675,-52.01779192496777,LOSS,1,1.0,0.1314809244783935,1.0213884944037968,-0.9999999999999817,1.0,stop_loss,6.4536418131561355,3.3937729827244874,-3.032890867351503,-2.5550827174196438,DOWN,SELL,0.6330390929752849,False,80214.42602379095,-0.011211605906254555,NONE,0.0,78597.71325,1.0
2026-05-14 02:30:00+00:00,2026-05-14 02:30:00+00:00,2026-05-14 02:35:00+00:00,2026-05-14 02:45:00+00:00,SHORT,SHORT,-3.75,"['delta_strong_negative', 'cvd_strong_negative', 'aggressive_sellers']",79623.4,79424.3415,51.75770296534367,WIN,3,10.0,1.237827070936404,0.0,0.999999999999996,1.0,take_profit,6.4536418131561355,0.1621660935255865,-2.356403482930143,-2.2291047337097547,DOWN,SELL,0.2309574678349914,False,79530.7352257867,0.001956779082857678,NONE,0.0,79424.3415,1.0
2026-05-14 05:30:00+00:00,2026-05-14 05:30:00+00:00,2026-05-14 05:35:00+00:00,2026-05-14 05:50:00+00:00,LONG,LONG,3.5,"['delta_strong_positive', 'cvd_strong_positive', 'above_vwap']",79643.6,79842.709,52.016491480169755,WIN,4,15.0,1.601635285195517,0.0005022374679488158,0.9999999999999836,1.0,take_profit,6.4536418131561355,3.140379080600982,2.624838911885758,2.644419402767378,UP,BUY,1.4868422945312212,False,79366.62059705191,0.003925325186961809,NONE,0.0,79842.709,1.0
2026-05-14 13:00:00+00:00,2026-05-14 13:00:00+00:00,2026-05-14 13:05:00+00:00,2026-05-14 13:20:00+00:00,LONG,LONG,4.75,"['delta_strong_positive', 'cvd_strong_positive', 'aggressive_buyers', 'big_trade_buy', 'above_vwap']",79807.1,80006.61775,52.27657393757121,WIN,4,15.0,1.1773388583221,0.43655263754731505,0.9999999999999953,1.0,take_profit,6.4536418131561355,2.6824620094179292,3.9312866528372976,3.433003335633752,UP,BUY,3.707869815144121,True,79518.28930628311,0.003636117620092534,NONE,0.0,80006.61775,1.0
2026-05-14 23:00:00+00:00,2026-05-14 23:00:00+00:00,2026-05-14 23:05:00+00:00,2026-05-14 23:45:00+00:00,SHORT,SHORT,-3.75,"['delta_strong_negative', 'cvd_strong_negative', 'aggressive_sellers']",81289.5,81086.27625,52.53795680726051,WIN,9,40.0,1.320711777043747,0.2977014251533101,1.000000000000023,1.0,take_profit,6.4536418131561355,2.5848598842720736,-3.166736766012697,-2.0711079934672387,DOWN,SELL,0.44331277889041143,False,80533.0948132761,-0.0010053281358345934,NONE,0.0,81086.27625,1.0
2026-05-15 02:10:00+00:00,2026-05-15 02:10:00+00:00,2026-05-15 02:15:00+00:00,2026-05-15 02:45:00+00:00,SHORT,SHORT,-4.25,"['delta_strong_negative', 'cvd_strong_negative', 'aggressive_sellers', 'below_vwap']",80907.0,81109.2675,-52.80064659129606,LOSS,7,30.0,0.9892839927324252,1.1914914655097828,-1.0000000000000087,1.0,stop_loss,6.4536418131561355,2.1987586592675226,-2.468246135366964,-2.979933902910527,DOWN,SELL,0.5964602148391557,False,81261.59946680529,-0.004299483162298185,NONE,0.0,80704.7325,1.0
2026-05-15 05:35:00+00:00,2026-05-15 05:35:00+00:00,2026-05-15 05:40:00+00:00,2026-05-15 06:40:00+00:00,SHORT,SHORT,-4.0,"['delta_strong_negative', 'cvd_strong_negative', 'big_trade_sell', 'below_vwap']",80376.1,80577.04025,-52.53664335833903,LOSS,13,60.0,0.5434451285892778,1.0993317665325595,-0.9999999999999981,1.0,stop_loss,6.4536418131561355,3.7339415648968415,-3.1044157033728035,-2.772174854524038,DOWN,SELL,0.7490995567651431,True,80960.22052646404,-0.005789700095728788,NONE,0.0,80175.15975,1.0
2026-05-15 12:50:00+00:00,2026-05-15 12:50:00+00:00,2026-05-15 12:55:00+00:00,2026-05-15 13:00:00+00:00,SHORT,SHORT,-4.25,"['delta_strong_negative', 'cvd_strong_negative', 'aggressive_sellers', 'below_vwap']",80321.9,80121.09525,52.27396014154631,WIN,2,5.0,1.4187911391538008,0.139438932594971,0.9999999999999787,1.0,take_profit,6.4536418131561355,1.2006331161088055,-2.729904313603373,-2.961427952603143,DOWN,SELL,0.37000821595650096,False,80744.77176591364,-0.0021313542903941274,NONE,0.0,80121.09525,1.0
2026-05-15 13:35:00+00:00,2026-05-15 13:35:00+00:00,2026-05-15 13:40:00+00:00,2026-05-15 13:40:00+00:00,SHORT,SHORT,-4.25,"['delta_strong_negative', 'cvd_strong_negative', 'aggressive_sellers', 'below_vwap']",79268.5,79070.32875,52.53532994225501,WIN,1,1.0,1.0773510284665408,0.3063007373672876,0.999999999999997,1.0,take_profit,6.4536418131561355,2.439524955999848,-2.8966292434196372,-2.8916620973212854,DOWN,SELL,0.6619909296096087,False,80550.4311869759,-0.010572368404497412,NONE,0.0,79070.32875,1.0
2026-05-15 14:00:00+00:00,2026-05-15 14:00:00+00:00,2026-05-15 14:05:00+00:00,2026-05-15 14:05:00+00:00,LONG,LONG,3.75,"['delta_strong_positive', 'cvd_strong_positive', 'aggressive_buyers']",78927.5,79124.81875,52.798006591968004,WIN,1,1.0,1.2345506952583363,0.6035919039625267,1.0000000000000295,1.0,take_profit,6.4536418131561355,0.9812794284763136,2.4134136599568126,2.1295260726215344,UP,BUY,1.5316883222160458,False,80212.03513592362,-0.008510565958056621,NONE,0.0,79124.81875,1.0
2026-05-16 00:25:00+00:00,2026-05-16 00:25:00+00:00,2026-05-16 00:30:00+00:00,2026-05-16 04:30:00+00:00,LONG,LONG,4.25,"['delta_strong_positive', 'cvd_strong_positive', 'aggressive_buyers', 'above_vwap']",79142.9,78945.04275,-53.061996624926536,LOSS,49,240.0,0.2870756568182511,1.6774720158093483,-1.0000000000000047,1.0,stop_loss,6.4536418131561355,0.7646473304980835,2.0990167896946055,2.7325850030219034,UP,BUY,2.673801116524964,False,79125.2907223829,0.0010783585944350235,NONE,0.0,79340.75725,1.0
2026-05-16 06:40:00+00:00,2026-05-16 06:40:00+00:00,2026-05-16 06:45:00+00:00,2026-05-16 06:50:00+00:00,SHORT,SHORT,-4.25,"['delta_strong_negative', 'cvd_strong_negative', 'aggressive_sellers', 'below_vwap']",78705.6,78508.83600000001,52.79668664180045,WIN,2,5.0,1.5841312435202153,0.20532211176838333,0.9999999999999774,1.0,take_profit,6.4536418131561355,2.5416626727928584,-2.311908826572158,-2.141342479190969,DOWN,SELL,0.577639142324194,False,78983.57252353306,-0.0027977366514408603,NONE,0.0,78508.83600000001,1.0
2026-05-16 09:10:00+00:00,2026-05-16 09:10:00+00:00,2026-05-16 09:15:00+00:00,2026-05-16 09:15:00+00:00,SHORT,SHORT,-4.25,"['delta_strong_negative', 'cvd_strong_negative', 'aggressive_sellers', 'below_vwap']",78228.0,78032.43,53.060670075012546,WIN,1,1.0,1.9328117809479983,0.061359104157079306,1.0000000000000357,1.0,take_profit,6.4536418131561355,1.3596661659184779,-2.6525344372213775,-2.43136083506793,DOWN,SELL,0.36074568252897404,False,78620.74974288707,-0.003082347144524313,NONE,0.0,78032.43,1.0
2026-05-16 14:30:00+00:00,2026-05-16 14:30:00+00:00,2026-05-16 14:35:00+00:00,2026-05-16 14:45:00+00:00,LONG,LONG,3.75,"['delta_strong_positive', 'cvd_strong_positive', 'aggressive_buyers']",78075.2,78270.38799999999,53.325973425384255,WIN,3,10.0,1.2900383220280085,0.12910629751827515,0.9999999999999726,1.0,take_profit,6.4536418131561355,2.0387064374180186,2.3188391583266057,2.240992760189962,UP,BUY,2.9445261918775754,False,78324.51804368813,0.0012644590430824585,NONE,0.0,78270.38799999999,1.0
2026-05-16 16:40:00+00:00,2026-05-16 16:40:00+00:00,2026-05-16 16:45:00+00:00,2026-05-16 18:50:00+00:00,SHORT,SHORT,-4.25,"['delta_strong_negative', 'cvd_strong_negative', 'aggressive_sellers', 'below_vwap']",78107.9,78303.16975,-53.59260329251449,LOSS,26,125.0,0.03175094964784402,1.0175667250048288,-1.0000000000000346,1.0,stop_loss,6.4536418131561355,1.4036947462303273,-2.3104006213288852,-2.661871313952615,DOWN,SELL,0.3969253989805235,False,78308.80846584668,0.0003106919655469501,NONE,0.0,77912.63024999999,1.0
2026-05-17 00:55:00+00:00,2026-05-17 00:55:00+00:00,2026-05-17 01:00:00+00:00,2026-05-17 01:40:00+00:00,SHORT,SHORT,-4.75,"['delta_strong_negative', 'cvd_strong_negative', 'aggressive_sellers', 'big_trade_sell', 'below_vwap']",77915.3,77720.51175,53.32464027604946,WIN,9,40.0,1.2315937948002957,0.8732559587140973,0.9999999999999886,1.0,take_profit,6.4536418131561355,4.141533630645598,-3.8086580570910322,-3.749807979696576,DOWN,SELL,0.5983258106237345,True,78031.9895141569,-0.002474587235146494,NONE,0.0,77720.51175,1.0
2026-05-17 10:00:00+00:00,2026-05-17 10:00:00+00:00,2026-05-17 10:05:00+00:00,2026-05-17 10:10:00+00:00,LONG,LONG,4.25,"['delta_strong_positive', 'cvd_strong_positive', 'aggressive_buyers', 'above_vwap']",78280.4,78476.101,53.59126347743056,WIN,2,5.0,1.1011696414428134,0.2181899939192804,1.0000000000000047,1.0,take_profit,6.4536418131561355,2.06290406934987,3.0739684198841055,2.867261074202902,UP,BUY,2.2794262347453835,False,78011.34007512424,0.0021268360023461706,NONE,0.0,78476.101,1.0
2026-05-17 13:10:00+00:00,2026-05-17 13:10:00+00:00,2026-05-17 13:15:00+00:00,2026-05-17 14:05:00+00:00,SHORT,SHORT,-3.75,"['delta_strong_negative', 'cvd_strong_negative', 'aggressive_sellers']",78220.0,78024.45,53.85921979481825,WIN,11,50.0,1.0023012017386856,0.47302480184096135,1.0000000000000149,1.0,take_profit,6.4536418131561355,1.788661310785694,-3.3184480789067923,-2.859444230603019,DOWN,SELL,0.20741410936492985,False,78123.00710347056,-0.00170245557230046,NONE,0.0,78024.45,1.0
2026-05-17 19:50:00+00:00,2026-05-17 19:50:00+00:00,2026-05-17 19:55:00+00:00,2026-05-17 22:00:00+00:00,LONG,LONG,4.25,"['delta_strong_positive', 'cvd_strong_positive', 'aggressive_buyers', 'above_vwap']",78374.2,78178.26449999999,-54.12851589379344,LOSS,26,125.0,0.40217316412800597,1.8531608616100261,-1.000000000000035,1.0,stop_loss,6.4536418131561355,2.5269658757731883,2.125050313648162,2.664216978482911,UP,BUY,1.9798785390694966,False,78101.56966042431,0.0036626622010750487,NONE,0.0,78570.1355,1.0
2026-05-17 23:40:00+00:00,2026-05-17 23:40:00+00:00,2026-05-17 23:45:00+00:00,2026-05-17 23:50:00+00:00,SHORT,SHORT,-4.75,"['delta_strong_negative', 'cvd_strong_negative', 'aggressive_sellers', 'big_trade_sell', 'below_vwap']",77217.0,77410.0425,-53.85787331432144,LOSS,2,5.0,0.6801611044200262,1.625548778118823,-0.9999999999999788,1.0,stop_loss,6.4536418131561355,4.230502744299256,-4.227625615485278,-4.151337421835564,DOWN,SELL,0.5222716144558438,True,77919.32850475704,-0.004982653574499459,NONE,0.0,77023.9575,1.0
2026-05-18 05:40:00+00:00,2026-05-18 05:40:00+00:00,2026-05-18 05:45:00+00:00,2026-05-18 06:05:00+00:00,SHORT,SHORT,-4.25,"['delta_strong_negative', 'cvd_strong_negative', 'aggressive_sellers', 'below_vwap']",76865.8,76673.6355,53.58858394775068,WIN,5,20.0,1.027244886542565,0.43556432119354554,0.9999999999999944,1.0,take_profit,6.4536418131561355,2.029621192726353,-3.025894873429152,-2.685187778933318,DOWN,SELL,0.31862104207381875,False,76988.6096694169,-0.0009105624396816401,NONE,0.0,76673.6355,1.0
2026-05-18 08:05:00+00:00,2026-05-18 08:05:00+00:00,2026-05-18 08:10:00+00:00,2026-05-18 08:30:00+00:00,LONG,LONG,4.25,"['delta_strong_positive', 'cvd_strong_positive', 'aggressive_buyers', 'above_vwap']",77077.9,76885.20525,-53.856526867488355,LOSS,5,20.0,0.0,1.0067736666411513,-0.9999999999999746,1.0,stop_loss,6.4536418131561355,2.675948609880952,2.366883016933504,2.4348376733025923,UP,BUY,1.9203221089065285,False,76954.16858048685,0.002537110866663264,NONE,0.0,77270.59474999999,1.0
2026-05-18 11:40:00+00:00,2026-05-18 11:40:00+00:00,2026-05-18 11:45:00+00:00,2026-05-18 12:20:00+00:00,LONG,LONG,3.5,"['delta_strong_positive', 'cvd_strong_positive', 'above_vwap']",77328.6,77521.92150000001,53.58724423315379,WIN,8,35.0,1.0138551583760729,0.7764268330217063,1.0000000000000282,1.0,take_profit,6.4536418131561355,3.941203762723497,2.988756494286648,2.6289706684144645,UP,BUY,1.221297128675595,False,76950.60700993925,0.00482733187034149,NONE,0.0,77521.92150000001,1.0
2026-05-18 14:15:00+00:00,2026-05-18 14:15:00+00:00,2026-05-18 14:20:00+00:00,2026-05-18 14:25:00+00:00,SHORT,SHORT,-4.25,"['delta_strong_negative', 'cvd_strong_negative', 'aggressive_sellers', 'below_vwap']",76588.7,76780.17175,-53.8551804543172,LOSS,2,5.0,0.20211858929579476,1.086844403939515,-0.9999999999999841,1.0,stop_loss,6.4536418131561355,2.752436771433831,-3.9709831650663423,-3.0879909990652328,DOWN,SELL,0.5198101279002605,False,77017.00872986049,-0.006740218306508065,NONE,0.0,76397.22825,1.0
2026-05-19 00:20:00+00:00,2026-05-19 00:20:00+00:00,2026-05-19 00:25:00+00:00,2026-05-19 01:00:00+00:00,LONG,LONG,4.25,"['delta_strong_positive', 'cvd_strong_positive', 'aggressive_buyers', 'above_vwap']",77210.7,77017.67324999999,-53.58590455204772,LOSS,8,35.0,0.3362228292193115,1.085859861392223,-1.0000000000000235,1.0,stop_loss,6.4536418131561355,2.9933242343200686,3.1375051987886056,3.130322323022592,UP,BUY,2.0775359812105707,False,77148.80227729572,0.002362597446095903,NONE,0.0,77403.72675,1.0
2026-05-19 02:20:00+00:00,2026-05-19 02:20:00+00:00,2026-05-19 02:25:00+00:00,2026-05-19 02:30:00+00:00,LONG,LONG,4.25,"['delta_strong_positive', 'cvd_strong_positive', 'aggressive_buyers', 'above_vwap']",76959.7,76767.30075,-53.317975029286835,LOSS,2,5.0,0.05145550203552629,1.1673642178958143,-1.0000000000000115,1.0,stop_loss,6.4536418131561355,0.17020459268794774,2.092820263910783,2.039186314887691,UP,BUY,3.0257105610454826,False,76917.93494993729,0.0001595981614483519,NONE,0.0,77152.09925,1.0
2026-05-19 11:40:00+00:00,2026-05-19 11:40:00+00:00,2026-05-19 11:45:00+00:00,2026-05-19 12:20:00+00:00,SHORT,SHORT,-4.25,"['delta_strong_negative', 'cvd_strong_negative', 'aggressive_sellers', 'below_vwap']",76618.7,76810.24674999999,-53.05138515413814,LOSS,8,35.0,0.048030050105246316,1.0075869206864643,-0.999999999999969,1.0,stop_loss,6.4536418131561355,3.1635612065195007,-3.6988149144554012,-3.032549947307768,DOWN,SELL,0.36370717546916875,False,76899.06573434759,-0.003860592721055629,NONE,0.0,76427.15325,1.0
2026-05-19 14:15:00+00:00,2026-05-19 14:15:00+00:00,2026-05-19 14:20:00+00:00,2026-05-19 14:30:00+00:00,SHORT,SHORT,-4.25,"['delta_strong_negative', 'cvd_strong_negative', 'aggressive_sellers', 'below_vwap']",76443.4,76252.29149999999,52.78612822836967,WIN,3,10.0,1.215539863480632,0.28517831493627965,1.000000000000011,1.0,take_profit,6.4536418131561355,3.0884087598374266,-3.207318797226746,-3.7163752295140347,DOWN,SELL,0.5293971945788793,False,76854.2592269787,-0.004118445811005888,NONE,0.0,76252.29149999999,1.0
2026-05-19 19:10:00+00:00,2026-05-19 19:10:00+00:00,2026-05-19 19:15:00+00:00,2026-05-19 19:25:00+00:00,LONG,LONG,4.25,"['delta_strong_positive', 'cvd_strong_positive', 'aggressive_buyers', 'above_vwap']",77021.5,76828.94625,-53.0500588695127,LOSS,3,10.0,0.10802178612466862,1.5611225437053593,-1.0000000000000333,1.0,stop_loss,6.4536418131561355,1.6653654682856056,2.7249415089704954,2.289285251991885,UP,BUY,3.2914667989928508,False,76761.90630803714,0.004380827465992891,NONE,0.0,77214.05375,1.0
2026-05-19 22:00:00+00:00,2026-05-19 22:00:00+00:00,2026-05-19 22:05:00+00:00,2026-05-19 22:25:00+00:00,SHORT,SHORT,-3.75,"['delta_strong_negative', 'cvd_strong_negative', 'aggressive_sellers']",76804.7,76612.68824999999,52.78480857516479,WIN,5,20.0,1.011917239439789,0.17082287932901455,1.0000000000000266,1.0,take_profit,6.4536418131561355,4.1425023258347045,-4.012766226095247,-3.847944150950588,DOWN,SELL,0.33164290568436744,False,76767.60014316978,-0.0009271394158736849,NONE,0.0,76612.68824999999,1.0
2026-05-20 00:10:00+00:00,2026-05-20 00:10:00+00:00,2026-05-20 00:15:00+00:00,2026-05-20 00:30:00+00:00,SHORT,SHORT,-4.25,"['delta_strong_negative', 'cvd_strong_negative', 'aggressive_sellers', 'below_vwap']",76543.1,76734.45775,-53.04873261803798,LOSS,4,15.0,0.3036197906800525,1.465840813868265,-0.9999999999999768,1.0,stop_loss,6.4536418131561355,3.9034910912129233,-3.6253841821749266,-2.604523178939353,DOWN,SELL,0.3891068543734133,False,76637.57677154451,-0.003158652954415623,NONE,0.0,76351.74225000001,1.0
2026-05-20 05:05:00+00:00,2026-05-20 05:05:00+00:00,2026-05-20 05:10:00+00:00,2026-05-20 05:10:00+00:00,LONG,LONG,4.25,"['delta_strong_positive', 'cvd_strong_positive', 'aggressive_buyers', 'above_vwap']",77008.0,77200.52,52.78348895495013,WIN,1,1.0,1.2570122584666528,0.14543943486391023,1.000000000000021,1.0,take_profit,6.4536418131561355,3.986700379446834,3.9546371575309194,3.745133143388484,UP,BUY,3.7870978651447893,False,76703.58878581639,0.0037924466040112487,NONE,0.0,77200.52,1.0
2026-05-20 08:35:00+00:00,2026-05-20 08:35:00+00:00,2026-05-20 08:40:00+00:00,2026-05-20 09:15:00+00:00,LONG,LONG,4.25,"['delta_strong_positive', 'cvd_strong_positive', 'aggressive_buyers', 'above_vwap']",77550.1,77356.22475000001,-53.04740639972303,LOSS,8,35.0,0.31927747352998476,1.115150077175976,-0.9999999999999861,1.0,stop_loss,6.4536418131561355,4.012752491136822,3.6354801783693382,3.2379895969266888,UP,BUY,2.600389504537689,False,76989.75567945678,0.004181898946664599,NONE,0.0,77743.97525,1.0
2026-05-20 12:55:00+00:00,2026-05-20 12:55:00+00:00,2026-05-20 13:00:00+00:00,2026-05-20 13:15:00+00:00,LONG,LONG,4.25,"['delta_strong_positive', 'cvd_strong_positive', 'aggressive_buyers', 'above_vwap']",77590.2,77396.2245,-52.782169367725274,LOSS,4,15.0,0.13919283620869646,1.1351949086353539,-1.0000000000000022,1.0,stop_loss,6.4536418131561355,4.045679342084674,4.0452408561008735,3.3350039602056443,UP,BUY,2.2939344683395584,False,77137.78586913519,0.0014184472401535292,NONE,0.0,77784.1755,1.0
2026-05-20 13:35:00+00:00,2026-05-20 13:35:00+00:00,2026-05-20 13:40:00+00:00,2026-05-20 13:45:00+00:00,SHORT,SHORT,-3.5,"['delta_strong_negative', 'cvd_strong_negative', 'below_vwap']",77055.2,77247.838,-52.518258520888246,LOSS,2,5.0,0.5097644286173916,1.437411102690065,-1.0000000000000326,1.0,stop_loss,6.4536418131561355,3.1165556183644383,-2.0056378338783176,-2.0661098476919237,DOWN,SELL,0.7615475213389209,False,77148.43207516472,-0.004308385302061375,NONE,0.0,76862.56199999999,1.0
2026-05-20 15:15:00+00:00,2026-05-20 15:15:00+00:00,2026-05-20 15:20:00+00:00,2026-05-20 15:40:00+00:00,LONG,LONG,4.0,"['delta_strong_positive', 'cvd_strong_positive', 'big_trade_buy', 'above_vwap']",77585.6,77391.636,-52.25566722828403,LOSS,5,20.0,0.7032232785465043,1.3023035202408992,-1.000000000000037,1.0,stop_loss,6.4536418131561355,3.3181993641792737,3.046274676695896,2.19362079011977,UP,BUY,1.4933052943495873,True,77188.28725639045,0.0033188204694817062,NONE,0.0,77779.56400000001,1.0
2026-05-20 19:35:00+00:00,2026-05-20 19:35:00+00:00,2026-05-20 19:40:00+00:00,2026-05-20 22:00:00+00:00,LONG,LONG,3.25,"['delta_strong_positive', 'cvd_strong_positive', 'aggressive_buyers', 'big_trade_buy', 'above_vwap', 'buy_absorption']",77550.8,77356.92300000001,-51.99438889213882,LOSS,29,140.0,0.9531816564110385,1.1646559416537439,-0.9999999999999645,1.0,stop_loss,6.495728730162312,1.5913237932221176,2.6764548139466,2.2641898008261667,UP,BUY,2.187352504151735,True,77228.8885055669,0.0021935496433928624,BUY_ABSORPTION,-1.0,77744.677,1.0
2026-05-20 22:25:00+00:00,2026-05-20 22:25:00+00:00,2026-05-20 22:30:00+00:00,2026-05-21 00:00:00+00:00,LONG,LONG,4.25,"['delta_strong_positive', 'cvd_strong_positive', 'aggressive_buyers', 'above_vwap']",77400.1,77593.60025,51.73441694767926,WIN,19,90.0,1.0604637461708555,0.31111070915935063,0.9999999999999861,1.0,take_profit,6.495728730162312,0.4791300094638305,2.1138474527284554,2.2150573684370194,UP,BUY,2.6993131587895274,False,77254.33951699182,-0.0015435251178628122,NONE,0.0,77593.60025,1.0
2026-05-21 00:45:00+00:00,2026-05-21 00:45:00+00:00,2026-05-21 00:50:00+00:00,2026-05-21 01:15:00+00:00,LONG,LONG,4.25,"['delta_strong_positive', 'cvd_strong_positive', 'aggressive_buyers', 'above_vwap']",77918.3,78113.09575000001,51.993089032419654,WIN,6,25.0,1.1894510018827265,0.3639709798597184,1.0000000000000246,1.0,take_profit,6.495728730162312,3.8834120256010376,3.829761241129323,3.204099877060647,UP,BUY,3.1980772361132344,False,77715.72389688753,0.004726971645455831,NONE,0.0,78113.09575000001,1.0
2026-05-21 06:05:00+00:00,2026-05-21 06:05:00+00:00,2026-05-21 06:10:00+00:00,2026-05-21 06:45:00+00:00,SHORT,SHORT,-4.25,"['delta_strong_negative', 'cvd_strong_negative', 'aggressive_sellers', 'below_vwap']",77710.1,77515.82475,52.25305447758209,WIN,8,35.0,1.0747637694456853,0.602238319085936,1.000000000000031,1.0,take_profit,6.495728730162312,1.338431830034994,-2.3779774635235067,-2.005564690497585,DOWN,SELL,0.3307453616078901,False,77890.46502849123,-0.0028132815466420063,NONE,0.0,77515.82475,1.0
2026-05-21 08:05:00+00:00,2026-05-21 08:05:00+00:00,2026-05-21 08:10:00+00:00,2026-05-21 08:35:00+00:00,LONG,LONG,4.25,"['delta_strong_positive', 'cvd_strong_positive', 'aggressive_buyers', 'above_vwap']",78076.2,77881.0095,-52.51431974996757,LOSS,6,25.0,0.33966817032592733,1.1588678752295687,-0.9999999999999846,1.0,stop_loss,6.495728730162312,3.663485786755652,3.0487023322880082,2.4254198754674876,UP,BUY,1.5671181785552661,False,77849.86137878308,0.0036364525019634175,NONE,0.0,78271.3905,1.0
2026-05-21 13:35:00+00:00,2026-05-21 13:35:00+00:00,2026-05-21 13:40:00+00:00,2026-05-21 13:50:00+00:00,SHORT,SHORT,-4.25,"['delta_strong_negative', 'cvd_strong_negative', 'aggressive_sellers', 'below_vwap']",76855.1,77047.23775,-52.251748151217015,LOSS,3,10.0,0.8244085298178454,1.195496460221883,-0.9999999999999708,1.0,stop_loss,6.495728730162312,4.062865192532059,-3.5424294128554443,-2.7952153161095317,DOWN,SELL,0.6405347375319409,False,77624.8147295859,-0.005333251400674661,NONE,0.0,76662.96225000001,1.0
2026-05-21 17:10:00+00:00,2026-05-21 17:10:00+00:00,2026-05-21 17:15:00+00:00,2026-05-21 17:15:00+00:00,LONG,LONG,4.25,"['delta_strong_positive', 'cvd_strong_positive', 'aggressive_buyers', 'above_vwap']",77484.9,77678.61224999999,51.99048941046162,WIN,1,1.0,1.8367449657933503,0.12389510730477811,0.9999999999999839,1.0,take_profit,6.495728730162312,3.838922235045439,3.2494487674987633,2.076831238640685,UP,BUY,1.5000810190120555,False,77474.46400294088,0.0054869877661293575,NONE,0.0,77678.61224999999,1.0
2026-05-22 01:15:00+00:00,2026-05-22 01:15:00+00:00,2026-05-22 01:20:00+00:00,2026-05-22 01:35:00+00:00,LONG,LONG,4.25,"['delta_strong_positive', 'cvd_strong_positive', 'aggressive_buyers', 'above_vwap']",77509.5,77315.72625,-52.25044185751288,LOSS,4,15.0,0.0,1.021810229713777,-0.9999999999999638,1.0,stop_loss,6.495728730162312,1.413635834796132,2.973627216675152,2.2980722894384087,UP,BUY,3.604106595441163,False,77432.70538482486,-0.0006020305765365432,NONE,0.0,77703.27375,1.0
2026-05-22 04:45:00+00:00,2026-05-22 04:45:00+00:00,2026-05-22 04:50:00+00:00,2026-05-22 06:00:00+00:00,SHORT,SHORT,-3.75,"['delta_strong_negative', 'cvd_strong_negative', 'aggressive_sellers']",77604.1,77410.08975,51.98918964822898,WIN,15,70.0,1.052006272864479,0.4520379722205249,1.0000000000000342,1.0,take_profit,6.495728730162312,1.2217157675610857,-2.455842219034298,-2.0822122237114833,DOWN,SELL,0.2992727430246382,False,77596.25469116938,-0.00027302640132685174,NONE,0.0,77410.08975,1.0
2026-05-22 11:15:00+00:00,2026-05-22 11:15:00+00:00,2026-05-22 11:20:00+00:00,2026-05-22 11:45:00+00:00,SHORT,SHORT,-4.25,"['delta_strong_negative', 'cvd_strong_negative', 'aggressive_sellers', 'below_vwap']",77174.5,77367.43625,-52.24913559646804,LOSS,6,25.0,0.1876267419937782,1.115394333620546,-0.999999999999994,1.0,stop_loss,6.495728730162312,1.3392465501449904,-2.001484037617097,-2.048506314577984,DOWN,SELL,0.527336313050015,False,77455.0960025141,-0.001768619941727797,NONE,0.0,76981.56375,1.0
2026-05-22 12:10:00+00:00,2026-05-22 12:10:00+00:00,2026-05-22 12:15:00+00:00,2026-05-22 13:25:00+00:00,LONG,LONG,4.25,"['delta_strong_positive', 'cvd_strong_positive', 'aggressive_buyers', 'above_vwap']",77494.8,77301.06300000001,-51.98788991848431,LOSS,15,70.0,0.2771798881989351,1.1334954087242282,-0.9999999999999675,1.0,stop_loss,6.507416179683865,3.7401672349087876,3.780748514840273,2.3371597978444787,UP,BUY,2.244647399596904,False,77447.31707873999,0.0024452204183201816,NONE,0.0,77688.537,1.0
2026-05-22 14:20:00+00:00,2026-05-22 14:20:00+00:00,2026-05-22 14:25:00+00:00,2026-05-22 15:20:00+00:00,SHORT,SHORT,-4.25,"['delta_strong_negative', 'cvd_strong_negative', 'aggressive_sellers', 'below_vwap']",76783.0,76591.0425,51.72795046889468,WIN,12,55.0,1.0544000625138072,0.7241186200070328,1.000000000000021,1.0,take_profit,6.507416179683865,2.665193011160627,-2.76450137904077,-2.849503499070409,DOWN,SELL,0.6375604431641353,False,77356.35696045199,-0.005331027117768223,NONE,0.0,76591.0425,1.0
2026-05-22 18:45:00+00:00,2026-05-22 18:45:00+00:00,2026-05-22 18:50:00+00:00,2026-05-22 18:50:00+00:00,SHORT,SHORT,-3.5,"['delta_strong_negative', 'cvd_strong_negative', 'below_vwap']",76304.1,76494.86025000001,-51.986590221239865,LOSS,1,1.0,0.07024524239200111,1.2261464324983542,-1.0000000000000346,1.0,stop_loss,6.509753494279391,4.173139517075749,-3.9255538762706164,-3.6239038209644368,DOWN,SELL,0.7135305180217405,False,77059.69142788327,-0.004823818298794391,NONE,0.0,76113.33975,1.0
2026-05-22 22:40:00+00:00,2026-05-22 22:40:00+00:00,2026-05-22 22:45:00+00:00,2026-05-22 23:05:00+00:00,SHORT,SHORT,-4.25,"['delta_strong_negative', 'cvd_strong_negative', 'aggressive_sellers', 'below_vwap']",75618.4,75807.446,-51.72665727013243,LOSS,5,20.0,0.09733080837465051,1.0515959078742894,-1.000000000000011,1.0,stop_loss,6.9772047268079955,4.1562628520762726,-4.174865231942989,-3.854805798481985,DOWN,SELL,0.3726195147384489,False,76746.57666492822,-0.005128771837275684,NONE,0.0,75429.35399999999,1.0
2026-05-23 04:15:00+00:00,2026-05-23 04:15:00+00:00,2026-05-23 04:20:00+00:00,2026-05-23 06:50:00+00:00,SHORT,SHORT,-3.75,"['delta_strong_negative', 'cvd_strong_negative', 'aggressive_sellers']",75543.1,75354.24225000001,51.468023983779986,WIN,31,150.0,1.02246267362608,0.407184772666169,0.9999999999999766,1.0,take_profit,6.9772047268079955,1.096970907985038,-2.9521918143338297,-2.5843184478971595,DOWN,SELL,0.19106119458412377,False,75437.40199786413,0.0015908385588518168,NONE,0.0,75354.24225000001,1.0
2026-05-23 07:45:00+00:00,2026-05-23 07:45:00+00:00,2026-05-23 07:50:00+00:00,2026-05-23 07:50:00+00:00,SHORT,SHORT,-3.5,"['delta_strong_negative', 'cvd_strong_negative', 'below_vwap']",74993.7,74806.21575,51.72536410369846,WIN,1,1.0,4.214220661202161,0.014934587838727309,0.9999999999999682,1.0,take_profit,6.9772047268079955,4.117655184648031,-3.0234645768591677,-2.1456527100668414,DOWN,SELL,0.7802965803620076,False,75354.47297581729,-0.0038023650150052647,NONE,0.0,74806.21575,1.0
2026-05-23 10:50:00+00:00,2026-05-23 10:50:00+00:00,2026-05-23 10:55:00+00:00,2026-05-23 13:00:00+00:00,SHORT,SHORT,-4.25,"['delta_strong_negative', 'cvd_strong_negative', 'aggressive_sellers', 'below_vwap']",74682.6,74869.3065,-51.98399092421865,LOSS,26,125.0,0.3304651953735496,1.3786343806990875,-1.0000000000000013,1.0,stop_loss,6.9772047268079955,0.08843778116864863,-2.15772906302911,-2.233836325123981,DOWN,SELL,0.27104763997916853,False,74947.96129907426,-0.0003721541591143927,NONE,0.0,74495.8935,1.0
2026-05-23 18:10:00+00:00,2026-05-23 18:10:00+00:00,2026-05-23 18:15:00+00:00,2026-05-23 18:20:00+00:00,LONG,LONG,4.25,"['delta_strong_positive', 'cvd_strong_positive', 'aggressive_buyers', 'above_vwap']",75659.7,75848.84925,51.7240709695981,WIN,2,5.0,1.2355322582563615,0.24425156324964065,1.0000000000000118,1.0,take_profit,6.9772047268079955,3.79082848443296,3.673320165042862,3.624884704143773,UP,BUY,2.498325090099478,False,75060.16058299718,0.0027206355768177397,NONE,0.0,75848.84925,1.0
2026-05-23 20:10:00+00:00,2026-05-23 20:10:00+00:00,2026-05-23 20:15:00+00:00,2026-05-23 20:30:00+00:00,LONG,LONG,4.25,"['delta_strong_positive', 'cvd_strong_positive', 'aggressive_buyers', 'above_vwap']",76057.6,76247.744,51.982691324445554,WIN,4,15.0,1.5151674520363054,0.7084104678560019,1.0000000000000013,1.0,take_profit,6.9772047268079955,3.481958260714974,2.8115766124244486,2.0435375000045743,UP,BUY,2.4182276264417624,False,75134.42367487251,0.004308385214326135,NONE,0.0,76247.744,1.0
2026-05-23 23:05:00+00:00,2026-05-23 23:05:00+00:00,2026-05-23 23:10:00+00:00,2026-05-24 00:45:00+00:00,LONG,LONG,4.25,"['delta_strong_positive', 'cvd_strong_positive', 'aggressive_buyers', 'above_vwap']",76695.7,76887.43925,52.242604781067364,WIN,20,95.0,1.171904031125589,0.7677092718366066,0.9999999999999933,1.0,take_profit,6.9772047268079955,1.6504660413969614,2.5484744709058242,2.599643446935234,UP,BUY,2.398662821597381,False,75520.294337984,0.0009440105175122441,NONE,0.0,76887.43925,1.0
2026-05-24 03:40:00+00:00,2026-05-24 03:40:00+00:00,2026-05-24 03:45:00+00:00,2026-05-24 06:50:00+00:00,SHORT,SHORT,-4.25,"['delta_strong_negative', 'cvd_strong_negative', 'aggressive_sellers', 'below_vwap']",76724.2,76916.0105,-52.503817804974936,LOSS,38,185.0,0.5901658146973033,1.646416645595538,-1.000000000000036,1.0,stop_loss,6.9772047268079955,1.3219881028351712,-2.781954235072074,-2.6769828157920905,DOWN,SELL,0.33420861481590103,False,76800.35570557122,-0.000912133978019239,NONE,0.0,76532.38949999999,1.0
2026-05-24 10:25:00+00:00,2026-05-24 10:25:00+00:00,2026-05-24 10:30:00+00:00,2026-05-24 12:30:00+00:00,LONG,LONG,4.25,"['delta_strong_positive', 'cvd_strong_positive', 'aggressive_buyers', 'above_vwap']",77201.0,77007.9975,-52.24129871594881,LOSS,25,120.0,0.6564681804639686,1.013458374891547,-1.0000000000000122,1.0,stop_loss,6.9772047268079955,4.234075206287086,4.227635908975751,4.185561216913755,UP,BUY,2.8387270664864155,False,76896.69078179201,0.002467613330414183,NONE,0.0,77394.0025,1.0
2026-05-24 14:10:00+00:00,2026-05-24 14:10:00+00:00,2026-05-24 14:15:00+00:00,2026-05-24 14:15:00+00:00,SHORT,SHORT,-3.5,"['delta_strong_negative', 'cvd_strong_negative', 'below_vwap']",76480.3,76289.09925,51.98009222236942,WIN,1,1.0,1.6767716653831422,0.10303306864642053,1.000000000000019,1.0,take_profit,6.9772047268079955,3.806931567774393,-3.1785108466865055,-2.764633525808425,DOWN,SELL,0.7463107034640897,False,76914.96722967089,-0.007048952375048739,NONE,0.0,76289.09925,1.0
2026-05-24 20:30:00+00:00,2026-05-24 20:30:00+00:00,2026-05-24 20:35:00+00:00,2026-05-24 21:25:00+00:00,SHORT,SHORT,-4.25,"['delta_strong_negative', 'cvd_strong_negative', 'aggressive_sellers', 'below_vwap']",76624.9,76433.33774999999,52.23999268348102,WIN,11,50.0,1.0174238400310824,0.4870479439451297,1.0000000000000142,1.0,take_profit,6.9772047268079955,2.182165676820718,-3.3182170202458905,-3.0259598251937216,DOWN,SELL,0.21035275827803956,False,76789.61595137921,-0.00013835988873903558,NONE,0.0,76433.33774999999,1.0
2026-05-25 02:05:00+00:00,2026-05-25 02:05:00+00:00,2026-05-25 02:10:00+00:00,2026-05-25 02:25:00+00:00,LONG,LONG,4.25,"['delta_strong_positive', 'cvd_strong_positive', 'aggressive_buyers', 'above_vwap']",77360.7,77167.29824999999,-52.50119264689891,LOSS,4,15.0,0.34229266281198123,1.9265596097242723,-1.0000000000000233,1.0,stop_loss,6.9772047268079955,3.8468472451649767,4.155653562358099,3.7620144716125243,UP,BUY,2.595560771657009,False,77144.2801875075,0.004259729312937777,NONE,0.0,77554.10175,1.0
2026-05-25 04:50:00+00:00,2026-05-25 04:50:00+00:00,2026-05-25 04:55:00+00:00,2026-05-25 06:05:00+00:00,LONG,LONG,3.5,"['delta_strong_positive', 'cvd_strong_positive', 'above_vwap']",77341.3,77534.65325,52.23868668366321,WIN,15,70.0,1.7393035803639345,0.2875565836105978,1.0000000000000004,1.0,take_profit,6.9772047268079955,3.706643702865465,2.6354145441408954,2.2333650233673477,UP,BUY,1.3941725029970342,False,77142.05234448312,0.0025802832446868533,NONE,0.0,77534.65325,1.0
2026-05-25 09:30:00+00:00,2026-05-25 09:30:00+00:00,2026-05-25 09:35:00+00:00,2026-05-25 11:00:00+00:00,LONG,LONG,4.75,"['delta_strong_positive', 'cvd_strong_positive', 'aggressive_buyers', 'big_trade_buy', 'above_vwap']",77586.2,77392.23449999999,-52.49988011708304,LOSS,18,85.0,0.32892447368219047,1.0842134297078754,-1.0000000000000295,1.0,stop_loss,6.9772047268079955,4.116707362891584,3.9835262947497174,3.276295794135002,UP,BUY,2.470229074285429,True,77272.47417669542,0.002357168223352922,NONE,0.0,77780.1655,1.0
2026-05-25 14:45:00+00:00,2026-05-25 14:45:00+00:00,2026-05-25 14:50:00+00:00,2026-05-25 15:10:00+00:00,LONG,LONG,4.25,"['delta_strong_positive', 'cvd_strong_positive', 'aggressive_buyers', 'above_vwap']",77667.6,77861.769,52.23738071649457,WIN,5,20.0,1.1345786402566236,0.2219715814574202,0.9999999999999711,1.0,take_profit,6.9772047268079955,3.8506586970098633,3.1349938868483997,2.297068740450742,UP,BUY,1.6365477683550067,False,77331.84234536283,0.0031221458661636298,NONE,0.0,77861.769,1.0
2026-05-25 19:00:00+00:00,2026-05-25 19:00:00+00:00,2026-05-25 19:05:00+00:00,2026-05-25 20:40:00+00:00,SHORT,SHORT,-3.75,"['delta_strong_negative', 'cvd_strong_negative', 'aggressive_sellers']",77409.3,77215.77675,52.49856762007811,WIN,20,95.0,1.2262092539268687,0.4252718988545454,0.9999999999999915,1.0,take_profit,6.9772047268079955,4.006441853481437,-3.6450243866193413,-2.7171219968723688,DOWN,SELL,0.5106644742843377,False,77391.3740329449,-0.0027014939888707875,NONE,0.0,77215.77675,1.0
2026-05-26 00:15:00+00:00,2026-05-26 00:15:00+00:00,2026-05-26 00:20:00+00:00,2026-05-26 00:35:00+00:00,SHORT,SHORT,-4.25,"['delta_strong_negative', 'cvd_strong_negative', 'aggressive_sellers', 'below_vwap']",77121.2,76928.397,52.76106045817891,WIN,4,15.0,1.0954186397514412,0.2448094687323179,0.9999999999999994,1.0,take_profit,6.9772047268079955,2.064803645821417,-3.2558512646791846,-2.6776022826301045,DOWN,SELL,0.3803560152749797,False,77202.10257254902,-0.001553774271914898,NONE,0.0,76928.397,1.0
2026-05-26 00:50:00+00:00,2026-05-26 00:50:00+00:00,2026-05-26 00:55:00+00:00,2026-05-26 01:15:00+00:00,SHORT,SHORT,-3.5,"['delta_strong_negative', 'cvd_strong_negative', 'below_vwap']",76685.3,76877.01325,-53.02486576047003,LOSS,5,20.0,0.5362175019202006,1.0114063581937824,-1.0000000000000036,1.0,stop_loss,6.9772047268079955,3.418219030725045,-2.2162997934562543,-2.512264650882323,DOWN,SELL,0.6868751425267285,False,76903.61519290676,-0.004961390843249665,NONE,0.0,76493.58675,1.0
2026-05-26 04:00:00+00:00,2026-05-26 04:00:00+00:00,2026-05-26 04:05:00+00:00,2026-05-26 05:10:00+00:00,LONG,LONG,3.75,"['delta_strong_positive', 'cvd_strong_positive', 'aggressive_buyers']",76614.9,76806.43724999999,52.75974143166582,WIN,14,65.0,1.0290426535830801,0.2354633367660404,0.9999999999999685,1.0,take_profit,6.9772047268079955,0.5090382851411781,2.077898707130439,2.1556219959930196,UP,BUY,2.0976112576369643,False,76748.90484641935,-0.0016011891874175362,NONE,0.0,76806.43724999999,1.0
2026-05-26 06:00:00+00:00,2026-05-26 06:00:00+00:00,2026-05-26 06:05:00+00:00,2026-05-26 06:40:00+00:00,SHORT,SHORT,-3.75,"['delta_strong_negative', 'cvd_strong_negative', 'aggressive_sellers']",76834.9,77026.98724999999,-53.023540138824956,LOSS,8,35.0,0.5190349697858504,1.0984591637393946,-0.9999999999999837,1.0,stop_loss,6.9772047268079955,2.85566229193328,-2.6692995662996455,-2.9323668386320367,DOWN,SELL,0.6175365208829983,False,76753.69929274297,0.0019196063562908299,NONE,0.0,76642.81275,1.0
2026-05-26 10:15:00+00:00,2026-05-26 10:15:00+00:00,2026-05-26 10:20:00+00:00,2026-05-26 10:25:00+00:00,LONG,LONG,4.25,"['delta_strong_positive', 'cvd_strong_positive', 'aggressive_buyers', 'above_vwap']",76860.2,77052.3505,52.75842243813263,WIN,2,5.0,1.9895862878316888,0.05256296496751905,1.0000000000000175,1.0,take_profit,6.9772047268079955,2.155143531906008,2.6639816140523314,2.486111940120344,UP,BUY,2.2955950878362823,False,76747.1301455121,0.001723442208227333,NONE,0.0,77052.3505,1.0
2026-05-26 14:25:00+00:00,2026-05-26 14:25:00+00:00,2026-05-26 14:30:00+00:00,2026-05-26 14:30:00+00:00,LONG,LONG,4.0,"['delta_strong_positive', 'cvd_strong_positive', 'big_trade_buy', 'above_vwap']",77923.1,77728.29225,-53.02221455032432,LOSS,1,1.0,0.25820327990025216,2.171884845443807,-1.0000000000000369,1.0,stop_loss,6.9772047268079955,3.084802612945196,2.0745233272650525,3.0869352534073378,UP,BUY,1.327997150543306,True,77058.12579532783,0.007786250654023062,NONE,0.0,78117.90775000001,1.0
2026-05-26 17:30:00+00:00,2026-05-26 17:30:00+00:00,2026-05-26 17:35:00+00:00,2026-05-26 17:45:00+00:00,SHORT,SHORT,-4.25,"['delta_strong_negative', 'cvd_strong_negative', 'aggressive_sellers', 'below_vwap']",75865.1,76054.76275000001,-52.75710347757161,LOSS,3,10.0,0.19191960466675048,1.4378152800167512,-1.0000000000000167,1.0,stop_loss,6.9772047268079955,3.5286830821443034,-3.201539683137294,-3.4434277226595773,DOWN,SELL,0.6472907015270134,False,76885.36475683091,-0.012952139451836646,NONE,0.0,75675.43725,1.0
2026-05-27 00:50:00+00:00,2026-05-27 00:50:00+00:00,2026-05-27 00:55:00+00:00,2026-05-27 01:20:00+00:00,LONG,LONG,4.25,"['delta_strong_positive', 'cvd_strong_positive', 'aggressive_buyers', 'above_vwap']",76010.1,75820.07475,-52.49331796018454,LOSS,6,25.0,0.3883694403769412,1.1324810781725672,-1.0000000000000318,1.0,stop_loss,6.9772047268079955,1.619491946350614,2.1721010671121013,3.3098522721133925,UP,BUY,1.9534306448952663,False,75938.64843770352,0.0019023136569731945,NONE,0.0,76200.12525000001,1.0
2026-05-27 04:15:00+00:00,2026-05-27 04:15:00+00:00,2026-05-27 04:20:00+00:00,2026-05-27 04:30:00+00:00,SHORT,SHORT,-4.25,"['delta_strong_negative', 'cvd_strong_negative', 'aggressive_sellers', 'below_vwap']",75508.3,75319.52925,52.230851370380854,WIN,3,10.0,1.2210578174849651,0.06939634450777606,0.9999999999999789,1.0,take_profit,6.9772047268079955,3.408711238625027,-3.41682747563781,-2.3958480631528416,DOWN,SELL,0.38820663845205355,False,75800.08954872725,-0.0037199106592201757,NONE,0.0,75319.52925,1.0
2026-05-27 12:15:00+00:00,2026-05-27 12:15:00+00:00,2026-05-27 12:20:00+00:00,2026-05-27 12:20:00+00:00,LONG,LONG,4.25,"['delta_strong_positive', 'cvd_strong_positive', 'aggressive_buyers', 'above_vwap']",75808.1,75997.62025,52.49200562723424,WIN,1,1.0,1.8330495026256781,0.17201328090273107,1.0000000000000073,1.0,take_profit,6.9772047268079955,3.5003363579252573,3.718379905643109,2.493737767963882,UP,BUY,1.887977612635171,False,75743.13361367388,-0.00034749616361872624,NONE,0.0,75997.62025,1.0
2026-05-27 13:05:00+00:00,2026-05-27 13:05:00+00:00,2026-05-27 13:10:00+00:00,2026-05-27 13:25:00+00:00,SHORT,SHORT,-4.25,"['delta_strong_negative', 'cvd_strong_negative', 'aggressive_sellers', 'below_vwap']",75474.7,75286.01325,52.75446565536821,WIN,4,15.0,1.6784432399201168,0.1870825587912395,0.9999999999999655,1.0,take_profit,6.9772047268079955,1.3050628258220893,-2.967541585583065,-3.2399798322189173,DOWN,SELL,0.40451526152725414,False,75749.48306225064,-0.004342454752781146,NONE,0.0,75286.01325,1.0
2026-05-27 21:40:00+00:00,2026-05-27 21:40:00+00:00,2026-05-27 21:45:00+00:00,2026-05-27 21:45:00+00:00,SHORT,SHORT,-4.25,"['delta_strong_negative', 'cvd_strong_negative', 'aggressive_sellers', 'below_vwap']",74599.9,74413.40024999999,53.01823798364763,WIN,1,1.0,1.4311011140765293,0.0005361937482802029,1.0000000000000144,1.0,take_profit,6.9772047268079955,4.115875879781917,-4.0357494919631325,-3.5710211936408824,DOWN,SELL,0.4368522549836388,False,75344.36181012161,-0.004311465146792098,NONE,0.0,74413.40024999999,1.0
2026-05-28 01:15:00+00:00,2026-05-28 01:15:00+00:00,2026-05-28 01:20:00+00:00,2026-05-28 01:20:00+00:00,SHORT,SHORT,-4.25,"['delta_strong_negative', 'cvd_strong_negative', 'aggressive_sellers', 'below_vwap']",74325.1,74510.91275,-53.28332917356433,LOSS,1,1.0,0.5048092770813785,1.011233082767432,-0.9999999999999856,1.0,stop_loss,6.9772047268079955,3.921009379503537,-4.054832327220219,-3.406521944249588,DOWN,SELL,0.39699032710625415,False,74417.10339365275,-0.001885076461173511,NONE,0.0,74139.28725000001,1.0
2026-05-28 03:15:00+00:00,2026-05-28 03:15:00+00:00,2026-05-28 03:20:00+00:00,2026-05-28 03:20:00+00:00,SHORT,SHORT,-4.25,"['delta_strong_negative', 'cvd_strong_negative', 'aggressive_sellers', 'below_vwap']",73692.8,73877.032,-53.016912527698324,LOSS,1,1.0,0.08576143123888852,1.1740631377828115,-1.0000000000000198,1.0,stop_loss,6.9772047268079955,4.240334146674467,-4.2396598960440475,-4.205998116301787,DOWN,SELL,0.3983054511199784,False,74104.37553184954,-0.006031538906906621,NONE,0.0,73508.568,1.0
2026-05-28 10:15:00+00:00,2026-05-28 10:15:00+00:00,2026-05-28 10:20:00+00:00,2026-05-28 12:20:00+00:00,SHORT,SHORT,-4.25,"['delta_strong_negative', 'cvd_strong_negative', 'aggressive_sellers', 'below_vwap']",73431.6,73248.02100000001,52.75182796505819,WIN,25,120.0,1.1439216903894236,0.7664275325608979,0.9999999999999886,1.0,take_profit,6.9772047268079955,1.6984674921772023,-2.862313621256666,-2.1927979497833023,DOWN,SELL,0.3726753092724068,False,73455.58167548219,0.0026173923403213324,NONE,0.0,73248.02100000001,1.0
2026-05-28 14:10:00+00:00,2026-05-28 14:10:00+00:00,2026-05-28 14:15:00+00:00,2026-05-28 14:15:00+00:00,LONG,LONG,4.25,"['delta_strong_positive', 'cvd_strong_positive', 'aggressive_buyers', 'big_trade_buy']",73283.6,73466.80900000001,53.015587104884816,WIN,1,1.0,1.4939222418112486,0.30074941733214966,1.0000000000000138,1.0,take_profit,6.9772047268079955,3.64828594366935,4.128140713383061,3.6285627593581213,UP,BUY,3.0136057610673768,True,73352.44720669926,0.0024498914924304446,NONE,0.0,73466.80900000001,1.0
2026-05-28 17:45:00+00:00,2026-05-28 17:45:00+00:00,2026-05-28 17:50:00+00:00,2026-05-28 19:10:00+00:00,LONG,LONG,4.25,"['delta_strong_positive', 'cvd_strong_positive', 'aggressive_buyers', 'above_vwap']",73618.0,73433.955,-53.280665040408,LOSS,17,80.0,0.5705126463636611,1.0660436306337964,-0.9999999999999906,1.0,stop_loss,6.9772047268079955,3.438385030931313,3.6557537394508053,2.8692721775632855,UP,BUY,2.008261672336861,False,73304.55187268787,0.007269923479615619,NONE,0.0,73802.045,1.0
2026-05-28 21:40:00+00:00,2026-05-28 21:40:00+00:00,2026-05-28 21:45:00+00:00,2026-05-28 22:05:00+00:00,LONG,LONG,4.25,"['delta_strong_positive', 'cvd_strong_positive', 'aggressive_buyers', 'above_vwap']",73877.8,73693.1055,-53.014261715205826,LOSS,5,20.0,0.29454044381394234,1.0980294486300508,-0.9999999999999879,1.0,stop_loss,6.9772047268079955,3.3845949082084825,3.427153535554079,2.7146065554261476,UP,BUY,3.635540284847957,False,73327.71853255207,0.004283221534610086,NONE,0.0,74062.4945,1.0
2026-05-29 00:45:00+00:00,2026-05-29 00:45:00+00:00,2026-05-29 00:50:00+00:00,2026-05-29 01:25:00+00:00,SHORT,SHORT,-4.25,"['delta_strong_negative', 'cvd_strong_negative', 'aggressive_sellers', 'below_vwap']",73725.3,73540.98675,52.74919040663231,WIN,8,35.0,1.0129494217046093,0.6440122997125659,1.0000000000000353,1.0,take_profit,6.9772047268079955,0.9767589541720637,-3.0816087216353014,-2.161715291807583,DOWN,SELL,0.17660441641792718,False,73736.08522089785,0.000625095776378266,NONE,0.0,73540.98675,1.0
2026-05-29 02:40:00+00:00,2026-05-29 02:40:00+00:00,2026-05-29 02:45:00+00:00,2026-05-29 05:00:00+00:00,SHORT,SHORT,-4.25,"['delta_strong_negative', 'cvd_strong_negative', 'aggressive_sellers', 'below_vwap']",73316.0,73499.29,-53.012936358661754,LOSS,28,135.0,0.8576572644443073,1.2913961481804632,-0.9999999999999651,1.0,stop_loss,6.9772047268079955,1.6627686919868776,-2.6918961794932987,-2.8235427868054224,DOWN,SELL,0.20706306725622525,False,73606.70442862198,-0.0037725421196755544,NONE,0.0,73132.71,1.0
2026-05-29 07:30:00+00:00,2026-05-29 07:30:00+00:00,2026-05-29 07:35:00+00:00,2026-05-29 08:00:00+00:00,SHORT,SHORT,-4.25,"['delta_strong_negative', 'cvd_strong_negative', 'aggressive_sellers', 'below_vwap']",73495.5,73679.23875,-52.74787167687146,LOSS,6,25.0,0.8844078889183691,1.0585682116592172,-1.000000000000022,1.0,stop_loss,6.9772047268079955,3.2067750916876094,-2.5352836107148087,-2.072054375075423,DOWN,SELL,0.5542573069462822,False,73547.62403432508,-0.0008992073804818585,NONE,0.0,73311.76125,1.0
2026-05-29 11:50:00+00:00,2026-05-29 11:50:00+00:00,2026-05-29 11:55:00+00:00,2026-05-29 12:30:00+00:00,SHORT,SHORT,-4.25,"['delta_strong_negative', 'cvd_strong_negative', 'aggressive_sellers', 'below_vwap']",73393.1,73209.61725000001,52.48413231848467,WIN,8,35.0,1.0197143873198207,0.3013907301911943,0.9999999999999758,1.0,take_profit,6.9772047268079955,3.9668330346659206,-2.744841685827694,-2.3994345188248962,DOWN,SELL,0.5952350211821666,False,73567.54828964287,-0.0034349096964940273,NONE,0.0,73209.61725000001,1.0
2026-05-29 12:45:00+00:00,2026-05-29 12:45:00+00:00,2026-05-29 12:50:00+00:00,2026-05-29 13:20:00+00:00,SHORT,SHORT,-4.25,"['delta_strong_negative', 'cvd_strong_negative', 'aggressive_sellers', 'below_vwap']",73216.4,73033.359,52.746552980077624,WIN,7,30.0,1.4127982255341223,0.7063991127671009,0.999999999999986,1.0,take_profit,6.9772047268079955,1.9312147584980546,-2.876575144835697,-2.1869612607948983,DOWN,SELL,0.3594738215109556,False,73541.41045885932,-0.00428290444900169,NONE,0.0,73033.359,1.0
2026-05-29 13:35:00+00:00,2026-05-29 13:35:00+00:00,2026-05-29 13:40:00+00:00,2026-05-29 14:05:00+00:00,LONG,LONG,3.75,"['delta_strong_positive', 'cvd_strong_positive', 'aggressive_buyers']",73187.0,73004.0325,-53.01028574497841,LOSS,6,25.0,0.7269050514435623,1.78009755830952,-0.9999999999999936,1.0,stop_loss,6.9772047268079955,2.3212633015151134,2.947675237655827,2.378739025759642,UP,BUY,1.9565722265651684,False,73465.47128963722,-0.001306516277369424,NONE,0.0,73369.9675,1.0
2026-05-29 14:25:00+00:00,2026-05-29 14:25:00+00:00,2026-05-29 14:30:00+00:00,2026-05-29 14:50:00+00:00,SHORT,SHORT,-3.5,"['delta_strong_negative', 'cvd_strong_negative', 'below_vwap']",72690.3,72872.02575,-52.74523431625321,LOSS,5,20.0,0.8485313721362937,2.2533955699728847,-0.9999999999999878,1.0,stop_loss,6.9772047268079955,3.5790624783030722,-2.3434400380207805,-2.7708443233932383,DOWN,SELL,0.6846074351069292,False,73352.67694634726,-0.00522846343059494,NONE,0.0,72508.57425,1.0
2026-05-29 15:05:00+00:00,2026-05-29 15:05:00+00:00,2026-05-29 15:10:00+00:00,2026-05-29 15:25:00+00:00,LONG,LONG,4.25,"['delta_strong_positive', 'cvd_strong_positive', 'aggressive_buyers', 'above_vwap']",73640.7,73456.59825,-52.48150814467305,LOSS,4,15.0,0.5209075959354472,1.1097124280459196,-1.0000000000000089,1.0,stop_loss,6.9772047268079955,2.5918498635303284,2.7871736350103906,2.54625373114938,UP,BUY,1.8739289307269775,False,73303.29595278997,0.007954362131148106,NONE,0.0,73824.80175,1.0
2026-05-29 18:25:00+00:00,2026-05-29 18:25:00+00:00,2026-05-29 18:30:00+00:00,2026-05-29 18:45:00+00:00,SHORT,SHORT,-3.75,"['delta_strong_negative', 'cvd_strong_negative', 'aggressive_sellers']",73758.0,73573.605,52.21910060395038,WIN,4,15.0,1.254914721114966,0.3264730605493483,1.000000000000022,1.0,take_profit,6.9772047268079955,1.570105712903104,-2.0692378735151724,-2.398172448026619,DOWN,SELL,0.459425787087811,False,73520.89739170048,0.0007754816923822987,NONE,0.0,73573.605,1.0
2026-05-29 21:20:00+00:00,2026-05-29 21:20:00+00:00,2026-05-29 21:25:00+00:00,2026-05-29 21:50:00+00:00,SHORT,SHORT,-3.75,"['delta_strong_negative', 'cvd_strong_negative', 'aggressive_sellers']",73593.1,73409.11725000001,52.48019610696771,WIN,6,25.0,1.1202137156880512,0.0,0.9999999999999759,1.0,take_profit,6.9772047268079955,3.3715367974398798,-3.7607507807811245,-3.0447105124032836,DOWN,SELL,0.2160177510160763,False,73517.1732839053,-0.0006994472659538646,NONE,0.0,73409.11725000001,1.0
2026-05-30 05:05:00+00:00,2026-05-30 05:05:00+00:00,2026-05-30 05:10:00+00:00,2026-05-30 06:35:00+00:00,LONG,LONG,4.25,"['delta_strong_positive', 'cvd_strong_positive', 'aggressive_buyers', 'above_vwap']",73481.4,73665.1035,52.74259708750476,WIN,18,85.0,1.1083076805831453,0.17147196433383144,1.000000000000018,1.0,take_profit,6.9772047268079955,3.3937216457353085,3.546720957249352,3.8160096378426447,UP,BUY,4.275483498373079,False,73470.55191643124,0.0001355940589384018,NONE,0.0,73665.1035,1.0
2026-05-30 10:25:00+00:00,2026-05-30 10:25:00+00:00,2026-05-30 10:30:00+00:00,2026-05-30 13:20:00+00:00,SHORT,SHORT,-3.75,"['delta_strong_negative', 'cvd_strong_negative', 'aggressive_sellers']",73597.3,73781.29325,-53.006310072941204,LOSS,35,170.0,0.3706657717062832,1.178847593593755,-0.9999999999999973,1.0,stop_loss,6.9772047268079955,1.3845536362796678,-2.5037672698759597,-2.168220205598001,DOWN,SELL,0.37828936397291796,False,73491.67739878704,0.0007001210577466141,NONE,0.0,73413.30675,1.0
2026-05-30 14:00:00+00:00,2026-05-30 14:00:00+00:00,2026-05-30 14:05:00+00:00,2026-05-30 14:30:00+00:00,LONG,LONG,4.25,"['delta_strong_positive', 'cvd_strong_positive', 'aggressive_buyers', 'above_vwap']",73883.3,74068.00825,52.741278522575506,WIN,6,25.0,1.057343134375443,0.18569825657491154,0.9999999999999785,1.0,take_profit,6.9772047268079955,1.690384514702429,2.3509657519670895,3.0909078834315964,UP,BUY,3.0713560719078465,False,73537.15369793486,0.0027411643630096344,NONE,0.0,74068.00825,1.0
2026-05-30 19:40:00+00:00,2026-05-30 19:40:00+00:00,2026-05-30 19:45:00+00:00,2026-05-30 22:05:00+00:00,SHORT,SHORT,-4.25,"['delta_strong_negative', 'cvd_strong_negative', 'aggressive_sellers', 'big_trade_sell']",73992.6,73807.61850000001,53.00498491518791,WIN,29,140.0,1.0822703892011452,0.2832715704002518,0.9999999999999697,1.0,take_profit,6.9772047268079955,1.551316748334445,-3.0567942552861904,-2.2547016813271195,DOWN,SELL,0.11964581644872928,True,73681.12419164431,0.0006725702045855331,NONE,0.0,73807.61850000001,1.0
2026-05-31 01:00:00+00:00,2026-05-31 01:00:00+00:00,2026-05-31 01:05:00+00:00,2026-05-31 02:30:00+00:00,LONG,LONG,4.25,"['delta_strong_positive', 'cvd_strong_positive', 'aggressive_buyers', 'above_vwap']",74080.0,73894.8,-53.27000983976462,LOSS,18,85.0,0.91792656587473,1.3012958963282937,-0.9999999999999841,1.0,stop_loss,6.9772047268079955,2.1609202247616115,2.85345688036882,2.0455505663625657,UP,BUY,2.3670527222238347,False,73944.67129799553,0.0024918384430757286,NONE,0.0,74265.2,1.0
2026-05-31 04:30:00+00:00,2026-05-31 04:30:00+00:00,2026-05-31 04:35:00+00:00,2026-05-31 07:10:00+00:00,SHORT,SHORT,-3.75,"['delta_strong_negative', 'cvd_strong_negative', 'aggressive_sellers']",74123.1,73937.79225,53.00365979056869,WIN,32,155.0,1.0992524597595708,0.3858446287324734,1.0000000000000389,1.0,take_profit,6.9772047268079955,1.4880035211126634,-2.8801825487581496,-3.1063825898595283,DOWN,SELL,0.19953527168732127,False,74058.4648219111,0.0006477819390003853,NONE,0.0,73937.79225,1.0
2026-05-31 10:20:00+00:00,2026-05-31 10:20:00+00:00,2026-05-31 10:25:00+00:00,2026-05-31 11:25:00+00:00,SHORT,SHORT,-4.25,"['delta_strong_negative', 'cvd_strong_negative', 'aggressive_sellers', 'below_vwap']",73742.1,73926.45525,-53.26867808951752,LOSS,13,60.0,0.0,1.0957105913718215,-0.9999999999999634,1.0,stop_loss,6.9772047268079955,3.724789572121819,-3.212747710517209,-2.622715176226627,DOWN,SELL,0.3749639069086989,False,73996.59966788253,-0.0018876533383992275,NONE,0.0,73557.74475000001,1.0
2026-05-31 13:45:00+00:00,2026-05-31 13:45:00+00:00,2026-05-31 13:50:00+00:00,2026-05-31 14:10:00+00:00,SHORT,SHORT,-4.25,"['delta_strong_negative', 'cvd_strong_negative', 'aggressive_sellers', 'below_vwap']",73830.3,73645.72425,53.00233469907291,WIN,5,20.0,1.247726204552889,0.08776884287343863,1.0000000000000195,1.0,take_profit,6.9772047268079955,1.4439068091598226,-2.1823179881702433,-2.739253746773076,DOWN,SELL,0.3242163897280967,False,73979.81739400455,-0.00037856880213066606,NONE,0.0,73645.72425,1.0
2026-05-31 16:30:00+00:00,2026-05-31 16:30:00+00:00,2026-05-31 16:35:00+00:00,2026-05-31 17:30:00+00:00,SHORT,SHORT,-4.25,"['delta_strong_negative', 'cvd_strong_negative', 'aggressive_sellers', 'below_vwap']",73399.9,73583.39975,-53.267346372568035,LOSS,12,55.0,0.32261624334636474,1.353680318365604,-1.0000000000000149,1.0,stop_loss,6.9772047268079955,3.856675416294818,-3.7959265918537377,-2.9749705636916834,DOWN,SELL,0.4507254421137511,False,73841.68920856301,-0.0030638521947691563,NONE,0.0,73216.40024999999,1.0
2026-05-31 20:05:00+00:00,2026-05-31 20:05:00+00:00,2026-05-31 20:10:00+00:00,2026-05-31 21:45:00+00:00,LONG,LONG,3.75,"['delta_strong_positive', 'cvd_strong_positive', 'aggressive_buyers']",73653.3,73837.43325,53.00100964070411,WIN,20,95.0,1.3267565743829695,0.3426866141775362,0.9999999999999942,1.0,take_profit,6.9772047268079955,4.099311777117734,4.06422712350684,3.7037880453473417,UP,BUY,4.034152581314191,False,73799.98974819327,0.0015890578183443338,NONE,0.0,73837.43325,1.0
