timestamp,signal_timestamp,entry_timestamp,exit_timestamp,signal,direction,score,reasons,entry,exit,pnl,outcome,duration_bars,duration_minutes,mfe_r,mae_r,rr_realized,rr_model,exit_reason,drawdown,volume_z,delta_z,cvd_slope_z,cvd_condition,delta_condition,buy_sell_ratio,big_trade,vwap,distance_to_poc,absorption,absorption_score,target_price,target_r,partial_taken,partial_size_pct,be_triggered,trailing_activated,structure_target
2026-03-01 02:00:00+00:00,2026-03-01 02:00:00+00:00,2026-03-01 02:05:00+00:00,2026-03-01 02:05:00+00:00,LONG,LONG,4.25,"['delta_strong_positive', 'cvd_strong_positive', 'aggressive_buyers', 'above_vwap']",67991.0,67821.0225,-49.99999999999812,LOSS,1,1.0,0.5353649747760734,2.076745451603889,-0.9999999999999624,dynamic_structure,stop_loss,0.4999999999999818,2.6787496418473773,2.5486969794164747,2.3443438081131505,UP,BUY,1.6585883218873945,False,67020.8535345461,0.014475292603574821,NONE,0.0,68160.9775,0.9999999999999624,False,50.0,False,False,68160.9775
2026-03-01 06:05:00+00:00,2026-03-01 06:05:00+00:00,2026-03-01 06:10:00+00:00,2026-03-01 06:10:00+00:00,SHORT,SHORT,-4.25,"['delta_strong_negative', 'cvd_strong_negative', 'aggressive_sellers', 'below_vwap']",67080.6,67080.6,0.0,LOSS,1,1.0,1.1484691550165371,0.10435207794802073,0.0,dynamic_structure,trailing_stop,0.4999999999999818,3.364546923956765,-3.180717027456477,-2.6388439547692557,DOWN,SELL,0.39459802012286693,False,67290.70765587836,-0.006592027811863395,NONE,0.0,66996.74925000001,0.5,False,50.0,True,True,67017.4
2026-03-01 08:50:00+00:00,2026-03-01 08:50:00+00:00,2026-03-01 08:55:00+00:00,2026-03-01 09:00:00+00:00,SHORT,SHORT,-3.5,"['delta_strong_negative', 'cvd_strong_negative', 'below_vwap']",66487.1,66653.31775,-49.74999999999885,LOSS,2,5.0,0.9782348756375646,1.0859249388227188,-0.9999999999999767,dynamic_structure,stop_loss,0.9974999999999636,4.098518759744508,-3.4137022576866864,-3.193933698013648,DOWN,SELL,0.7231534386289661,False,67220.70996326448,-0.008304355657138556,NONE,0.0,66403.991125,0.5,False,50.0,False,False,66438.4
2026-03-01 11:05:00+00:00,2026-03-01 11:05:00+00:00,2026-03-01 11:10:00+00:00,2026-03-01 11:20:00+00:00,LONG,LONG,4.25,"['delta_strong_positive', 'cvd_strong_positive', 'aggressive_buyers', 'big_trade_buy']",66484.7,66567.80587499999,24.750624999998173,PARTIAL+TRAIL,3,10.0,0.9223174655221602,0.16003682050150647,0.4999999999999629,dynamic_structure,trailing_stop,0.9974999999999636,0.23305575905152684,2.832697949409894,3.500560028688794,UP,BUY,5.437083110817914,True,67102.96873593489,-0.002549092966593908,NONE,0.0,66567.80587499999,0.5,True,50.0,False,True,66510.4
2026-03-01 13:20:00+00:00,2026-03-01 13:20:00+00:00,2026-03-01 13:25:00+00:00,2026-03-01 13:45:00+00:00,SHORT,SHORT,-4.25,"['delta_strong_negative', 'cvd_strong_negative', 'aggressive_sellers', 'below_vwap']",66203.2,66368.708,-49.6250031250005,LOSS,5,20.0,0.10875607221403194,1.0398288904464184,-1.0000000000000098,dynamic_structure,stop_loss,1.2462437812499774,3.3615905877259156,-3.4738453918338963,-2.7070478207100823,DOWN,SELL,0.5420331757399636,False,67050.74513744107,-0.0029688557330647476,NONE,0.0,66120.446,0.5,False,50.0,False,False,66164.7
2026-03-01 16:45:00+00:00,2026-03-01 16:45:00+00:00,2026-03-01 16:50:00+00:00,2026-03-01 16:50:00+00:00,SHORT,SHORT,-4.25,"['delta_strong_negative', 'cvd_strong_negative', 'aggressive_sellers', 'below_vwap']",66061.5,66061.5,0.0,LOSS,1,1.0,1.722637239541942,0.7253846794275207,0.0,dynamic_structure,trailing_stop,1.2462437812499774,3.990801864239984,-3.9713582912850027,-3.292917822611765,DOWN,SELL,0.5682267346067772,False,66991.87368488095,-0.010614022181921328,NONE,0.0,65822.6,1.4465308841003863,False,50.0,True,True,65822.6
2026-03-01 22:10:00+00:00,2026-03-01 22:10:00+00:00,2026-03-01 22:15:00+00:00,2026-03-01 22:15:00+00:00,LONG,LONG,3.75,"['delta_strong_positive', 'cvd_strong_positive', 'aggressive_buyers']",65975.7,65975.7,0.0,LOSS,1,1.0,1.1513329907830232,0.22856900343609599,0.0,dynamic_structure,trailing_stop,1.2462437812499774,4.188693316899577,4.168387167769225,3.6064589584226474,UP,BUY,2.4323353027052037,False,66702.90430771872,0.0032982067047765294,NONE,0.0,66058.169625,0.5,False,50.0,True,True,65978.5
2026-03-02 02:05:00+00:00,2026-03-02 02:05:00+00:00,2026-03-02 02:10:00+00:00,2026-03-02 02:10:00+00:00,SHORT,SHORT,-4.25,"['delta_strong_negative', 'cvd_strong_negative', 'aggressive_sellers', 'below_vwap']",66145.8,66145.8,0.0,LOSS,1,1.0,1.8341300581442987,0.05140160070631846,0.0,dynamic_structure,trailing_stop,1.2462437812499774,1.3889618101113475,-2.68760251640343,-2.4798250539077293,DOWN,SELL,0.505231387185235,False,66427.61782093406,0.0019493101038703996,NONE,0.0,65629.7,3.1209842499448537,False,50.0,True,True,65629.7
2026-03-02 06:15:00+00:00,2026-03-02 06:15:00+00:00,2026-03-02 06:20:00+00:00,2026-03-02 06:20:00+00:00,SHORT,SHORT,-4.25,"['delta_strong_negative', 'cvd_strong_negative', 'aggressive_sellers', 'below_vwap']",66197.1,66197.1,0.0,LOSS,1,1.0,1.1003503174610718,0.3450302203570323,0.0,dynamic_structure,trailing_stop,1.2462437812499774,2.6777264120333357,-2.695365388213822,-2.423016609716881,DOWN,SELL,0.5758815220623557,False,66508.47325512764,-0.0064676136103467025,NONE,0.0,66071.0,0.7619669139585015,False,50.0,True,True,66071.0
2026-03-02 07:05:00+00:00,2026-03-02 07:05:00+00:00,2026-03-02 07:10:00+00:00,2026-03-02 07:20:00+00:00,SHORT,SHORT,-4.25,"['delta_strong_negative', 'cvd_strong_negative', 'aggressive_sellers', 'below_vwap']",65634.1,65552.057375,24.688439054688065,PARTIAL+TRAIL,3,10.0,0.762408565059966,0.7624085650598774,0.5000000000000113,dynamic_structure,trailing_stop,1.2462437812499774,3.119176968371475,-3.174839322990238,-2.768083780261411,DOWN,SELL,0.5060266613593003,False,66444.91620208607,-0.013368763626247704,NONE,0.0,65552.057375,0.5,True,50.0,False,True,65574.7
2026-03-02 13:40:00+00:00,2026-03-02 13:40:00+00:00,2026-03-02 13:45:00+00:00,2026-03-02 14:05:00+00:00,SHORT,SHORT,-3.5,"['delta_strong_negative', 'cvd_strong_negative', 'below_vwap']",65561.1,65473.3,26.13899231323127,PARTIAL+TRAIL,5,20.0,1.9932551467257524,0.33190413217590414,0.5280570338203776,dynamic_structure,trailing_stop,1.2462437812499774,2.926261057270046,-2.3779575816743312,-3.379491546908265,DOWN,SELL,0.6883840623517163,False,66250.1407395525,-0.007400784665004114,NONE,0.0,65475.8,0.5204305601950113,True,50.0,True,True,65475.8
2026-03-02 14:30:00+00:00,2026-03-02 14:30:00+00:00,2026-03-02 14:35:00+00:00,2026-03-02 14:35:00+00:00,LONG,LONG,4.25,"['delta_strong_positive', 'cvd_strong_positive', 'aggressive_buyers', 'above_vwap']",66222.2,66222.2,0.0,LOSS,1,1.0,1.167584284424274,1.157315824602573,0.0,dynamic_structure,trailing_stop,1.2462437812499774,3.9340053129047656,3.987386900818737,3.088444133215103,UP,BUY,1.6677317314429378,False,66172.98919900067,0.0054062847659738155,NONE,0.0,66304.97774999999,0.5,False,50.0,True,True,66290.3
2026-03-02 15:05:00+00:00,2026-03-02 15:05:00+00:00,2026-03-02 15:10:00+00:00,2026-03-02 15:10:00+00:00,LONG,LONG,4.75,"['delta_strong_positive', 'cvd_strong_positive', 'aggressive_buyers', 'big_trade_buy', 'above_vwap']",67701.1,67701.1,0.0,LOSS,1,1.0,4.400519341635444,0.041358264489055566,0.0,dynamic_structure,trailing_stop,1.2462437812499774,1.9237740356513973,2.811768786406744,2.161104849304102,UP,BUY,1.7964996331872216,True,66331.54428495583,0.02017566190358344,NONE,0.0,67799.2,0.57960653519657,False,50.0,True,True,67799.2
2026-03-02 23:40:00+00:00,2026-03-02 23:40:00+00:00,2026-03-02 23:45:00+00:00,2026-03-03 00:00:00+00:00,SHORT,SHORT,-3.75,"['delta_strong_negative', 'cvd_strong_negative', 'aggressive_sellers']",68763.4,68935.3085,-49.63101526621607,LOSS,4,15.0,0.3688008446353391,1.161664490121266,-1.0000000000000293,dynamic_structure,stop_loss,1.2462437812499774,0.2850335397224457,-2.1934655868198787,-2.014897109311573,DOWN,SELL,0.48707613162269836,False,67771.54094565856,-0.004958619964408724,NONE,0.0,68529.5,1.3606075324954507,False,50.0,False,False,68529.5
2026-03-03 02:00:00+00:00,2026-03-03 02:00:00+00:00,2026-03-03 02:05:00+00:00,2026-03-03 02:25:00+00:00,SHORT,SHORT,-4.75,"['delta_strong_negative', 'cvd_strong_negative', 'aggressive_sellers', 'big_trade_sell', 'below_vwap']",68547.5,68343.0,58.93020115295922,PARTIAL+TRAIL,5,20.0,2.3656588497027267,0.7288376673109548,1.1933330901929318,dynamic_structure,trailing_stop,1.2462437812499774,3.9977876413555427,-3.1724024094729417,-2.670954935282671,DOWN,SELL,0.6345537122236725,True,68853.76706793802,-0.006114353568050972,NONE,0.0,68343.0,1.1933330901929318,True,50.0,True,True,68343.0
2026-03-03 04:45:00+00:00,2026-03-03 04:45:00+00:00,2026-03-03 04:50:00+00:00,2026-03-03 05:05:00+00:00,SHORT,SHORT,-4.25,"['delta_strong_negative', 'cvd_strong_negative', 'aggressive_sellers', 'below_vwap']",68067.9,68238.06975,-49.677511195648606,LOSS,4,15.0,0.39313685305404855,1.4426770915512306,-1.0000000000000056,dynamic_structure,stop_loss,1.2462437812499774,3.5686150017450946,-3.7895065196470634,-3.6244438063378444,DOWN,SELL,0.39929123247369125,False,68588.49484077079,-0.006598701648280231,NONE,0.0,67982.815125,0.5,False,50.0,False,False,68044.0
2026-03-03 05:45:00+00:00,2026-03-03 05:45:00+00:00,2026-03-03 05:50:00+00:00,2026-03-03 06:00:00+00:00,SHORT,SHORT,-4.25,"['delta_strong_negative', 'cvd_strong_negative', 'aggressive_sellers', 'below_vwap']",67835.5,68005.08875,-49.42912363966873,LOSS,3,10.0,0.20343330557009234,1.0342667187534207,-0.9999999999999726,dynamic_structure,stop_loss,1.6360439570565175,2.635208144719467,-3.014777355409091,-2.1354861776007716,DOWN,SELL,0.3974543535210573,False,68494.18648225299,-0.007211191099248532,NONE,0.0,67750.705625,0.5,False,50.0,False,False,67834.0
2026-03-03 08:40:00+00:00,2026-03-03 08:40:00+00:00,2026-03-03 08:45:00+00:00,2026-03-03 08:45:00+00:00,SHORT,SHORT,-4.25,"['delta_strong_negative', 'cvd_strong_negative', 'aggressive_sellers', 'below_vwap']",67310.1,67310.1,0.0,LOSS,1,1.0,1.308570333426999,0.11112745338365022,0.0,dynamic_structure,trailing_stop,1.6360439570565175,2.9414647293149176,-3.467243950628078,-2.7384300014812175,DOWN,SELL,0.5965709828059474,False,68235.66167847127,-0.00936096362573615,NONE,0.0,67225.962375,0.5,False,50.0,True,True,67274.4
2026-03-03 23:10:00+00:00,2026-03-03 23:10:00+00:00,2026-03-03 23:15:00+00:00,2026-03-03 23:15:00+00:00,LONG,LONG,4.25,"['delta_strong_positive', 'cvd_strong_positive', 'aggressive_buyers', 'above_vwap']",68653.0,68481.3675,-49.181978021473746,LOSS,1,1.0,0.19809767963526723,1.0551614641749425,-1.0000000000000406,dynamic_structure,stop_loss,2.1278637372712548,3.7437853447753815,3.6483877926497965,2.649810473793949,UP,BUY,2.129354351896225,False,67682.25077826159,0.0047373481273241345,NONE,0.0,68845.8,1.1233303715788263,False,50.0,False,False,68845.8
2026-03-04 01:30:00+00:00,2026-03-04 01:30:00+00:00,2026-03-04 01:35:00+00:00,2026-03-04 01:35:00+00:00,LONG,LONG,4.25,"['delta_strong_positive', 'cvd_strong_positive', 'aggressive_buyers', 'above_vwap']",68471.5,68471.5,0.0,LOSS,1,1.0,1.1111192247869381,0.0,0.0,dynamic_structure,trailing_stop,2.1278637372712548,3.46569340790925,3.3203464873297936,2.8039181984144603,UP,BUY,2.4723745372993022,False,68160.65934952511,0.0032804191957866075,NONE,0.0,68557.089375,0.5,False,50.0,True,True,68485.5
2026-03-04 03:30:00+00:00,2026-03-04 03:30:00+00:00,2026-03-04 03:35:00+00:00,2026-03-04 03:40:00+00:00,SHORT,SHORT,-4.25,"['delta_strong_negative', 'cvd_strong_negative', 'aggressive_sellers', 'below_vwap']",67500.1,67415.724875,24.468034065683906,PARTIAL+TRAIL,2,5.0,0.8894801637331251,0.8965912643091689,0.5000000000000351,dynamic_structure,trailing_stop,2.1278637372712548,3.970658104610324,-3.447387372690174,-2.847338718085972,DOWN,SELL,0.5828674221761861,False,68188.64686962537,-0.010236947004530884,NONE,0.0,67415.724875,0.5,True,50.0,False,True,67459.9
2026-03-04 07:40:00+00:00,2026-03-04 07:40:00+00:00,2026-03-04 07:45:00+00:00,2026-03-04 07:45:00+00:00,LONG,LONG,4.25,"['delta_strong_positive', 'cvd_strong_positive', 'aggressive_buyers', 'above_vwap']",68937.6,68937.6,0.0,LOSS,1,1.0,3.3903123984588284,0.537877732906348,0.0,dynamic_structure,trailing_stop,2.1278637372712548,2.115717408984842,2.9053943272002205,2.945607799565145,UP,BUY,2.83010505774987,False,68124.46522577536,0.011969759994638226,NONE,0.0,69023.77200000001,0.5,False,50.0,True,True,68988.0
2026-03-04 14:30:00+00:00,2026-03-04 14:30:00+00:00,2026-03-04 14:35:00+00:00,2026-03-04 14:35:00+00:00,LONG,LONG,4.75,"['delta_strong_positive', 'cvd_strong_positive', 'aggressive_buyers', 'big_trade_buy', 'above_vwap']",72398.0,72217.005,-49.05840830169153,LOSS,1,1.0,0.16685543799550864,3.917235282742617,-0.9999999999999744,dynamic_structure,stop_loss,2.3737674796313333,4.077589021369214,4.05046193075649,3.642551752220364,UP,BUY,1.778098107963113,True,70126.29910697897,0.014015785720459426,NONE,0.0,72630.0,1.2818033647338325,False,50.0,False,False,72630.0
2026-03-04 19:10:00+00:00,2026-03-04 19:10:00+00:00,2026-03-04 19:15:00+00:00,2026-03-04 19:20:00+00:00,LONG,LONG,4.25,"['delta_strong_positive', 'cvd_strong_positive', 'aggressive_buyers', 'above_vwap']",73842.8,73842.8,0.0,LOSS,2,5.0,1.0005037728796693,1.499401431148347,0.0,dynamic_structure,trailing_stop,2.3737674796313333,3.7522398531652112,3.274761681622504,2.9027164834791224,UP,BUY,1.599300338265753,False,71028.67788478316,0.010100973119441532,NONE,0.0,74046.5,1.1034251138905735,False,50.0,True,True,74046.5
2026-03-04 23:30:00+00:00,2026-03-04 23:30:00+00:00,2026-03-04 23:35:00+00:00,2026-03-04 23:35:00+00:00,SHORT,SHORT,-3.75,"['delta_strong_negative', 'cvd_strong_negative', 'aggressive_sellers']",72336.1,72516.94025,-48.81311626018266,LOSS,1,1.0,0.04921470745593821,2.262770594488766,-0.9999999999999657,dynamic_structure,stop_loss,2.8618986422331543,2.7355663446546123,-2.98649297103217,-2.145198706318333,DOWN,SELL,0.5119385140398822,False,71245.59978116483,-0.010334918469237946,NONE,0.0,72245.679875,0.5,False,50.0,False,False,72273.0
2026-03-05 07:50:00+00:00,2026-03-05 07:50:00+00:00,2026-03-05 07:55:00+00:00,2026-03-05 07:55:00+00:00,SHORT,SHORT,-4.75,"['delta_strong_negative', 'cvd_strong_negative', 'aggressive_sellers', 'big_trade_sell', 'below_vwap']",71766.1,71945.51525000001,-48.56905067888489,LOSS,1,1.0,0.14547258385229694,1.5985263237098761,-1.0000000000000302,dynamic_structure,stop_loss,3.347589149022005,3.9341138332323506,-3.534640558902839,-3.408559997248079,DOWN,SELL,0.6036417359187443,True,72517.94116047713,-0.008694385578925884,NONE,0.0,71676.39237500001,0.5,False,50.0,False,False,71743.8
2026-03-05 10:25:00+00:00,2026-03-05 10:25:00+00:00,2026-03-05 10:30:00+00:00,2026-03-05 10:30:00+00:00,LONG,LONG,3.5,"['delta_strong_positive', 'cvd_strong_positive', 'above_vwap']",73122.4,73122.4,0.0,LOSS,1,1.0,2.0300208964695132,0.002188111987539683,0.0,dynamic_structure,trailing_stop,3.347589149022005,3.8498221230508824,3.737837589855979,3.387962564812826,UP,BUY,1.4998367836982878,False,72498.89703961558,0.01020972240231326,NONE,0.0,73424.9,1.6547596906009652,False,50.0,True,True,73424.9
2026-03-05 13:00:00+00:00,2026-03-05 13:00:00+00:00,2026-03-05 13:05:00+00:00,2026-03-05 13:15:00+00:00,LONG,LONG,3.25,"['cvd_strong_positive', 'aggressive_buyers', 'big_trade_buy', 'above_vwap']",72720.6,72538.7985,-48.32620542548937,LOSS,3,10.0,0.11166024482739888,1.031894676336586,-1.0000000000000075,dynamic_structure,stop_loss,3.830851203276907,0.759156142848358,1.5866800233667273,2.2826967957386706,UP,BUY,1.5933179526031258,True,72618.17361116111,-0.002796666993737738,NONE,0.0,72811.50075,0.5,False,50.0,False,False,72777.0
2026-03-05 16:05:00+00:00,2026-03-05 16:05:00+00:00,2026-03-05 16:10:00+00:00,2026-03-05 16:10:00+00:00,SHORT,SHORT,-4.75,"['delta_strong_negative', 'cvd_strong_negative', 'aggressive_sellers', 'big_trade_sell', 'below_vwap']",70812.1,70989.13025,-48.084574398360495,LOSS,1,1.0,0.33214662465879646,1.8917670850038009,-0.9999999999999781,dynamic_structure,stop_loss,4.311696947260516,3.4048105436805076,-3.4143054863821147,-2.938172376188069,DOWN,SELL,0.4861962913856024,True,72336.31624253241,-0.015967718901172847,NONE,0.0,70723.584875,0.5,False,50.0,False,False,70799.0
2026-03-05 21:15:00+00:00,2026-03-05 21:15:00+00:00,2026-03-05 21:20:00+00:00,2026-03-05 21:35:00+00:00,LONG,LONG,3.75,"['delta_strong_positive', 'cvd_strong_positive', 'aggressive_buyers']",71430.5,71519.788125,23.922075763186584,PARTIAL+TRAIL,4,15.0,0.5594248955277881,2.0540245413374,0.5000000000000357,dynamic_structure,trailing_stop,4.311696947260516,3.4131580121551015,3.479305819032746,2.8883171808727277,UP,BUY,1.8478165697575573,False,72036.113514933,0.005999197225568733,NONE,0.0,71519.788125,0.5,True,50.0,False,True,71444.8
2026-03-06 01:25:00+00:00,2026-03-06 01:25:00+00:00,2026-03-06 01:30:00+00:00,2026-03-06 01:30:00+00:00,SHORT,SHORT,-4.25,"['delta_strong_negative', 'cvd_strong_negative', 'aggressive_sellers', 'below_vwap']",70423.1,70599.15775000001,-47.96376190518764,LOSS,1,1.0,0.052823576354934156,2.287885651157011,-1.0000000000000406,dynamic_structure,stop_loss,4.552113808680533,4.047843402819207,-3.89616794470495,-2.881279378511338,DOWN,SELL,0.522928012704841,False,70762.89015476471,-0.007332803940450232,NONE,0.0,70335.071125,0.5,False,50.0,False,False,70339.6
2026-03-06 04:40:00+00:00,2026-03-06 04:40:00+00:00,2026-03-06 04:45:00+00:00,2026-03-06 05:20:00+00:00,SHORT,SHORT,-3.5,"['delta_strong_negative', 'cvd_strong_negative', 'below_vwap']",70487.2,70487.2,0.0,LOSS,8,35.0,1.0555107877742342,0.8029826691938395,0.0,dynamic_structure,trailing_stop,4.552113808680533,4.219223582593262,-3.8299320236147576,-2.872351154449021,DOWN,SELL,0.740102062109916,False,70895.9354315431,-0.005744902941261839,NONE,0.0,70339.6,0.8375988832014396,False,50.0,True,True,70339.6
2026-03-06 10:00:00+00:00,2026-03-06 10:00:00+00:00,2026-03-06 10:05:00+00:00,2026-03-06 10:50:00+00:00,LONG,LONG,3.75,"['delta_strong_positive', 'cvd_strong_positive', 'aggressive_buyers']",70620.5,70443.94875,-47.723943095660836,LOSS,10,45.0,0.8365842779362768,1.0778739884311377,-1.000000000000023,dynamic_structure,stop_loss,5.029353239637149,0.3185051497915559,2.7141043224775987,2.2765345404631514,UP,BUY,1.586170072455444,False,70725.64333449418,-0.000823031116476946,NONE,0.0,70776.6,0.8841625307099542,False,50.0,False,False,70776.6
2026-03-06 12:00:00+00:00,2026-03-06 12:00:00+00:00,2026-03-06 12:05:00+00:00,2026-03-06 12:05:00+00:00,SHORT,SHORT,-4.25,"['delta_strong_negative', 'cvd_strong_negative', 'aggressive_sellers', 'below_vwap']",70132.5,70132.5,0.0,LOSS,1,1.0,2.169607528606533,0.12205468220864323,0.0,dynamic_structure,trailing_stop,5.029353239637149,2.8294072663968732,-2.029288568051648,-2.0299296691422075,DOWN,SELL,0.6325116368173888,False,70677.74268812544,-0.005617092681805996,NONE,0.0,70044.834375,0.5,False,50.0,True,True,70050.0
2026-03-06 13:55:00+00:00,2026-03-06 13:55:00+00:00,2026-03-06 14:00:00+00:00,2026-03-06 14:00:00+00:00,SHORT,SHORT,-4.25,"['delta_strong_negative', 'cvd_strong_negative', 'aggressive_sellers', 'below_vwap']",69189.7,69189.7,0.0,LOSS,1,1.0,2.0332506138919353,0.29715405616737023,0.0,dynamic_structure,trailing_stop,5.029353239637149,3.678664420271159,-4.117473790534894,-3.4487739472783336,DOWN,SELL,0.4985873598684082,False,70429.67812612087,-0.011887966129290413,NONE,0.0,69103.212875,0.5,False,50.0,True,True,69179.4
2026-03-06 17:35:00+00:00,2026-03-06 17:35:00+00:00,2026-03-06 17:40:00+00:00,2026-03-06 17:45:00+00:00,SHORT,SHORT,-4.25,"['delta_strong_negative', 'cvd_strong_negative', 'aggressive_sellers', 'below_vwap']",67823.3,67737.3,24.084571589383604,PARTIAL+TRAIL,2,5.0,0.6546422836989647,1.100506758001992,0.5072003279109095,dynamic_structure,trailing_stop,5.029353239637149,3.8323591763087945,-3.5026761318938595,-3.2617435914050206,DOWN,SELL,0.6306219922723294,False,69740.60083463731,-0.012978513615279564,NONE,0.0,67737.3,0.5072003279109096,True,50.0,False,True,67737.3
2026-03-07 00:30:00+00:00,2026-03-07 00:30:00+00:00,2026-03-07 00:35:00+00:00,2026-03-07 02:20:00+00:00,LONG,LONG,4.25,"['delta_strong_positive', 'cvd_strong_positive', 'aggressive_buyers', 'above_vwap']",68282.9,68112.19274999999,-47.60574623813023,LOSS,22,105.0,0.287626916841586,1.2032295054837694,-1.0000000000000397,dynamic_structure,stop_loss,5.264564986124624,3.5704755175929015,3.0549645018837657,3.4175045155513195,UP,BUY,2.0267598200335475,False,68206.64689876881,0.0016377169171875646,NONE,0.0,68368.253625,0.5,False,50.0,False,False,68338.2
2026-03-07 04:00:00+00:00,2026-03-07 04:00:00+00:00,2026-03-07 04:05:00+00:00,2026-03-07 04:35:00+00:00,SHORT,SHORT,-4.25,"['delta_strong_negative', 'cvd_strong_negative', 'aggressive_sellers', 'below_vwap']",67875.8,68045.4895,-47.36771750693577,LOSS,7,30.0,0.2899413340247752,1.2982535749118413,-0.9999999999999594,dynamic_structure,stop_loss,5.738242161193975,3.74507422560245,-3.4622240371636552,-2.498067450596599,DOWN,SELL,0.5075055861247552,False,68192.89109093769,-0.004680815883360119,NONE,0.0,67764.1,0.658261118100985,False,50.0,False,False,67764.1
2026-03-07 06:50:00+00:00,2026-03-07 06:50:00+00:00,2026-03-07 06:55:00+00:00,2026-03-07 07:05:00+00:00,SHORT,SHORT,-4.25,"['delta_strong_negative', 'cvd_strong_negative', 'aggressive_sellers', 'below_vwap']",67664.5,67570.3,26.24554260628617,PARTIAL+TRAIL,3,10.0,1.4116708170458832,0.3931160357351344,0.5568651212969702,dynamic_structure,trailing_stop,5.738242161193975,4.024857350946707,-3.9321605414785354,-3.3586898194380743,DOWN,SELL,0.46313583045639906,False,68081.35126982722,-0.005255893207975691,NONE,0.0,67570.3,0.5568651212969702,True,50.0,True,True,67570.3
2026-03-07 11:10:00+00:00,2026-03-07 11:10:00+00:00,2026-03-07 11:15:00+00:00,2026-03-07 11:55:00+00:00,LONG,LONG,4.25,"['delta_strong_positive', 'cvd_strong_positive', 'aggressive_buyers', 'above_vwap']",68160.0,67989.6,-47.26210663243283,LOSS,9,40.0,0.3262910798122407,1.1085680751173368,-0.9999999999999659,dynamic_structure,stop_loss,5.948407801455451,3.9852014030719873,3.8249121054884054,2.323047777311183,UP,BUY,2.55949037313139,False,67963.3404468714,0.004267267846566353,NONE,0.0,68245.2,0.5,False,50.0,False,False,68182.1
2026-03-07 14:35:00+00:00,2026-03-07 14:35:00+00:00,2026-03-07 14:40:00+00:00,2026-03-07 15:20:00+00:00,LONG,LONG,4.25,"['delta_strong_positive', 'cvd_strong_positive', 'aggressive_buyers', 'above_vwap']",68026.9,67856.83275,-47.02579609927028,LOSS,9,40.0,0.11701253474733514,1.216577559759414,-0.9999999999999576,dynamic_structure,stop_loss,6.4186657624481445,1.3928002620171485,3.31324500347961,2.291261712057073,UP,BUY,2.0534573045115794,False,67955.64541279188,0.0013537523862667102,NONE,0.0,68111.93362499999,0.5,False,50.0,False,False,68032.9
2026-03-07 18:00:00+00:00,2026-03-07 18:00:00+00:00,2026-03-07 18:05:00+00:00,2026-03-07 18:35:00+00:00,SHORT,SHORT,-4.25,"['delta_strong_negative', 'cvd_strong_negative', 'aggressive_sellers', 'below_vwap']",67573.1,67488.633625,23.39533355938896,PARTIAL+TRAIL,7,30.0,0.7742726025593195,0.5386758932178632,0.5000000000000212,dynamic_structure,trailing_stop,6.4186657624481445,4.182796239994617,-4.114911881627147,-3.904530301204878,DOWN,SELL,0.47795746469254274,False,67932.65271245227,-0.003232000747768696,NONE,0.0,67488.633625,0.5,True,50.0,False,True,67568.4
2026-03-07 19:15:00+00:00,2026-03-07 19:15:00+00:00,2026-03-07 19:20:00+00:00,2026-03-07 19:25:00+00:00,SHORT,SHORT,-4.25,"['delta_strong_negative', 'cvd_strong_negative', 'aggressive_sellers', 'below_vwap']",67327.8,67327.8,0.0,LOSS,2,5.0,1.2113866783112397,0.6962948440317199,0.0,dynamic_structure,trailing_stop,6.4186657624481445,2.447788176951764,-2.570146788853789,-2.019627043130521,DOWN,SELL,0.45333227576424917,False,67898.4195401014,-0.004751628463434659,NONE,0.0,67225.0,0.6107432590995274,False,50.0,True,True,67225.0
2026-03-08 02:40:00+00:00,2026-03-08 02:40:00+00:00,2026-03-08 02:45:00+00:00,2026-03-08 02:45:00+00:00,LONG,LONG,4.25,"['delta_strong_positive', 'cvd_strong_positive', 'aggressive_buyers', 'above_vwap']",67368.1,67199.67975000001,-46.90764378657163,LOSS,1,1.0,0.0,1.986103215023134,-0.9999999999999738,dynamic_structure,stop_loss,6.6537888647199726,3.3693182468177585,3.1165492161547923,2.3499795719850267,UP,BUY,2.145826476305216,False,67244.79672809748,0.0017251352700730735,NONE,0.0,67452.310125,0.5,False,50.0,False,False,67373.9
2026-03-08 04:50:00+00:00,2026-03-08 04:50:00+00:00,2026-03-08 04:55:00+00:00,2026-03-08 05:00:00+00:00,SHORT,SHORT,-4.25,"['delta_strong_negative', 'cvd_strong_negative', 'aggressive_sellers', 'below_vwap']",66583.5,66749.95875,-46.67310556764148,LOSS,2,5.0,0.45356582336464735,1.0441025178910865,-1.0000000000000313,dynamic_structure,stop_loss,7.120519920396381,4.0076006810054015,-3.8419012169879725,-3.3235520391414988,DOWN,SELL,0.3928063499384994,False,67052.1372091937,-0.006421051830690787,NONE,0.0,66500.270625,0.5,False,50.0,False,False,66561.8
2026-03-08 12:10:00+00:00,2026-03-08 12:10:00+00:00,2026-03-08 12:15:00+00:00,2026-03-08 12:15:00+00:00,SHORT,SHORT,-3.5,"['delta_strong_negative', 'cvd_strong_negative', 'below_vwap']",67018.9,67018.9,0.0,LOSS,1,1.0,1.0003148365609777,0.7162158734327183,0.0,dynamic_structure,trailing_stop,7.120519920396381,2.970436337798506,-2.2624570988970576,-2.605366585817562,DOWN,SELL,0.7030842089666423,False,67328.01740673157,-0.009002357298725346,NONE,0.0,66914.7,0.6219141167640596,False,50.0,True,True,66914.7
2026-03-08 19:15:00+00:00,2026-03-08 19:15:00+00:00,2026-03-08 19:20:00+00:00,2026-03-08 19:25:00+00:00,LONG,LONG,3.75,"['delta_strong_positive', 'cvd_strong_positive', 'aggressive_buyers']",67116.8,67200.696,23.219870019899073,PARTIAL+TRAIL,2,5.0,0.7938399923714903,0.2818966339277374,0.4999999999999605,dynamic_structure,trailing_stop,7.120519920396381,2.7332857261162364,2.3374253185196623,2.4860749800512307,UP,BUY,1.7571916454212053,False,67235.09903435774,0.0019266687464714392,NONE,0.0,67200.696,0.5,True,50.0,False,True,67151.7
2026-03-08 21:05:00+00:00,2026-03-08 21:05:00+00:00,2026-03-08 21:10:00+00:00,2026-03-08 21:10:00+00:00,SHORT,SHORT,-4.25,"['delta_strong_negative', 'cvd_strong_negative', 'aggressive_sellers', 'below_vwap']",66883.3,66883.3,0.0,LOSS,1,1.0,1.295988684768826,0.2745079862984881,0.0,dynamic_structure,trailing_stop,7.120519920396381,1.8063231598317424,-2.340461605399237,-2.01091725750567,DOWN,SELL,0.45945245039812765,False,67233.75745381243,-0.003199964857478362,NONE,0.0,66718.4,0.9861953581836346,False,50.0,True,True,66718.4
2026-03-08 22:00:00+00:00,2026-03-08 22:00:00+00:00,2026-03-08 22:05:00+00:00,2026-03-08 22:05:00+00:00,SHORT,SHORT,-4.75,"['delta_strong_negative', 'cvd_strong_negative', 'aggressive_sellers', 'big_trade_sell', 'below_vwap']",65727.6,65891.91900000001,-46.55583938990218,LOSS,1,1.0,0.34566909487036135,2.629032552535008,-1.0000000000000189,dynamic_structure,stop_loss,7.353879614096423,4.197035132717735,-4.194878326115281,-3.9857060765163546,DOWN,SELL,0.44039745769836547,True,67137.7686637411,-0.01509380211509705,NONE,0.0,65645.44050000001,0.5,False,50.0,False,False,65673.8
2026-03-09 01:55:00+00:00,2026-03-09 01:55:00+00:00,2026-03-09 02:00:00+00:00,2026-03-09 02:10:00+00:00,SHORT,SHORT,-4.25,"['delta_strong_negative', 'cvd_strong_negative', 'aggressive_sellers', 'below_vwap']",66150.1,66067.412375,23.161530096477556,PARTIAL+TRAIL,3,10.0,0.8253955776332914,1.0273605028563473,0.5000000000000359,dynamic_structure,trailing_stop,7.353879614096423,2.082705412119789,-2.155424275050804,-2.1296517833751607,DOWN,SELL,0.6117268317979077,False,66315.55935608203,0.00038706785495652463,NONE,0.0,66067.412375,0.5,True,50.0,False,True,66081.5
2026-03-09 03:05:00+00:00,2026-03-09 03:05:00+00:00,2026-03-09 03:10:00+00:00,2026-03-09 03:10:00+00:00,LONG,LONG,4.25,"['delta_strong_positive', 'cvd_strong_positive', 'aggressive_buyers', 'above_vwap']",67075.0,67075.0,0.0,LOSS,1,1.0,2.1062989191203703,0.04174431606410734,0.0,dynamic_structure,trailing_stop,7.353879614096423,2.673679953021594,2.8788131076287216,2.7327240269207294,UP,BUY,1.7957352670066982,False,66394.59165991066,0.010704391981448125,NONE,0.0,67158.84375,0.5,False,50.0,True,True,67145.0
2026-03-09 07:30:00+00:00,2026-03-09 07:30:00+00:00,2026-03-09 07:35:00+00:00,2026-03-09 07:40:00+00:00,LONG,LONG,4.25,"['delta_strong_positive', 'cvd_strong_positive', 'aggressive_buyers', 'above_vwap']",67263.0,67347.07875,23.219433921717247,PARTIAL+TRAIL,2,5.0,1.089454826576258,0.0005946805822269049,0.5000000000000036,dynamic_structure,trailing_stop,7.353879614096423,1.1105890100690903,2.3182211171939513,2.45249050781835,UP,BUY,2.0399243822298243,False,67084.7473363012,-0.0035245140646602336,NONE,0.0,67347.07875,0.5,True,50.0,True,True,67286.0
2026-03-09 09:30:00+00:00,2026-03-09 09:30:00+00:00,2026-03-09 09:35:00+00:00,2026-03-09 09:35:00+00:00,LONG,LONG,4.25,"['delta_strong_positive', 'cvd_strong_positive', 'aggressive_buyers', 'above_vwap']",68135.4,68135.4,0.0,LOSS,1,1.0,1.2492771745671292,0.08747288487332094,0.0,dynamic_structure,trailing_stop,7.353879614096423,3.690936496457107,3.5959459417278663,2.766904145290688,UP,BUY,1.846504807455695,False,67191.20190374058,0.007350294144451732,NONE,0.0,68260.0,0.7314846614241984,False,50.0,True,True,68260.0
2026-03-09 12:35:00+00:00,2026-03-09 12:35:00+00:00,2026-03-09 12:40:00+00:00,2026-03-09 12:40:00+00:00,LONG,LONG,4.25,"['delta_strong_positive', 'cvd_strong_positive', 'aggressive_buyers', 'above_vwap']",68245.3,68074.68675000001,-46.554965013041354,LOSS,1,1.0,0.3850814634853804,1.0567760710261536,-0.9999999999999699,dynamic_structure,stop_loss,7.355619624044903,3.8411671509488277,3.42728900761922,3.29652210647588,UP,BUY,1.5049103038499823,False,67340.8193967007,0.0051268986738726196,NONE,0.0,68441.5,1.1499693019152795,False,50.0,False,False,68441.5
2026-03-09 13:25:00+00:00,2026-03-09 13:25:00+00:00,2026-03-09 13:30:00+00:00,2026-03-09 13:30:00+00:00,LONG,LONG,4.25,"['delta_strong_positive', 'cvd_strong_positive', 'aggressive_buyers', 'above_vwap']",68734.8,68734.8,0.0,LOSS,1,1.0,1.4851283483766422,0.29795678462727515,0.0,dynamic_structure,trailing_stop,7.355619624044903,3.0243942895217493,2.9666177081757676,2.410637150378247,UP,BUY,1.5767003699626916,False,67424.11477756656,0.010185223209932436,NONE,0.0,68820.7185,0.5,False,50.0,True,True,68760.9
2026-03-09 17:35:00+00:00,2026-03-09 17:35:00+00:00,2026-03-09 17:40:00+00:00,2026-03-09 17:40:00+00:00,SHORT,SHORT,-3.75,"['delta_strong_negative', 'cvd_strong_negative', 'aggressive_sellers']",68393.0,68393.0,0.0,LOSS,1,1.0,1.029345108417528,0.33336744988522216,0.0,dynamic_structure,trailing_stop,7.355619624044903,2.9371105452712545,-2.6900936160951163,-2.119335645543964,DOWN,SELL,0.6214013295415146,False,67899.83362059433,-0.008301697475373458,NONE,0.0,68307.50875,0.5,False,50.0,True,True,68373.1
2026-03-09 19:15:00+00:00,2026-03-09 19:15:00+00:00,2026-03-09 19:20:00+00:00,2026-03-09 19:20:00+00:00,LONG,LONG,4.25,"['delta_strong_positive', 'cvd_strong_positive', 'aggressive_buyers', 'above_vwap']",68811.5,68811.5,0.0,LOSS,1,1.0,1.0643569752149324,0.8440449634145286,0.0,dynamic_structure,trailing_stop,7.355619624044903,1.843527289119871,2.915672826247413,2.3421063860983313,UP,BUY,2.120056353461433,False,67930.69974345181,0.0015983702126274118,NONE,0.0,69013.0,1.1713158411021414,False,50.0,True,True,69013.0
2026-03-09 22:00:00+00:00,2026-03-09 22:00:00+00:00,2026-03-09 22:05:00+00:00,2026-03-09 22:15:00+00:00,SHORT,SHORT,-4.25,"['delta_strong_negative', 'cvd_strong_negative', 'aggressive_sellers', 'big_trade_sell']",68759.8,68673.85025,23.16109509398871,PARTIAL+TRAIL,3,10.0,0.685284134043455,0.4729507648364475,0.49999999999999856,dynamic_structure,trailing_stop,7.355619624044903,0.9273719887559122,-2.655618116599055,-2.259720486510337,DOWN,SELL,0.5570007021547374,True,68038.33386918911,-0.0016585531427449577,NONE,0.0,68673.85025,0.5,True,50.0,False,True,68751.7
2026-03-10 00:25:00+00:00,2026-03-10 00:25:00+00:00,2026-03-10 00:30:00+00:00,2026-03-10 00:35:00+00:00,LONG,LONG,3.5,"['delta_strong_positive', 'cvd_strong_positive', 'above_vwap']",68943.4,69029.57925,23.21899783172403,PARTIAL+TRAIL,2,5.0,1.3477722305543558,0.5488560181249621,0.5000000000000061,dynamic_structure,trailing_stop,7.355619624044903,3.653625948845386,2.481335115771491,2.5399634807358358,UP,BUY,1.2598250483260751,False,68649.41047753922,0.0032602322399530154,NONE,0.0,69029.57925,0.5,True,50.0,True,True,68977.8
2026-03-10 02:30:00+00:00,2026-03-10 02:30:00+00:00,2026-03-10 02:35:00+00:00,2026-03-10 02:35:00+00:00,LONG,LONG,4.25,"['delta_strong_positive', 'cvd_strong_positive', 'aggressive_buyers', 'above_vwap']",69971.9,69971.9,0.0,LOSS,1,1.0,1.2353530488667928,0.2846857095490525,0.0,dynamic_structure,trailing_stop,7.355619624044903,4.137028205887404,3.8973582717243325,3.4530264692381327,UP,BUY,1.9696672344383326,False,69159.26433376635,0.01329864519965561,NONE,0.0,70059.364875,0.5,False,50.0,True,True,70000.0
2026-03-10 07:05:00+00:00,2026-03-10 07:05:00+00:00,2026-03-10 07:10:00+00:00,2026-03-10 07:10:00+00:00,LONG,LONG,4.25,"['delta_strong_positive', 'cvd_strong_positive', 'aggressive_buyers', 'above_vwap']",70108.3,70108.3,0.0,LOSS,1,1.0,1.664282260445608,0.04735530600515436,0.0,dynamic_structure,trailing_stop,7.355619624044903,3.459538176015389,3.7186295160234963,2.425822771765079,UP,BUY,1.8792754926546704,False,69711.12727254294,0.0036888128255325447,NONE,0.0,70195.935375,0.5,False,50.0,True,True,70160.3
2026-03-10 08:05:00+00:00,2026-03-10 08:05:00+00:00,2026-03-10 08:10:00+00:00,2026-03-10 08:15:00+00:00,LONG,LONG,4.25,"['delta_strong_positive', 'cvd_strong_positive', 'aggressive_buyers', 'above_vwap']",70892.6,70715.36850000001,-46.55409065260464,LOSS,2,5.0,0.22795044898900127,1.086714269190329,-0.9999999999999684,dynamic_structure,stop_loss,7.357359601313819,3.6841193267382106,3.8350398362874074,2.4594259729631447,UP,BUY,2.1380201222731046,False,69822.08630850719,0.010560910724984897,NONE,0.0,70981.21575,0.5,False,50.0,False,False,70900.0
2026-03-10 13:35:00+00:00,2026-03-10 13:35:00+00:00,2026-03-10 13:40:00+00:00,2026-03-10 13:40:00+00:00,SHORT,SHORT,-3.5,"['delta_strong_negative', 'cvd_strong_negative', 'below_vwap']",69737.6,69911.944,-46.321320199342374,LOSS,1,1.0,0.3303813151012126,1.7276189602165664,-0.9999999999999845,dynamic_structure,stop_loss,7.820572803307241,3.853167714336747,-3.2243250023641994,-2.596726421060871,DOWN,SELL,0.7133376708258885,False,70136.56317513644,-0.010893653171898918,NONE,0.0,69650.428,0.5,False,50.0,False,False,69700.9
2026-03-10 14:55:00+00:00,2026-03-10 14:55:00+00:00,2026-03-10 15:00:00+00:00,2026-03-10 15:00:00+00:00,LONG,LONG,4.25,"['delta_strong_positive', 'cvd_strong_positive', 'aggressive_buyers', 'above_vwap']",71435.6,71435.6,0.0,LOSS,1,1.0,1.7492678720413584,0.5980211547183919,0.0,dynamic_structure,trailing_stop,7.820572803307241,1.935105545767012,2.3636186507875143,2.5311474607713684,UP,BUY,1.5255318743783834,False,70146.14717073356,0.01666370657138349,NONE,0.0,71524.89450000001,0.5,False,50.0,True,True,71499.9
2026-03-10 21:35:00+00:00,2026-03-10 21:35:00+00:00,2026-03-10 21:40:00+00:00,2026-03-10 21:40:00+00:00,SHORT,SHORT,-4.25,"['delta_strong_negative', 'cvd_strong_negative', 'aggressive_sellers', 'below_vwap']",69743.7,69743.7,0.0,LOSS,1,1.0,1.3804831117362404,0.3148671492909538,0.0,dynamic_structure,trailing_stop,7.820572803307241,3.6600831187190597,-3.5184438642276934,-2.9664346288995898,DOWN,SELL,0.4770458435240825,False,70320.95153689709,-0.00630040981329501,NONE,0.0,69656.520375,0.5,False,50.0,True,True,69688.0
2026-03-10 23:45:00+00:00,2026-03-10 23:45:00+00:00,2026-03-10 23:50:00+00:00,2026-03-11 00:15:00+00:00,LONG,LONG,3.75,"['delta_strong_positive', 'cvd_strong_positive', 'aggressive_buyers']",69844.9,69844.9,0.0,LOSS,6,25.0,1.171166398691959,0.7851682800032144,0.0,dynamic_structure,trailing_stop,7.820572803307241,0.8562808496303087,2.099264212159355,2.563621261419089,UP,BUY,2.6007691226901604,False,70286.35980475308,0.00016745350612130442,NONE,0.0,70227.4,2.1905679584336153,False,50.0,True,True,70227.4
2026-03-11 02:35:00+00:00,2026-03-11 02:35:00+00:00,2026-03-11 02:40:00+00:00,2026-03-11 03:00:00+00:00,SHORT,SHORT,-4.25,"['delta_strong_negative', 'cvd_strong_negative', 'aggressive_sellers', 'below_vwap']",69667.0,69841.1675,-46.0897135983453,LOSS,5,20.0,0.4386581882383004,1.125353467208291,-0.9999999999999766,dynamic_structure,stop_loss,8.281469939290693,3.692628701966072,-3.404714525613266,-2.595134123520731,DOWN,SELL,0.4934989031812892,False,69921.16308293292,-0.0029579314231001296,NONE,0.0,69579.91625,0.5,False,50.0,False,False,69650.1
2026-03-11 04:25:00+00:00,2026-03-11 04:25:00+00:00,2026-03-11 04:30:00+00:00,2026-03-11 04:55:00+00:00,LONG,LONG,4.25,"['delta_strong_positive', 'cvd_strong_positive', 'aggressive_buyers', 'above_vwap']",69942.5,70087.5,38.02891477657461,PARTIAL+TRAIL,6,25.0,1.7534403259820899,0.380312399470994,0.8292526003502876,dynamic_structure,trailing_stop,8.281469939290693,3.2938127822409813,2.7166593421993324,2.490036552983799,UP,BUY,1.6573799130840716,False,69814.25716408252,0.0021623237806276023,NONE,0.0,70087.5,0.8292526003502877,True,50.0,True,True,70087.5
2026-03-11 05:40:00+00:00,2026-03-11 05:40:00+00:00,2026-03-11 05:45:00+00:00,2026-03-11 06:10:00+00:00,SHORT,SHORT,-4.25,"['delta_strong_negative', 'cvd_strong_negative', 'aggressive_sellers', 'below_vwap']",69494.9,69668.63725,-46.049409604239,LOSS,6,25.0,0.281459502783624,1.1183554476659607,-1.0000000000000322,dynamic_structure,stop_loss,8.361674887567332,3.2220459415767495,-2.84979696012215,-2.113569673808204,DOWN,SELL,0.5887242900481865,False,69829.86653617118,-0.004075316852194756,NONE,0.0,69408.03137499999,0.5,False,50.0,False,False,69462.3
2026-03-11 09:35:00+00:00,2026-03-11 09:35:00+00:00,2026-03-11 09:40:00+00:00,2026-03-11 09:45:00+00:00,SHORT,SHORT,-4.25,"['delta_strong_negative', 'cvd_strong_negative', 'aggressive_sellers', 'below_vwap']",69488.2,69661.9205,-45.81916255621523,LOSS,2,5.0,0.0949801549039981,1.3861346242959405,-0.9999999999999759,dynamic_structure,stop_loss,8.819866513129492,3.5743187188236973,-2.690558617881958,-2.7898680357420744,DOWN,SELL,0.5782434638695682,False,69748.44779923692,-0.0017465069581076166,NONE,0.0,69401.33975,0.5,False,50.0,False,False,69465.9
2026-03-11 11:55:00+00:00,2026-03-11 11:55:00+00:00,2026-03-11 12:00:00+00:00,2026-03-11 12:05:00+00:00,SHORT,SHORT,-4.25,"['delta_strong_negative', 'cvd_strong_negative', 'aggressive_sellers', 'below_vwap']",69143.9,69057.47012499999,22.795033371718063,PARTIAL+TRAIL,2,5.0,1.2206427465040302,0.586024219056217,0.5000000000000094,dynamic_structure,trailing_stop,8.819866513129492,3.2505314962663365,-3.4487433935481224,-3.2472493603224133,DOWN,SELL,0.44999591796322,False,69691.24326522839,-0.004939454237287866,NONE,0.0,69057.47012499999,0.5,True,50.0,True,True,69098.0
2026-03-11 12:30:00+00:00,2026-03-11 12:30:00+00:00,2026-03-11 12:35:00+00:00,2026-03-11 13:45:00+00:00,LONG,LONG,3.0,"['delta_strong_positive', 'cvd_strong_positive']",69248.2,70161.3,150.38835651583122,PARTIAL+TRAIL,15,70.0,10.469586213071242,0.7977102653931295,3.290482640704027,dynamic_structure,trailing_stop,8.819866513129492,3.442866042513604,2.630810752720436,2.6476631313303427,UP,BUY,1.4110084482495482,False,69625.5892270786,-0.0020000340689436454,NONE,0.0,69474.4,1.3066043593912742,True,50.0,True,True,69474.4
2026-03-11 17:00:00+00:00,2026-03-11 17:00:00+00:00,2026-03-11 17:05:00+00:00,2026-03-11 17:15:00+00:00,LONG,LONG,4.25,"['delta_strong_positive', 'cvd_strong_positive', 'aggressive_buyers', 'above_vwap']",70859.1,70947.67387500001,23.227991846436986,PARTIAL+TRAIL,3,10.0,0.710706176059217,0.5475655208717016,0.5000000000000104,dynamic_structure,trailing_stop,8.819866513129492,1.6934848442375006,3.6281880216860896,2.3468983772368244,UP,BUY,3.6463055783023033,False,69986.8524548622,0.007238396085711749,NONE,0.0,70947.67387500001,0.5,True,50.0,False,True,70938.1
2026-03-11 20:50:00+00:00,2026-03-11 20:50:00+00:00,2026-03-11 20:55:00+00:00,2026-03-11 21:00:00+00:00,LONG,LONG,4.25,"['delta_strong_positive', 'cvd_strong_positive', 'aggressive_buyers', 'above_vwap']",70558.6,70685.9,33.60968806587685,PARTIAL+TRAIL,2,5.0,1.1797286227333945,0.33504066123764253,0.7216696476403348,dynamic_structure,trailing_stop,8.819866513129492,3.2664339137103897,3.5152433753841787,2.0996708507728843,UP,BUY,3.020389446194661,False,70103.27254371837,-0.002535199547889309,NONE,0.0,70685.9,0.7216696476403349,True,50.0,True,True,70685.9
2026-03-12 01:00:00+00:00,2026-03-12 01:00:00+00:00,2026-03-12 01:05:00+00:00,2026-03-12 01:10:00+00:00,SHORT,SHORT,-4.25,"['delta_strong_negative', 'cvd_strong_negative', 'aggressive_sellers', 'below_vwap']",69920.9,69833.49887499999,23.370086046218347,PARTIAL+TRAIL,2,5.0,0.5560569157433448,0.2808888329526984,0.5000000000000226,dynamic_structure,trailing_stop,8.819866513129492,3.8596856166093008,-3.888193428179395,-3.572600563777888,DOWN,SELL,0.4539434178038737,False,70123.8979206393,-0.005711508170314431,NONE,0.0,69833.49887499999,0.5,True,50.0,False,True,69878.7
2026-03-12 03:30:00+00:00,2026-03-12 03:30:00+00:00,2026-03-12 03:35:00+00:00,2026-03-12 03:45:00+00:00,LONG,LONG,3.75,"['delta_strong_positive', 'cvd_strong_positive', 'aggressive_buyers']",69545.2,69371.337,-46.857022522665,LOSS,3,10.0,0.2864324209291391,1.8048693511558118,-0.9999999999999859,dynamic_structure,stop_loss,8.819866513129492,1.3569238363382727,2.4464818178901546,2.2492019515430384,UP,BUY,2.2445970356843,False,69690.69748292255,-0.0027344317248794558,NONE,0.0,69851.5,1.7617319383652814,False,50.0,False,False,69851.5
2026-03-12 07:20:00+00:00,2026-03-12 07:20:00+00:00,2026-03-12 07:25:00+00:00,2026-03-12 07:35:00+00:00,LONG,LONG,3.75,"['delta_strong_positive', 'cvd_strong_positive', 'aggressive_buyers']",69544.5,69631.430625,23.311368705024446,PARTIAL+TRAIL,3,10.0,1.12043367915509,0.15299556399143466,0.49999999999996314,dynamic_structure,trailing_stop,8.819866513129492,2.6136298698567586,3.3363302765208687,2.887251720099392,UP,BUY,2.6872619469596883,False,69578.86297349351,0.0018384950914903599,NONE,0.0,69631.430625,0.5,True,50.0,True,True,69595.9
2026-03-12 23:00:00+00:00,2026-03-12 23:00:00+00:00,2026-03-12 23:05:00+00:00,2026-03-12 23:20:00+00:00,LONG,LONG,4.25,"['delta_strong_positive', 'cvd_strong_positive', 'aggressive_buyers', 'above_vwap']",70373.9,70461.86737499999,23.369647126786845,PARTIAL+TRAIL,4,15.0,2.0121096031341166,0.3802546114397195,0.4999999999999597,dynamic_structure,trailing_stop,8.819866513129492,3.7315989247609593,2.9257888005081054,2.4738757900027593,UP,BUY,1.5942536380487866,False,69981.96738888469,0.0022227936702893867,NONE,0.0,70461.86737499999,0.5,True,50.0,True,True,70433.4
2026-03-13 00:10:00+00:00,2026-03-13 00:10:00+00:00,2026-03-13 00:15:00+00:00,2026-03-13 00:15:00+00:00,LONG,LONG,4.75,"['delta_strong_positive', 'cvd_strong_positive', 'aggressive_buyers', 'big_trade_buy', 'above_vwap']",71085.0,71085.0,0.0,LOSS,1,1.0,3.1629739044805842,0.11197861714845145,0.0,dynamic_structure,trailing_stop,8.819866513129492,3.922188691434255,3.9388213552303815,2.886261448688556,UP,BUY,2.3533118371137154,True,70817.15561575495,0.008551428081754346,NONE,0.0,71173.85625,0.5,False,50.0,True,True,71089.0
2026-03-13 03:50:00+00:00,2026-03-13 03:50:00+00:00,2026-03-13 03:55:00+00:00,2026-03-13 04:20:00+00:00,LONG,LONG,4.25,"['delta_strong_positive', 'cvd_strong_positive', 'aggressive_buyers', 'above_vwap']",71436.3,71257.70925,-46.856142489212175,LOSS,6,25.0,0.2760501313758014,1.3231368365942966,-1.0000000000000169,dynamic_structure,stop_loss,8.819866513129492,2.525991982832994,3.4365506298706343,2.822718422778383,UP,BUY,2.5792404768619868,False,71348.38105640835,0.0012921078185079633,NONE,0.0,71698.7,1.4692810237931928,False,50.0,False,False,71698.7
2026-03-13 06:25:00+00:00,2026-03-13 06:25:00+00:00,2026-03-13 06:30:00+00:00,2026-03-13 07:00:00+00:00,SHORT,SHORT,-4.25,"['delta_strong_negative', 'cvd_strong_negative', 'aggressive_sellers', 'below_vwap']",71209.5,71387.52375,-46.621861776763495,LOSS,7,30.0,0.33422506828442833,1.4851950933512756,-0.9999999999999607,dynamic_structure,stop_loss,8.819866513129492,2.8486155118083825,-3.2897220999553594,-2.1060798146118604,DOWN,SELL,0.38295515765204746,False,71357.56331789933,-0.0013223530105618512,NONE,0.0,71120.488125,0.5,False,50.0,False,False,71201.0
2026-03-13 08:35:00+00:00,2026-03-13 08:35:00+00:00,2026-03-13 08:40:00+00:00,2026-03-13 08:45:00+00:00,LONG,LONG,4.25,"['delta_strong_positive', 'cvd_strong_positive', 'aggressive_buyers', 'above_vwap']",71996.7,71816.70825,-46.38875246788179,LOSS,2,5.0,0.2794572529018853,1.7834150731908547,-1.0000000000000058,dynamic_structure,stop_loss,8.819866513129492,4.077559350462526,3.69095469761468,2.2602937818453412,UP,BUY,2.1639637401210465,False,71412.21657770836,0.006548100545731769,NONE,0.0,72156.4,0.8872628884379261,False,50.0,False,False,72156.4
2026-03-13 12:45:00+00:00,2026-03-13 12:45:00+00:00,2026-03-13 12:50:00+00:00,2026-03-13 13:05:00+00:00,LONG,LONG,4.25,"['delta_strong_positive', 'cvd_strong_positive', 'aggressive_buyers', 'above_vwap']",72705.0,72705.0,0.0,LOSS,4,15.0,1.011209682965424,0.5446668042087889,0.0,dynamic_structure,trailing_stop,8.819866513129492,3.4843082181821554,3.26740337221221,2.4544253766018787,UP,BUY,1.5036806939628728,False,71694.99912046088,0.006398115570436316,NONE,0.0,72882.8,0.9781995736194369,False,50.0,True,True,72882.8
2026-03-13 14:40:00+00:00,2026-03-13 14:40:00+00:00,2026-03-13 14:45:00+00:00,2026-03-13 14:45:00+00:00,SHORT,SHORT,-3.75,"['delta_strong_negative', 'cvd_strong_negative', 'aggressive_sellers']",72899.8,72899.8,0.0,LOSS,1,1.0,1.2164642427002383,0.29135882402964763,0.0,dynamic_structure,trailing_stop,8.819866513129492,2.590569945986453,-2.627421079425166,-2.0560823131565154,DOWN,SELL,0.6628886352038428,False,72137.25206154646,-0.0016020281054450719,NONE,0.0,72706.9,1.05843911780284,False,50.0,True,True,72706.9
2026-03-13 22:00:00+00:00,2026-03-13 22:00:00+00:00,2026-03-13 22:05:00+00:00,2026-03-13 22:15:00+00:00,SHORT,SHORT,-4.25,"['delta_strong_negative', 'cvd_strong_negative', 'aggressive_sellers', 'below_vwap']",70763.5,70763.5,0.0,LOSS,3,10.0,1.1050894882248616,0.7037526408388506,0.0,dynamic_structure,trailing_stop,8.819866513129492,4.110668467658321,-3.941263262490315,-3.7366872734315306,DOWN,SELL,0.5019422195481772,False,71963.53139280387,-0.004895778680504529,NONE,0.0,70638.0,0.7094052724921747,False,50.0,True,True,70638.0
2026-03-14 06:25:00+00:00,2026-03-14 06:25:00+00:00,2026-03-14 06:30:00+00:00,2026-03-14 06:35:00+00:00,SHORT,SHORT,-4.25,"['delta_strong_negative', 'cvd_strong_negative', 'aggressive_sellers', 'below_vwap']",70669.8,70669.8,0.0,LOSS,2,5.0,1.0969324945026186,0.22300897979048576,0.0,dynamic_structure,trailing_stop,8.819866513129492,2.689551035981999,-2.8078924710966744,-2.4789144731287363,DOWN,SELL,0.348425750461239,False,70858.01703900658,-0.0043385948186939645,NONE,0.0,70581.46275,0.5,False,50.0,True,True,70643.1
2026-03-14 09:45:00+00:00,2026-03-14 09:45:00+00:00,2026-03-14 09:50:00+00:00,2026-03-14 11:00:00+00:00,SHORT,SHORT,-4.25,"['delta_strong_negative', 'cvd_strong_negative', 'aggressive_sellers', 'below_vwap']",70414.5,70590.53625,-46.156808705543334,LOSS,15,70.0,0.36640180644611553,1.2150906418422012,-1.0000000000000264,dynamic_structure,stop_loss,8.819866513129492,2.903338224658645,-2.1516017886905847,-2.526936651597796,DOWN,SELL,0.5532869827724325,False,70742.3448039713,-0.002490377399643474,NONE,0.0,70256.0,0.9003827336699117,False,50.0,False,False,70256.0
2026-03-14 20:40:00+00:00,2026-03-14 20:40:00+00:00,2026-03-14 20:45:00+00:00,2026-03-14 21:10:00+00:00,LONG,LONG,4.25,"['delta_strong_positive', 'cvd_strong_positive', 'aggressive_buyers', 'above_vwap']",70806.9,70629.88274999999,-45.926024662015536,LOSS,6,25.0,0.08699717117969424,1.1015875571448546,-1.000000000000025,dynamic_structure,stop_loss,8.819866513129492,3.3748374759282918,3.321397188293202,2.8696887591060865,UP,BUY,1.98210707465994,False,70704.39169198132,0.002306327470070737,NONE,0.0,70895.408625,0.5,False,50.0,False,False,70835.0
2026-03-14 23:05:00+00:00,2026-03-14 23:05:00+00:00,2026-03-14 23:10:00+00:00,2026-03-14 23:35:00+00:00,LONG,LONG,4.25,"['delta_strong_positive', 'cvd_strong_positive', 'aggressive_buyers', 'above_vwap']",70973.1,71071.9,25.445154744112646,PARTIAL+TRAIL,6,25.0,1.0460301156353111,0.6075541296632267,0.5568306865558266,dynamic_structure,trailing_stop,8.819866513129492,4.062528448638106,3.8987796578234017,3.6671810751585388,UP,BUY,1.7629392467804088,False,70710.87063428487,0.00284991319579144,NONE,0.0,71071.9,0.5568306865558266,True,50.0,True,True,71071.9
2026-03-15 02:00:00+00:00,2026-03-15 02:00:00+00:00,2026-03-15 02:05:00+00:00,2026-03-15 02:10:00+00:00,LONG,LONG,4.25,"['delta_strong_positive', 'cvd_strong_positive', 'aggressive_buyers', 'above_vwap']",71159.8,71248.74975,22.911810156212375,PARTIAL+TRAIL,2,5.0,0.776843105236367,0.23046720198763906,0.49999999999999867,dynamic_structure,trailing_stop,8.819866513129492,4.132109657434574,3.9256016088101258,3.728841604758375,UP,BUY,1.9557330299145916,False,71030.38718146842,0.0021700147069911757,NONE,0.0,71248.74975,0.5,True,50.0,False,True,71186.8
2026-03-15 02:45:00+00:00,2026-03-15 02:45:00+00:00,2026-03-15 02:50:00+00:00,2026-03-15 02:50:00+00:00,LONG,LONG,4.25,"['delta_strong_positive', 'cvd_strong_positive', 'aggressive_buyers', 'above_vwap']",71576.2,71397.2595,-45.938179363205165,LOSS,1,1.0,0.08215021194194211,1.2361650939837383,-0.9999999999999831,dynamic_structure,stop_loss,8.819866513129492,3.195873978559621,3.1563766481006232,2.0541675109525084,UP,BUY,2.0663049222656817,False,71168.20883012355,0.0065128811772776655,NONE,0.0,71665.67025,0.5,False,50.0,False,False,71599.9
2026-03-15 09:00:00+00:00,2026-03-15 09:00:00+00:00,2026-03-15 09:05:00+00:00,2026-03-15 11:25:00+00:00,LONG,LONG,4.25,"['delta_strong_positive', 'cvd_strong_positive', 'aggressive_buyers', 'above_vwap']",71815.6,71636.061,-45.708488466391,LOSS,29,140.0,0.4583962258895747,1.131787522488215,-1.000000000000024,dynamic_structure,stop_loss,9.040107951884092,3.9961138031665637,3.662526120378421,3.422225450429548,UP,BUY,1.8793403472126846,False,71403.99265051528,0.003631421271489898,NONE,0.0,71905.3695,0.5,False,50.0,False,False,71850.0
2026-03-15 11:40:00+00:00,2026-03-15 11:40:00+00:00,2026-03-15 11:45:00+00:00,2026-03-15 11:55:00+00:00,LONG,LONG,4.25,"['delta_strong_positive', 'cvd_strong_positive', 'aggressive_buyers', 'above_vwap']",71717.0,71806.64625,22.739973012030305,PARTIAL+TRAIL,3,10.0,0.741804593053251,0.11824253663704333,0.5000000000000292,dynamic_structure,trailing_stop,9.040107951884092,1.8706564205869702,2.82854432232904,2.1346559049435063,UP,BUY,3.432118886738424,False,71469.94488499517,0.00011654902053706899,NONE,0.0,71806.64625,0.5,True,50.0,False,True,71777.0
2026-03-15 13:05:00+00:00,2026-03-15 13:05:00+00:00,2026-03-15 13:10:00+00:00,2026-03-15 13:15:00+00:00,SHORT,SHORT,-4.25,"['delta_strong_negative', 'cvd_strong_negative', 'aggressive_sellers', 'below_vwap']",71382.8,71293.5715,22.7968229445584,PARTIAL+TRAIL,2,5.0,0.9117042200642007,0.21069501336451507,0.49999999999998557,dynamic_structure,trailing_stop,9.040107951884092,3.7713629977000034,-3.5255326465398102,-2.2259658843163925,DOWN,SELL,0.4347908055681355,False,71483.87467044701,-0.004349600952215547,NONE,0.0,71293.5715,0.5,True,50.0,False,True,71370.0
2026-03-15 17:50:00+00:00,2026-03-15 17:50:00+00:00,2026-03-15 17:55:00+00:00,2026-03-15 17:55:00+00:00,LONG,LONG,4.25,"['delta_strong_positive', 'cvd_strong_positive', 'aggressive_buyers', 'above_vwap']",71934.2,71754.3645,-45.70763000384117,LOSS,1,1.0,0.07173222194732815,1.0181527006625015,-1.000000000000006,dynamic_structure,stop_loss,9.041816292356616,3.9034564062385124,4.130227626902223,3.9526647613030077,UP,BUY,3.1787085857014383,False,71480.38553074452,0.005728760481834815,NONE,0.0,72024.11774999999,0.5,False,50.0,False,False,71971.8
2026-03-15 20:40:00+00:00,2026-03-15 20:40:00+00:00,2026-03-15 20:45:00+00:00,2026-03-15 21:00:00+00:00,LONG,LONG,4.25,"['delta_strong_positive', 'cvd_strong_positive', 'aggressive_buyers', 'above_vwap']",71810.0,71630.475,-45.479091853820215,LOSS,4,15.0,0.22281019356635565,1.0293830942765794,-0.9999999999999675,dynamic_structure,stop_loss,9.496607210894817,2.397847986125224,2.4004094222060655,2.0250611257623627,UP,BUY,1.656400659731033,False,71493.20079327413,0.0029123075147170275,NONE,0.0,71971.8,0.9012672329759248,False,50.0,False,False,71971.8
2026-03-15 21:35:00+00:00,2026-03-15 21:35:00+00:00,2026-03-15 21:40:00+00:00,2026-03-15 22:00:00+00:00,LONG,LONG,4.25,"['delta_strong_positive', 'cvd_strong_positive', 'aggressive_buyers', 'above_vwap']",72050.1,72050.1,0.0,LOSS,5,20.0,1.276334106406482,0.4985419867564536,0.0,dynamic_structure,trailing_stop,9.496607210894817,3.686562216542023,3.555360950996796,3.2753076842211013,UP,BUY,2.2072188007476177,False,71516.7457184173,0.004946469494940916,NONE,0.0,72200.0,0.8321987061780298,False,50.0,True,True,72200.0
2026-03-15 22:50:00+00:00,2026-03-15 22:50:00+00:00,2026-03-15 22:55:00+00:00,2026-03-15 23:10:00+00:00,LONG,LONG,4.25,"['delta_strong_positive', 'cvd_strong_positive', 'aggressive_buyers', 'above_vwap']",72658.2,73130.2,117.58508027024519,PARTIAL+TRAIL,4,15.0,2.9821823276656847,0.1640558120074701,2.598467894883165,dynamic_structure,trailing_stop,9.496607210894817,3.5992323371654718,3.7305576058580514,3.1357552471504255,UP,BUY,2.1750547359634163,False,71649.70377018691,0.007897149058216308,NONE,0.0,73130.2,2.598467894883165,True,50.0,True,True,73130.2
2026-03-16 03:20:00+00:00,2026-03-16 03:20:00+00:00,2026-03-16 03:25:00+00:00,2026-03-16 04:25:00+00:00,LONG,LONG,4.25,"['delta_strong_positive', 'cvd_strong_positive', 'aggressive_buyers', 'above_vwap']",72808.6,73551.2,104.96672509840701,PARTIAL+TRAIL,13,60.0,8.233642729018259,0.5960834297047326,2.289868916584009,dynamic_structure,trailing_stop,9.496607210894817,3.275311552357701,3.3942565950963086,2.485923993482755,UP,BUY,2.5980062322477457,False,72593.55414988217,0.0030247189339962337,NONE,0.0,72899.61075,0.5,True,50.0,True,True,72823.5
2026-03-16 08:40:00+00:00,2026-03-16 08:40:00+00:00,2026-03-16 08:45:00+00:00,2026-03-16 08:45:00+00:00,SHORT,SHORT,-4.25,"['delta_strong_negative', 'cvd_strong_negative', 'aggressive_sellers', 'below_vwap']",72871.5,73053.67875,-46.36445542139749,LOSS,1,1.0,0.09496167912011093,1.3964307033613643,-1.000000000000035,dynamic_structure,stop_loss,9.496607210894817,3.5770293150294292,-3.253173189097184,-2.428194110945924,DOWN,SELL,0.5779401291638845,False,73563.36105431049,-0.012155098056912958,NONE,0.0,72780.410625,0.5,False,50.0,False,False,72841.9
2026-03-16 10:55:00+00:00,2026-03-16 10:55:00+00:00,2026-03-16 11:00:00+00:00,2026-03-16 11:05:00+00:00,LONG,LONG,4.25,"['delta_strong_positive', 'cvd_strong_positive', 'aggressive_buyers', 'above_vwap']",73745.5,73837.681875,23.06631657214312,PARTIAL+TRAIL,2,5.0,0.6026130407957411,0.6812619075062523,0.4999999999999715,dynamic_structure,trailing_stop,9.496607210894817,2.851307491264269,3.3092593643667887,3.3831916281574155,UP,BUY,1.9628099112393191,False,73525.88141587313,0.005455582003173682,NONE,0.0,73837.681875,0.5,True,50.0,False,True,73755.8
2026-03-16 14:30:00+00:00,2026-03-16 14:30:00+00:00,2026-03-16 14:35:00+00:00,2026-03-16 14:35:00+00:00,SHORT,SHORT,-4.25,"['delta_strong_negative', 'cvd_strong_negative', 'aggressive_sellers', 'below_vwap']",73405.6,73405.6,0.0,LOSS,1,1.0,1.715945377464437,0.5372887082183989,0.0,dynamic_structure,trailing_stop,9.496607210894817,3.2353325581991603,-2.8978961352295753,-3.09541544901405,DOWN,SELL,0.5728517816061136,False,73614.38445413079,-0.0057492985389536455,NONE,0.0,73205.1,1.092559695718038,False,50.0,True,True,73205.1
2026-03-16 21:00:00+00:00,2026-03-16 21:00:00+00:00,2026-03-16 21:05:00+00:00,2026-03-16 21:05:00+00:00,LONG,LONG,4.25,"['delta_strong_positive', 'cvd_strong_positive', 'aggressive_buyers', 'above_vwap']",74417.2,74231.15699999999,-46.24796472715086,LOSS,1,1.0,0.08170154211659181,1.735620259832373,-1.0000000000000275,dynamic_structure,stop_loss,9.496607210894817,3.1227365446367736,3.383832959475099,2.6327377064479824,UP,BUY,1.9988730788030196,False,73638.38502453089,0.005188232912856501,NONE,0.0,74510.2215,0.5,False,50.0,False,False,74479.5
2026-03-17 00:05:00+00:00,2026-03-17 00:05:00+00:00,2026-03-17 00:10:00+00:00,2026-03-17 00:10:00+00:00,LONG,LONG,4.25,"['delta_strong_positive', 'cvd_strong_positive', 'aggressive_buyers', 'above_vwap']",74989.3,74989.3,0.0,LOSS,1,1.0,2.4142110941160473,0.0005334094331101678,0.0,dynamic_structure,trailing_stop,9.496607210894817,3.7968468585244852,4.075156098331277,3.2920547254740056,UP,BUY,2.619194956983629,False,74879.12542439223,0.005779651894176409,NONE,0.0,75131.0,0.7558411666730965,False,50.0,True,True,75131.0
2026-03-17 03:30:00+00:00,2026-03-17 03:30:00+00:00,2026-03-17 03:35:00+00:00,2026-03-17 03:40:00+00:00,SHORT,SHORT,-4.25,"['delta_strong_negative', 'cvd_strong_negative', 'aggressive_sellers', 'below_vwap']",74556.9,74556.9,0.0,LOSS,2,5.0,1.4195869195204804,0.3755520951112506,0.0,dynamic_structure,trailing_stop,9.496607210894817,2.1080824920240193,-2.5798097572421543,-2.1042984703444154,DOWN,SELL,0.5164771443808175,False,75269.28103401943,-0.009147923655333385,NONE,0.0,74463.70387499999,0.5,False,50.0,True,True,74471.3
2026-03-17 05:35:00+00:00,2026-03-17 05:35:00+00:00,2026-03-17 05:40:00+00:00,2026-03-17 05:40:00+00:00,SHORT,SHORT,-4.25,"['delta_strong_negative', 'cvd_strong_negative', 'aggressive_sellers', 'below_vwap']",74091.8,74091.8,0.0,LOSS,1,1.0,1.450092992746867,0.24456147643870393,0.0,dynamic_structure,trailing_stop,9.496607210894817,0.37634208598981733,-2.822596269877821,-2.2302759230836187,DOWN,SELL,0.487342435226966,False,74935.35369135959,-0.007586954463593141,NONE,0.0,73999.18525000001,0.5,False,50.0,True,True,74050.0
2026-03-17 09:25:00+00:00,2026-03-17 09:25:00+00:00,2026-03-17 09:30:00+00:00,2026-03-17 09:45:00+00:00,LONG,LONG,3.0,"['delta_strong_positive', 'cvd_strong_positive']",74264.8,74079.138,-46.016724903512994,LOSS,4,15.0,0.1395008133058686,1.027673945126105,-0.9999999999999818,dynamic_structure,stop_loss,9.496607210894817,3.625485397783668,2.4085321668037984,2.456174812205138,UP,BUY,1.3719431029715323,False,74742.89257945598,0.0019126341610958973,NONE,0.0,74365.8,0.5439993105751312,False,50.0,False,False,74365.8
2026-03-17 10:05:00+00:00,2026-03-17 10:05:00+00:00,2026-03-17 10:10:00+00:00,2026-03-17 10:25:00+00:00,SHORT,SHORT,-4.25,"['delta_strong_negative', 'cvd_strong_negative', 'aggressive_sellers', 'below_vwap']",73623.1,73807.15775000001,-45.78664127899806,LOSS,4,15.0,0.4514887311183898,1.030111473165304,-1.000000000000039,dynamic_structure,stop_loss,9.496607210894817,3.679257253534507,-3.6137892717725784,-3.1977817796176824,DOWN,SELL,0.571257168111656,False,74692.52122379982,-0.0064143509170465525,NONE,0.0,73512.0,0.603614898041543,False,50.0,False,False,73512.0
2026-03-17 13:30:00+00:00,2026-03-17 13:30:00+00:00,2026-03-17 13:35:00+00:00,2026-03-17 13:40:00+00:00,LONG,LONG,3.75,"['delta_strong_positive', 'cvd_strong_positive', 'aggressive_buyers']",73870.8,73963.1385,22.77885403630015,PARTIAL+TRAIL,2,5.0,1.604964343150442,1.0640198833639272,0.49999999999998923,dynamic_structure,trailing_stop,9.496607210894817,3.956691795250082,3.01254022919729,2.003444027298779,UP,BUY,1.5235488209101193,False,74508.25557248452,0.000531118170179068,NONE,0.0,73963.1385,0.5,True,50.0,True,True,73890.0
2026-03-17 17:20:00+00:00,2026-03-17 17:20:00+00:00,2026-03-17 17:25:00+00:00,2026-03-17 17:45:00+00:00,LONG,LONG,4.25,"['delta_strong_positive', 'cvd_strong_positive', 'aggressive_buyers', 'big_trade_buy']",74316.0,74408.895,22.835801171392394,PARTIAL+TRAIL,5,20.0,0.9058614564831419,0.8638785725819474,0.500000000000022,dynamic_structure,trailing_stop,9.496607210894817,3.7601707956536745,3.9497464147433385,3.63160697353398,UP,BUY,5.404784743722721,True,74383.29002333805,0.004016344031920178,NONE,0.0,74408.895,0.5,True,50.0,False,True,74388.0
2026-03-17 22:35:00+00:00,2026-03-17 22:35:00+00:00,2026-03-17 22:40:00+00:00,2026-03-17 22:40:00+00:00,SHORT,SHORT,-3.5,"['delta_strong_negative', 'cvd_strong_negative', 'below_vwap']",73931.2,74116.02799999999,-45.78578134863827,LOSS,1,1.0,0.20397342394007992,1.2341203713723343,-0.9999999999999679,dynamic_structure,stop_loss,9.496607210894817,3.669120007871372,-2.495405568361916,-2.24694089360433,DOWN,SELL,0.7132739676549914,False,74397.69901388203,-0.007756172199662106,NONE,0.0,73838.786,0.5,False,50.0,False,False,73895.2
2026-03-18 10:40:00+00:00,2026-03-18 10:40:00+00:00,2026-03-18 10:45:00+00:00,2026-03-18 11:10:00+00:00,SHORT,SHORT,-4.25,"['delta_strong_negative', 'cvd_strong_negative', 'aggressive_sellers', 'below_vwap']",73837.7,73745.402875,22.778426220947612,PARTIAL+TRAIL,6,25.0,0.8515974901709945,1.0677472348136836,0.4999999999999855,dynamic_structure,trailing_stop,9.496607210894817,2.9132575374510368,-2.036223616395231,-2.2796667720340444,DOWN,SELL,0.5762110488525187,False,74034.4481543192,-0.0016710265025375957,NONE,0.0,73745.402875,0.5,True,50.0,False,True,73816.0
2026-03-18 11:30:00+00:00,2026-03-18 11:30:00+00:00,2026-03-18 11:35:00+00:00,2026-03-18 11:35:00+00:00,SHORT,SHORT,-3.5,"['delta_strong_negative', 'cvd_strong_negative', 'below_vwap']",73153.1,73153.1,0.0,LOSS,1,1.0,2.297646989669674,0.058507431674103154,0.0,dynamic_structure,trailing_stop,9.496607210894817,4.031247473899201,-2.932200346797738,-3.2374934461098652,DOWN,SELL,0.8581330033797483,False,73913.37528042436,-0.007879743944742338,NONE,0.0,73005.0,0.8098084701810631,False,50.0,True,True,73005.0
2026-03-18 14:25:00+00:00,2026-03-18 14:25:00+00:00,2026-03-18 14:30:00+00:00,2026-03-18 14:35:00+00:00,SHORT,SHORT,-4.25,"['delta_strong_negative', 'cvd_strong_negative', 'aggressive_sellers', 'below_vwap']",71620.7,71531.17412499999,22.835372286502338,PARTIAL+TRAIL,2,5.0,0.5707847033050338,1.2398650110931617,0.5000000000000371,dynamic_structure,trailing_stop,9.496607210894817,2.273261703981646,-3.46612414430432,-2.0209431882362647,DOWN,SELL,0.4540597565883871,False,73099.6539759854,-0.01364736354382209,NONE,0.0,71531.17412499999,0.5,True,50.0,False,True,71550.0
2026-03-18 14:55:00+00:00,2026-03-18 14:55:00+00:00,2026-03-18 15:00:00+00:00,2026-03-18 15:00:00+00:00,SHORT,SHORT,-4.25,"['delta_strong_negative', 'cvd_strong_negative', 'aggressive_sellers', 'below_vwap']",71160.4,71160.4,0.0,LOSS,1,1.0,1.9066784335107567,1.0264135670963392,0.0,dynamic_structure,trailing_stop,9.496607210894817,2.428389990732472,-2.956658590686011,-2.242982086779793,DOWN,SELL,0.39187022871744065,False,72922.32696383032,-0.016888479850191533,NONE,0.0,70975.1,1.041590547551663,False,50.0,True,True,70975.1
2026-03-18 17:35:00+00:00,2026-03-18 17:35:00+00:00,2026-03-18 17:40:00+00:00,2026-03-18 17:40:00+00:00,LONG,LONG,3.75,"['delta_strong_positive', 'cvd_strong_positive', 'aggressive_buyers']",71663.5,71484.34125,-45.784921434434395,LOSS,1,1.0,0.0,1.1375386354280934,-1.000000000000013,dynamic_structure,stop_loss,9.496607210894817,2.0355462337564068,2.3425151675873455,2.032206248190298,UP,BUY,1.9465202509982886,False,72546.85213898358,0.002474478621168726,NONE,0.0,71753.079375,0.5,False,50.0,False,False,71698.0
2026-03-18 18:00:00+00:00,2026-03-18 18:00:00+00:00,2026-03-18 18:05:00+00:00,2026-03-18 18:10:00+00:00,LONG,LONG,3.75,"['delta_strong_positive', 'cvd_strong_positive', 'aggressive_buyers']",71886.9,71976.75862499999,22.77799841362916,PARTIAL+TRAIL,2,5.0,0.520818118461115,0.7867914738289964,0.49999999999996375,dynamic_structure,trailing_stop,9.496607210894817,3.6044360891255893,3.329608930349648,2.4087551839937973,UP,BUY,2.1375267171529364,False,72520.56360826541,0.006737746898230242,NONE,0.0,71976.75862499999,0.5,True,50.0,False,True,71944.9
2026-03-18 18:50:00+00:00,2026-03-18 18:50:00+00:00,2026-03-18 18:55:00+00:00,2026-03-18 19:00:00+00:00,SHORT,SHORT,-4.25,"['delta_strong_negative', 'cvd_strong_negative', 'aggressive_sellers', 'below_vwap']",71049.1,70960.288625,22.83494340966611,PARTIAL+TRAIL,2,5.0,0.8140849074795081,1.5313353722988747,0.5000000000000269,dynamic_structure,trailing_stop,9.496607210894817,1.9444252478044528,-2.255813735934837,-2.4559808765281828,DOWN,SELL,0.4982785867283718,False,72473.43935562343,-0.004123895041361011,NONE,0.0,70960.288625,0.5,True,50.0,False,True,71001.8
2026-03-18 20:05:00+00:00,2026-03-18 20:05:00+00:00,2026-03-18 20:10:00+00:00,2026-03-18 20:15:00+00:00,SHORT,SHORT,-4.25,"['delta_strong_negative', 'cvd_strong_negative', 'aggressive_sellers', 'below_vwap']",70577.6,70489.37800000001,22.892030768187567,PARTIAL+TRAIL,2,5.0,0.6891705016889541,1.5438326041123198,0.49999999999996764,dynamic_structure,trailing_stop,9.496607210894817,3.386639214938901,-3.398989864604189,-2.779281860977113,DOWN,SELL,0.5177514044717799,False,72367.6528009554,-0.010232800886179056,NONE,0.0,70489.37800000001,0.5,True,50.0,False,True,70550.0
2026-03-19 03:15:00+00:00,2026-03-19 03:15:00+00:00,2026-03-19 03:20:00+00:00,2026-03-19 03:30:00+00:00,LONG,LONG,4.25,"['delta_strong_positive', 'cvd_strong_positive', 'aggressive_buyers', 'above_vwap']",71543.4,71364.54149999999,-45.898521690219575,LOSS,3,10.0,0.036900678469325314,1.2898464428584446,-1.0000000000000115,dynamic_structure,stop_loss,9.496607210894817,4.18937660269935,4.135505859417106,3.7589699963940144,UP,BUY,2.3530048190838637,False,71150.50406415865,0.005345268057808727,NONE,0.0,71632.82925,0.5,False,50.0,False,False,71598.3
2026-03-19 06:55:00+00:00,2026-03-19 06:55:00+00:00,2026-03-19 07:00:00+00:00,2026-03-19 07:00:00+00:00,SHORT,SHORT,-4.75,"['delta_strong_negative', 'cvd_strong_negative', 'aggressive_sellers', 'big_trade_sell', 'below_vwap']",70552.4,70552.4,0.0,LOSS,1,1.0,1.4309931341810862,0.09978399033912848,0.0,dynamic_structure,trailing_stop,9.496607210894817,3.161831906073457,-2.9312299641968536,-2.0502335048469007,DOWN,SELL,0.48895680784687295,True,70979.31115470616,-0.005388466435664341,NONE,0.0,70464.2095,0.5,False,50.0,True,True,70522.6
2026-03-19 12:05:00+00:00,2026-03-19 12:05:00+00:00,2026-03-19 12:10:00+00:00,2026-03-19 12:10:00+00:00,SHORT,SHORT,-4.25,"['delta_strong_negative', 'cvd_strong_negative', 'aggressive_sellers', 'below_vwap']",69649.9,69824.02475,-45.66902908176864,LOSS,1,1.0,0.0,1.0681996671926308,-1.0000000000000153,dynamic_structure,stop_loss,9.496607210894817,4.117994623763171,-4.087150762455962,-3.9189018823796244,DOWN,SELL,0.4314207864507782,False,70359.56060786599,-0.006184513015603859,NONE,0.0,69562.837625,0.5,False,50.0,False,False,69568.1
2026-03-19 19:10:00+00:00,2026-03-19 19:10:00+00:00,2026-03-19 19:15:00+00:00,2026-03-19 19:15:00+00:00,LONG,LONG,4.25,"['delta_strong_positive', 'cvd_strong_positive', 'aggressive_buyers', 'above_vwap']",70316.4,70316.4,0.0,LOSS,1,1.0,1.208252982234635,0.6194856391965128,0.0,dynamic_structure,trailing_stop,9.496607210894817,3.5095968606821555,3.580646076412735,2.896101434366293,UP,BUY,1.8886981165172847,False,69914.85002955161,0.012247234735169515,NONE,0.0,70517.3,1.1428343885637418,False,50.0,True,True,70517.3
2026-03-19 22:30:00+00:00,2026-03-19 22:30:00+00:00,2026-03-19 22:35:00+00:00,2026-03-19 22:35:00+00:00,SHORT,SHORT,-3.75,"['delta_strong_negative', 'cvd_strong_negative', 'aggressive_sellers']",70191.7,70191.7,0.0,LOSS,1,1.0,1.5443421373182298,0.04672917168267524,0.0,dynamic_structure,trailing_stop,9.496607210894817,3.283205066578935,-3.1061684969491465,-2.1756366261914364,DOWN,SELL,0.4389268311711109,False,69953.90923716432,-0.0014222755080299588,NONE,0.0,70103.960375,0.5,False,50.0,True,True,70160.9
2026-03-20 02:30:00+00:00,2026-03-20 02:30:00+00:00,2026-03-20 02:35:00+00:00,2026-03-20 02:40:00+00:00,SHORT,SHORT,-4.25,"['delta_strong_negative', 'cvd_strong_negative', 'aggressive_sellers', 'below_vwap']",70052.0,70227.13,-45.4406839363603,LOSS,2,5.0,0.011420087934677097,1.155712898989289,-1.0000000000000266,dynamic_structure,stop_loss,9.573038966645417,1.9310873357817644,-2.623652543043722,-2.640231309331311,DOWN,SELL,0.4128023567410247,False,70240.21623051736,-0.0010378617890830011,NONE,0.0,69931.6,0.687489293667528,False,50.0,False,False,69931.6
2026-03-20 04:05:00+00:00,2026-03-20 04:05:00+00:00,2026-03-20 04:10:00+00:00,2026-03-20 04:30:00+00:00,LONG,LONG,4.25,"['delta_strong_positive', 'cvd_strong_positive', 'aggressive_buyers', 'above_vwap']",70888.7,70711.47825,-45.21348051667652,LOSS,5,20.0,0.3171168324429541,1.8146756817376608,-0.9999999999999829,dynamic_structure,stop_loss,10.025173771812188,2.8169486451481154,3.48697517759583,2.6271513039192715,UP,BUY,2.7849536613767816,False,70403.44663977991,0.006562724205299479,NONE,0.0,70977.310875,0.5,False,50.0,False,False,70931.1
2026-03-20 07:30:00+00:00,2026-03-20 07:30:00+00:00,2026-03-20 07:35:00+00:00,2026-03-20 07:50:00+00:00,LONG,LONG,4.25,"['delta_strong_positive', 'cvd_strong_positive', 'aggressive_buyers', 'above_vwap']",70608.0,70833.8,57.546781561083925,PARTIAL+TRAIL,4,15.0,1.6542034896895534,0.10197144799456152,1.2791751642873495,dynamic_structure,trailing_stop,10.025173771812188,1.4371157012155602,2.7699848217293312,3.205447296161839,UP,BUY,3.014542655756299,False,70473.93534725715,0.00019844918022036065,NONE,0.0,70833.8,1.2791751642873492,True,50.0,True,True,70833.8
2026-03-20 13:30:00+00:00,2026-03-20 13:30:00+00:00,2026-03-20 13:35:00+00:00,2026-03-20 13:35:00+00:00,SHORT,SHORT,-4.25,"['delta_strong_negative', 'cvd_strong_negative', 'aggressive_sellers', 'below_vwap']",69990.0,69990.0,0.0,LOSS,1,1.0,1.0401485926560938,1.2178882697528552,0.0,dynamic_structure,trailing_stop,10.025173771812188,4.070676346591637,-3.9253006884941413,-2.8089933640241136,DOWN,SELL,0.6059324022873287,False,70565.77920999772,-0.005989130511733771,NONE,0.0,69900.0,0.5143591941705958,False,50.0,True,True,69900.0
2026-03-20 14:30:00+00:00,2026-03-20 14:30:00+00:00,2026-03-20 14:35:00+00:00,2026-03-20 14:40:00+00:00,LONG,LONG,4.25,"['delta_strong_positive', 'cvd_strong_positive', 'aggressive_buyers', 'big_trade_buy']",70147.3,69971.93175,-45.27514702189921,LOSS,2,5.0,0.5286019561693583,1.2602053108245077,-0.9999999999999973,dynamic_structure,stop_loss,10.025173771812188,1.497223364171143,3.3069428246047035,3.3545366790551094,UP,BUY,2.750253389273494,True,70402.31521382809,0.0002842272163913122,NONE,0.0,70424.7,1.5818142679760683,False,50.0,False,False,70424.7
2026-03-20 17:55:00+00:00,2026-03-20 17:55:00+00:00,2026-03-20 18:00:00+00:00,2026-03-20 18:20:00+00:00,LONG,LONG,3.75,"['delta_strong_positive', 'cvd_strong_positive', 'aggressive_buyers']",69970.9,69795.97275,-45.04877128678813,LOSS,5,20.0,0.4458996525698541,1.62010207100377,-0.9999999999999621,dynamic_structure,stop_loss,10.352945139288222,1.7787784268535143,3.1357323386042757,2.82451999697608,UP,BUY,2.0415061821359326,False,70259.10766892541,0.0024803182223493855,NONE,0.0,70058.363625,0.5,False,50.0,False,False,69972.3
2026-03-20 21:15:00+00:00,2026-03-20 21:15:00+00:00,2026-03-20 21:20:00+00:00,2026-03-20 21:35:00+00:00,LONG,LONG,4.25,"['delta_strong_positive', 'cvd_strong_positive', 'aggressive_buyers', 'above_vwap']",70498.3,70498.3,0.0,LOSS,4,15.0,1.2613070102399797,0.8981776865541603,0.0,dynamic_structure,trailing_stop,10.352945139288222,3.8330084755353084,3.877764387883938,2.9965809909119074,UP,BUY,2.0627174728032722,False,70219.94305383672,0.008965414400727428,NONE,0.0,70586.422875,0.5,False,50.0,True,True,70550.0
2026-03-21 02:25:00+00:00,2026-03-21 02:25:00+00:00,2026-03-21 02:30:00+00:00,2026-03-21 02:45:00+00:00,LONG,LONG,3.5,"['delta_strong_positive', 'cvd_strong_positive', 'above_vwap']",70610.4,70698.663,22.41176371517954,PARTIAL+TRAIL,4,15.0,0.5868823855976221,0.4344969013063067,0.5000000000000356,dynamic_structure,trailing_stop,10.352945139288222,2.9735330472601813,2.479694892926489,2.834480312006698,UP,BUY,1.494626025217285,False,70573.76201916634,0.0005657019435481689,NONE,0.0,70698.663,0.5,True,50.0,False,True,70620.8
2026-03-21 08:15:00+00:00,2026-03-21 08:15:00+00:00,2026-03-21 08:20:00+00:00,2026-03-21 08:25:00+00:00,SHORT,SHORT,-4.75,"['delta_strong_negative', 'cvd_strong_negative', 'aggressive_sellers', 'big_trade_sell', 'below_vwap']",70585.9,70497.66762499999,22.467793124467644,PARTIAL+TRAIL,2,5.0,0.6511215412709574,0.02323410199490732,0.500000000000039,dynamic_structure,trailing_stop,10.352945139288222,2.9619169668310548,-3.0531905625588016,-2.7795652766172547,DOWN,SELL,0.3618524675671717,True,70652.46983938596,-0.0016236050932543105,NONE,0.0,70497.66762499999,0.5,True,50.0,False,True,70582.7
2026-03-21 11:10:00+00:00,2026-03-21 11:10:00+00:00,2026-03-21 11:15:00+00:00,2026-03-21 12:15:00+00:00,SHORT,SHORT,-4.25,"['delta_strong_negative', 'cvd_strong_negative', 'aggressive_sellers', 'below_vwap']",70525.1,70701.41275,-45.04792521455343,LOSS,13,60.0,0.0,1.0713916038403017,-0.9999999999999847,dynamic_structure,stop_loss,10.354628823037292,2.2568338251288718,-3.097099931147144,-2.468134925963638,DOWN,SELL,0.2465193344222816,False,70631.60134459325,-0.0013151046418988141,NONE,0.0,70436.943625,0.5,False,50.0,False,False,70521.2
2026-03-21 14:10:00+00:00,2026-03-21 14:10:00+00:00,2026-03-21 14:15:00+00:00,2026-03-21 14:45:00+00:00,LONG,LONG,4.25,"['delta_strong_positive', 'cvd_strong_positive', 'aggressive_buyers', 'above_vwap']",70992.7,70815.21824999999,-44.82268558848294,LOSS,7,30.0,0.28904380309526423,1.572556051537644,-1.0000000000000353,dynamic_structure,stop_loss,10.802855678922114,4.234528874580326,4.1753624959627516,3.9829474079375213,UP,BUY,1.90544104074188,False,70664.38487195576,0.003546615497008464,NONE,0.0,71081.440875,0.5,False,50.0,False,False,71077.7
2026-03-21 23:00:00+00:00,2026-03-21 23:00:00+00:00,2026-03-21 23:05:00+00:00,2026-03-21 23:15:00+00:00,SHORT,SHORT,-4.25,"['delta_strong_negative', 'cvd_strong_negative', 'aggressive_sellers', 'below_vwap']",70217.0,70129.22875,22.299286080270804,PARTIAL+TRAIL,3,10.0,0.7804377857214065,0.11564151131494033,0.5000000000000299,dynamic_structure,trailing_stop,10.802855678922114,3.457235376379697,-3.291412060931295,-2.7982360955852688,DOWN,SELL,0.4965812660343847,False,70589.17083151164,-0.001773207810029165,NONE,0.0,70129.22875,0.5,True,50.0,False,True,70177.0
2026-03-21 23:45:00+00:00,2026-03-21 23:45:00+00:00,2026-03-21 23:50:00+00:00,2026-03-21 23:50:00+00:00,SHORT,SHORT,-4.25,"['delta_strong_negative', 'cvd_strong_negative', 'aggressive_sellers', 'below_vwap']",69547.0,69547.0,0.0,LOSS,1,1.0,3.98981983406903,0.5619221533638954,0.0,dynamic_structure,trailing_stop,10.802855678922114,4.178657144253644,-4.164925503455844,-3.9033161151979052,DOWN,SELL,0.4372712100297258,False,70517.1565753734,-0.007480302541982796,NONE,0.0,69460.06625,0.5,False,50.0,True,True,69534.2
2026-03-22 02:25:00+00:00,2026-03-22 02:25:00+00:00,2026-03-22 02:30:00+00:00,2026-03-22 03:00:00+00:00,LONG,LONG,4.25,"['delta_strong_positive', 'cvd_strong_positive', 'aggressive_buyers', 'above_vwap']",69314.7,69141.41325,-44.710068590940125,LOSS,7,30.0,0.09464081933563145,1.3526712226987592,-0.999999999999996,dynamic_structure,stop_loss,11.026963504028808,3.5513668455457488,3.616016645112833,3.104864175763102,UP,BUY,2.127324968842456,False,68806.51193696937,0.004033484747787083,NONE,0.0,70171.7,4.9455598884507905,False,50.0,False,False,70171.7
2026-03-22 07:35:00+00:00,2026-03-22 07:35:00+00:00,2026-03-22 07:40:00+00:00,2026-03-22 07:45:00+00:00,SHORT,SHORT,-4.25,"['delta_strong_negative', 'cvd_strong_negative', 'aggressive_sellers', 'below_vwap']",68963.4,68877.19575,22.243259123991567,PARTIAL+TRAIL,2,5.0,0.5283962217639576,0.408912553615396,0.49999999999997236,dynamic_structure,trailing_stop,11.026963504028808,3.023368152485934,-3.606025120530995,-2.3199095485820123,DOWN,SELL,0.18489042196547809,False,68985.81404508287,-0.0036350414316996603,NONE,0.0,68877.19575,0.5,True,50.0,False,True,68932.2
2026-03-22 11:25:00+00:00,2026-03-22 11:25:00+00:00,2026-03-22 11:30:00+00:00,2026-03-22 11:45:00+00:00,SHORT,SHORT,-4.25,"['delta_strong_negative', 'cvd_strong_negative', 'aggressive_sellers', 'below_vwap']",68374.1,68288.632375,22.298867271804017,PARTIAL+TRAIL,4,15.0,0.8459343523352018,0.5937920937898999,0.5000000000000278,dynamic_structure,trailing_stop,11.026963504028808,4.162216201635669,-4.021189261939596,-3.0713835582190994,DOWN,SELL,0.4971088432578849,False,68904.9492660181,-0.00505747995028151,NONE,0.0,68288.632375,0.5,True,50.0,False,True,68339.0
2026-03-22 20:10:00+00:00,2026-03-22 20:10:00+00:00,2026-03-22 20:15:00+00:00,2026-03-22 20:25:00+00:00,LONG,LONG,3.75,"['delta_strong_positive', 'cvd_strong_positive', 'aggressive_buyers']",68299.7,68389.1,23.40862441193284,PARTIAL+TRAIL,3,10.0,1.0008828735705062,0.33792242132833433,0.5235747741205817,dynamic_structure,trailing_stop,11.026963504028808,0.40303033805296357,2.3431279289788507,2.8237252489881968,UP,BUY,3.1352178115108043,False,68772.47236525541,-0.002468764804761699,NONE,0.0,68389.1,0.5235747741205817,True,50.0,True,True,68389.1
2026-03-22 21:05:00+00:00,2026-03-22 21:05:00+00:00,2026-03-22 21:10:00+00:00,2026-03-22 21:20:00+00:00,SHORT,SHORT,-4.25,"['delta_strong_negative', 'cvd_strong_negative', 'aggressive_sellers', 'below_vwap']",67816.9,67523.0,77.70594846650121,PARTIAL+TRAIL,3,10.0,3.048797571106873,0.09968016821770816,1.733491209418267,dynamic_structure,trailing_stop,11.026963504028808,4.198242134889416,-4.045184809732527,-3.632492762024082,DOWN,SELL,0.6307112083257808,False,68707.89601304125,-0.0056104535626479235,NONE,0.0,67523.0,1.733491209418267,True,50.0,True,True,67523.0
2026-03-23 04:50:00+00:00,2026-03-23 04:50:00+00:00,2026-03-23 04:55:00+00:00,2026-03-23 05:25:00+00:00,LONG,LONG,4.25,"['delta_strong_positive', 'cvd_strong_positive', 'aggressive_buyers', 'above_vwap']",68443.8,68636.9,40.270912987529655,PARTIAL+TRAIL,7,30.0,2.35404813876496,0.23201517157140364,0.8906577367124221,dynamic_structure,trailing_stop,11.026963504028808,3.453030496908545,2.876210921512403,2.3342238739116077,UP,BUY,1.8523046538613714,False,68014.24962297858,0.0049273765977243585,NONE,0.0,68555.5,0.6527983542702018,True,50.0,True,True,68555.5
2026-03-23 06:40:00+00:00,2026-03-23 06:40:00+00:00,2026-03-23 06:45:00+00:00,2026-03-23 06:50:00+00:00,SHORT,SHORT,-3.5,"['delta_strong_negative', 'cvd_strong_negative', 'below_vwap']",67786.9,67661.0,33.74040753797504,PARTIAL+TRAIL,2,5.0,0.7895330808754398,0.7854024892715603,0.7429164042019576,dynamic_structure,trailing_stop,11.026963504028808,3.502082044592401,-2.264179437839897,-2.080242412458556,DOWN,SELL,0.7269602321942763,False,68188.78549895776,-0.008807447242731135,NONE,0.0,67661.0,0.7429164042019576,True,50.0,False,True,67661.0
2026-03-23 09:55:00+00:00,2026-03-23 09:55:00+00:00,2026-03-23 10:00:00+00:00,2026-03-23 10:20:00+00:00,LONG,LONG,4.25,"['delta_strong_positive', 'cvd_strong_positive', 'aggressive_buyers', 'above_vwap']",68304.9,68407.2,25.050669856855883,PARTIAL+TRAIL,5,20.0,2.243470087797542,0.2201891811567912,0.5495392717067233,dynamic_structure,trailing_stop,11.026963504028808,-0.4520268010428184,2.52127428366966,2.757822790307754,UP,BUY,2.459872826963072,False,68160.33027395362,0.002392184939616235,NONE,0.0,68390.281125,0.5,True,50.0,True,True,68332.3
2026-03-23 11:05:00+00:00,2026-03-23 11:05:00+00:00,2026-03-23 11:10:00+00:00,2026-03-23 11:10:00+00:00,LONG,LONG,4.75,"['delta_strong_positive', 'cvd_strong_positive', 'aggressive_buyers', 'big_trade_buy', 'above_vwap']",71194.0,71194.0,0.0,LOSS,1,1.0,1.5394555720987722,2.21872629715984,0.0,dynamic_structure,trailing_stop,11.026963504028808,4.242489979423901,4.2376010756077545,4.187527555808773,UP,BUY,1.5195619661296522,True,68735.73488875564,0.027601053630963386,NONE,0.0,71282.9925,0.5,False,50.0,True,True,71203.0
2026-03-23 22:00:00+00:00,2026-03-23 22:00:00+00:00,2026-03-23 22:05:00+00:00,2026-03-23 22:35:00+00:00,SHORT,SHORT,-3.75,"['delta_strong_negative', 'cvd_strong_negative', 'aggressive_sellers']",70577.5,70489.278125,22.855055848135024,PARTIAL+TRAIL,7,30.0,0.5690198717721324,0.8359604689879919,0.5000000000000164,dynamic_structure,trailing_stop,11.026963504028808,3.19129601770102,-3.0248866474874463,-2.4063837930330236,DOWN,SELL,0.6507213686853641,False,69962.62518326925,-0.004309192900880851,NONE,0.0,70489.278125,0.5,True,50.0,False,True,70509.3
2026-03-24 00:30:00+00:00,2026-03-24 00:30:00+00:00,2026-03-24 00:35:00+00:00,2026-03-24 00:35:00+00:00,SHORT,SHORT,-4.25,"['delta_strong_negative', 'cvd_strong_negative', 'aggressive_sellers', 'below_vwap']",70623.9,70623.9,0.0,LOSS,1,1.0,1.3932960371772163,0.30414633006679975,0.0,dynamic_structure,trailing_stop,11.026963504028808,1.369033635552972,-2.5146965036370896,-2.3229705307517694,DOWN,SELL,0.6501279091991709,False,70798.24049963753,-0.0016391677809120566,NONE,0.0,70535.620125,0.5,False,50.0,True,True,70617.9
2026-03-24 04:30:00+00:00,2026-03-24 04:30:00+00:00,2026-03-24 04:35:00+00:00,2026-03-24 04:50:00+00:00,SHORT,SHORT,-4.25,"['delta_strong_negative', 'cvd_strong_negative', 'aggressive_sellers', 'below_vwap']",70352.7,70264.759125,22.912193487754667,PARTIAL+TRAIL,4,15.0,0.7868923296475854,0.33829547408983596,0.5000000000000014,dynamic_structure,trailing_stop,11.026963504028808,2.777877713600338,-2.6831380048522124,-3.3161441957074906,DOWN,SELL,0.4808831687991356,False,70581.78042765088,-0.0023597951325891376,NONE,0.0,70264.759125,0.5,True,50.0,False,True,70329.9
2026-03-24 07:55:00+00:00,2026-03-24 07:55:00+00:00,2026-03-24 08:00:00+00:00,2026-03-24 08:05:00+00:00,LONG,LONG,4.25,"['delta_strong_positive', 'cvd_strong_positive', 'aggressive_buyers', 'above_vwap']",71255.2,71077.06199999999,-45.93894794294961,LOSS,2,5.0,0.3317652606406596,1.0671501869336766,-1.0000000000000353,dynamic_structure,stop_loss,11.026963504028808,3.397965420997988,3.5911329850824405,3.2919194848452564,UP,BUY,2.28912023724711,False,70613.03967293557,0.008881537448915731,NONE,0.0,71377.5,0.6865463853866267,False,50.0,False,False,71377.5
2026-03-24 13:40:00+00:00,2026-03-24 13:40:00+00:00,2026-03-24 13:45:00+00:00,2026-03-24 13:50:00+00:00,SHORT,SHORT,-3.5,"['delta_strong_negative', 'cvd_strong_negative', 'below_vwap']",70284.6,70192.4,23.984731479377484,PARTIAL+TRAIL,2,5.0,2.2571089541663794,0.7170845391451327,0.524723765945949,dynamic_structure,trailing_stop,11.026963504028808,3.611038474126331,-3.0461780022005494,-2.8822775148585396,DOWN,SELL,0.6803826628914169,False,70746.89946481738,-0.008073722001417339,NONE,0.0,70192.4,0.524723765945949,True,50.0,True,True,70192.4
2026-03-24 16:35:00+00:00,2026-03-24 16:35:00+00:00,2026-03-24 16:40:00+00:00,2026-03-24 16:45:00+00:00,SHORT,SHORT,-4.25,"['delta_strong_negative', 'cvd_strong_negative', 'aggressive_sellers', 'below_vwap']",69371.9,69545.32974999999,-45.82917686062898,LOSS,2,5.0,0.2738861123884455,1.2806338012942176,-0.9999999999999752,dynamic_structure,stop_loss,11.026963504028808,2.8942423830721986,-2.9475170065998504,-2.352319548119053,DOWN,SELL,0.619389760624444,False,70413.35828996141,-0.00962234760187902,NONE,0.0,69281.2,0.5229783240764465,False,50.0,False,False,69281.2
2026-03-24 20:20:00+00:00,2026-03-24 20:20:00+00:00,2026-03-24 20:25:00+00:00,2026-03-24 20:25:00+00:00,LONG,LONG,3.0,"['delta_strong_positive', 'cvd_strong_positive']",69926.7,69926.7,0.0,LOSS,1,1.0,1.9637706341068744,0.10582509971155511,0.0,dynamic_structure,trailing_stop,11.026963504028808,4.043898825147021,2.650448557397526,2.4929566599106603,UP,BUY,1.2895803250325342,False,70189.52324472873,0.008070496598071675,NONE,0.0,70014.108375,0.5,False,50.0,True,True,69937.7
2026-03-25 00:40:00+00:00,2026-03-25 00:40:00+00:00,2026-03-25 00:45:00+00:00,2026-03-25 01:05:00+00:00,LONG,LONG,4.25,"['delta_strong_positive', 'cvd_strong_positive', 'aggressive_buyers', 'above_vwap']",70893.7,70716.46575,-45.60003097632545,LOSS,5,20.0,0.3853656954003129,1.316336994683606,-0.9999999999999665,dynamic_structure,stop_loss,11.026963504028808,1.7905419686164632,2.1324407303509325,2.245324779817168,UP,BUY,1.9353322105373836,False,70751.1573529585,0.006615717446718414,NONE,0.0,71028.0,0.7577542151136302,False,50.0,False,False,71028.0
2026-03-25 05:05:00+00:00,2026-03-25 05:05:00+00:00,2026-03-25 05:10:00+00:00,2026-03-25 05:15:00+00:00,LONG,LONG,3.5,"['delta_strong_positive', 'cvd_strong_positive', 'above_vwap']",71175.0,71273.9,25.21837076636842,PARTIAL+TRAIL,2,5.0,0.8143308746048145,0.5839128907621731,0.5558131366350217,dynamic_structure,trailing_stop,11.026963504028808,4.112429477443959,2.854671118745546,2.545607522764179,UP,BUY,1.3528944565435856,False,70738.72609545986,0.006353507431489185,NONE,0.0,71273.9,0.5558131366350217,True,50.0,False,True,71273.9
2026-03-25 06:55:00+00:00,2026-03-25 06:55:00+00:00,2026-03-25 07:00:00+00:00,2026-03-25 07:30:00+00:00,SHORT,SHORT,-3.75,"['delta_strong_negative', 'cvd_strong_negative', 'aggressive_sellers']",70962.8,71140.20700000001,-45.498122675278864,LOSS,7,30.0,0.2632365126516828,1.1701905787257056,-1.0000000000000366,dynamic_structure,stop_loss,11.026963504028808,2.3520570748609533,-2.0856004270189237,-2.3431625316073035,DOWN,SELL,0.440730026302988,False,70839.44679399424,0.0003737075018255081,NONE,0.0,70874.0965,0.5,False,50.0,False,False,70950.2
2026-03-25 08:30:00+00:00,2026-03-25 08:30:00+00:00,2026-03-25 08:35:00+00:00,2026-03-25 08:35:00+00:00,LONG,LONG,4.25,"['delta_strong_positive', 'cvd_strong_positive', 'aggressive_buyers', 'above_vwap']",71458.8,71280.153,-45.27063206190009,LOSS,1,1.0,0.07276920407283637,1.113928585422649,-0.9999999999999843,dynamic_structure,stop_loss,11.026963504028808,3.749127494867392,3.2966334177363157,3.2237350100657984,UP,BUY,1.9515004805983605,False,70892.29196997291,0.005307736564039584,NONE,0.0,71548.1235,0.5,False,50.0,False,False,71478.0
2026-03-25 11:25:00+00:00,2026-03-25 11:25:00+00:00,2026-03-25 11:30:00+00:00,2026-03-25 11:35:00+00:00,LONG,LONG,4.25,"['delta_strong_positive', 'cvd_strong_positive', 'aggressive_buyers', 'above_vwap']",71832.9,71935.9,25.835296789431606,PARTIAL+TRAIL,2,5.0,0.9299360042543181,0.3090505882402075,0.573553343941286,dynamic_structure,trailing_stop,11.026963504028808,2.931461151120148,3.3253918661668216,2.9199447772126947,UP,BUY,2.1351459854014596,False,71043.71009030915,0.007242118740035956,NONE,0.0,71935.9,0.573553343941286,True,50.0,False,True,71935.9
2026-03-25 15:10:00+00:00,2026-03-25 15:10:00+00:00,2026-03-25 15:15:00+00:00,2026-03-25 15:15:00+00:00,SHORT,SHORT,-4.25,"['delta_strong_negative', 'cvd_strong_negative', 'aggressive_sellers', 'below_vwap']",70788.2,70788.2,0.0,LOSS,1,1.0,1.451089305844776,0.2955294809022007,0.0,dynamic_structure,trailing_stop,11.026963504028808,1.9213120792834812,-2.5545566411513705,-2.0114285060723143,DOWN,SELL,0.6656642472679823,False,71221.93304175246,-0.00975099258407889,NONE,0.0,70699.71475,0.5,False,50.0,True,True,70704.6
2026-03-25 22:35:00+00:00,2026-03-25 22:35:00+00:00,2026-03-25 22:40:00+00:00,2026-03-25 22:40:00+00:00,LONG,LONG,4.25,"['delta_strong_positive', 'cvd_strong_positive', 'aggressive_buyers', 'above_vwap']",71201.9,71201.9,0.0,LOSS,1,1.0,2.270164138878349,0.06685214860836118,0.0,dynamic_structure,trailing_stop,11.026963504028808,3.486491432852717,3.4299939898247094,3.2972084500682795,UP,BUY,2.3077141001368138,False,71154.0759440731,0.004112097409090515,NONE,0.0,71323.1,0.6808807068351358,False,50.0,True,True,71323.1
2026-03-26 02:30:00+00:00,2026-03-26 02:30:00+00:00,2026-03-26 02:35:00+00:00,2026-03-26 06:15:00+00:00,SHORT,SHORT,-4.25,"['delta_strong_negative', 'cvd_strong_negative', 'aggressive_sellers', 'below_vwap']",70770.7,70080.7,104.77176242402936,PARTIAL+TRAIL,45,220.0,5.39940964269113,0.9845882547438253,2.3193214140880256,dynamic_structure,trailing_stop,11.026963504028808,3.7580516381708473,-3.44695221279822,-2.698634692704705,DOWN,SELL,0.6476051184674345,False,71111.84915928994,-0.005824456681524639,NONE,0.0,70640.0,0.7387237938864366,True,50.0,True,True,70640.0
2026-03-26 09:30:00+00:00,2026-03-26 09:30:00+00:00,2026-03-26 09:35:00+00:00,2026-03-26 10:15:00+00:00,SHORT,SHORT,-4.25,"['delta_strong_negative', 'cvd_strong_negative', 'aggressive_sellers', 'below_vwap']",69428.0,69601.57,-45.69731419766044,LOSS,9,40.0,0.3572045860459757,1.209886501123466,-1.0000000000000402,dynamic_structure,stop_loss,11.026963504028808,4.150121238596498,-4.184527507048447,-4.0165374441966915,DOWN,SELL,0.5318774727254846,False,70334.53018416047,-0.0077794316220039135,NONE,0.0,69341.215,0.5,False,50.0,False,False,69400.1
2026-03-26 11:25:00+00:00,2026-03-26 11:25:00+00:00,2026-03-26 11:30:00+00:00,2026-03-26 13:05:00+00:00,SHORT,SHORT,-4.25,"['delta_strong_negative', 'cvd_strong_negative', 'aggressive_sellers', 'below_vwap']",69282.0,69455.205,-45.46882762667076,LOSS,20,95.0,0.5461736093069243,1.2586241736670418,-1.00000000000001,dynamic_structure,stop_loss,11.026963504028808,4.049935784731337,-3.733849198913626,-2.111627866771509,DOWN,SELL,0.5619296642042646,False,70143.5176524751,-0.005267438831976611,NONE,0.0,69127.2,0.8937386334112924,False,50.0,False,False,69127.2
2026-03-26 13:25:00+00:00,2026-03-26 13:25:00+00:00,2026-03-26 13:30:00+00:00,2026-03-26 13:35:00+00:00,SHORT,SHORT,-4.25,"['delta_strong_negative', 'cvd_strong_negative', 'aggressive_sellers', 'below_vwap']",69360.0,69208.3,39.57977534723716,PARTIAL+TRAIL,2,5.0,1.1597462514417867,0.6113033448673587,0.8748558246827975,dynamic_structure,trailing_stop,11.026963504028808,0.35380371642212977,-2.3349639903841473,-3.3584797619508255,DOWN,SELL,0.5770672318054044,False,70040.8919361583,-0.0011077548642584815,NONE,0.0,69208.3,0.8748558246827974,True,50.0,True,True,69208.3
2026-03-26 13:50:00+00:00,2026-03-26 13:50:00+00:00,2026-03-26 13:55:00+00:00,2026-03-26 13:55:00+00:00,LONG,LONG,3.75,"['delta_strong_positive', 'cvd_strong_positive', 'aggressive_buyers']",69762.4,69587.99399999999,-45.43938236527384,LOSS,1,1.0,0.16111831014991357,1.7396190498032993,-1.0000000000000155,dynamic_structure,stop_loss,11.026963504028808,1.7511702970773761,2.765819654113966,3.5675852588522643,UP,BUY,1.9859839264428263,False,69987.72884544054,0.004381560484939342,NONE,0.0,69872.2,0.6295654965999044,False,50.0,False,False,69872.2
2026-03-26 15:15:00+00:00,2026-03-26 15:15:00+00:00,2026-03-26 15:20:00+00:00,2026-03-26 15:25:00+00:00,SHORT,SHORT,-4.75,"['delta_strong_negative', 'cvd_strong_negative', 'aggressive_sellers', 'big_trade_sell', 'below_vwap']",68854.4,69026.536,-45.2121854534464,LOSS,2,5.0,0.2149463215132221,1.1729097922573357,-0.999999999999992,dynamic_structure,stop_loss,11.026963504028808,2.710029786519552,-2.2408903177300465,-2.47114009271472,DOWN,SELL,0.6608656490347822,True,69835.85295189354,-0.006954089286017724,NONE,0.0,68553.4,1.7486173723102663,False,50.0,False,False,68553.4
2026-03-26 17:55:00+00:00,2026-03-26 17:55:00+00:00,2026-03-26 18:00:00+00:00,2026-03-26 18:05:00+00:00,SHORT,SHORT,-4.75,"['delta_strong_negative', 'cvd_strong_negative', 'aggressive_sellers', 'big_trade_sell', 'below_vwap']",68456.2,68325.2,34.43476157268162,PARTIAL+TRAIL,2,5.0,1.2837405523531664,0.7309783481993205,0.7654529465556078,dynamic_structure,trailing_stop,11.026963504028808,3.788871075977853,-3.8438651600789764,-3.8674495111242293,DOWN,SELL,0.5813249394950991,True,69674.99123977975,-0.0082297190989291,NONE,0.0,68325.2,0.7654529465556078,True,50.0,True,True,68325.2
2026-03-26 20:10:00+00:00,2026-03-26 20:10:00+00:00,2026-03-26 20:15:00+00:00,2026-03-26 20:50:00+00:00,LONG,LONG,3.75,"['delta_strong_positive', 'cvd_strong_positive', 'aggressive_buyers']",69169.1,68996.17725000001,-45.158298334042385,LOSS,8,35.0,0.852982039668002,1.5336327926777225,-0.9999999999999877,dynamic_structure,stop_loss,11.026963504028808,4.224178376688666,3.978994321597887,2.4846985855126875,UP,BUY,1.5025130046368431,False,69511.48810315167,0.007137748303662963,NONE,0.0,69466.6,1.7204214020422413,False,50.0,False,False,69466.6
2026-03-27 03:05:00+00:00,2026-03-27 03:05:00+00:00,2026-03-27 03:10:00+00:00,2026-03-27 03:35:00+00:00,SHORT,SHORT,-4.25,"['delta_strong_negative', 'cvd_strong_negative', 'aggressive_sellers', 'below_vwap']",68680.4,68852.101,-44.932506842372966,LOSS,6,25.0,0.293533526304414,1.121717404092031,-1.0000000000000056,dynamic_structure,stop_loss,11.026963504028808,3.554853282535542,-3.5733786317841623,-2.4106503262414614,DOWN,SELL,0.5248585304356547,False,68812.7724120445,-0.0017076584340363983,NONE,0.0,68594.5495,0.5,False,50.0,False,False,68654.8
2026-03-27 04:00:00+00:00,2026-03-27 04:00:00+00:00,2026-03-27 04:05:00+00:00,2026-03-27 04:05:00+00:00,SHORT,SHORT,-3.5,"['delta_strong_negative', 'cvd_strong_negative', 'below_vwap']",68499.9,68499.9,0.0,LOSS,1,1.0,1.417228346318737,0.21313899728320773,0.0,dynamic_structure,trailing_stop,11.026963504028808,3.8620746690353047,-2.72048891426356,-2.6009167664116055,DOWN,SELL,0.7214654329541113,False,68766.0803730183,-0.003908349178331391,NONE,0.0,68414.275125,0.5,False,50.0,True,True,68458.5
2026-03-27 07:10:00+00:00,2026-03-27 07:10:00+00:00,2026-03-27 07:15:00+00:00,2026-03-27 07:25:00+00:00,LONG,LONG,4.25,"['delta_strong_positive', 'cvd_strong_positive', 'aggressive_buyers', 'above_vwap']",68830.5,68916.538125,22.353922154082092,PARTIAL+TRAIL,3,10.0,0.5491751476453025,0.3515883220374688,0.5000000000000372,dynamic_structure,trailing_stop,11.026963504028808,3.8342868206353473,3.756666971768319,2.806394407261618,UP,BUY,2.249666047633011,False,68691.67331585953,0.0033879318624987216,NONE,0.0,68916.538125,0.5,True,50.0,False,True,68877.3
2026-03-27 08:25:00+00:00,2026-03-27 08:25:00+00:00,2026-03-27 08:30:00+00:00,2026-03-27 08:35:00+00:00,SHORT,SHORT,-4.25,"['delta_strong_negative', 'cvd_strong_negative', 'aggressive_sellers', 'below_vwap']",68201.0,68201.0,0.0,LOSS,2,5.0,3.7594756675122065,0.3976481283265812,0.0,dynamic_structure,trailing_stop,11.026963504028808,1.0265724319613272,-2.140639489008248,-3.154906812483099,DOWN,SELL,0.40464010917260457,False,68652.23037679274,-0.005734325156814047,NONE,0.0,68115.74875,0.5,False,50.0,True,True,68181.0
2026-03-27 10:35:00+00:00,2026-03-27 10:35:00+00:00,2026-03-27 10:40:00+00:00,2026-03-27 10:40:00+00:00,SHORT,SHORT,-4.25,"['delta_strong_negative', 'cvd_strong_negative', 'aggressive_sellers', 'below_vwap']",66942.8,66942.8,0.0,LOSS,1,1.0,1.3288957139528597,0.36867295661368865,0.0,dynamic_structure,trailing_stop,11.026963504028808,4.189518593685443,-4.194223022214162,-4.126364282264331,DOWN,SELL,0.5027064380413822,False,68165.05571077544,-0.013417983343083084,NONE,0.0,66770.9,1.0271455630777842,False,50.0,True,True,66770.9
2026-03-27 13:30:00+00:00,2026-03-27 13:30:00+00:00,2026-03-27 13:35:00+00:00,2026-03-27 13:35:00+00:00,SHORT,SHORT,-4.25,"['delta_strong_negative', 'cvd_strong_negative', 'aggressive_sellers', 'below_vwap']",66319.7,66319.7,0.0,LOSS,1,1.0,1.775038186240305,0.8443946519661578,0.0,dynamic_structure,trailing_stop,11.026963504028808,3.8624735344724708,-3.4433922633858365,-2.132217985861561,DOWN,SELL,0.5928496918700659,False,67665.10329162279,-0.0072919045269615,NONE,0.0,66175.4,0.8703296305622789,False,50.0,True,True,66175.4
2026-03-27 23:20:00+00:00,2026-03-27 23:20:00+00:00,2026-03-27 23:25:00+00:00,2026-03-28 00:10:00+00:00,LONG,LONG,3.75,"['delta_strong_positive', 'cvd_strong_positive', 'aggressive_buyers']",66183.9,66311.9,28.541175840906476,PARTIAL+TRAIL,10,45.0,1.5036889636301454,0.39707542166597676,0.6368010195833262,dynamic_structure,trailing_stop,11.026963504028808,1.9189864553422982,2.6346556103171603,2.1548737705594707,UP,BUY,3.3306917917442695,False,66927.6487725334,0.002932987863117079,NONE,0.0,66266.629875,0.5,True,50.0,True,True,66186.6
2026-03-28 01:10:00+00:00,2026-03-28 01:10:00+00:00,2026-03-28 01:15:00+00:00,2026-03-28 02:20:00+00:00,SHORT,SHORT,-4.25,"['delta_strong_negative', 'cvd_strong_negative', 'aggressive_sellers', 'below_vwap']",66115.7,66002.0,30.928906514173843,PARTIAL+TRAIL,14,65.0,0.6999850262494208,0.8052550301970988,0.6878850257956708,dynamic_structure,trailing_stop,11.026963504028808,3.081371500095049,-3.0417308552213003,-2.280421048442001,DOWN,SELL,0.47312567932481653,False,66317.36373572778,-0.0010193713384683797,NONE,0.0,66002.0,0.6878850257956708,True,50.0,False,True,66002.0
2026-03-28 06:15:00+00:00,2026-03-28 06:15:00+00:00,2026-03-28 06:20:00+00:00,2026-03-28 08:00:00+00:00,LONG,LONG,4.25,"['delta_strong_positive', 'cvd_strong_positive', 'aggressive_buyers', 'above_vwap']",66445.4,66528.45675,22.558482165354256,PARTIAL+TRAIL,21,100.0,0.5327682578477969,0.785005433032199,0.5000000000000204,dynamic_structure,trailing_stop,11.026963504028808,2.385191729941739,2.4321356736122866,2.1599775007218827,UP,BUY,2.7189858554334134,False,66194.23530504371,0.004313487128535793,NONE,0.0,66528.45675,0.5,True,50.0,False,True,66460.0
2026-03-28 13:35:00+00:00,2026-03-28 13:35:00+00:00,2026-03-28 13:40:00+00:00,2026-03-28 13:40:00+00:00,LONG,LONG,4.75,"['delta_strong_positive', 'cvd_strong_positive', 'aggressive_buyers', 'big_trade_buy', 'above_vwap']",66634.5,66634.5,0.0,LOSS,1,1.0,3.0866893276005496,0.005402606757725678,0.0,dynamic_structure,trailing_stop,11.026963504028808,2.2853220965041965,2.8266917942655994,3.407872424385241,UP,BUY,2.294375501383409,True,66300.159930233,0.003906878205556578,NONE,0.0,66717.793125,0.5,False,50.0,True,True,66704.3
2026-03-28 21:50:00+00:00,2026-03-28 21:50:00+00:00,2026-03-28 21:55:00+00:00,2026-03-28 23:10:00+00:00,SHORT,SHORT,-3.75,"['delta_strong_negative', 'cvd_strong_negative', 'aggressive_sellers']",66663.4,66526.8,37.07212515949125,PARTIAL+TRAIL,16,75.0,2.578926367391933,0.5730280783758405,0.8196401623679038,dynamic_structure,trailing_stop,11.026963504028808,3.996013373959226,-3.7846867904052934,-2.4834976376029703,DOWN,SELL,0.4029299529453476,False,66587.48267292132,-0.0026528248447366654,NONE,0.0,66526.8,0.8196401623679037,True,50.0,True,True,66526.8
2026-03-28 23:30:00+00:00,2026-03-28 23:30:00+00:00,2026-03-28 23:35:00+00:00,2026-03-29 00:20:00+00:00,LONG,LONG,3.75,"['delta_strong_positive', 'cvd_strong_positive', 'aggressive_buyers']",66421.8,66255.7455,-45.41511736733044,LOSS,10,45.0,0.20294541852221462,1.121318603229645,-0.99999999999999,dynamic_structure,stop_loss,11.026963504028808,0.9089837253077147,2.614633377589204,2.221315458783894,UP,BUY,5.218192926691569,False,66578.16590099505,-0.002757138089264574,NONE,0.0,66740.0,1.9162383434354207,False,50.0,False,False,66740.0
2026-03-29 04:20:00+00:00,2026-03-29 04:20:00+00:00,2026-03-29 04:25:00+00:00,2026-03-29 05:20:00+00:00,SHORT,SHORT,-4.25,"['delta_strong_negative', 'cvd_strong_negative', 'aggressive_sellers', 'big_trade_sell']",66791.3,66705.0,23.354706410306637,LOSS,12,55.0,1.2055462313205636,0.17127979242800345,0.5168337792497101,dynamic_structure,trailing_stop,11.026963504028808,0.9529490194795058,-3.282024087786042,-2.9154979125562726,DOWN,SELL,0.21639968821583103,True,66684.41666026846,0.0011658056935142892,NONE,0.0,66529.7,1.5666711083629503,False,50.0,True,True,66529.7
2026-03-29 05:50:00+00:00,2026-03-29 05:50:00+00:00,2026-03-29 05:55:00+00:00,2026-03-29 06:05:00+00:00,LONG,LONG,4.25,"['delta_strong_positive', 'cvd_strong_positive', 'aggressive_buyers', 'above_vwap']",66752.1,66835.540125,22.65240765627118,PARTIAL+TRAIL,3,10.0,0.5566866061142296,0.08688865219221567,0.4999999999999623,dynamic_structure,trailing_stop,11.026963504028808,2.053606118937486,2.286462215165857,2.596862391804493,UP,BUY,2.8350087319504196,False,66685.9757233791,-0.00037707813960094586,NONE,0.0,66835.540125,0.5,True,50.0,False,True,66819.9
2026-03-29 11:00:00+00:00,2026-03-29 11:00:00+00:00,2026-03-29 11:05:00+00:00,2026-03-29 11:05:00+00:00,LONG,LONG,3.75,"['delta_strong_positive', 'cvd_strong_positive', 'aggressive_buyers']",66655.4,66655.4,0.0,LOSS,1,1.0,1.0591790012512114,0.12482109476494543,0.0,dynamic_structure,trailing_stop,11.026963504028808,1.7680480308055289,3.22267384345099,2.274109160583268,UP,BUY,3.491049177398056,False,66656.04200206656,0.0010567347620177828,NONE,0.0,66738.71925,0.5,False,50.0,True,True,66670.1
2026-03-29 15:25:00+00:00,2026-03-29 15:25:00+00:00,2026-03-29 15:30:00+00:00,2026-03-29 15:35:00+00:00,SHORT,SHORT,-4.25,"['delta_strong_negative', 'cvd_strong_negative', 'aggressive_sellers', 'below_vwap']",66392.5,66300.9,25.0648545262554,PARTIAL+TRAIL,2,5.0,0.6289867078359404,0.09338404187219941,0.5518695635802587,dynamic_structure,trailing_stop,11.026963504028808,2.4682120233037788,-2.2049526152273837,-2.6544755317102733,DOWN,SELL,0.6366040342636088,False,66650.11096963708,-0.003488887147676642,NONE,0.0,66300.9,0.5518695635802587,True,50.0,False,True,66300.9
2026-03-29 17:20:00+00:00,2026-03-29 17:20:00+00:00,2026-03-29 17:25:00+00:00,2026-03-29 17:40:00+00:00,SHORT,SHORT,-4.75,"['delta_strong_negative', 'cvd_strong_negative', 'aggressive_sellers', 'big_trade_sell', 'below_vwap']",66173.8,66339.2345,-45.54340162345923,LOSS,4,15.0,0.10517757783297153,1.3679129806660817,-1.0000000000000182,dynamic_structure,stop_loss,11.026963504028808,4.0260710444089,-3.9093839961976737,-3.595055484124219,DOWN,SELL,0.38986295205288246,True,66613.93641627794,-0.004383524418048023,NONE,0.0,66091.08275,0.5,False,50.0,False,False,66111.0
2026-03-29 20:15:00+00:00,2026-03-29 20:15:00+00:00,2026-03-29 20:20:00+00:00,2026-03-29 20:20:00+00:00,LONG,LONG,3.75,"['delta_strong_positive', 'cvd_strong_positive', 'aggressive_buyers']",66516.9,66516.9,0.0,LOSS,1,1.0,1.509390846536745,0.00962161495795065,0.0,dynamic_structure,trailing_stop,11.026963504028808,3.4319663726488177,3.409956559041236,2.8464436435259155,UP,BUY,2.6912023474244844,False,66587.10523366337,0.0022913757046273135,NONE,0.0,66600.046125,0.5,False,50.0,True,True,66518.2
2026-03-29 22:40:00+00:00,2026-03-29 22:40:00+00:00,2026-03-29 22:45:00+00:00,2026-03-29 22:45:00+00:00,SHORT,SHORT,-4.25,"['delta_strong_negative', 'cvd_strong_negative', 'aggressive_sellers', 'below_vwap']",65645.8,65645.8,0.0,LOSS,1,1.0,4.433490032873425,0.018279920421413097,0.0,dynamic_structure,trailing_stop,11.026963504028808,4.1041644022755595,-4.120520980155157,-4.052515310093984,DOWN,SELL,0.46885510701783323,False,66521.51895815012,-0.009579348010416832,NONE,0.0,65563.74275,0.5,False,50.0,True,True,65602.0
2026-03-30 02:40:00+00:00,2026-03-30 02:40:00+00:00,2026-03-30 02:45:00+00:00,2026-03-30 02:45:00+00:00,LONG,LONG,4.25,"['delta_strong_positive', 'cvd_strong_positive', 'aggressive_buyers', 'above_vwap']",67020.9,67020.9,0.0,LOSS,1,1.0,2.7859966070285713,0.2799126839537767,0.0,dynamic_structure,trailing_stop,11.026963504028808,2.99052182115446,2.566292122997702,2.2580549335211555,UP,BUY,1.6605445762363182,False,66528.32416993457,0.014018508910258146,NONE,0.0,67104.676125,0.5,False,50.0,True,True,67043.2
2026-03-30 08:00:00+00:00,2026-03-30 08:00:00+00:00,2026-03-30 08:05:00+00:00,2026-03-30 08:10:00+00:00,LONG,LONG,3.5,"['delta_strong_positive', 'cvd_strong_positive', 'above_vwap']",67750.2,67834.88775,22.657842307669835,PARTIAL+TRAIL,2,5.0,0.8165289548960913,0.34597683844470584,0.49999999999998423,dynamic_structure,trailing_stop,11.026963504028808,3.4274197234835895,2.5349175148280474,2.1397050609064925,UP,BUY,1.3305914804866814,False,67025.52036033153,0.004167957970415672,NONE,0.0,67834.88775,0.5,True,50.0,False,True,67777.0
2026-03-30 11:25:00+00:00,2026-03-30 11:25:00+00:00,2026-03-30 11:30:00+00:00,2026-03-30 11:35:00+00:00,LONG,LONG,3.5,"['delta_strong_positive', 'cvd_strong_positive', 'above_vwap']",67655.9,67486.76024999999,-45.42897382688002,LOSS,2,5.0,0.3772028751372928,1.0695297823249366,-1.0000000000000124,dynamic_structure,stop_loss,11.026963504028808,4.19615533305149,3.6857704166747975,2.8912667859021517,UP,BUY,1.3298203521885934,False,67162.9765197307,0.00044408868226929253,NONE,0.0,67740.469875,0.5,False,50.0,False,False,67667.9
2026-03-30 13:20:00+00:00,2026-03-30 13:20:00+00:00,2026-03-30 13:25:00+00:00,2026-03-30 13:30:00+00:00,LONG,LONG,4.75,"['delta_strong_positive', 'cvd_strong_positive', 'aggressive_buyers', 'big_trade_buy', 'above_vwap']",68002.3,67832.29425,-45.201828957744155,LOSS,2,5.0,0.036469354712985236,1.5864169300155853,-0.99999999999998,dynamic_structure,stop_loss,11.026963504028808,3.9977906986712988,3.9762091578452408,3.3706836848333723,UP,BUY,2.253188836793704,True,67239.79239842776,0.0044326270142644895,NONE,0.0,68148.4,0.8593826973498911,False,50.0,False,False,68148.4
2026-03-30 17:20:00+00:00,2026-03-30 17:20:00+00:00,2026-03-30 17:25:00+00:00,2026-03-30 17:25:00+00:00,SHORT,SHORT,-4.75,"['delta_strong_negative', 'cvd_strong_negative', 'aggressive_sellers', 'big_trade_sell', 'below_vwap']",66817.8,66817.8,0.0,LOSS,1,1.0,1.200278967580495,0.0,0.0,dynamic_structure,trailing_stop,11.026963504028808,3.8684101079047437,-4.020986632440142,-4.01867846063029,DOWN,SELL,0.3524256174067258,True,67309.76520297966,-0.009714444788130081,NONE,0.0,66734.27775000001,0.5,False,50.0,True,True,66777.3
2026-03-31 00:45:00+00:00,2026-03-31 00:45:00+00:00,2026-03-31 00:50:00+00:00,2026-03-31 00:50:00+00:00,LONG,LONG,4.25,"['delta_strong_positive', 'cvd_strong_positive', 'aggressive_buyers', 'above_vwap']",67222.2,67054.1445,-44.97581981295693,LOSS,1,1.0,0.06366944253533559,1.500694710973441,-1.0000000000000133,dynamic_structure,stop_loss,11.026963504028808,4.112254997188621,3.869742479266737,3.045571486171873,UP,BUY,1.9838427186488377,False,66899.39716344199,0.006731432562932429,NONE,0.0,67306.22774999999,0.5,False,50.0,False,False,67276.0
2026-03-31 01:30:00+00:00,2026-03-31 01:30:00+00:00,2026-03-31 01:35:00+00:00,2026-03-31 01:35:00+00:00,LONG,LONG,4.25,"['delta_strong_positive', 'cvd_strong_positive', 'aggressive_buyers', 'above_vwap']",68297.5,68126.75625,-44.75094071389003,LOSS,1,1.0,0.3080639847725367,1.3365057286137683,-0.999999999999966,dynamic_structure,stop_loss,11.026963504028808,3.4815054782245873,3.12741834787541,2.6048779722069915,UP,BUY,1.5800625762678346,False,67461.3476487413,0.016069690072507616,NONE,0.0,68382.871875,0.5,False,50.0,False,False,68377.0
2026-03-31 07:15:00+00:00,2026-03-31 07:15:00+00:00,2026-03-31 07:20:00+00:00,2026-03-31 07:25:00+00:00,SHORT,SHORT,-4.25,"['delta_strong_negative', 'cvd_strong_negative', 'aggressive_sellers', 'below_vwap']",67121.4,67289.20349999999,-44.52718601032066,LOSS,2,5.0,0.18771956484817065,1.0428864713787258,-0.9999999999999675,dynamic_structure,stop_loss,11.390899839458998,3.4574357142419374,-3.274161234612338,-3.2746366101398103,DOWN,SELL,0.4801611261391849,False,67619.27344364203,-0.00614338131228172,NONE,0.0,67037.49824999999,0.5,False,50.0,False,False,67071.9
2026-03-31 08:40:00+00:00,2026-03-31 08:40:00+00:00,2026-03-31 08:45:00+00:00,2026-03-31 08:50:00+00:00,SHORT,SHORT,-4.75,"['delta_strong_negative', 'cvd_strong_negative', 'aggressive_sellers', 'big_trade_sell', 'below_vwap']",66818.9,66735.37637499999,22.152275040135684,PARTIAL+TRAIL,2,5.0,0.9811595222309507,0.5567287099907362,0.5000000000000098,dynamic_structure,trailing_stop,11.390899839458998,3.7729981089655587,-3.583657413703654,-2.421348478598084,DOWN,SELL,0.48544189325615683,True,67540.72082284339,-0.007384545464703247,NONE,0.0,66735.37637499999,0.5,True,50.0,False,True,66777.0
2026-03-31 13:50:00+00:00,2026-03-31 13:50:00+00:00,2026-03-31 13:55:00+00:00,2026-03-31 14:00:00+00:00,LONG,LONG,4.25,"['delta_strong_positive', 'cvd_strong_positive', 'aggressive_buyers', 'above_vwap']",67307.6,67307.6,0.0,LOSS,2,5.0,1.1434072823870955,0.9354069971296479,0.0,dynamic_structure,trailing_stop,11.390899839458998,1.8481599946602323,3.066370081391301,2.8899146063660743,UP,BUY,1.5864697645641344,False,67120.6628921956,0.010119955673617047,NONE,0.0,67391.7345,0.5,False,50.0,True,True,67370.0
2026-03-31 14:45:00+00:00,2026-03-31 14:45:00+00:00,2026-03-31 14:50:00+00:00,2026-03-31 14:50:00+00:00,SHORT,SHORT,-4.25,"['delta_strong_negative', 'cvd_strong_negative', 'aggressive_sellers', 'below_vwap']",66878.1,66878.1,0.0,LOSS,1,1.0,2.687277300042931,0.29845345486785163,0.0,dynamic_structure,trailing_stop,11.390899839458998,0.5902024718999657,-2.1485833063695146,-3.0826619603142387,DOWN,SELL,0.5369687100253421,False,67152.68849297834,-0.0019175610731365306,NONE,0.0,66691.9,1.1136680019319425,False,50.0,True,True,66691.9
2026-03-31 16:40:00+00:00,2026-03-31 16:40:00+00:00,2026-03-31 16:45:00+00:00,2026-03-31 16:45:00+00:00,LONG,LONG,3.5,"['delta_strong_positive', 'cvd_strong_positive', 'above_vwap']",67742.1,67572.74475000001,-44.41531145546941,LOSS,1,1.0,0.8615026696839583,1.683443530684793,-0.99999999999996,dynamic_structure,stop_loss,11.613530203612337,3.7063461711805483,3.1381954156396508,2.0732725850802516,UP,BUY,1.3710861880029832,False,67136.34794093794,0.00898007145258743,NONE,0.0,67826.777625,0.5,False,50.0,False,False,67765.8
2026-03-31 17:10:00+00:00,2026-03-31 17:10:00+00:00,2026-03-31 17:15:00+00:00,2026-03-31 17:15:00+00:00,LONG,LONG,4.75,"['delta_strong_positive', 'cvd_strong_positive', 'aggressive_buyers', 'big_trade_buy', 'above_vwap']",68432.8,68261.71800000001,-44.19323489819251,LOSS,1,1.0,0.9773091266176283,1.316327842788821,-0.9999999999999699,dynamic_structure,stop_loss,12.055462552594253,3.3663045158172205,3.8311466080519163,2.585631874344556,UP,BUY,1.766234459395981,True,67213.15395593381,0.01637033505173505,NONE,0.0,68532.7,0.5839305128534513,False,50.0,False,False,68532.7
2026-04-01 03:05:00+00:00,2026-04-01 03:05:00+00:00,2026-04-01 03:10:00+00:00,2026-04-01 03:45:00+00:00,LONG,LONG,4.25,"['delta_strong_positive', 'cvd_strong_positive', 'aggressive_buyers', 'above_vwap']",68032.3,68032.3,0.0,LOSS,8,35.0,1.0712558593491448,0.9395537119868232,0.0,dynamic_structure,trailing_stop,12.055462552594253,2.4728468583216143,3.136897734812848,2.7022778323738694,UP,BUY,2.482267321980273,False,67934.01896061897,0.0008412648917093124,NONE,0.0,68330.0,1.750345056686292,False,50.0,True,True,68330.0
2026-04-01 05:25:00+00:00,2026-04-01 05:25:00+00:00,2026-04-01 05:30:00+00:00,2026-04-01 06:20:00+00:00,LONG,LONG,4.25,"['delta_strong_positive', 'cvd_strong_positive', 'aggressive_buyers', 'above_vwap']",68553.0,68732.5,46.05500699257314,PARTIAL+TRAIL,11,50.0,1.732965734541158,0.8694003180021298,1.047364812626727,dynamic_structure,trailing_stop,12.055462552594253,3.2508799099732095,2.2015002888147652,2.2393633347133446,UP,BUY,1.5740100440070388,False,68080.04800227698,0.0069914755100013715,NONE,0.0,68732.5,1.0473648126267268,True,50.0,True,True,68732.5
2026-04-01 06:35:00+00:00,2026-04-01 06:35:00+00:00,2026-04-01 06:40:00+00:00,2026-04-01 06:40:00+00:00,LONG,LONG,4.75,"['delta_strong_positive', 'cvd_strong_positive', 'aggressive_buyers', 'big_trade_buy', 'above_vwap']",68940.0,68940.0,0.0,LOSS,1,1.0,1.624601102407891,0.0,0.0,dynamic_structure,trailing_stop,12.055462552594253,2.404462830206952,2.5273173503716504,2.0318414224868997,UP,BUY,1.9347759563843578,True,68248.84069370378,0.007909988183569068,NONE,0.0,69088.0,0.8587177255584567,False,50.0,True,True,69088.0
2026-04-01 12:00:00+00:00,2026-04-01 12:00:00+00:00,2026-04-01 12:05:00+00:00,2026-04-01 12:35:00+00:00,SHORT,SHORT,-4.25,"['delta_strong_negative', 'cvd_strong_negative', 'aggressive_sellers', 'below_vwap']",68468.8,68383.214,22.101271879331758,PARTIAL+TRAIL,7,30.0,1.301614750075964,0.9832215549272247,0.49999999999997485,dynamic_structure,trailing_stop,12.055462552594253,3.060644159229845,-2.916694669707228,-2.0027086770010207,DOWN,SELL,0.6367815494896502,False,68471.37514197263,-0.0013350701472628708,NONE,0.0,68383.214,0.5,True,50.0,True,True,68450.0
2026-04-01 13:40:00+00:00,2026-04-01 13:40:00+00:00,2026-04-01 13:45:00+00:00,2026-04-01 13:45:00+00:00,SHORT,SHORT,-4.25,"['delta_strong_negative', 'cvd_strong_negative', 'aggressive_sellers', 'below_vwap']",68076.7,68076.7,0.0,LOSS,1,1.0,1.0165005060468562,0.21270126195892042,0.0,dynamic_structure,trailing_stop,12.055462552594253,3.0920186851214995,-3.4053181962554264,-2.1231175040794255,DOWN,SELL,0.6436533626020893,False,68452.40882065738,-0.005059103148979725,NONE,0.0,67883.7,1.1340150154164348,False,50.0,True,True,67883.7
2026-04-02 00:10:00+00:00,2026-04-02 00:10:00+00:00,2026-04-02 00:15:00+00:00,2026-04-02 00:35:00+00:00,LONG,LONG,4.25,"['delta_strong_positive', 'cvd_strong_positive', 'aggressive_buyers', 'above_vwap']",68177.3,68262.52162500001,22.156525059032653,PARTIAL+TRAIL,5,20.0,1.005613305308331,0.4535233868164501,0.5000000000000328,dynamic_structure,trailing_stop,12.055462552594253,2.1458309514430063,2.9570002640078843,2.3176517678641133,UP,BUY,2.8566336555455725,False,68123.36600099734,-0.00019732518507527182,NONE,0.0,68262.52162500001,0.5,True,50.0,True,True,68220.9
2026-04-02 01:05:00+00:00,2026-04-02 01:05:00+00:00,2026-04-02 01:10:00+00:00,2026-04-02 01:10:00+00:00,SHORT,SHORT,-3.5,"['delta_strong_negative', 'cvd_strong_negative', 'below_vwap']",68135.1,68305.43775000001,-44.423832743359135,LOSS,1,1.0,0.49607324271924447,1.7418335043171407,-1.0000000000000353,dynamic_structure,stop_loss,12.055462552594253,4.0965492495362374,-2.7742770651919133,-2.859396864765986,DOWN,SELL,0.8537853928568413,False,68183.63373275269,-0.0009189935483389829,NONE,0.0,68040.2,0.5571284110539719,False,50.0,False,False,68040.2
2026-04-02 12:20:00+00:00,2026-04-02 12:20:00+00:00,2026-04-02 12:25:00+00:00,2026-04-02 13:00:00+00:00,SHORT,SHORT,-3.5,"['delta_strong_negative', 'cvd_strong_negative', 'below_vwap']",66103.0,66020.37125,22.100856789821318,PARTIAL+TRAIL,8,35.0,1.1128087983903556,0.6432385822126252,0.5000000000000211,dynamic_structure,trailing_stop,12.055462552594253,3.0444874369568797,-3.537654843933777,-2.9339557255644437,DOWN,SELL,0.7441846990422883,False,66917.70551797867,-0.0028984618910665835,NONE,0.0,66020.37125,0.5,True,50.0,True,True,66065.1
2026-04-02 13:15:00+00:00,2026-04-02 13:15:00+00:00,2026-04-02 13:20:00+00:00,2026-04-02 13:25:00+00:00,SHORT,SHORT,-4.25,"['delta_strong_negative', 'cvd_strong_negative', 'aggressive_sellers', 'below_vwap']",65881.0,66045.7025,-44.3122178635897,LOSS,2,5.0,0.18578952960644687,1.6860703389444427,-0.9999999999999964,dynamic_structure,stop_loss,12.055462552594253,1.2309558635874873,-3.1895929541676225,-3.0391160219390345,DOWN,SELL,0.3268972135989535,False,66863.13030747013,-0.004676761658879381,NONE,0.0,65798.64875,0.5,False,50.0,False,False,65880.0
2026-04-02 16:35:00+00:00,2026-04-02 16:35:00+00:00,2026-04-02 16:40:00+00:00,2026-04-02 16:45:00+00:00,LONG,LONG,4.25,"['delta_strong_positive', 'cvd_strong_positive', 'aggressive_buyers', 'above_vwap']",67074.7,67158.543375,22.045328387135104,PARTIAL+TRAIL,2,5.0,0.9523710132136087,0.028624801899988585,0.49999999999998057,dynamic_structure,trailing_stop,12.055462552594253,2.472902003098836,2.6095962758954436,2.1706767720126554,UP,BUY,1.6297654279363651,False,66758.64810665537,0.009216740236619057,NONE,0.0,67158.543375,0.5,True,50.0,False,True,67080.0
2026-04-02 19:55:00+00:00,2026-04-02 19:55:00+00:00,2026-04-02 20:00:00+00:00,2026-04-02 20:00:00+00:00,SHORT,SHORT,-3.75,"['delta_strong_negative', 'cvd_strong_negative', 'aggressive_sellers']",66943.2,66943.2,0.0,LOSS,1,1.0,1.1209502981631667,0.012547951098876783,0.0,dynamic_structure,trailing_stop,12.055462552594253,1.4978674306482926,-2.3926049987014304,-2.046089108442332,DOWN,SELL,0.4704964996675662,False,66785.29821012779,-7.420671673473012e-05,NONE,0.0,66827.8,0.6895397889553782,False,50.0,True,True,66827.8
2026-04-03 00:45:00+00:00,2026-04-03 00:45:00+00:00,2026-04-03 00:50:00+00:00,2026-04-03 01:30:00+00:00,SHORT,SHORT,-4.25,"['delta_strong_negative', 'cvd_strong_negative', 'aggressive_sellers', 'below_vwap']",66706.2,66872.96549999999,-44.20088341620602,LOSS,9,40.0,0.21107483262423637,1.0499773634235248,-0.9999999999999644,dynamic_structure,stop_loss,12.055462552594253,3.021282370514997,-3.2179129259101042,-3.2437693475471927,DOWN,SELL,0.36116472667301625,False,66819.35775313886,-0.002452299374490204,NONE,0.0,66622.81725,0.5,False,50.0,False,False,66681.3
2026-04-03 07:30:00+00:00,2026-04-03 07:30:00+00:00,2026-04-03 07:35:00+00:00,2026-04-03 07:35:00+00:00,LONG,LONG,4.25,"['delta_strong_positive', 'cvd_strong_positive', 'aggressive_buyers', 'above_vwap']",67038.3,67038.3,0.0,LOSS,1,1.0,1.1635139912557448,0.04833058117527336,0.0,dynamic_structure,trailing_stop,12.055462552594253,3.6278868596457134,3.6209625398142906,2.6188669880576647,UP,BUY,2.06971780133445,False,66615.23373342946,0.005436570676559941,NONE,0.0,67122.097875,0.5,False,50.0,True,True,67068.4
2026-04-03 13:00:00+00:00,2026-04-03 13:00:00+00:00,2026-04-03 13:05:00+00:00,2026-04-03 13:50:00+00:00,SHORT,SHORT,-4.25,"['delta_strong_negative', 'cvd_strong_negative', 'aggressive_sellers', 'below_vwap']",66594.5,66511.256875,21.989939499561594,PARTIAL+TRAIL,10,45.0,0.6967542364609689,0.6679230266763596,0.49999999999996153,dynamic_structure,trailing_stop,12.055462552594253,0.1161031932348499,-2.1095767722003838,-2.771664311115771,DOWN,SELL,0.4637979885082756,False,66767.38746220309,-0.004240386727554332,NONE,0.0,66511.256875,0.5,True,50.0,False,True,66585.5
2026-04-03 16:45:00+00:00,2026-04-03 16:45:00+00:00,2026-04-03 16:50:00+00:00,2026-04-03 17:15:00+00:00,LONG,LONG,4.25,"['delta_strong_positive', 'cvd_strong_positive', 'aggressive_buyers', 'above_vwap']",66999.8,66832.3005,-44.08982869662578,LOSS,6,25.0,0.24000071642003162,1.7056767333633658,-1.000000000000032,dynamic_structure,stop_loss,12.261240893717513,2.1627916085060352,2.0100122787071157,2.943470499381645,UP,BUY,2.1030928610657615,False,66765.52498245928,0.003751881125028295,NONE,0.0,67083.54975,0.5,False,50.0,False,False,67046.1
2026-04-03 21:10:00+00:00,2026-04-03 21:10:00+00:00,2026-04-03 21:15:00+00:00,2026-04-04 06:50:00+00:00,LONG,LONG,4.25,"['delta_strong_positive', 'cvd_strong_positive', 'aggressive_buyers', 'above_vwap']",66878.7,66962.298375,21.934689776570984,PARTIAL+TRAIL,116,575.0,0.8672417376533933,0.7966662031408929,0.5000000000000082,dynamic_structure,trailing_stop,12.261240893717513,3.343777786863262,3.4751533373132903,2.6509402977826566,UP,BUY,4.060378883102891,False,66773.2382361331,0.0008316280381277069,NONE,0.0,66962.298375,0.5,True,50.0,False,True,66882.9
2026-04-04 10:10:00+00:00,2026-04-04 10:10:00+00:00,2026-04-04 10:15:00+00:00,2026-04-04 10:45:00+00:00,SHORT,SHORT,-4.25,"['delta_strong_negative', 'cvd_strong_negative', 'aggressive_sellers', 'below_vwap']",66880.9,67048.10225,-43.979053002024656,LOSS,7,30.0,0.0,1.6112223370200385,-1.0000000000000127,dynamic_structure,stop_loss,12.481684525972051,2.1353271693160614,-3.1541335360309,-2.357666697624855,DOWN,SELL,0.35759202453987726,False,66897.65638664537,-0.001052727603246658,NONE,0.0,66797.298875,0.5,False,50.0,False,False,66876.0
2026-04-04 11:00:00+00:00,2026-04-04 11:00:00+00:00,2026-04-04 11:05:00+00:00,2026-04-04 13:40:00+00:00,LONG,LONG,4.25,"['delta_strong_positive', 'cvd_strong_positive', 'aggressive_buyers', 'above_vwap']",67149.9,67233.83737499999,21.879578868505444,PARTIAL+TRAIL,32,155.0,0.5682808165016403,0.7428157003956647,0.49999999999996475,dynamic_structure,trailing_stop,12.481684525972051,2.884605580687609,2.259932488686163,2.4262174155588108,UP,BUY,1.8048243875366685,False,66932.93794538324,0.0022235133579902333,NONE,0.0,67233.83737499999,0.5,True,50.0,False,True,67150.3
2026-04-04 14:35:00+00:00,2026-04-04 14:35:00+00:00,2026-04-04 14:40:00+00:00,2026-04-04 15:05:00+00:00,SHORT,SHORT,-4.25,"['delta_strong_negative', 'cvd_strong_negative', 'aggressive_sellers', 'big_trade_sell']",67045.6,67213.214,-43.86855563135687,LOSS,6,25.0,0.24997911868942171,1.3930817234837185,-1.0000000000000082,dynamic_structure,stop_loss,12.70157429360057,3.4266852208226464,-3.739401828220052,-3.339999626771762,DOWN,SELL,0.23658157235237182,True,66994.559047056,-0.0010973437206659546,NONE,0.0,66961.793,0.5,False,50.0,False,False,67044.8
2026-04-04 20:00:00+00:00,2026-04-04 20:00:00+00:00,2026-04-04 20:05:00+00:00,2026-04-04 21:45:00+00:00,SHORT,SHORT,-3.75,"['delta_strong_negative', 'cvd_strong_negative', 'aggressive_sellers']",67162.9,67330.80725,-43.649212853200716,LOSS,21,100.0,0.0,1.0368819690633122,-1.000000000000023,dynamic_structure,stop_loss,13.13806642213258,2.4398858845344673,-2.7765218774591687,-2.1559331946681715,DOWN,SELL,0.5242655678918695,False,67149.86895265247,-0.002808384095007501,NONE,0.0,67078.946375,0.5,False,50.0,False,False,67150.6
2026-04-05 02:00:00+00:00,2026-04-05 02:00:00+00:00,2026-04-05 02:05:00+00:00,2026-04-05 06:00:00+00:00,SHORT,SHORT,-4.25,"['delta_strong_negative', 'cvd_strong_negative', 'aggressive_sellers', 'below_vwap']",67010.3,66900.0,28.595219760660754,PARTIAL+TRAIL,48,235.0,1.1192309242012048,0.9347816678927942,0.6584062450101128,dynamic_structure,trailing_stop,13.13806642213258,4.162328434918128,-3.934585471182569,-2.1734910904772753,DOWN,SELL,0.5180988702889451,False,67105.8167604494,-0.0025856548143435255,NONE,0.0,66900.0,0.6584062450101128,True,50.0,True,True,66900.0
2026-04-05 10:35:00+00:00,2026-04-05 10:35:00+00:00,2026-04-05 10:40:00+00:00,2026-04-05 12:00:00+00:00,LONG,LONG,4.25,"['delta_strong_positive', 'cvd_strong_positive', 'aggressive_buyers', 'above_vwap']",67084.6,66916.8885,-43.573942887738276,LOSS,17,80.0,0.04412339046513911,1.1764249917268814,-1.000000000000029,dynamic_structure,stop_loss,13.287853653403364,3.194197965893016,3.2728334505806806,2.130616796973282,UP,BUY,2.9735647548630553,False,66908.6620734555,0.0031719049146767585,NONE,0.0,67168.45575000001,0.5,False,50.0,False,False,67132.8
2026-04-05 15:25:00+00:00,2026-04-05 15:25:00+00:00,2026-04-05 15:30:00+00:00,2026-04-05 15:30:00+00:00,LONG,LONG,4.75,"['delta_strong_positive', 'cvd_strong_positive', 'aggressive_buyers', 'big_trade_buy', 'above_vwap']",67478.2,67478.2,0.0,LOSS,1,1.0,2.0771152757483673,0.6882222703035425,0.0,dynamic_structure,trailing_stop,13.287853653403364,4.23498181157173,4.197590951119242,3.9992124336951185,UP,BUY,1.9088976518187466,True,66940.37270566079,0.007440308964166609,NONE,0.0,67562.54775,0.5,False,50.0,True,True,67521.7
2026-04-05 20:35:00+00:00,2026-04-05 20:35:00+00:00,2026-04-05 20:40:00+00:00,2026-04-05 21:10:00+00:00,LONG,LONG,4.25,"['delta_strong_positive', 'cvd_strong_positive', 'aggressive_buyers', 'above_vwap']",67658.7,67489.55325,-43.35607317329829,LOSS,7,30.0,0.13538539759119658,1.586196601471816,-0.9999999999999993,dynamic_structure,stop_loss,13.72141438513634,3.896179959286512,4.0087742192068605,3.340118586313972,UP,BUY,3.9705625897697097,False,67100.37907161449,0.004389884854120099,NONE,0.0,67743.273375,0.5,False,50.0,False,False,67665.3
2026-04-05 22:40:00+00:00,2026-04-05 22:40:00+00:00,2026-04-05 22:45:00+00:00,2026-04-05 22:45:00+00:00,LONG,LONG,4.25,"['delta_strong_positive', 'cvd_strong_positive', 'aggressive_buyers', 'above_vwap']",67937.4,67937.4,0.0,LOSS,1,1.0,1.7539676231354675,0.045924630615763094,0.0,dynamic_structure,trailing_stop,13.72141438513634,3.6134208646687855,4.014815071153001,3.2390425654713377,UP,BUY,2.180245229800704,False,67175.84479437802,0.005442076007720331,NONE,0.0,68022.32174999999,0.5,False,50.0,True,True,67968.8
2026-04-06 02:10:00+00:00,2026-04-06 02:10:00+00:00,2026-04-06 02:15:00+00:00,2026-04-06 02:15:00+00:00,LONG,LONG,3.75,"['delta_strong_positive', 'cvd_strong_positive', 'aggressive_buyers']",69089.5,69089.5,0.0,LOSS,1,1.0,1.0525477822245228,0.10421265170539662,0.0,dynamic_structure,trailing_stop,13.72141438513634,2.6508495093138507,3.2527075441756206,2.395938966240638,UP,BUY,1.892822672771978,False,69124.38968637296,0.005116125926056841,NONE,0.0,69175.861875,0.5,False,50.0,True,True,69108.0
2026-04-06 06:25:00+00:00,2026-04-06 06:25:00+00:00,2026-04-06 06:30:00+00:00,2026-04-06 06:50:00+00:00,SHORT,SHORT,-4.25,"['delta_strong_negative', 'cvd_strong_negative', 'aggressive_sellers', 'below_vwap']",68813.8,68985.8345,-43.139292807430394,LOSS,5,20.0,0.0511525304517577,1.5444576523894746,-0.9999999999999669,dynamic_structure,stop_loss,14.15280731321065,3.184981968549398,-3.6795373696558746,-2.5759541223058666,DOWN,SELL,0.5504484089534865,False,69123.2711957863,-0.004368753637325458,NONE,0.0,68727.78275,0.5,False,50.0,False,False,68769.6
2026-04-06 09:10:00+00:00,2026-04-06 09:10:00+00:00,2026-04-06 09:15:00+00:00,2026-04-06 09:15:00+00:00,LONG,LONG,4.25,"['delta_strong_positive', 'cvd_strong_positive', 'aggressive_buyers', 'above_vwap']",69604.0,69604.0,0.0,LOSS,1,1.0,2.1176943853801506,0.085627262800955,0.0,dynamic_structure,trailing_stop,14.15280731321065,4.078511718902898,4.085407324338212,3.279552739768315,UP,BUY,2.682544538304636,False,69140.56247229215,0.006447555532913897,NONE,0.0,69769.2,0.9493707258203384,False,50.0,True,True,69769.2
2026-04-06 12:35:00+00:00,2026-04-06 12:35:00+00:00,2026-04-06 12:40:00+00:00,2026-04-06 12:55:00+00:00,LONG,LONG,4.25,"['delta_strong_positive', 'cvd_strong_positive', 'aggressive_buyers', 'above_vwap']",69478.2,69304.5045,-42.923596343395076,LOSS,4,15.0,0.2423781848119601,1.123805740505638,-1.0000000000000093,dynamic_structure,stop_loss,14.5820432766446,-0.5629137560736488,2.3428562179334493,2.2155643953982826,UP,BUY,2.2540584851905607,False,69344.54931490318,-0.003618492376198156,NONE,0.0,69565.04775,0.5,False,50.0,False,False,69505.0
2026-04-06 14:00:00+00:00,2026-04-06 14:00:00+00:00,2026-04-06 14:05:00+00:00,2026-04-06 14:15:00+00:00,SHORT,SHORT,-4.25,"['delta_strong_negative', 'cvd_strong_negative', 'aggressive_sellers', 'below_vwap']",69164.9,69337.81224999999,-42.7089783616762,LOSS,3,10.0,0.025446433089582603,1.7245741698463333,-0.9999999999999649,dynamic_structure,stop_loss,15.009133060261357,3.4290388387539323,-3.5422385770646057,-2.5963572899082257,DOWN,SELL,0.6129309608505165,False,69345.18282394327,-0.004951076661694919,NONE,0.0,69078.443875,0.5,False,50.0,False,False,69088.0
2026-04-06 16:10:00+00:00,2026-04-06 16:10:00+00:00,2026-04-06 16:15:00+00:00,2026-04-06 16:30:00+00:00,LONG,LONG,4.25,"['delta_strong_positive', 'cvd_strong_positive', 'aggressive_buyers', 'above_vwap']",70029.4,69854.3265,-42.495433469868985,LOSS,4,15.0,0.14393954539100232,1.258899833498469,-0.999999999999992,dynamic_structure,stop_loss,15.434087394960041,0.8838003928678733,2.1951567874072615,2.0339325879802095,UP,BUY,1.9595121840437855,False,69392.77563631041,0.007368166185747489,NONE,0.0,70116.93675,0.5,False,50.0,False,False,70087.5
2026-04-06 17:00:00+00:00,2026-04-06 17:00:00+00:00,2026-04-06 17:05:00+00:00,2026-04-06 17:10:00+00:00,SHORT,SHORT,-3.75,"['delta_strong_negative', 'cvd_strong_negative', 'aggressive_sellers']",69554.9,69554.9,0.0,LOSS,2,5.0,1.653370215470082,0.45719280740824875,0.0,dynamic_structure,trailing_stop,15.434087394960041,2.474393572694791,-2.381402787340276,-2.8590866928874004,DOWN,SELL,0.6237472179440893,False,69436.89604112689,-0.0011134504162534507,NONE,0.0,69467.956375,0.5,False,50.0,True,True,69490.0
2026-04-06 22:50:00+00:00,2026-04-06 22:50:00+00:00,2026-04-06 22:55:00+00:00,2026-04-06 23:30:00+00:00,SHORT,SHORT,-4.25,"['delta_strong_negative', 'cvd_strong_negative', 'aggressive_sellers', 'below_vwap']",68909.1,68650.0,42.367741149327806,PARTIAL+TRAIL,8,35.0,3.9565166284279187,0.18981527838846876,1.0020051778357506,dynamic_structure,trailing_stop,15.434087394960041,4.057694513297955,-4.039565115007877,-4.0272988488146035,DOWN,SELL,0.4447749708167918,False,69450.3067637741,-0.008190179735985733,NONE,0.0,68822.963625,0.5,True,50.0,True,True,68853.3
2026-04-07 04:45:00+00:00,2026-04-07 04:45:00+00:00,2026-04-07 04:50:00+00:00,2026-04-07 05:00:00+00:00,LONG,LONG,4.25,"['delta_strong_positive', 'cvd_strong_positive', 'aggressive_buyers', 'above_vwap']",68932.2,68759.8695,-42.49479500826573,LOSS,3,10.0,0.0,1.0218736671685584,-0.9999999999999791,dynamic_structure,stop_loss,15.43535793354942,2.985491320923848,2.716769639212508,2.6987366729581956,UP,BUY,1.9448654601849806,False,68679.64080685608,0.004621911558462298,NONE,0.0,69018.36525,0.5,False,50.0,False,False,68955.6
2026-04-07 08:20:00+00:00,2026-04-07 08:20:00+00:00,2026-04-07 08:25:00+00:00,2026-04-07 08:55:00+00:00,LONG,LONG,4.25,"['delta_strong_positive', 'cvd_strong_positive', 'aggressive_buyers', 'above_vwap']",68822.4,68955.6,32.733558618276035,PARTIAL+TRAIL,7,30.0,0.8195006277026086,0.63002743292878,0.7741665504255106,dynamic_structure,trailing_stop,15.43535793354942,1.6712687793594596,2.2121364852654666,2.675374519890201,UP,BUY,1.883074898255164,False,68662.86353105475,0.002486928266973499,NONE,0.0,68955.6,0.7741665504255106,True,50.0,False,True,68955.6
2026-04-07 10:05:00+00:00,2026-04-07 10:05:00+00:00,2026-04-07 10:10:00+00:00,2026-04-07 10:25:00+00:00,SHORT,SHORT,-3.75,"['delta_strong_negative', 'cvd_strong_negative', 'aggressive_sellers']",68901.3,68901.3,0.0,LOSS,4,15.0,1.5924227844757814,0.4336638060529893,0.0,dynamic_structure,trailing_stop,15.43535793354942,2.3916028764664126,-2.0275912074215108,-2.259177856600681,DOWN,SELL,0.6036094090965399,False,68739.93939473186,0.00086137842643137,NONE,0.0,68569.7,1.925072531287542,False,50.0,True,True,68569.7
2026-04-07 14:05:00+00:00,2026-04-07 14:05:00+00:00,2026-04-07 14:10:00+00:00,2026-04-07 14:20:00+00:00,SHORT,SHORT,-4.75,"['delta_strong_negative', 'cvd_strong_negative', 'aggressive_sellers', 'big_trade_sell', 'below_vwap']",67834.5,67749.706875,21.222994413157462,PARTIAL+TRAIL,3,10.0,0.5513418688130671,1.8073399229005889,0.4999999999999794,dynamic_structure,trailing_stop,15.43535793354942,3.8116190650677435,-3.7766749959447616,-2.1678233772449804,DOWN,SELL,0.6085554755564038,True,68546.36913112145,-0.007229506428899075,NONE,0.0,67749.706875,0.5,True,50.0,False,True,67780.0
2026-04-07 17:35:00+00:00,2026-04-07 17:35:00+00:00,2026-04-07 17:40:00+00:00,2026-04-07 18:40:00+00:00,LONG,LONG,4.25,"['delta_strong_positive', 'cvd_strong_positive', 'aggressive_buyers', 'above_vwap']",68684.3,68512.58925,-42.552103798382056,LOSS,13,60.0,0.6464359395087378,1.5642584986671235,-0.9999999999999905,dynamic_structure,stop_loss,15.43535793354942,3.7927146386357555,3.3564818586960437,2.787331950691373,UP,BUY,1.5411802931066916,False,68451.44601746427,0.007982120974555989,NONE,0.0,68996.0,1.815262003106952,False,50.0,False,False,68996.0
2026-04-07 19:45:00+00:00,2026-04-07 19:45:00+00:00,2026-04-07 19:50:00+00:00,2026-04-07 19:50:00+00:00,LONG,LONG,4.25,"['delta_strong_positive', 'cvd_strong_positive', 'aggressive_buyers', 'above_vwap']",68789.1,68789.1,0.0,LOSS,1,1.0,1.625257489922095,0.0,0.0,dynamic_structure,trailing_stop,15.43535793354942,3.9495953883623827,3.220258829600479,2.0402083932046913,UP,BUY,1.557815701594549,False,68466.02044545455,0.004341150597664525,NONE,0.0,68875.086375,0.5,False,50.0,True,True,68795.3
2026-04-08 02:30:00+00:00,2026-04-08 02:30:00+00:00,2026-04-08 02:35:00+00:00,2026-04-08 02:40:00+00:00,SHORT,SHORT,-4.25,"['delta_strong_negative', 'cvd_strong_negative', 'aggressive_sellers', 'below_vwap']",71323.7,71234.545375,21.16967163969423,PARTIAL+TRAIL,2,5.0,0.7722538230630048,0.13571926302195253,0.49999999999997524,dynamic_structure,trailing_stop,15.43535793354942,2.4027141429830357,-3.3836468937412056,-2.4160178196685664,DOWN,SELL,0.36361344374842425,False,71695.32308376573,-0.00558937096484247,NONE,0.0,71234.545375,0.5,True,50.0,False,True,71265.0
2026-04-08 11:50:00+00:00,2026-04-08 11:50:00+00:00,2026-04-08 11:55:00+00:00,2026-04-08 12:15:00+00:00,LONG,LONG,4.25,"['delta_strong_positive', 'cvd_strong_positive', 'aggressive_buyers', 'above_vwap']",71684.2,71782.1,23.187169620755125,PARTIAL+TRAIL,5,20.0,0.7834362383900985,0.24886934638311523,0.5462849554016574,dynamic_structure,trailing_stop,15.43535793354942,2.8846312837155383,2.9381925336973973,2.9489580857796525,UP,BUY,2.5098802427914464,False,71627.87330752659,0.0006948738676329186,NONE,0.0,71782.1,0.5462849554016574,True,50.0,False,True,71782.1
2026-04-08 13:05:00+00:00,2026-04-08 13:05:00+00:00,2026-04-08 13:10:00+00:00,2026-04-08 13:10:00+00:00,LONG,LONG,4.25,"['delta_strong_positive', 'cvd_strong_positive', 'aggressive_buyers', 'above_vwap']",72604.8,72604.8,0.0,LOSS,1,1.0,1.0754109921106985,1.3701573449689117,0.0,dynamic_structure,trailing_stop,15.43535793354942,4.007753488001548,3.2256933093578635,2.221422800911909,UP,BUY,1.6555784653902228,False,71746.27942195298,0.00946265110182864,NONE,0.0,72735.0,0.7173079465820281,False,50.0,True,True,72735.0
2026-04-08 21:25:00+00:00,2026-04-08 21:25:00+00:00,2026-04-08 21:30:00+00:00,2026-04-08 22:00:00+00:00,LONG,LONG,3.75,"['delta_strong_positive', 'cvd_strong_positive', 'aggressive_buyers']",71627.2,71448.132,-42.56112748569263,LOSS,7,30.0,0.3925882904818444,1.3190519802532954,-0.9999999999999961,dynamic_structure,stop_loss,15.43535793354942,2.0125118280188543,2.5162525138171614,2.3913395286636545,UP,BUY,2.82960054919123,False,71644.96782092818,0.002773031965884692,NONE,0.0,71934.5,1.7161078472982494,False,50.0,False,False,71934.5
2026-04-09 00:30:00+00:00,2026-04-09 00:30:00+00:00,2026-04-09 00:35:00+00:00,2026-04-09 00:50:00+00:00,SHORT,SHORT,-4.25,"['delta_strong_negative', 'cvd_strong_negative', 'aggressive_sellers', 'below_vwap']",70795.0,70706.50625,21.174160924130774,PARTIAL+TRAIL,4,15.0,0.9723850554418013,0.6740589024648798,0.49999999999996714,dynamic_structure,trailing_stop,15.43535793354942,2.359277104654843,-2.9942729682156326,-3.0901720422301806,DOWN,SELL,0.4009670427388428,False,70897.67364761136,-0.005283641870365544,NONE,0.0,70706.50625,0.5,True,50.0,False,True,70731.4
2026-04-09 01:05:00+00:00,2026-04-09 01:05:00+00:00,2026-04-09 01:10:00+00:00,2026-04-09 01:25:00+00:00,SHORT,SHORT,-4.75,"['delta_strong_negative', 'cvd_strong_negative', 'aggressive_sellers', 'big_trade_sell', 'below_vwap']",70553.9,70444.4,26.355646366768703,PARTIAL+TRAIL,4,15.0,0.7137805280784999,0.5624068974217535,0.620801968424141,dynamic_structure,trailing_stop,15.43535793354942,3.744876809922543,-3.6636081119571235,-2.8662891151424597,DOWN,SELL,0.38150408590264895,True,70758.23648849108,-0.006595381774719138,NONE,0.0,70444.4,0.620801968424141,True,50.0,False,True,70444.4
2026-04-09 04:45:00+00:00,2026-04-09 04:45:00+00:00,2026-04-09 04:50:00+00:00,2026-04-09 05:20:00+00:00,SHORT,SHORT,-4.25,"['delta_strong_negative', 'cvd_strong_negative', 'aggressive_sellers', 'below_vwap']",70735.5,70912.33875,-42.5859708847177,LOSS,7,30.0,0.39301340910858057,1.1660340281753694,-0.9999999999999737,dynamic_structure,stop_loss,15.43535793354942,3.8852569796165355,-3.884904527581503,-2.9928352924785475,DOWN,SELL,0.27356722437569364,False,70822.21550595376,-0.0011628050080760505,NONE,0.0,70647.080625,0.5,False,50.0,False,False,70666.8
2026-04-09 08:40:00+00:00,2026-04-09 08:40:00+00:00,2026-04-09 08:45:00+00:00,2026-04-09 09:00:00+00:00,LONG,LONG,4.25,"['delta_strong_positive', 'cvd_strong_positive', 'aggressive_buyers', 'above_vwap']",71294.2,71115.9645,-42.3730410302941,LOSS,4,15.0,0.26818450869777855,1.1950481245318694,-0.9999999999999731,dynamic_structure,stop_loss,15.677648349712472,4.10263056482912,3.6671780197415162,3.398095262572085,UP,BUY,1.7835897172406328,False,70875.22993446978,0.004726568434214515,NONE,0.0,71383.31775,0.5,False,50.0,False,False,71311.6
2026-04-09 13:35:00+00:00,2026-04-09 13:35:00+00:00,2026-04-09 13:40:00+00:00,2026-04-09 13:50:00+00:00,SHORT,SHORT,-4.0,"['delta_strong_negative', 'cvd_strong_negative', 'big_trade_sell', 'below_vwap']",70913.7,70765.6,35.22067041885234,PARTIAL+TRAIL,3,10.0,1.1834102578204377,0.08630208267233504,0.8353815976320021,dynamic_structure,trailing_stop,15.677648349712472,3.1374674618593708,-2.1738313030284133,-2.4560541006607672,DOWN,SELL,0.7976922130869609,True,70998.72935690044,-0.0038099168734307444,NONE,0.0,70765.6,0.8353815976320021,True,50.0,True,True,70765.6
2026-04-09 14:50:00+00:00,2026-04-09 14:50:00+00:00,2026-04-09 14:55:00+00:00,2026-04-09 15:05:00+00:00,LONG,LONG,3.5,"['delta_strong_positive', 'cvd_strong_positive', 'above_vwap']",71119.4,70941.60149999999,-42.337279177239076,LOSS,3,10.0,0.4533221596358002,1.3014732970187837,-1.0000000000000249,dynamic_structure,stop_loss,15.748814437296351,2.084269367412686,2.047472841314582,3.059961382221198,UP,BUY,1.418638048277418,False,70958.64925423669,0.0025980235018320157,NONE,0.0,71208.29925,0.5,False,50.0,False,False,71128.4
2026-04-09 15:30:00+00:00,2026-04-09 15:30:00+00:00,2026-04-09 15:35:00+00:00,2026-04-09 15:35:00+00:00,LONG,LONG,4.25,"['delta_strong_positive', 'cvd_strong_positive', 'aggressive_buyers', 'above_vwap']",72185.8,72005.3355,-42.12559278135226,LOSS,1,1.0,0.20059346852149362,2.176605371139492,-1.0000000000000102,dynamic_structure,stop_loss,16.17007036510988,3.799164563225656,3.8456764509892656,3.3974404346021245,UP,BUY,2.183854538018839,False,71053.0967054098,0.01464018934997391,NONE,0.0,72276.03225,0.5,False,50.0,False,False,72222.0
2026-04-09 22:15:00+00:00,2026-04-09 22:15:00+00:00,2026-04-09 22:20:00+00:00,2026-04-09 22:25:00+00:00,LONG,LONG,4.25,"['delta_strong_positive', 'cvd_strong_positive', 'aggressive_buyers', 'above_vwap']",72774.0,72592.065,-41.91496481744452,LOSS,2,5.0,0.01648940555692967,1.2400032978811433,-0.9999999999999871,dynamic_structure,stop_loss,16.58922001328432,4.0209238261060944,4.236473619819221,4.204760267858465,UP,BUY,2.3216640078067634,False,71566.55782372534,0.006950540551987504,NONE,0.0,73128.0,1.9457498557177013,False,50.0,False,False,73128.0
2026-04-10 01:30:00+00:00,2026-04-10 01:30:00+00:00,2026-04-10 01:35:00+00:00,2026-04-10 01:35:00+00:00,LONG,LONG,4.25,"['delta_strong_positive', 'cvd_strong_positive', 'aggressive_buyers', 'above_vwap']",72138.5,72138.5,0.0,LOSS,1,1.0,1.0673911988743874,0.0654296942686799,0.0,dynamic_structure,trailing_stop,16.58922001328432,3.209371285755466,3.1621375619565244,2.521837244310007,UP,BUY,3.0239138438880704,False,71838.51653378448,-0.00015047789432172997,NONE,0.0,72442.6,1.6862008497543244,False,50.0,True,True,72442.6
2026-04-10 07:40:00+00:00,2026-04-10 07:40:00+00:00,2026-04-10 07:45:00+00:00,2026-04-10 08:05:00+00:00,SHORT,SHORT,-4.25,"['delta_strong_negative', 'cvd_strong_negative', 'aggressive_sellers', 'below_vwap']",71633.6,71544.058,20.852694996679215,PARTIAL+TRAIL,5,20.0,1.4043688995108439,0.18259587679523065,0.5000000000000071,dynamic_structure,trailing_stop,16.58922001328432,2.880940673762875,-3.9476193881666135,-3.4943926334314486,DOWN,SELL,0.14432813211985368,False,71942.78647470321,-0.003855179715667793,NONE,0.0,71544.058,0.5,True,50.0,True,True,71618.0
2026-04-10 10:50:00+00:00,2026-04-10 10:50:00+00:00,2026-04-10 10:55:00+00:00,2026-04-10 11:05:00+00:00,LONG,LONG,4.25,"['delta_strong_positive', 'cvd_strong_positive', 'aggressive_buyers', 'above_vwap']",71860.8,71950.626,20.904826734170832,PARTIAL+TRAIL,3,10.0,1.1839556475853152,0.0005566317102276666,0.5000000000000051,dynamic_structure,trailing_stop,16.58922001328432,3.223064751132579,3.4183334816705218,2.2733324934245114,UP,BUY,2.28602099155218,False,71848.36356519927,0.0029733133988657716,NONE,0.0,71950.626,0.5,True,50.0,True,True,71910.0
2026-04-10 14:10:00+00:00,2026-04-10 14:10:00+00:00,2026-04-10 14:15:00+00:00,2026-04-10 14:20:00+00:00,LONG,LONG,4.25,"['delta_strong_positive', 'cvd_strong_positive', 'aggressive_buyers', 'above_vwap']",72667.3,72758.134125,20.95708880100465,PARTIAL+TRAIL,2,5.0,2.00200089999214,0.42054679339955514,0.4999999999999667,dynamic_structure,trailing_stop,16.58922001328432,2.6439396491541753,2.485224361771228,2.1755339874135493,UP,BUY,1.6645993273705146,False,71992.35929773984,0.006674485036364442,NONE,0.0,72758.134125,0.5,True,50.0,True,True,72735.1
2026-04-10 17:50:00+00:00,2026-04-10 17:50:00+00:00,2026-04-10 17:55:00+00:00,2026-04-10 18:05:00+00:00,LONG,LONG,4.25,"['delta_strong_positive', 'cvd_strong_positive', 'aggressive_buyers', 'above_vwap']",73027.1,72844.53225,-42.01896304601756,LOSS,3,10.0,0.3993038200886749,1.0757650242170849,-1.0000000000000107,dynamic_structure,stop_loss,16.58922001328432,2.042738601139226,2.6179495024358572,2.534934786415879,UP,BUY,2.224247064421883,False,72285.02480794558,0.0034651598393678337,NONE,0.0,73123.9,0.5302141259887814,False,50.0,False,False,73123.9
2026-04-10 19:55:00+00:00,2026-04-10 19:55:00+00:00,2026-04-10 20:00:00+00:00,2026-04-10 20:30:00+00:00,LONG,LONG,4.25,"['delta_strong_positive', 'cvd_strong_positive', 'aggressive_buyers', 'above_vwap']",73187.4,73187.4,0.0,LOSS,7,30.0,1.4352197236136595,0.595184416989778,0.0,dynamic_structure,trailing_stop,16.58922001328432,2.3648756918197695,3.734223442072097,2.950289888996584,UP,BUY,2.485963738778384,False,72340.30950963947,0.0042480367902465324,NONE,0.0,73278.88424999999,0.5,False,50.0,True,True,73223.4
2026-04-10 22:40:00+00:00,2026-04-10 22:40:00+00:00,2026-04-10 22:45:00+00:00,2026-04-11 01:20:00+00:00,SHORT,SHORT,-3.75,"['delta_strong_negative', 'cvd_strong_negative', 'aggressive_sellers']",72821.1,72669.1,34.90717921635145,PARTIAL+TRAIL,32,155.0,1.1320894630814737,0.5707137079774635,0.8349228451643821,dynamic_structure,trailing_stop,16.58922001328432,3.3648983072851815,-3.18813721749182,-2.3048602964629388,DOWN,SELL,0.5665425391991004,False,72415.81093301973,-0.0037008144097491844,NONE,0.0,72669.1,0.8349228451643822,True,50.0,True,True,72669.1
2026-04-11 06:30:00+00:00,2026-04-11 06:30:00+00:00,2026-04-11 06:35:00+00:00,2026-04-11 07:00:00+00:00,LONG,LONG,3.75,"['delta_strong_positive', 'cvd_strong_positive', 'aggressive_buyers']",72646.4,72737.208,20.991702063435447,PARTIAL+TRAIL,6,25.0,0.5247335036560816,0.0005506122808082375,0.5000000000000251,dynamic_structure,trailing_stop,16.58922001328432,0.6715620878195752,2.057788744963239,2.0882511820332916,UP,BUY,4.374330218068536,False,72800.13172469707,-0.0017409622560992863,NONE,0.0,72737.208,0.5,True,50.0,False,True,72691.7
2026-04-11 12:00:00+00:00,2026-04-11 12:00:00+00:00,2026-04-11 12:05:00+00:00,2026-04-11 13:10:00+00:00,LONG,LONG,4.25,"['delta_strong_positive', 'cvd_strong_positive', 'aggressive_buyers', 'above_vwap']",72881.3,72699.09675,-42.08836263718734,LOSS,14,65.0,0.34960957063058473,2.3567087853812088,-1.0000000000000326,dynamic_structure,stop_loss,16.58922001328432,2.997692522882648,2.1148141185706395,2.504961050843206,UP,BUY,2.0781743362932734,False,72779.22347479852,0.0016529082844996617,NONE,0.0,72972.401625,0.5,False,50.0,False,False,72886.0
2026-04-11 16:40:00+00:00,2026-04-11 16:40:00+00:00,2026-04-11 16:45:00+00:00,2026-04-11 18:25:00+00:00,LONG,LONG,4.25,"['delta_strong_positive', 'cvd_strong_positive', 'aggressive_buyers', 'above_vwap']",73074.1,73180.0,24.276025652105787,PARTIAL+TRAIL,21,100.0,0.7641558363359453,0.9524578475821117,0.5796855520628741,dynamic_structure,trailing_stop,16.58922001328432,4.005377861504576,3.959638554268159,3.646530413646793,UP,BUY,2.1795361408621075,False,72770.07180313669,0.004570935848130239,NONE,0.0,73180.0,0.5796855520628741,True,50.0,False,True,73180.0
2026-04-11 22:30:00+00:00,2026-04-11 22:30:00+00:00,2026-04-11 22:35:00+00:00,2026-04-11 23:00:00+00:00,SHORT,SHORT,-3.75,"['delta_strong_negative', 'cvd_strong_negative', 'aggressive_sellers']",73272.5,73272.5,0.0,LOSS,6,25.0,1.2228325770241222,0.45692449418265835,0.0,dynamic_structure,trailing_stop,16.58922001328432,3.5699449050730587,-3.072979542040922,-2.6942374371904267,DOWN,SELL,0.4051114071180539,False,73007.33898659727,-0.0027665382596263723,NONE,0.0,73180.909375,0.5,False,50.0,True,True,73267.9
2026-04-12 01:30:00+00:00,2026-04-12 01:30:00+00:00,2026-04-12 01:35:00+00:00,2026-04-12 01:35:00+00:00,SHORT,SHORT,-4.25,"['delta_strong_negative', 'cvd_strong_negative', 'aggressive_sellers', 'below_vwap']",72557.4,72557.4,0.0,LOSS,1,1.0,3.4422402125764937,0.09757791762114763,0.0,dynamic_structure,trailing_stop,16.58922001328432,4.080941480965302,-3.9402371891521137,-3.3969917081437355,DOWN,SELL,0.37884129453694815,False,72886.6966001056,-0.007009301032780829,NONE,0.0,72376.00649999999,1.0000000000000309,False,50.0,True,True,72376.00649999999
2026-04-12 12:50:00+00:00,2026-04-12 12:50:00+00:00,2026-04-12 12:55:00+00:00,2026-04-12 13:05:00+00:00,SHORT,SHORT,-4.75,"['delta_strong_negative', 'cvd_strong_negative', 'aggressive_sellers', 'big_trade_sell', 'below_vwap']",71117.4,71000.0,27.732835743686607,PARTIAL+TRAIL,3,10.0,1.2880110915190939,0.40777643727132884,0.6603166032503673,dynamic_structure,trailing_stop,16.58922001328432,4.200329186458657,-4.144979362299941,-3.6649218137834647,DOWN,SELL,0.452306536388772,True,71737.2403173161,-0.0034082798887225653,NONE,0.0,71000.0,0.6603166032503673,True,50.0,True,True,71000.0
2026-04-12 17:50:00+00:00,2026-04-12 17:50:00+00:00,2026-04-12 17:55:00+00:00,2026-04-12 19:15:00+00:00,LONG,LONG,3.75,"['delta_strong_positive', 'cvd_strong_positive', 'aggressive_buyers']",71078.8,71188.0,25.89501112738416,PARTIAL+TRAIL,17,80.0,0.67643235395081,0.38717592306005677,0.6145292267173733,dynamic_structure,trailing_stop,16.58922001328432,4.08890763201718,3.789987434432106,3.394771804448037,UP,BUY,1.7154555344531925,False,71471.15739592702,0.0032839988187551,NONE,0.0,71188.0,0.6145292267173733,True,50.0,False,True,71188.0
2026-04-12 19:55:00+00:00,2026-04-12 19:55:00+00:00,2026-04-12 20:00:00+00:00,2026-04-12 20:15:00+00:00,SHORT,SHORT,-4.25,"['delta_strong_negative', 'cvd_strong_negative', 'aggressive_sellers', 'below_vwap']",71055.2,70966.381,21.133720093308703,PARTIAL+TRAIL,4,15.0,0.7588466431732113,0.103581440907963,0.5000000000000177,dynamic_structure,trailing_stop,16.58922001328432,0.9558869963008246,-3.0764921749617318,-2.4114042921141623,DOWN,SELL,0.2048294431066194,False,71453.41876431415,0.0006530336077130445,NONE,0.0,70966.381,0.5,True,50.0,False,True,71042.8
2026-04-12 20:40:00+00:00,2026-04-12 20:40:00+00:00,2026-04-12 20:45:00+00:00,2026-04-12 21:05:00+00:00,LONG,LONG,3.75,"['delta_strong_positive', 'cvd_strong_positive', 'aggressive_buyers']",71284.0,71417.9,31.837490974637195,PARTIAL+TRAIL,5,20.0,0.7850288984905122,0.5448628023119119,0.7513607541664002,dynamic_structure,trailing_stop,16.58922001328432,3.9722110040185004,4.028369437695123,3.5659032551250056,UP,BUY,2.6550855095954105,False,71442.47409884712,0.0029957963873134385,NONE,0.0,71417.9,0.7513607541664001,True,50.0,False,True,71417.9
2026-04-12 22:00:00+00:00,2026-04-12 22:00:00+00:00,2026-04-12 22:05:00+00:00,2026-04-12 22:05:00+00:00,SHORT,SHORT,-4.25,"['delta_strong_negative', 'cvd_strong_negative', 'aggressive_sellers', 'below_vwap']",70729.2,70906.023,-42.5322962419566,LOSS,1,1.0,0.12045944249335726,1.3425855233765331,-1.0000000000000224,dynamic_structure,stop_loss,16.58922001328432,3.9508077421895176,-3.713075251448584,-2.838507823002461,DOWN,SELL,0.5089953564777746,False,71416.05429215537,-0.005054192381244219,NONE,0.0,70640.7885,0.5,False,50.0,False,False,70661.3
2026-04-13 11:40:00+00:00,2026-04-13 11:40:00+00:00,2026-04-13 11:45:00+00:00,2026-04-13 12:10:00+00:00,LONG,LONG,4.25,"['delta_strong_positive', 'cvd_strong_positive', 'aggressive_buyers', 'above_vwap']",70898.5,70987.123125,21.159817380372516,PARTIAL+TRAIL,6,25.0,0.8457160588728629,0.5551598411813744,0.4999999999999901,dynamic_structure,trailing_stop,16.58922001328432,2.5536855299142234,2.9301716805108677,2.616384774879707,UP,BUY,2.31393475916355,False,70883.37129166648,0.002410083580925626,NONE,0.0,70987.123125,0.5,True,50.0,False,True,70920.5
2026-04-13 12:50:00+00:00,2026-04-13 12:50:00+00:00,2026-04-13 12:55:00+00:00,2026-04-13 13:35:00+00:00,LONG,LONG,4.25,"['delta_strong_positive', 'cvd_strong_positive', 'aggressive_buyers', 'above_vwap']",71172.5,70994.56875,-42.42543384764634,LOSS,9,40.0,0.3484491903473954,2.2059081808282692,-0.9999999999999671,dynamic_structure,stop_loss,16.58922001328432,3.1865980547157555,2.8263723706688877,2.1580897049497234,UP,BUY,2.4709174450135585,False,70888.7671479481,0.0047855678613352125,NONE,0.0,71261.465625,0.5,False,50.0,False,False,71187.5
2026-04-13 13:50:00+00:00,2026-04-13 13:50:00+00:00,2026-04-13 13:55:00+00:00,2026-04-13 13:55:00+00:00,SHORT,SHORT,-3.75,"['delta_strong_negative', 'cvd_strong_negative', 'aggressive_sellers']",71442.0,71620.605,-42.21330667840854,LOSS,1,1.0,0.23571568545116778,1.0475630581451014,-0.9999999999999772,dynamic_structure,stop_loss,16.58922001328432,2.593919926070273,-3.049361663193919,-3.0239313082874832,DOWN,SELL,0.5388031279061687,False,70986.84530597704,0.00484302813434965,NONE,0.0,71037.3,2.2658940119257416,False,50.0,False,False,71037.3
2026-04-13 17:30:00+00:00,2026-04-13 17:30:00+00:00,2026-04-13 17:35:00+00:00,2026-04-13 17:50:00+00:00,LONG,LONG,4.25,"['delta_strong_positive', 'cvd_strong_positive', 'aggressive_buyers', 'above_vwap']",72435.9,72254.81025,-42.002240145017275,LOSS,4,15.0,0.077861944146512,2.1127645269817386,-0.9999999999999956,dynamic_structure,stop_loss,16.58922001328432,2.5963702914855715,3.253555374553534,2.9993283557289914,UP,BUY,2.220843266174902,False,71458.7837900502,0.008271371794633917,NONE,0.0,72549.2,0.6256566150210209,False,50.0,False,False,72549.2
2026-04-13 19:30:00+00:00,2026-04-13 19:30:00+00:00,2026-04-13 19:35:00+00:00,2026-04-13 19:45:00+00:00,LONG,LONG,4.25,"['delta_strong_positive', 'cvd_strong_positive', 'aggressive_buyers', 'above_vwap']",73061.9,73061.9,0.0,LOSS,3,10.0,1.1721567602266343,0.7818028274654143,0.0,dynamic_structure,trailing_stop,16.58922001328432,3.321698365273156,3.2489613384264033,2.7089628776468784,UP,BUY,1.9427008603709934,False,71631.23192604083,0.010497783240242612,NONE,0.0,73153.22737499999,0.5,False,50.0,True,True,73100.0
2026-04-13 22:10:00+00:00,2026-04-13 22:10:00+00:00,2026-04-13 22:15:00+00:00,2026-04-13 22:15:00+00:00,LONG,LONG,4.25,"['delta_strong_positive', 'cvd_strong_positive', 'aggressive_buyers', 'above_vwap']",73720.4,73720.4,0.0,LOSS,1,1.0,3.991296845920564,0.009766631759938136,0.0,dynamic_structure,trailing_stop,16.58922001328432,3.6738945107640513,4.019645314232935,3.9988010986232223,UP,BUY,3.0903189007261425,False,71925.60646936405,0.009793076965658596,NONE,0.0,73900.0,0.9744928133868282,False,50.0,True,True,73900.0
2026-04-14 06:50:00+00:00,2026-04-14 06:50:00+00:00,2026-04-14 06:55:00+00:00,2026-04-14 07:05:00+00:00,LONG,LONG,4.25,"['delta_strong_positive', 'cvd_strong_positive', 'aggressive_buyers', 'above_vwap']",74464.8,74557.88100000001,20.896114472147442,PARTIAL+TRAIL,3,10.0,2.337748842406061,0.37171925527227406,0.50000000000003,dynamic_structure,trailing_stop,16.58922001328432,0.8865254587492236,2.311922812849809,2.6163351569118527,UP,BUY,2.5299983714759215,False,74302.15511186935,0.0018051988733088758,NONE,0.0,74557.88100000001,0.5,True,50.0,True,True,74476.1
2026-04-14 13:00:00+00:00,2026-04-14 13:00:00+00:00,2026-04-14 13:05:00+00:00,2026-04-14 13:25:00+00:00,LONG,LONG,4.25,"['delta_strong_positive', 'cvd_strong_positive', 'aggressive_buyers', 'above_vwap']",74554.3,74647.492875,20.948354758325063,PARTIAL+TRAIL,5,20.0,0.7811755995294236,0.5445695285181404,0.49999999999996436,dynamic_structure,trailing_stop,16.58922001328432,2.9597606159613528,2.8089161919914867,2.015442806683589,UP,BUY,2.046514867730601,False,74419.95379019435,0.0016726926630647211,NONE,0.0,74647.492875,0.5,True,50.0,False,True,74581.7
2026-04-14 13:40:00+00:00,2026-04-14 13:40:00+00:00,2026-04-14 13:45:00+00:00,2026-04-14 13:45:00+00:00,LONG,LONG,4.25,"['delta_strong_positive', 'cvd_strong_positive', 'aggressive_buyers', 'above_vwap']",75136.0,75136.0,0.0,LOSS,1,1.0,1.21912265758092,0.7394591141396624,0.0,dynamic_structure,trailing_stop,16.58922001328432,3.613035027364734,3.1884780214572994,3.3459859557427123,UP,BUY,1.6289393439273196,False,74485.28942351446,0.007426730214496211,NONE,0.0,75229.92,0.5,False,50.0,True,True,75197.6
2026-04-14 15:05:00+00:00,2026-04-14 15:05:00+00:00,2026-04-14 15:10:00+00:00,2026-04-14 15:20:00+00:00,SHORT,SHORT,-4.25,"['delta_strong_negative', 'cvd_strong_negative', 'aggressive_sellers', 'below_vwap']",74648.8,74835.422,-42.00145129044542,LOSS,3,10.0,0.5856758581517876,1.2619090996774227,-1.000000000000016,dynamic_structure,stop_loss,16.58922001328432,0.6787094163232015,-2.12288557253326,-2.4704909568413718,DOWN,SELL,0.6264403333020577,False,74833.47512755037,-0.0065135822694670055,NONE,0.0,74452.8,1.0502513101349251,False,50.0,False,False,74452.8
2026-04-14 18:45:00+00:00,2026-04-14 18:45:00+00:00,2026-04-14 18:50:00+00:00,2026-04-14 18:50:00+00:00,SHORT,SHORT,-4.25,"['delta_strong_negative', 'cvd_strong_negative', 'aggressive_sellers', 'below_vwap']",73811.0,73995.5275,-41.79144403399172,LOSS,1,1.0,0.1154299494655426,1.5672460744333343,-0.9999999999999811,dynamic_structure,stop_loss,16.835026372354896,3.191833700687279,-3.055144432779221,-2.623059144927702,DOWN,SELL,0.5759059116116909,False,74815.17000841431,-0.013147410486777115,NONE,0.0,73626.4725,0.999999999999981,False,50.0,False,False,73626.4725
2026-04-14 21:35:00+00:00,2026-04-14 21:35:00+00:00,2026-04-14 21:40:00+00:00,2026-04-14 21:45:00+00:00,SHORT,SHORT,-4.25,"['delta_strong_negative', 'cvd_strong_negative', 'aggressive_sellers', 'below_vwap']",74003.1,73910.59612500001,20.791243406910127,PARTIAL+TRAIL,2,5.0,0.5367342719426775,0.07026732663901918,0.4999999999999723,dynamic_structure,trailing_stop,16.835026372354896,0.913282807112234,-2.429296816135718,-2.117564331234121,DOWN,SELL,0.3241325576563474,False,74755.77172233407,-0.0024851980534095065,NONE,0.0,73910.59612500001,0.5,True,50.0,False,True,74000.0
2026-04-15 00:00:00+00:00,2026-04-15 00:00:00+00:00,2026-04-15 00:05:00+00:00,2026-04-15 00:10:00+00:00,LONG,LONG,4.25,"['delta_strong_positive', 'cvd_strong_positive', 'aggressive_buyers', 'above_vwap']",74502.6,74595.72825,20.84322151542727,PARTIAL+TRAIL,2,5.0,0.7108476751146626,0.42307248337643466,0.4999999999999693,dynamic_structure,trailing_stop,16.835026372354896,3.4589119036757587,3.456047347770075,2.803832613117072,UP,BUY,2.035433915623232,False,74392.09999999999,0.005055031717790748,NONE,0.0,74595.72825,0.5,True,50.0,False,True,74588.6
2026-04-15 02:25:00+00:00,2026-04-15 02:25:00+00:00,2026-04-15 02:30:00+00:00,2026-04-15 03:20:00+00:00,SHORT,SHORT,-4.25,"['delta_strong_negative', 'cvd_strong_negative', 'aggressive_sellers', 'below_vwap']",74311.4,74243.8,15.20654197206776,LOSS,11,50.0,1.0108812376027816,0.054904092777213954,0.36387418350342626,dynamic_structure,trailing_stop,16.835026372354896,1.775902818193273,-2.2073204409256877,-2.5384390746005443,DOWN,SELL,0.6479006813578049,False,74511.71596679934,-0.0005789851335088198,NONE,0.0,74010.0,1.622362114022851,False,50.0,True,True,74010.0
2026-04-15 07:15:00+00:00,2026-04-15 07:15:00+00:00,2026-04-15 07:20:00+00:00,2026-04-15 07:50:00+00:00,SHORT,SHORT,-4.25,"['delta_strong_negative', 'cvd_strong_negative', 'aggressive_sellers', 'below_vwap']",73604.8,73512.79400000001,20.933345924145915,PARTIAL+TRAIL,7,30.0,0.8466839119188038,0.7923396300241446,0.49999999999996714,dynamic_structure,trailing_stop,16.835026372354896,4.058471651032019,-4.063580327112818,-3.139823556059211,DOWN,SELL,0.4720721759130704,False,74220.00544745046,-0.00529081182914909,NONE,0.0,73512.79400000001,0.5,True,50.0,False,True,73550.0
2026-04-15 12:35:00+00:00,2026-04-15 12:35:00+00:00,2026-04-15 12:40:00+00:00,2026-04-15 13:00:00+00:00,LONG,LONG,4.25,"['delta_strong_positive', 'cvd_strong_positive', 'aggressive_buyers', 'above_vwap']",74408.0,74221.98,-41.97135857791623,LOSS,5,20.0,0.05053220083858821,1.4944629609719384,-1.0000000000000218,dynamic_structure,stop_loss,16.835026372354896,3.247540657077368,3.795193871386495,2.6590963281759223,UP,BUY,1.8753726546952556,False,74087.56509357934,0.004894301726044211,NONE,0.0,74501.01,0.5,False,50.0,False,False,74473.5
2026-04-15 15:30:00+00:00,2026-04-15 15:30:00+00:00,2026-04-15 15:35:00+00:00,2026-04-15 15:40:00+00:00,SHORT,SHORT,-4.75,"['delta_strong_negative', 'cvd_strong_negative', 'aggressive_sellers', 'big_trade_sell', 'below_vwap']",73613.3,73797.33325,-41.761501785024166,LOSS,2,5.0,0.02825576356444876,1.4464777424731514,-0.9999999999999626,dynamic_structure,stop_loss,16.89461144779878,3.917482232555148,-3.5708959881933313,-2.836199591813706,DOWN,SELL,0.5966492154314451,True,74076.90611970777,-0.00625931176352784,NONE,0.0,73521.283375,0.5,False,50.0,False,False,73540.0
2026-04-15 19:00:00+00:00,2026-04-15 19:00:00+00:00,2026-04-15 19:05:00+00:00,2026-04-15 19:05:00+00:00,LONG,LONG,4.25,"['delta_strong_positive', 'cvd_strong_positive', 'aggressive_buyers', 'above_vwap']",74405.3,74405.3,0.0,LOSS,1,1.0,1.3273248007870093,0.0,0.0,dynamic_structure,trailing_stop,16.89461144779878,2.5657044106623856,2.2949857337085398,2.6069161401835954,UP,BUY,1.819202504700856,False,74069.42017350461,0.005702558691622126,NONE,0.0,74498.306625,0.5,False,50.0,True,True,74470.0
2026-04-15 19:35:00+00:00,2026-04-15 19:35:00+00:00,2026-04-15 19:40:00+00:00,2026-04-15 19:45:00+00:00,LONG,LONG,4.25,"['delta_strong_positive', 'cvd_strong_positive', 'aggressive_buyers', 'above_vwap']",75093.0,74905.2675,-41.55269427610022,LOSS,2,5.0,0.03728709733264086,1.1207436112553455,-0.9999999999999906,dynamic_structure,stop_loss,17.310138390559786,3.1641131426698634,2.4153341799413575,2.512954188104289,UP,BUY,1.6982198839192408,False,74127.02500385701,0.010439064115624095,NONE,0.0,75240.0,0.7830290439854579,False,50.0,False,False,75240.0
2026-04-15 22:05:00+00:00,2026-04-15 22:05:00+00:00,2026-04-15 22:10:00+00:00,2026-04-15 22:15:00+00:00,LONG,LONG,4.25,"['delta_strong_positive', 'cvd_strong_positive', 'aggressive_buyers', 'above_vwap']",75098.6,74910.85350000001,-41.34493080471874,LOSS,2,5.0,0.06551387109740185,1.277254169851384,-0.999999999999967,dynamic_structure,stop_loss,17.72358769860697,2.511717161142805,3.091183675835752,2.034694805232983,UP,BUY,1.879166456938642,False,74203.35021017372,0.004844462568226741,NONE,0.0,75240.0,0.7531432010716267,False,50.0,False,False,75240.0
2026-04-15 22:35:00+00:00,2026-04-15 22:35:00+00:00,2026-04-15 22:40:00+00:00,2026-04-15 22:40:00+00:00,LONG,LONG,4.25,"['delta_strong_positive', 'cvd_strong_positive', 'aggressive_buyers', 'above_vwap']",75251.1,75062.97225,-41.13820615069644,LOSS,1,1.0,0.16106076854684306,1.2475565141241078,-0.9999999999999981,dynamic_structure,stop_loss,18.134969760113936,3.914033682958246,4.1142887191200606,3.429511461135742,UP,BUY,3.701622839102144,False,74231.2593096127,0.005842133675901849,NONE,0.0,75425.6,0.9275611917965317,False,50.0,False,False,75425.6
2026-04-16 02:30:00+00:00,2026-04-16 02:30:00+00:00,2026-04-16 02:35:00+00:00,2026-04-16 02:45:00+00:00,LONG,LONG,3.5,"['delta_strong_positive', 'cvd_strong_positive', 'above_vwap']",74912.5,75051.8,30.445649824572314,PARTIAL+TRAIL,3,10.0,1.709728016018673,0.2002336058735191,0.7438011012848479,dynamic_structure,trailing_stop,18.134969760113936,3.2928038736646013,2.085375544987341,2.863684272741235,UP,BUY,1.3929772457278626,False,74669.50321168525,0.0014969133506052593,NONE,0.0,75051.8,0.7438011012848479,True,50.0,True,True,75051.8
2026-04-16 04:30:00+00:00,2026-04-16 04:30:00+00:00,2026-04-16 04:35:00+00:00,2026-04-16 04:45:00+00:00,LONG,LONG,4.75,"['delta_strong_positive', 'cvd_strong_positive', 'aggressive_buyers', 'big_trade_buy', 'above_vwap']",74915.7,75009.344625,20.542371684533123,PARTIAL+TRAIL,3,10.0,1.1442194359793896,1.2830421393646614,0.5000000000000043,dynamic_structure,trailing_stop,18.134969760113936,2.8441879241827115,3.95045590104121,2.9527619623158348,UP,BUY,5.775731752920779,True,74804.41598710342,0.0009166393792350735,NONE,0.0,75009.344625,0.5,True,50.0,True,True,74974.0
2026-04-16 06:40:00+00:00,2026-04-16 06:40:00+00:00,2026-04-16 06:45:00+00:00,2026-04-16 07:30:00+00:00,SHORT,SHORT,-3.75,"['delta_strong_negative', 'cvd_strong_negative', 'aggressive_sellers']",74907.3,74813.665875,20.593727613743585,PARTIAL+TRAIL,10,45.0,0.5366633158584009,0.7032692407815905,0.4999999999999832,dynamic_structure,trailing_stop,18.134969760113936,3.7998328836428388,-3.8035922232547894,-2.671982744803054,DOWN,SELL,0.28872161863248974,False,74857.37268772245,-0.0004050179818364564,NONE,0.0,74813.665875,0.5,True,50.0,False,True,74907.0
2026-04-16 10:05:00+00:00,2026-04-16 10:05:00+00:00,2026-04-16 10:10:00+00:00,2026-04-16 10:15:00+00:00,SHORT,SHORT,-4.25,"['delta_strong_negative', 'cvd_strong_negative', 'aggressive_sellers', 'below_vwap']",74516.0,74422.855,20.645211932779535,PARTIAL+TRAIL,2,5.0,1.3870846529604068,0.0005367974663472048,0.5000000000000219,dynamic_structure,trailing_stop,18.134969760113936,3.993317201470308,-3.427001456468352,-2.0706749680832823,DOWN,SELL,0.553688503885376,False,74794.12196849883,-0.0024433733914586806,NONE,0.0,74422.855,0.5,True,50.0,True,True,74514.1
2026-04-16 13:50:00+00:00,2026-04-16 13:50:00+00:00,2026-04-16 13:55:00+00:00,2026-04-16 13:55:00+00:00,SHORT,SHORT,-4.25,"['delta_strong_negative', 'cvd_strong_negative', 'aggressive_sellers', 'below_vwap']",73377.7,73561.14425,-41.39364992522127,LOSS,1,1.0,0.6590558166854191,2.100365642422714,-1.0000000000000027,dynamic_structure,stop_loss,18.134969760113936,4.191646793651121,-4.194701997437587,-4.112682477930617,DOWN,SELL,0.5044264266566197,False,74593.51782079715,-0.012795723951427335,NONE,0.0,73285.977875,0.5,False,50.0,False,False,73333.0
2026-04-16 18:50:00+00:00,2026-04-16 18:50:00+00:00,2026-04-16 18:55:00+00:00,2026-04-16 18:55:00+00:00,LONG,LONG,4.25,"['delta_strong_positive', 'cvd_strong_positive', 'aggressive_buyers', 'above_vwap']",74849.9,74849.9,0.0,LOSS,1,1.0,1.1457597137738795,0.0,0.0,dynamic_structure,trailing_stop,18.134969760113936,3.792244633571854,3.8725665942433722,3.6784240581604437,UP,BUY,2.092152710137989,False,74390.88621954198,0.0061037242601638345,NONE,0.0,74943.46237499999,0.5,False,50.0,True,True,74880.0
2026-04-16 23:30:00+00:00,2026-04-16 23:30:00+00:00,2026-04-16 23:35:00+00:00,2026-04-17 00:10:00+00:00,SHORT,SHORT,-3.75,"['delta_strong_negative', 'cvd_strong_negative', 'aggressive_sellers']",75006.6,74912.84175,20.593340837797296,PARTIAL+TRAIL,8,35.0,0.5684833068023657,0.7599331258849221,0.4999999999999944,dynamic_structure,trailing_stop,18.134969760113936,0.6295005036470674,-2.1151385873572623,-2.011645837182241,DOWN,SELL,0.4498431349572017,False,74493.40067054002,-0.0012618102659337454,NONE,0.0,74912.84175,0.5,True,50.0,False,True,74964.6
2026-04-17 07:05:00+00:00,2026-04-17 07:05:00+00:00,2026-04-17 07:10:00+00:00,2026-04-17 09:30:00+00:00,LONG,LONG,4.25,"['delta_strong_positive', 'cvd_strong_positive', 'aggressive_buyers', 'above_vwap']",75049.9,75688.0,80.53416355934556,PARTIAL+TRAIL,29,140.0,6.9292564014076286,0.812259576628319,1.9504686215437996,dynamic_structure,trailing_stop,18.134969760113936,2.764143125263527,2.7585446906336997,2.8139939583798297,UP,BUY,2.072008841963886,False,74738.86239006225,0.004296219303645589,NONE,0.0,75143.71237499999,0.5,True,50.0,True,True,75060.4
2026-04-17 13:00:00+00:00,2026-04-17 13:00:00+00:00,2026-04-17 13:05:00+00:00,2026-04-17 13:05:00+00:00,LONG,LONG,3.5,"['delta_strong_positive', 'cvd_strong_positive', 'above_vwap']",76139.9,76139.9,0.0,LOSS,1,1.0,2.6745503999874223,0.3729976004696618,0.0,dynamic_structure,trailing_stop,18.134969760113936,2.7678747997583937,2.681920597905135,3.3096127939962847,UP,BUY,1.3722191509826864,False,75430.00803515392,0.005508459853857316,NONE,0.0,76350.0,1.1037576881503959,False,50.0,True,True,76350.0
2026-04-17 16:20:00+00:00,2026-04-17 16:20:00+00:00,2026-04-17 16:25:00+00:00,2026-04-17 16:45:00+00:00,LONG,LONG,4.25,"['delta_strong_positive', 'cvd_strong_positive', 'aggressive_buyers', 'above_vwap']",78103.2,77907.942,-41.692319197581114,LOSS,5,20.0,0.6493972077968785,1.1425908285447524,-1.0000000000000084,dynamic_structure,stop_loss,18.134969760113936,3.517493028990294,3.7907879895326975,2.4829779704263992,UP,BUY,2.2194469712596843,False,76365.11626560273,0.013111609231571597,NONE,0.0,78300.0,1.007897243646882,False,50.0,False,False,78300.0
2026-04-17 22:15:00+00:00,2026-04-17 22:15:00+00:00,2026-04-17 22:20:00+00:00,2026-04-17 23:05:00+00:00,SHORT,SHORT,-3.75,"['delta_strong_negative', 'cvd_strong_negative', 'aggressive_sellers']",77316.8,77220.15400000001,20.74192880079501,PARTIAL+TRAIL,10,45.0,0.8055170415743905,0.6409991101545547,0.49999999999996564,dynamic_structure,trailing_stop,18.134969760113936,3.0641006014536587,-2.3369727874053585,-2.2322796374662484,DOWN,SELL,0.6335641689196027,False,76533.1293371448,0.0005127773848176617,NONE,0.0,77220.15400000001,0.5,True,50.0,False,True,77236.6
2026-04-18 04:35:00+00:00,2026-04-18 04:35:00+00:00,2026-04-18 04:40:00+00:00,2026-04-18 05:00:00+00:00,LONG,LONG,4.25,"['delta_strong_positive', 'cvd_strong_positive', 'aggressive_buyers', 'big_trade_buy']",77004.5,77100.755625,20.79378362279955,PARTIAL+TRAIL,5,20.0,0.7469693329610758,0.3620567629164378,0.5000000000000272,dynamic_structure,trailing_stop,18.134969760113936,2.2243837533843807,3.836085184804595,2.7268847933412896,UP,BUY,8.990193730186686,True,77108.02785645892,-0.0014110168945378344,NONE,0.0,77100.755625,0.5,True,50.0,False,True,77054.5
2026-04-18 07:50:00+00:00,2026-04-18 07:50:00+00:00,2026-04-18 07:55:00+00:00,2026-04-18 08:15:00+00:00,SHORT,SHORT,-4.25,"['delta_strong_negative', 'cvd_strong_negative', 'aggressive_sellers', 'below_vwap']",76905.2,76809.0685,20.845768081856097,PARTIAL+TRAIL,5,20.0,1.5874089138315592,0.5149196673306876,0.5000000000000163,dynamic_structure,trailing_stop,18.134969760113936,3.120187513693405,-2.8349909125939714,-3.0389978523438272,DOWN,SELL,0.5438708978106347,False,77083.10025248145,-0.0014864154113829289,NONE,0.0,76809.0685,0.5,True,50.0,True,True,76824.1
2026-04-18 16:15:00+00:00,2026-04-18 16:15:00+00:00,2026-04-18 16:20:00+00:00,2026-04-18 16:55:00+00:00,SHORT,SHORT,-4.75,"['delta_strong_negative', 'cvd_strong_negative', 'aggressive_sellers', 'big_trade_sell', 'below_vwap']",75932.3,75837.384625,20.89788250205936,PARTIAL+TRAIL,8,35.0,0.6595348751453444,0.848650705957761,0.49999999999998335,dynamic_structure,trailing_stop,18.134969760113936,4.151141035702818,-4.120942385702285,-3.4275659635710225,DOWN,SELL,0.470295718409782,True,76448.9022256659,-0.0014322715670292599,NONE,0.0,75837.384625,0.5,True,50.0,False,True,75931.9
2026-04-18 18:15:00+00:00,2026-04-18 18:15:00+00:00,2026-04-18 18:20:00+00:00,2026-04-18 18:40:00+00:00,SHORT,SHORT,-4.25,"['delta_strong_negative', 'cvd_strong_negative', 'aggressive_sellers', 'below_vwap']",75576.3,75481.829625,20.950127208316182,PARTIAL+TRAIL,5,20.0,0.9547966756774742,0.4197082947961353,0.5000000000000234,dynamic_structure,trailing_stop,18.134969760113936,2.9869899200902448,-3.6199773515573006,-3.569371714939128,DOWN,SELL,0.3241580739378096,False,76386.99488730919,-0.004828807206367771,NONE,0.0,75481.829625,0.5,True,50.0,False,True,75550.0
2026-04-18 21:10:00+00:00,2026-04-18 21:10:00+00:00,2026-04-18 21:15:00+00:00,2026-04-18 21:20:00+00:00,SHORT,SHORT,-4.25,"['delta_strong_negative', 'cvd_strong_negative', 'aggressive_sellers', 'below_vwap']",75676.7,75582.104125,21.00250252633579,PARTIAL+TRAIL,2,5.0,0.664405292514061,0.16438348923780147,0.4999999999999951,dynamic_structure,trailing_stop,18.134969760113936,1.2697286165094568,-2.5118262755040686,-2.299842774712738,DOWN,SELL,0.3695882102015415,False,76303.55289696323,0.00042263222777006983,NONE,0.0,75582.104125,0.5,True,50.0,False,True,75629.3
2026-04-19 00:20:00+00:00,2026-04-19 00:20:00+00:00,2026-04-19 00:25:00+00:00,2026-04-19 01:00:00+00:00,SHORT,SHORT,-3.5,"['delta_strong_negative', 'cvd_strong_negative', 'below_vwap']",75553.3,75742.18325,-42.11001756530344,LOSS,8,35.0,0.2498898128870458,1.0821499524176663,-0.9999999999999944,dynamic_structure,stop_loss,18.134969760113936,3.753450044295525,-2.7817100807325326,-2.01926468936553,DOWN,SELL,0.6998844297800637,False,75640.14603858885,-0.0019485329365054632,NONE,0.0,75458.858375,0.5,False,50.0,False,False,75551.0
2026-04-19 01:30:00+00:00,2026-04-19 01:30:00+00:00,2026-04-19 01:35:00+00:00,2026-04-19 02:30:00+00:00,SHORT,SHORT,-4.25,"['delta_strong_negative', 'cvd_strong_negative', 'aggressive_sellers', 'below_vwap']",75490.0,75395.6375,20.949733738739226,PARTIAL+TRAIL,12,55.0,0.7259239634388661,0.84779440985561,0.5000000000000154,dynamic_structure,trailing_stop,18.134969760113936,2.1449904308553895,-2.6153814230173156,-2.1469400775119114,DOWN,SELL,0.5083992935173677,False,75588.02756686274,-0.0021606322355919145,NONE,0.0,75395.6375,0.5,True,50.0,False,True,75408.5
2026-04-19 07:15:00+00:00,2026-04-19 07:15:00+00:00,2026-04-19 07:20:00+00:00,2026-04-19 07:20:00+00:00,SHORT,SHORT,-4.25,"['delta_strong_negative', 'cvd_strong_negative', 'aggressive_sellers', 'below_vwap']",75072.0,75072.0,0.0,LOSS,1,1.0,1.3197996589940169,0.14865728900252653,0.0,dynamic_structure,trailing_stop,18.134969760113936,2.3421707224863173,-2.4083836984062708,-2.4831953241441056,DOWN,SELL,0.45978927109555323,False,75479.16102851537,-0.004889695356641473,NONE,0.0,74978.16,0.5,False,50.0,True,True,75057.0
2026-04-19 11:05:00+00:00,2026-04-19 11:05:00+00:00,2026-04-19 11:10:00+00:00,2026-04-19 11:20:00+00:00,LONG,LONG,4.75,"['delta_strong_positive', 'cvd_strong_positive', 'aggressive_buyers', 'big_trade_buy', 'above_vwap']",75395.7,75489.944625,21.0021080730869,PARTIAL+TRAIL,3,10.0,0.6254998627243131,0.6636983276234123,0.5000000000000352,dynamic_structure,trailing_stop,18.134969760113936,3.489322246605698,3.7109376127049702,3.126431962129551,UP,BUY,2.5131490958236844,True,75311.8631070382,0.004245116095552323,NONE,0.0,75489.944625,0.5,True,50.0,False,True,75400.0
2026-04-19 13:05:00+00:00,2026-04-19 13:05:00+00:00,2026-04-19 13:10:00+00:00,2026-04-19 13:15:00+00:00,LONG,LONG,4.25,"['delta_strong_positive', 'cvd_strong_positive', 'aggressive_buyers', 'above_vwap']",75729.7,75729.7,0.0,LOSS,2,5.0,1.6653967994063248,0.5963314261115212,0.0,dynamic_structure,trailing_stop,18.134969760113936,2.541316589910462,3.3153924064247304,2.3617429210306464,UP,BUY,3.129460007339083,False,75357.17404355112,0.005032608223356746,NONE,0.0,75824.362125,0.5,False,50.0,True,True,75741.1
2026-04-19 17:00:00+00:00,2026-04-19 17:00:00+00:00,2026-04-19 17:05:00+00:00,2026-04-19 17:10:00+00:00,SHORT,SHORT,-4.75,"['delta_strong_negative', 'cvd_strong_negative', 'aggressive_sellers', 'big_trade_sell', 'below_vwap']",75107.6,75013.7155,21.05461334326817,PARTIAL+TRAIL,2,5.0,0.898444365150859,0.61831292705394,0.5000000000000006,dynamic_structure,trailing_stop,18.134969760113936,2.8614764654147415,-3.2160187157737257,-2.872029846580281,DOWN,SELL,0.502908930735622,True,75502.48355569929,-0.008437486937508568,NONE,0.0,75013.7155,0.5,True,50.0,False,True,75080.0
2026-04-19 22:00:00+00:00,2026-04-19 22:00:00+00:00,2026-04-19 22:05:00+00:00,2026-04-19 22:05:00+00:00,SHORT,SHORT,-3.5,"['delta_strong_negative', 'cvd_strong_negative', 'below_vwap']",73840.4,74025.00099999999,-42.214499753251516,LOSS,1,1.0,0.4068233649871413,1.7237176396661538,-0.9999999999999736,dynamic_structure,stop_loss,18.134969760113936,4.113380921493732,-3.330087002207844,-3.110997420061054,DOWN,SELL,0.7264325758993229,False,75229.88434203599,-0.008341935080331554,NONE,0.0,73748.0995,0.5,False,50.0,False,False,73750.1
2026-04-20 00:00:00+00:00,2026-04-20 00:00:00+00:00,2026-04-20 00:05:00+00:00,2026-04-20 00:05:00+00:00,LONG,LONG,4.25,"['delta_strong_positive', 'cvd_strong_positive', 'aggressive_buyers', 'above_vwap']",74029.1,73844.02725,-42.003427254487875,LOSS,1,1.0,0.29826108922030437,1.408094924833644,-1.000000000000036,dynamic_structure,stop_loss,18.134969760113936,3.9507495662113907,3.5243542496267986,2.949761170391782,UP,BUY,1.8550492621415933,False,73966.03333333334,-0.0012189812214546524,NONE,0.0,74143.1,0.6159739886071828,False,50.0,False,False,74143.1
2026-04-20 06:40:00+00:00,2026-04-20 06:40:00+00:00,2026-04-20 06:45:00+00:00,2026-04-20 07:35:00+00:00,LONG,LONG,4.25,"['delta_strong_positive', 'cvd_strong_positive', 'aggressive_buyers', 'above_vwap']",74740.0,74860.8,26.930300124340476,PARTIAL+TRAIL,11,50.0,4.277762911426294,0.6845062884666534,0.6443671394166521,dynamic_structure,trailing_stop,18.134969760113936,3.691732395898878,3.0985859798591195,2.4362552303649063,UP,BUY,1.71022560940707,False,74318.38860229962,0.004377851931780082,NONE,0.0,74860.0,0.6422263848006422,True,50.0,True,True,74860.0
2026-04-20 12:20:00+00:00,2026-04-20 12:20:00+00:00,2026-04-20 12:25:00+00:00,2026-04-20 12:35:00+00:00,LONG,LONG,4.25,"['delta_strong_positive', 'cvd_strong_positive', 'aggressive_buyers', 'above_vwap']",75472.6,75283.9185,-41.92806161883698,LOSS,3,10.0,0.14521826464170667,1.7139995177058094,-1.000000000000032,dynamic_structure,stop_loss,18.134969760113936,3.9201514901091405,3.7246466952110233,3.4166091648508736,UP,BUY,1.899926524854727,False,74710.43487681728,0.005051678763567336,NONE,0.0,75633.0,0.8501098411873669,False,50.0,False,False,75633.0
2026-04-20 14:50:00+00:00,2026-04-20 14:50:00+00:00,2026-04-20 14:55:00+00:00,2026-04-20 15:00:00+00:00,SHORT,SHORT,-3.75,"['delta_strong_negative', 'cvd_strong_negative', 'aggressive_sellers']",74982.8,74889.0715,20.859210655370156,PARTIAL+TRAIL,2,5.0,1.8313533236955828,0.3360770736755629,0.4999999999999863,dynamic_structure,trailing_stop,18.134969760113936,2.7713966555039065,-2.891442243046255,-2.954505567766691,DOWN,SELL,0.5741082742146971,False,74843.71221579451,-0.003281811995900959,NONE,0.0,74889.0715,0.5,True,50.0,True,True,74939.1
2026-04-20 15:25:00+00:00,2026-04-20 15:25:00+00:00,2026-04-20 15:30:00+00:00,2026-04-20 15:30:00+00:00,LONG,LONG,4.75,"['delta_strong_positive', 'cvd_strong_positive', 'aggressive_buyers', 'big_trade_buy', 'above_vwap']",75708.1,75518.82975,-41.82271736401861,LOSS,1,1.0,0.0,1.2638013633944671,-1.0000000000000073,dynamic_structure,stop_loss,18.134969760113936,2.3591584108746986,2.4002916852820597,2.009830767403209,UP,BUY,1.6269256862008625,True,74876.8044003927,0.006474734552270306,NONE,0.0,75802.735125,0.5,False,50.0,False,False,75734.0
2026-04-20 17:15:00+00:00,2026-04-20 17:15:00+00:00,2026-04-20 17:20:00+00:00,2026-04-20 17:30:00+00:00,LONG,LONG,4.25,"['delta_strong_positive', 'cvd_strong_positive', 'aggressive_buyers', 'above_vwap']",75811.8,75622.2705,-41.613603777199124,LOSS,3,10.0,0.009497202282509637,1.365486639283082,-1.000000000000022,dynamic_structure,stop_loss,18.134969760113936,2.6803205134036543,2.743703606959276,2.556111060939137,UP,BUY,2.202653215813949,False,74947.40783793999,0.006812343930413366,NONE,0.0,75906.56475,0.5,False,50.0,False,False,75839.0
2026-04-20 18:00:00+00:00,2026-04-20 18:00:00+00:00,2026-04-20 18:05:00+00:00,2026-04-20 18:05:00+00:00,LONG,LONG,4.25,"['delta_strong_positive', 'cvd_strong_positive', 'aggressive_buyers', 'above_vwap']",76039.3,76039.3,0.0,LOSS,1,1.0,1.279338447355497,0.0794326091902783,0.0,dynamic_structure,trailing_stop,18.134969760113936,3.9700156035564524,3.6562836191503783,2.551429037799566,UP,BUY,1.7210207097147912,False,75013.72018570073,0.007771895805531643,NONE,0.0,76277.6,1.2535623026514073,False,50.0,True,True,76277.6
2026-04-21 01:05:00+00:00,2026-04-21 01:05:00+00:00,2026-04-21 01:10:00+00:00,2026-04-21 01:50:00+00:00,LONG,LONG,4.25,"['delta_strong_positive', 'cvd_strong_positive', 'aggressive_buyers', 'above_vwap']",76125.7,75935.38575,-41.4055357583113,LOSS,9,40.0,0.3399640331714367,1.7187362480738635,-0.999999999999978,dynamic_structure,stop_loss,18.134969760113936,2.4871925078798616,2.206467845389472,2.3775934853846588,UP,BUY,1.6297912188477661,False,75917.43593342061,0.0033415872682233567,NONE,0.0,76232.3,0.5601262123041539,False,50.0,False,False,76232.3
2026-04-21 05:25:00+00:00,2026-04-21 05:25:00+00:00,2026-04-21 05:30:00+00:00,2026-04-21 06:30:00+00:00,SHORT,SHORT,-3.75,"['delta_strong_negative', 'cvd_strong_negative', 'aggressive_sellers']",75859.6,75760.0,21.63666249081459,LOSS,13,60.0,1.0614345448697482,0.9159025357370567,0.5251807286091981,dynamic_structure,trailing_stop,18.134969760113936,3.6570853326129846,-3.7549202271862874,-3.0779004270612513,DOWN,SELL,0.24468376936753872,False,75773.54288841835,0.0020862318074497187,NONE,0.0,75558.8,1.5860879835907538,False,50.0,True,True,75558.8
2026-04-21 08:45:00+00:00,2026-04-21 08:45:00+00:00,2026-04-21 08:50:00+00:00,2026-04-21 08:55:00+00:00,LONG,LONG,4.75,"['delta_strong_positive', 'cvd_strong_positive', 'aggressive_buyers', 'big_trade_buy', 'above_vwap']",76618.8,76427.253,-41.306691391976,LOSS,2,5.0,0.03027977467672639,1.1213957931995953,-1.0000000000000309,dynamic_structure,stop_loss,18.134969760113936,4.132529707297429,4.058304952868385,3.7066256175016505,UP,BUY,2.1859868788171997,True,75996.43401190985,0.005763389612266294,NONE,0.0,76999.0,1.984891436566467,False,50.0,False,False,76999.0
2026-04-21 10:45:00+00:00,2026-04-21 10:45:00+00:00,2026-04-21 10:50:00+00:00,2026-04-21 11:10:00+00:00,LONG,LONG,4.25,"['delta_strong_positive', 'cvd_strong_positive', 'aggressive_buyers', 'above_vwap']",76685.8,76494.0855,-41.10015793501525,LOSS,5,20.0,0.8277934115572744,2.1109514408143206,-1.0000000000000098,dynamic_structure,stop_loss,18.21068570932045,2.6848123674064297,3.42540739455045,2.058915655960123,UP,BUY,2.364873173815524,False,76089.0331104055,0.004268264853983592,NONE,0.0,76999.0,1.6336792470052972,False,50.0,False,False,76999.0
2026-04-21 12:40:00+00:00,2026-04-21 12:40:00+00:00,2026-04-21 12:45:00+00:00,2026-04-21 12:55:00+00:00,SHORT,SHORT,-4.25,"['delta_strong_negative', 'cvd_strong_negative', 'aggressive_sellers', 'below_vwap']",75783.4,75972.85849999999,-40.89465714533835,LOSS,3,10.0,0.49562305201399875,1.2752133052885242,-0.999999999999965,dynamic_structure,stop_loss,18.619632280773832,3.8930272445680543,-3.601821899998926,-3.309404550485881,DOWN,SELL,0.6349615043962865,False,76143.7305439589,-0.007716545706681186,NONE,0.0,75631.2,0.8033421567256,False,50.0,False,False,75631.2
2026-04-21 14:45:00+00:00,2026-04-21 14:45:00+00:00,2026-04-21 14:50:00+00:00,2026-04-21 15:15:00+00:00,SHORT,SHORT,-3.75,"['delta_strong_negative', 'cvd_strong_negative', 'aggressive_sellers']",76184.9,75818.1,74.48527255481791,PARTIAL+TRAIL,6,25.0,4.3562438225947515,0.3249987858486852,1.8305464731199712,dynamic_structure,trailing_stop,18.619632280773832,1.2956261159732598,-3.121677683950835,-2.482104425035376,DOWN,SELL,0.2178576830026546,False,76116.45693372413,0.0005009876212787908,NONE,0.0,75854.4,1.7352519987556592,True,50.0,True,True,75854.4
2026-04-21 17:15:00+00:00,2026-04-21 17:15:00+00:00,2026-04-21 17:20:00+00:00,2026-04-21 17:20:00+00:00,SHORT,SHORT,-4.25,"['delta_strong_negative', 'cvd_strong_negative', 'aggressive_sellers', 'below_vwap']",75064.5,75252.16125,-41.0626102223882,LOSS,1,1.0,0.24885265338474027,1.471268042816542,-1.0000000000000249,dynamic_structure,stop_loss,18.619632280773832,3.6188249778825847,-3.626793236507143,-3.180630001859989,DOWN,SELL,0.6198961399863351,False,76024.27587449999,-0.010521666523696469,NONE,0.0,74970.669375,0.5,False,50.0,False,False,75047.5
2026-04-21 19:35:00+00:00,2026-04-21 19:35:00+00:00,2026-04-21 19:40:00+00:00,2026-04-21 19:40:00+00:00,SHORT,SHORT,-4.25,"['delta_strong_negative', 'cvd_strong_negative', 'aggressive_sellers', 'below_vwap']",75216.4,75216.4,0.0,LOSS,1,1.0,2.331938247509852,0.02658994580969044,0.0,dynamic_structure,trailing_stop,18.619632280773832,3.7013404343478644,-3.737921619957377,-2.3379353611595755,DOWN,SELL,0.5593344301722768,False,75949.28509380257,-0.00466858103789164,NONE,0.0,75017.8,1.0561526475608578,False,50.0,True,True,75017.8
2026-04-21 22:15:00+00:00,2026-04-21 22:15:00+00:00,2026-04-21 22:20:00+00:00,2026-04-21 22:40:00+00:00,SHORT,SHORT,-4.25,"['delta_strong_negative', 'cvd_strong_negative', 'aggressive_sellers', 'below_vwap']",75268.3,75456.47075000001,-40.85729717127627,LOSS,5,20.0,0.09725209683228084,1.2791573610669942,-1.0000000000000253,dynamic_structure,stop_loss,18.693978629162295,3.891389193986281,-3.8923130613393933,-3.1854118631792434,DOWN,SELL,0.24146692976766573,False,75860.09414381375,-0.0010571320505414243,NONE,0.0,74777.9,2.6061436222155074,False,50.0,False,False,74777.9
2026-04-21 23:40:00+00:00,2026-04-21 23:40:00+00:00,2026-04-21 23:45:00+00:00,2026-04-21 23:45:00+00:00,LONG,LONG,4.25,"['delta_strong_positive', 'cvd_strong_positive', 'aggressive_buyers', 'above_vwap']",76040.6,76040.6,0.0,LOSS,1,1.0,1.7701070217752095,0.03524433000271771,0.0,dynamic_structure,trailing_stop,18.693978629162295,3.4012026414596073,2.8293431662198643,2.157956987805087,UP,BUY,2.241357391543029,False,75856.11218246506,0.007776456794880443,NONE,0.0,76135.65075,0.5,False,50.0,True,True,76110.4
2026-04-22 02:10:00+00:00,2026-04-22 02:10:00+00:00,2026-04-22 02:15:00+00:00,2026-04-22 02:15:00+00:00,LONG,LONG,4.25,"['delta_strong_positive', 'cvd_strong_positive', 'aggressive_buyers', 'above_vwap']",76696.4,76696.4,0.0,LOSS,1,1.0,2.2999775739148123,0.0005215368647877546,0.0,dynamic_structure,trailing_stop,18.693978629162295,4.132941286347469,4.062539357128904,3.3567404156956187,UP,BUY,1.6222550121338373,False,76367.90607864442,0.006966256889689366,NONE,0.0,76850.0,0.801080624383965,False,50.0,True,True,76850.0
2026-04-22 05:15:00+00:00,2026-04-22 05:15:00+00:00,2026-04-22 05:20:00+00:00,2026-04-22 05:20:00+00:00,LONG,LONG,4.25,"['delta_strong_positive', 'cvd_strong_positive', 'aggressive_buyers', 'above_vwap']",77893.5,77893.5,0.0,LOSS,1,1.0,2.8449100374228915,0.2470039220217647,0.0,dynamic_structure,trailing_stop,18.693978629162295,4.214369355786169,4.160008179545019,3.969346379118327,UP,BUY,1.9039109897539004,False,77124.46274290851,0.008261272142365573,NONE,0.0,77992.2,0.506845885728576,False,50.0,True,True,77992.2
2026-04-22 07:20:00+00:00,2026-04-22 07:20:00+00:00,2026-04-22 07:25:00+00:00,2026-04-22 07:45:00+00:00,SHORT,SHORT,-3.75,"['delta_strong_negative', 'cvd_strong_negative', 'aggressive_sellers']",77845.6,78040.214,-40.65301068541914,LOSS,5,20.0,0.2682232521813006,1.2044354465762697,-1.0000000000000069,dynamic_structure,stop_loss,19.10050873601648,1.1017813946169464,-2.092944367612681,-2.017295255978548,DOWN,SELL,0.4943263130613119,False,77475.05245476044,-0.001126725830329887,NONE,0.0,77405.1,2.2634548388091296,False,50.0,False,False,77405.1
2026-04-22 13:30:00+00:00,2026-04-22 13:30:00+00:00,2026-04-22 13:35:00+00:00,2026-04-22 13:40:00+00:00,LONG,LONG,4.25,"['delta_strong_positive', 'cvd_strong_positive', 'aggressive_buyers', 'above_vwap']",78397.5,78397.5,0.0,LOSS,2,5.0,1.058707229184604,0.8398226984279132,0.0,dynamic_structure,trailing_stop,19.10050873601648,3.827277660655175,3.411276573732387,2.2588684080825923,UP,BUY,1.5041432060180726,False,77670.6255943088,0.0020306318071056017,NONE,0.0,78495.496875,0.5,False,50.0,True,True,78490.8
2026-04-22 14:10:00+00:00,2026-04-22 14:10:00+00:00,2026-04-22 14:15:00+00:00,2026-04-22 14:15:00+00:00,LONG,LONG,4.25,"['delta_strong_positive', 'cvd_strong_positive', 'aggressive_buyers', 'above_vwap']",79018.0,78820.455,-40.449745631991405,LOSS,1,1.0,0.0976992583968357,1.498392771267306,-0.9999999999999912,dynamic_structure,stop_loss,19.505006192336396,2.1756662274132683,3.4425815837029847,2.34057836082365,UP,BUY,2.463620767771349,False,77784.72631941436,0.00726327118069621,NONE,0.0,79116.7725,0.5,False,50.0,False,False,79052.9
2026-04-23 00:10:00+00:00,2026-04-23 00:10:00+00:00,2026-04-23 00:15:00+00:00,2026-04-23 00:15:00+00:00,SHORT,SHORT,-4.25,"['delta_strong_negative', 'cvd_strong_negative', 'aggressive_sellers', 'below_vwap']",77839.1,77839.1,0.0,LOSS,1,1.0,1.6048489769280625,2.861800817326994,0.0,dynamic_structure,trailing_stop,19.505006192336396,3.797116564423778,-3.520474688403825,-2.259052777679709,DOWN,SELL,0.608236754271553,False,78018.37131243516,-0.006928428979102962,NONE,0.0,77741.80112500001,0.5,False,50.0,True,True,77839.0
2026-04-23 06:20:00+00:00,2026-04-23 06:20:00+00:00,2026-04-23 06:25:00+00:00,2026-04-23 06:45:00+00:00,LONG,LONG,4.25,"['delta_strong_positive', 'cvd_strong_positive', 'aggressive_buyers', 'above_vwap']",78262.6,78066.94350000001,-40.24749690383125,LOSS,5,20.0,0.1911513289872515,1.073820701075639,-0.9999999999999862,dynamic_structure,stop_loss,19.907481161374708,2.2873106006763226,3.6045262007683068,2.727364943224447,UP,BUY,3.51259993189226,False,77991.40173431335,0.005367528443176226,NONE,0.0,78360.42825000001,0.5,False,50.0,False,False,78310.1
2026-04-23 10:05:00+00:00,2026-04-23 10:05:00+00:00,2026-04-23 10:10:00+00:00,2026-04-23 11:00:00+00:00,SHORT,SHORT,-4.75,"['delta_strong_negative', 'cvd_strong_negative', 'aggressive_sellers', 'big_trade_sell', 'below_vwap']",77263.3,77456.45825,-40.04625941931123,LOSS,11,50.0,0.758963181743497,1.0183360016980745,-0.9999999999999645,dynamic_structure,stop_loss,20.307943755567823,4.1828054934910455,-4.195155137074735,-4.086343870020746,DOWN,SELL,0.39262073175236734,True,77825.04618989697,-0.004660854897033351,NONE,0.0,76504.6,3.927867435121187,False,50.0,False,False,76504.6
2026-04-23 14:25:00+00:00,2026-04-23 14:25:00+00:00,2026-04-23 14:30:00+00:00,2026-04-23 14:35:00+00:00,LONG,LONG,3.75,"['delta_strong_positive', 'cvd_strong_positive', 'aggressive_buyers']",77690.4,77829.0,28.434192629922784,PARTIAL+TRAIL,2,5.0,1.295398144429715,0.0,0.7136016805165417,dynamic_structure,trailing_stop,20.307943755567823,3.6912220169986187,2.40332704360819,2.367214718205455,UP,BUY,1.530127790245802,False,77733.43218442777,0.001382461531387063,NONE,0.0,77829.0,0.7136016805165417,True,50.0,True,True,77829.0
2026-04-23 15:45:00+00:00,2026-04-23 15:45:00+00:00,2026-04-23 15:50:00+00:00,2026-04-23 15:55:00+00:00,SHORT,SHORT,-3.75,"['delta_strong_negative', 'cvd_strong_negative', 'aggressive_sellers']",78331.6,78233.6855,19.994099542682637,PARTIAL+TRAIL,2,5.0,0.5601826082960728,0.28034662894665335,0.49999999999999456,dynamic_structure,trailing_stop,20.307943755567823,0.584665470526868,-2.1115761857008324,-3.2256755389125678,DOWN,SELL,0.5019278290695565,False,77798.80805208052,0.005582810386373212,NONE,0.0,78233.6855,0.5,True,50.0,False,True,78258.7
2026-04-23 17:05:00+00:00,2026-04-23 17:05:00+00:00,2026-04-23 17:10:00+00:00,2026-04-23 17:10:00+00:00,SHORT,SHORT,-4.25,"['delta_strong_negative', 'cvd_strong_negative', 'aggressive_sellers', 'below_vwap']",77684.1,77878.31025000001,-40.088169583079875,LOSS,1,1.0,0.32181617602572465,1.004581375081857,-1.0000000000000189,dynamic_structure,stop_loss,20.307943755567823,2.2464975081856013,-2.716913547221257,-2.0514426059168995,DOWN,SELL,0.47171943595262117,False,77822.9334134928,-0.004277191395230785,NONE,0.0,77434.3,1.2862348923396312,False,50.0,False,False,77434.3
2026-04-24 01:00:00+00:00,2026-04-24 01:00:00+00:00,2026-04-24 01:05:00+00:00,2026-04-24 01:05:00+00:00,SHORT,SHORT,-4.25,"['delta_strong_negative', 'cvd_strong_negative', 'aggressive_sellers', 'below_vwap']",78199.5,78199.5,0.0,LOSS,1,1.0,1.0025639550125,0.000511512221974927,0.0,dynamic_structure,trailing_stop,20.307943755567823,2.4447968721081947,-2.732207874896952,-3.117424163328789,DOWN,SELL,0.4300925059166343,False,78313.56171183487,0.0006169999430108588,NONE,0.0,78101.750625,0.5,False,50.0,True,True,78120.0
2026-04-24 05:55:00+00:00,2026-04-24 05:55:00+00:00,2026-04-24 06:00:00+00:00,2026-04-24 06:35:00+00:00,LONG,LONG,3.75,"['delta_strong_positive', 'cvd_strong_positive', 'aggressive_buyers']",77911.1,77716.32225000001,-39.887728735162455,LOSS,8,35.0,0.17404451997209217,1.0632631293872417,-0.9999999999999682,dynamic_structure,stop_loss,20.62341981702419,4.134765582317112,4.062922279803668,3.9153304183668314,UP,BUY,2.4848456184941767,False,77941.6632111786,0.0008273689894577961,NONE,0.0,78134.0,1.1443812242414453,False,50.0,False,False,78134.0
2026-04-24 08:20:00+00:00,2026-04-24 08:20:00+00:00,2026-04-24 08:25:00+00:00,2026-04-24 09:00:00+00:00,LONG,LONG,3.75,"['delta_strong_positive', 'cvd_strong_positive', 'aggressive_buyers']",77875.2,77680.512,-39.68829009148682,LOSS,8,35.0,0.02465483234715499,1.2070595003287312,-0.9999999999999726,dynamic_structure,stop_loss,21.020302717939057,3.4356413851948377,2.9833336727555175,2.6660547519174296,UP,BUY,1.7448887818498604,False,77895.88570131402,0.002003077791725073,NONE,0.0,77972.544,0.5,False,50.0,False,False,77875.9
2026-04-24 11:05:00+00:00,2026-04-24 11:05:00+00:00,2026-04-24 11:10:00+00:00,2026-04-24 11:20:00+00:00,LONG,LONG,4.25,"['delta_strong_positive', 'cvd_strong_positive', 'aggressive_buyers', 'above_vwap']",78081.1,78081.1,0.0,LOSS,3,10.0,1.0701693495608755,0.08247834623234468,0.0,dynamic_structure,trailing_stop,21.020302717939057,3.007615957452539,3.83253900538112,3.4983780828369277,UP,BUY,1.612141207580902,False,77848.48667348978,0.004759162887677561,NONE,0.0,78278.7,1.012280820838801,False,50.0,True,True,78278.7
2026-04-24 18:15:00+00:00,2026-04-24 18:15:00+00:00,2026-04-24 18:20:00+00:00,2026-04-24 18:30:00+00:00,SHORT,SHORT,-4.25,"['delta_strong_negative', 'cvd_strong_negative', 'aggressive_sellers', 'below_vwap']",77375.9,77569.33975,-39.48984864103149,LOSS,3,10.0,0.0454922010599598,1.0302949626434221,-1.000000000000026,dynamic_structure,stop_loss,21.41520120434937,1.6389836124023804,-2.401455450690056,-3.313221658568588,DOWN,SELL,0.6129520803483052,False,77877.68713209323,-0.004596399537347941,NONE,0.0,77279.180125,0.5,False,50.0,False,False,77308.0
2026-04-24 22:35:00+00:00,2026-04-24 22:35:00+00:00,2026-04-24 22:40:00+00:00,2026-04-25 00:00:00+00:00,SHORT,SHORT,-4.25,"['delta_strong_negative', 'cvd_strong_negative', 'aggressive_sellers', 'below_vwap']",77261.7,77454.85425,-39.29239939782671,LOSS,17,80.0,0.1615289334819042,1.0250874624814106,-1.0000000000000355,dynamic_structure,stop_loss,21.808125198327634,3.8553007102807575,-3.808433289387101,-3.0233501556255664,DOWN,SELL,0.3473288714238768,False,77844.52747870688,-0.0035383396501102835,NONE,0.0,77165.122875,0.5,False,50.0,False,False,77206.8
2026-04-25 07:25:00+00:00,2026-04-25 07:25:00+00:00,2026-04-25 07:30:00+00:00,2026-04-25 08:40:00+00:00,LONG,LONG,4.25,"['delta_strong_positive', 'cvd_strong_positive', 'aggressive_buyers', 'above_vwap']",77500.2,77597.07525,19.547968700417552,PARTIAL+TRAIL,15,70.0,0.5956113661642615,0.29006376757735897,0.4999999999999862,dynamic_structure,trailing_stop,21.808125198327634,2.634664416788794,2.7260863010174767,2.77454018924568,UP,BUY,2.8603893255117265,False,77489.34084246359,-0.0002457756528113901,NONE,0.0,77597.07525,0.5,True,50.0,False,True,77511.8
2026-04-25 15:45:00+00:00,2026-04-25 15:45:00+00:00,2026-04-25 15:50:00+00:00,2026-04-25 15:50:00+00:00,SHORT,SHORT,-4.75,"['delta_strong_negative', 'cvd_strong_negative', 'aggressive_sellers', 'big_trade_sell', 'below_vwap']",77458.0,77458.0,0.0,LOSS,1,1.0,1.0069973404942032,0.14975857884272767,0.0,dynamic_structure,trailing_stop,21.808125198327634,4.0587365515750085,-3.6494801467163795,-2.586875865885391,DOWN,SELL,0.4211918800423315,True,77574.2896102719,-0.0018556557736676214,NONE,0.0,77361.1775,0.5,False,50.0,True,True,77455.2
2026-04-25 23:30:00+00:00,2026-04-25 23:30:00+00:00,2026-04-25 23:35:00+00:00,2026-04-26 03:25:00+00:00,LONG,LONG,4.25,"['delta_strong_positive', 'cvd_strong_positive', 'aggressive_buyers', 'above_vwap']",77579.4,77385.4515,-39.193677244337984,LOSS,47,230.0,0.18716308710819063,1.0791524554198066,-0.9999999999999928,dynamic_structure,stop_loss,22.00458228376684,1.831651840790861,3.3639398063495176,3.45224006719718,UP,BUY,5.536092968021037,False,77480.20153629144,0.0019818467831555246,NONE,0.0,77676.37425,0.5,False,50.0,False,False,77599.9
2026-04-26 04:45:00+00:00,2026-04-26 04:45:00+00:00,2026-04-26 04:50:00+00:00,2026-04-26 05:35:00+00:00,LONG,LONG,4.25,"['delta_strong_positive', 'cvd_strong_positive', 'aggressive_buyers', 'above_vwap']",77700.8,77995.3,39.311092625221136,PARTIAL+TRAIL,10,45.0,2.388134999897011,0.26254555937648,1.0080359532977878,dynamic_structure,trailing_stop,22.00458228376684,4.0387461890203324,3.823937249112677,2.8907148004738907,UP,BUY,2.1131274711602295,False,77489.59642481737,0.0028094541105147994,NONE,0.0,77797.926,0.5,True,50.0,True,True,77777.0
2026-04-26 07:55:00+00:00,2026-04-26 07:55:00+00:00,2026-04-26 08:00:00+00:00,2026-04-26 08:40:00+00:00,LONG,LONG,4.25,"['delta_strong_positive', 'cvd_strong_positive', 'aggressive_buyers', 'above_vwap']",78061.5,78164.7,20.726468632819667,PARTIAL+TRAIL,9,40.0,0.6215612049473961,0.4509265130698231,0.5288138198727778,dynamic_structure,trailing_stop,22.00458228376684,2.1660742512391944,2.6172715403887277,2.711678442055846,UP,BUY,2.429068275442901,False,77766.43956290159,0.0021538752522911697,NONE,0.0,78164.7,0.5288138198727776,True,50.0,False,True,78164.7
2026-04-26 12:45:00+00:00,2026-04-26 12:45:00+00:00,2026-04-26 12:50:00+00:00,2026-04-26 14:20:00+00:00,SHORT,SHORT,-4.25,"['delta_strong_negative', 'cvd_strong_negative', 'aggressive_sellers', 'below_vwap']",77798.9,77993.39725,-39.29789666440686,LOSS,19,90.0,0.28946424692373984,1.7357571893690316,-1.000000000000002,dynamic_structure,stop_loss,22.00458228376684,4.123525085776614,-3.733604266254843,-2.910931788842531,DOWN,SELL,0.45659785876659087,False,77826.8380662646,-0.0019568621554396154,NONE,0.0,77701.651375,0.5,False,50.0,False,False,77715.0
2026-04-26 15:20:00+00:00,2026-04-26 15:20:00+00:00,2026-04-26 15:25:00+00:00,2026-04-26 17:05:00+00:00,SHORT,SHORT,-3.75,"['delta_strong_negative', 'cvd_strong_negative', 'aggressive_sellers']",77957.3,77859.853375,19.550703590541744,PARTIAL+TRAIL,21,100.0,0.730143296394323,0.5967369316279701,0.49999999999998385,dynamic_structure,trailing_stop,22.00458228376684,2.525315102663968,-3.361777929610214,-2.7740912637463757,DOWN,SELL,0.20853391714041067,False,77854.682997367,7.216786046907636e-05,NONE,0.0,77859.853375,0.5,True,50.0,False,True,77950.0
2026-04-26 18:10:00+00:00,2026-04-26 18:10:00+00:00,2026-04-26 18:15:00+00:00,2026-04-26 18:15:00+00:00,LONG,LONG,4.25,"['delta_strong_positive', 'cvd_strong_positive', 'aggressive_buyers', 'above_vwap']",78063.1,78063.1,0.0,LOSS,1,1.0,1.3481401584102668,0.11836578357767405,0.0,dynamic_structure,trailing_stop,22.00458228376684,3.201539941426646,2.3698790607647418,2.208950228792226,UP,BUY,1.5838024282560705,False,77870.92834531647,0.0007036076467019985,NONE,0.0,78160.67887500001,0.5,False,50.0,True,True,78088.8
2026-04-26 21:30:00+00:00,2026-04-26 21:30:00+00:00,2026-04-26 21:35:00+00:00,2026-04-26 21:50:00+00:00,SHORT,SHORT,-3.75,"['delta_strong_negative', 'cvd_strong_negative', 'aggressive_sellers']",77989.2,77891.7135,19.599580349518547,PARTIAL+TRAIL,4,15.0,1.0883558236268462,2.9014273771239973,0.4999999999999953,dynamic_structure,trailing_stop,22.00458228376684,3.8650449389182424,-3.5940319152591536,-2.77349003362058,DOWN,SELL,0.5371113776625588,False,77950.09385421289,-0.002437584256071443,NONE,0.0,77891.7135,0.5,True,50.0,True,True,77967.9
2026-04-27 00:25:00+00:00,2026-04-27 00:25:00+00:00,2026-04-27 00:30:00+00:00,2026-04-27 00:40:00+00:00,SHORT,SHORT,-4.25,"['delta_strong_negative', 'cvd_strong_negative', 'aggressive_sellers', 'below_vwap']",78443.3,78639.40825000001,-39.29715860078601,LOSS,3,10.0,0.4415928447681616,1.7577026973622838,-1.0000000000000244,dynamic_structure,stop_loss,22.00458228376684,1.4324797707799402,-3.033355822358123,-2.5452080652294837,DOWN,SELL,0.3174700806206062,False,78586.6290354409,0.00037944457887491165,NONE,0.0,78215.0,1.164152961438404,False,50.0,False,False,78215.0
2026-04-27 00:55:00+00:00,2026-04-27 00:55:00+00:00,2026-04-27 01:00:00+00:00,2026-04-27 01:05:00+00:00,LONG,LONG,4.25,"['delta_strong_positive', 'cvd_strong_positive', 'aggressive_buyers', 'above_vwap']",79264.1,79363.180125,19.550336403889204,PARTIAL+TRAIL,2,5.0,0.9633617236554464,0.8836282756002064,0.4999999999999653,dynamic_structure,trailing_stop,22.00458228376684,3.850703685144773,3.3635513594331203,2.460190453302938,UP,BUY,1.7123872775767903,False,78850.58906574172,0.009295728518509854,NONE,0.0,79363.180125,0.5,True,50.0,False,True,79338.0
2026-04-27 05:10:00+00:00,2026-04-27 05:10:00+00:00,2026-04-27 05:15:00+00:00,2026-04-27 05:15:00+00:00,SHORT,SHORT,-4.25,"['delta_strong_negative', 'cvd_strong_negative', 'aggressive_sellers', 'below_vwap']",78351.6,78351.6,0.0,LOSS,1,1.0,2.085471132689058,0.07555684887092724,0.0,dynamic_structure,trailing_stop,22.00458228376684,4.085892612828621,-4.184772425878673,-3.9497192303550928,DOWN,SELL,0.3348311042794165,False,78952.49225119609,-0.0074102168500318685,NONE,0.0,78253.66050000001,0.5,False,50.0,True,True,78311.0
2026-04-27 09:20:00+00:00,2026-04-27 09:20:00+00:00,2026-04-27 09:25:00+00:00,2026-04-27 09:30:00+00:00,SHORT,SHORT,-4.25,"['delta_strong_negative', 'cvd_strong_negative', 'aggressive_sellers', 'below_vwap']",77661.1,77855.25275,-39.19842448979932,LOSS,2,5.0,0.020602335017145004,1.4622507278418366,-0.9999999999999681,dynamic_structure,stop_loss,22.00458228376684,-0.04166158376930307,-2.2115140705298173,-2.733181400514042,DOWN,SELL,0.3991815876431261,False,78321.56069034185,-0.00041510491742541533,NONE,0.0,77564.023625,0.5,False,50.0,False,False,77610.0
2026-04-27 13:35:00+00:00,2026-04-27 13:35:00+00:00,2026-04-27 13:40:00+00:00,2026-04-27 13:45:00+00:00,LONG,LONG,3.75,"['delta_strong_positive', 'cvd_strong_positive', 'aggressive_buyers']",77792.0,77889.24,19.501216183676835,PARTIAL+TRAIL,2,5.0,0.7111271081859466,1.2134923899629781,0.5000000000000269,dynamic_structure,trailing_stop,22.00458228376684,2.3556630305385435,2.0619145185640297,2.0251976858813876,UP,BUY,2.0005991723234486,False,78228.20193932754,0.0005858735544714374,NONE,0.0,77889.24,0.5,True,50.0,False,True,77818.3
2026-04-27 14:50:00+00:00,2026-04-27 14:50:00+00:00,2026-04-27 14:55:00+00:00,2026-04-27 15:40:00+00:00,SHORT,SHORT,-4.25,"['delta_strong_negative', 'cvd_strong_negative', 'aggressive_sellers', 'below_vwap']",77886.3,77032.9,100.67369558466827,PARTIAL+TRAIL,10,45.0,6.9963523751930845,0.0,2.5747788763877897,dynamic_structure,trailing_stop,22.00458228376684,0.9796040961496181,-3.1160618473215664,-2.4414468052065916,DOWN,SELL,0.3382393575299486,False,78188.30159492938,0.0010471816761609598,NONE,0.0,77737.0,0.7667587239347762,True,50.0,True,True,77737.0
2026-04-27 19:30:00+00:00,2026-04-27 19:30:00+00:00,2026-04-27 19:35:00+00:00,2026-04-27 19:40:00+00:00,SHORT,SHORT,-3.5,"['delta_strong_negative', 'cvd_strong_negative', 'below_vwap']",76547.3,76738.66825,-39.6033069261932,LOSS,2,5.0,0.23671638320360303,1.0597369208319714,-0.9999999999999974,dynamic_structure,stop_loss,22.00458228376684,4.1380357954231215,-3.423124612194958,-3.0612004852677797,DOWN,SELL,0.6955637156901113,False,77817.2530114721,-0.0022746232405099036,NONE,0.0,76451.615875,0.5,False,50.0,False,False,76509.7
2026-04-27 23:15:00+00:00,2026-04-27 23:15:00+00:00,2026-04-27 23:20:00+00:00,2026-04-28 00:00:00+00:00,LONG,LONG,3.75,"['delta_strong_positive', 'cvd_strong_positive', 'aggressive_buyers']",77092.7,77243.0,28.010562782956313,PARTIAL+TRAIL,9,40.0,1.6966586979052491,0.029574784642369976,0.71083254315908,dynamic_structure,trailing_stop,22.00458228376684,3.4759110731211753,3.170005734414843,2.002062817547342,UP,BUY,1.7924108950066728,False,77754.09718091766,0.003613293061225555,NONE,0.0,77216.4,0.6418247123268329,True,50.0,True,True,77216.4
2026-04-28 02:35:00+00:00,2026-04-28 02:35:00+00:00,2026-04-28 02:40:00+00:00,2026-04-28 02:55:00+00:00,SHORT,SHORT,-4.25,"['delta_strong_negative', 'cvd_strong_negative', 'aggressive_sellers', 'below_vwap']",76669.9,76861.57475,-39.545343205478275,LOSS,4,15.0,0.1439939272125894,1.0496948606950662,-1.0000000000000293,dynamic_structure,stop_loss,22.00458228376684,3.140002023095262,-2.8146688346826956,-2.1910955344038205,DOWN,SELL,0.5546061559442873,False,77145.2149695954,-0.006303216757511038,NONE,0.0,76574.06262499999,0.5,False,50.0,False,False,76632.4
2026-04-28 05:25:00+00:00,2026-04-28 05:25:00+00:00,2026-04-28 05:30:00+00:00,2026-04-28 05:50:00+00:00,SHORT,SHORT,-3.5,"['delta_strong_negative', 'cvd_strong_negative', 'big_trade_sell']",77025.8,76929.51775,19.67380824472565,PARTIAL+TRAIL,5,20.0,1.3756429663827379,0.06283608868712182,0.50000000000002,dynamic_structure,trailing_stop,22.00458228376684,3.0369218762143007,-2.4816333182710055,-2.0949667595527313,DOWN,SELL,0.7354603758902145,True,76988.16295123586,0.00195861031575833,NONE,0.0,76929.51775,0.5,True,50.0,True,True,77003.9
2026-04-28 06:35:00+00:00,2026-04-28 06:35:00+00:00,2026-04-28 06:40:00+00:00,2026-04-28 06:40:00+00:00,SHORT,SHORT,-4.25,"['delta_strong_negative', 'cvd_strong_negative', 'aggressive_sellers', 'below_vwap']",76746.4,76746.4,0.0,LOSS,1,1.0,1.1508031647086423,0.060980058999570756,0.0,dynamic_structure,trailing_stop,22.00458228376684,1.3364251978511075,-3.4411908643416136,-2.9036022174930025,DOWN,SELL,0.24707122313113494,False,76970.94135593007,-0.0010301779967325348,NONE,0.0,76650.46699999999,0.5,False,50.0,True,True,76727.5
2026-04-28 11:15:00+00:00,2026-04-28 11:15:00+00:00,2026-04-28 11:20:00+00:00,2026-04-28 11:30:00+00:00,SHORT,SHORT,-3.5,"['delta_strong_negative', 'cvd_strong_negative', 'below_vwap']",76334.7,76239.281625,19.722992765335402,PARTIAL+TRAIL,3,10.0,0.592653144637976,0.5187680045903108,0.4999999999999677,dynamic_structure,trailing_stop,22.00458228376684,3.6588846436639244,-2.5893865630704878,-2.507881111629201,DOWN,SELL,0.6910962771405037,False,76817.40974806156,-0.003985000869772282,NONE,0.0,76239.281625,0.5,True,50.0,False,True,76269.3
2026-04-28 20:00:00+00:00,2026-04-28 20:00:00+00:00,2026-04-28 20:05:00+00:00,2026-04-28 22:50:00+00:00,LONG,LONG,3.75,"['delta_strong_positive', 'cvd_strong_positive', 'aggressive_buyers']",76402.6,76211.5935,-39.54460049450068,LOSS,34,165.0,0.23768824621148588,1.175876213636739,-1.0000000000000164,dynamic_structure,stop_loss,22.00458228376684,3.1148142690889866,3.4330676319607956,3.2157656166455872,UP,BUY,3.327348935062682,False,76418.33264459464,0.003619642081997071,NONE,0.0,76498.10325,0.5,False,50.0,False,False,76422.1
2026-04-29 01:20:00+00:00,2026-04-29 01:20:00+00:00,2026-04-29 01:25:00+00:00,2026-04-29 01:45:00+00:00,SHORT,SHORT,-4.25,"['delta_strong_negative', 'cvd_strong_negative', 'aggressive_sellers', 'below_vwap']",76202.7,76393.20675,-39.34687749202762,LOSS,5,20.0,0.335946101647317,1.9542614631765172,-1.0000000000000024,dynamic_structure,stop_loss,22.00458228376684,0.8393125216522048,-2.0074257036892,-2.932593119504228,DOWN,SELL,0.33483033350053076,False,76347.34917732236,-0.0014466601491095938,NONE,0.0,76107.446625,0.5,False,50.0,False,False,76150.0
2026-04-29 09:30:00+00:00,2026-04-29 09:30:00+00:00,2026-04-29 09:35:00+00:00,2026-04-29 10:35:00+00:00,LONG,LONG,4.25,"['delta_strong_positive', 'cvd_strong_positive', 'aggressive_buyers', 'above_vwap']",77182.5,77666.2,60.422570487040446,PARTIAL+TRAIL,13,60.0,3.5795679072328417,0.08188384672692857,1.5433550351439542,dynamic_structure,trailing_stop,22.00458228376684,2.965402816614828,2.889113233461424,2.7636670876771645,UP,BUY,2.1992485460565323,False,76923.23221629605,0.0016833933507815987,NONE,0.0,77294.4,0.5799242056165279,True,50.0,True,True,77294.4
2026-04-29 12:20:00+00:00,2026-04-29 12:20:00+00:00,2026-04-29 12:25:00+00:00,2026-04-29 13:25:00+00:00,SHORT,SHORT,-4.25,"['delta_strong_negative', 'cvd_strong_negative', 'aggressive_sellers', 'below_vwap']",77097.4,76921.2,36.06600222380388,PARTIAL+TRAIL,13,60.0,1.3894113160754493,0.6656515005694248,0.9141683117718477,dynamic_structure,trailing_stop,22.00458228376684,3.8401387434596974,-3.073355063499155,-2.6246553832140482,DOWN,SELL,0.6255608778974664,False,77158.98694663966,-0.005219841997236466,NONE,0.0,76921.2,0.9141683117718475,True,50.0,True,True,76921.2
2026-04-29 15:50:00+00:00,2026-04-29 15:50:00+00:00,2026-04-29 15:55:00+00:00,2026-04-29 16:00:00+00:00,SHORT,SHORT,-4.25,"['delta_strong_negative', 'cvd_strong_negative', 'aggressive_sellers', 'below_vwap']",75751.2,75940.578,-39.63258596812098,LOSS,2,5.0,0.2492369757838666,1.411462788708313,-0.999999999999984,dynamic_structure,stop_loss,22.00458228376684,2.4379603401404046,-2.028199687839197,-2.926707273512272,DOWN,SELL,0.6395036082194542,False,76932.00919648065,-0.011254106639942934,NONE,0.0,75656.511,0.5,False,50.0,False,False,75675.2
2026-04-29 18:05:00+00:00,2026-04-29 18:05:00+00:00,2026-04-29 18:10:00+00:00,2026-04-29 18:10:00+00:00,SHORT,SHORT,-4.75,"['delta_strong_negative', 'cvd_strong_negative', 'aggressive_sellers', 'big_trade_sell', 'below_vwap']",74970.6,75158.0265,-39.434423038281295,LOSS,1,1.0,0.5474145865179461,1.2212787412665453,-1.0000000000000073,dynamic_structure,stop_loss,22.00458228376684,4.176753835107381,-4.159227453217649,-3.9092440704965887,DOWN,SELL,0.37563061597312786,True,76682.0319595672,-0.012791948513005922,NONE,0.0,74876.88675,0.5,False,50.0,False,False,74900.1
2026-04-30 00:30:00+00:00,2026-04-30 00:30:00+00:00,2026-04-30 00:35:00+00:00,2026-04-30 00:35:00+00:00,LONG,LONG,4.25,"['delta_strong_positive', 'cvd_strong_positive', 'aggressive_buyers', 'above_vwap']",75905.1,75905.1,0.0,LOSS,1,1.0,1.2905588689033762,0.0,0.0,dynamic_structure,trailing_stop,22.00458228376684,2.0408702957470877,2.0364776387159202,2.083865337230473,UP,BUY,1.6916085547634478,False,75766.65057828698,0.0012962198242929864,NONE,0.0,75999.981375,0.5,False,50.0,True,True,75937.3
2026-04-30 02:30:00+00:00,2026-04-30 02:30:00+00:00,2026-04-30 02:35:00+00:00,2026-04-30 02:35:00+00:00,SHORT,SHORT,-4.25,"['delta_strong_negative', 'cvd_strong_negative', 'aggressive_sellers', 'below_vwap']",75724.0,75724.0,0.0,LOSS,1,1.0,1.4531720458507518,0.2826052506470868,0.0,dynamic_structure,trailing_stop,22.00458228376684,3.9528742742366454,-3.1732838061922357,-2.586554031970586,DOWN,SELL,0.6417997917759417,False,76076.90184897398,-0.004024788298839625,NONE,0.0,75629.345,0.5,False,50.0,True,True,75651.3
2026-04-30 05:40:00+00:00,2026-04-30 05:40:00+00:00,2026-04-30 05:45:00+00:00,2026-04-30 07:35:00+00:00,LONG,LONG,3.75,"['delta_strong_positive', 'cvd_strong_positive', 'aggressive_buyers']",75675.1,75947.0,56.39164547381018,PARTIAL+TRAIL,23,110.0,1.970000700362455,0.7135768568525181,1.4371966472458928,dynamic_structure,trailing_stop,22.00458228376684,1.1361386928501913,2.5194977239669036,2.7336409673034994,UP,BUY,2.8860517763395466,False,75866.56860029427,-0.0009837914597582023,NONE,0.0,75947.0,1.4371966472458928,True,50.0,True,True,75947.0
2026-04-30 08:20:00+00:00,2026-04-30 08:20:00+00:00,2026-04-30 08:25:00+00:00,2026-04-30 09:25:00+00:00,SHORT,SHORT,-3.75,"['delta_strong_negative', 'cvd_strong_negative', 'aggressive_sellers']",75999.9,76189.89975,-39.51920915045921,LOSS,13,60.0,0.14000018421072277,1.0384224189768825,-1.0000000000000142,dynamic_structure,stop_loss,22.00458228376684,0.8892567675760495,-2.13891537686579,-2.2891030435324597,DOWN,SELL,0.3415900851933972,False,75873.68499434752,0.0032588062308642955,NONE,0.0,75742.5,1.3547386246560547,False,50.0,False,False,75742.5
2026-04-30 12:20:00+00:00,2026-04-30 12:20:00+00:00,2026-04-30 12:25:00+00:00,2026-04-30 13:25:00+00:00,LONG,LONG,4.25,"['delta_strong_positive', 'cvd_strong_positive', 'aggressive_buyers', 'above_vwap']",76315.0,76124.2125,-39.32161310470755,LOSS,13,60.0,0.3150101552774989,1.0687282971892509,-1.0000000000000306,dynamic_structure,stop_loss,22.00458228376684,2.136289587822547,3.27930462175896,2.4917239359473737,UP,BUY,2.5701675285198533,False,75931.79619513183,0.003056565746751808,NONE,0.0,76410.39375,0.5,False,50.0,False,False,76332.6
2026-04-30 13:40:00+00:00,2026-04-30 13:40:00+00:00,2026-04-30 13:45:00+00:00,2026-04-30 13:45:00+00:00,LONG,LONG,4.25,"['delta_strong_positive', 'cvd_strong_positive', 'aggressive_buyers', 'above_vwap']",76586.3,76394.83425,-39.12500503918342,LOSS,1,1.0,0.2298061141483529,1.0665092842975679,-1.0000000000000155,dynamic_structure,stop_loss,22.141239972026213,3.636979997869159,3.580810638673531,2.249643970560001,UP,BUY,2.169398103455211,False,75985.65419253161,0.005197554211094385,NONE,0.0,76682.032875,0.5,False,50.0,False,False,76599.9
2026-05-01 01:45:00+00:00,2026-05-01 01:45:00+00:00,2026-05-01 01:50:00+00:00,2026-05-01 03:35:00+00:00,LONG,LONG,4.25,"['delta_strong_positive', 'cvd_strong_positive', 'aggressive_buyers', 'above_vwap']",76649.9,77138.1,59.32229443025038,PARTIAL+TRAIL,22,105.0,4.025054174891307,0.859492315058452,1.5238438014922544,dynamic_structure,trailing_stop,22.141239972026213,3.435769941019701,3.6869126309722393,2.084116843060908,UP,BUY,2.4036411048447435,False,76494.14976015608,0.003209621496942752,NONE,0.0,76745.71237499999,0.5,True,50.0,True,True,76688.0
2026-05-01 06:45:00+00:00,2026-05-01 06:45:00+00:00,2026-05-01 06:50:00+00:00,2026-05-01 06:55:00+00:00,SHORT,SHORT,-4.25,"['delta_strong_negative', 'cvd_strong_negative', 'aggressive_sellers', 'below_vwap']",76933.2,76837.03349999999,19.612995743070428,PARTIAL+TRAIL,2,5.0,0.5173319191194439,0.741422428808399,0.5000000000000345,dynamic_structure,trailing_stop,22.141239972026213,1.087819574207128,-2.4609211829727062,-2.0398948284395546,DOWN,SELL,0.435306083830069,False,76949.90759696419,-0.002155745459797229,NONE,0.0,76837.03349999999,0.5,True,50.0,False,True,76900.0
2026-05-01 09:00:00+00:00,2026-05-01 09:00:00+00:00,2026-05-01 09:05:00+00:00,2026-05-01 11:20:00+00:00,SHORT,SHORT,-4.25,"['delta_strong_negative', 'cvd_strong_negative', 'aggressive_sellers', 'big_trade_sell']",77286.3,77479.51575,-39.32405646485411,LOSS,28,135.0,0.8705294470041758,1.5635371340068873,-1.0000000000000155,dynamic_structure,stop_loss,22.141239972026213,0.8318899218982142,-3.2565264546944315,-2.022082745077426,DOWN,SELL,0.22881869157249765,True,77026.32010750195,0.0014096461072657036,NONE,0.0,77043.6,1.2561087799519297,False,50.0,False,False,77043.6
2026-05-01 12:30:00+00:00,2026-05-01 12:30:00+00:00,2026-05-01 12:35:00+00:00,2026-05-01 12:35:00+00:00,LONG,LONG,4.25,"['delta_strong_positive', 'cvd_strong_positive', 'aggressive_buyers', 'above_vwap']",77901.7,77901.7,0.0,LOSS,1,1.0,1.2508071069052709,0.03337539488868664,0.0,dynamic_structure,trailing_stop,22.141239972026213,3.9392915435284492,3.6568753708725334,3.2951742427755257,UP,BUY,1.6195788178721138,False,77204.87421494053,0.004779763256170815,NONE,0.0,78130.5,1.1748139000817848,False,50.0,True,True,78130.5
2026-05-01 20:15:00+00:00,2026-05-01 20:15:00+00:00,2026-05-01 20:20:00+00:00,2026-05-01 20:25:00+00:00,SHORT,SHORT,-3.75,"['delta_strong_negative', 'cvd_strong_negative', 'aggressive_sellers']",78156.6,78058.90425,19.563718091264406,PARTIAL+TRAIL,2,5.0,0.5169109198711305,0.030195786408283774,0.4999999999999946,dynamic_structure,trailing_stop,22.141239972026213,1.5673987842554344,-2.080700480627849,-3.0134351289012473,DOWN,SELL,0.6475747283342758,False,77827.74276001174,-0.0024294893498399083,NONE,0.0,78058.90425,0.5,True,50.0,False,True,78149.5
2026-05-01 20:40:00+00:00,2026-05-01 20:40:00+00:00,2026-05-01 20:45:00+00:00,2026-05-01 20:50:00+00:00,SHORT,SHORT,-3.0,"['delta_strong_negative', 'cvd_strong_negative']",77955.9,77955.9,0.0,LOSS,2,5.0,1.222229491289291,0.22628178239238247,0.0,dynamic_structure,trailing_stop,22.141239972026213,3.57263257165784,-2.864486536508381,-2.6322909626627293,DOWN,SELL,0.6952982029249993,False,77831.93062385946,-0.0045241219727906075,NONE,0.0,77858.455125,0.5,False,50.0,True,True,77902.8
2026-05-02 01:30:00+00:00,2026-05-02 01:30:00+00:00,2026-05-02 01:35:00+00:00,2026-05-02 02:55:00+00:00,LONG,LONG,4.25,"['delta_strong_positive', 'cvd_strong_positive', 'aggressive_buyers', 'above_vwap']",78380.9,78478.876125,19.612627386492985,PARTIAL+TRAIL,17,80.0,0.5057354534076839,0.870620265906573,0.5000000000000053,dynamic_structure,trailing_stop,22.141239972026213,2.6855370925645268,2.2302679891615216,2.1509785899381892,UP,BUY,1.726260402964275,False,78268.74367918618,0.002373311436437436,NONE,0.0,78478.876125,0.5,True,50.0,False,True,78413.4
2026-05-02 12:25:00+00:00,2026-05-02 12:25:00+00:00,2026-05-02 12:30:00+00:00,2026-05-02 13:15:00+00:00,LONG,LONG,3.75,"['delta_strong_positive', 'cvd_strong_positive', 'aggressive_buyers']",78208.0,78305.76,19.661658954957954,PARTIAL+TRAIL,10,45.0,0.9978518821604225,0.3687602291325993,0.4999999999999732,dynamic_structure,trailing_stop,22.141239972026213,2.4968715112601063,2.322944299153803,2.9504583369001374,UP,BUY,2.735619041732977,False,78219.98582061044,0.00028818375122500653,NONE,0.0,78305.76,0.5,True,50.0,False,True,78236.4
2026-05-02 21:35:00+00:00,2026-05-02 21:35:00+00:00,2026-05-02 21:40:00+00:00,2026-05-02 22:00:00+00:00,LONG,LONG,4.75,"['delta_strong_positive', 'cvd_strong_positive', 'aggressive_buyers', 'big_trade_buy', 'above_vwap']",78863.0,78665.8425,-39.42162620469304,LOSS,5,20.0,0.08622547962923044,1.2122288018462397,-1.000000000000006,dynamic_structure,stop_loss,22.141239972026213,4.246474822611451,4.234018041826666,4.230996885957568,UP,BUY,1.7987955562116729,True,78351.11576709844,0.002404102068964122,NONE,0.0,79145.0,1.4303285444378226,False,50.0,False,False,79145.0
2026-05-03 01:00:00+00:00,2026-05-03 01:00:00+00:00,2026-05-03 01:05:00+00:00,2026-05-03 01:25:00+00:00,SHORT,SHORT,-4.25,"['delta_strong_negative', 'cvd_strong_negative', 'aggressive_sellers', 'below_vwap']",78331.1,78192.8,27.70164519374084,PARTIAL+TRAIL,5,20.0,0.8247043639116519,0.2083463656197263,0.7062329011082592,dynamic_structure,trailing_stop,22.141239972026213,3.886571450788023,-3.4228732679843192,-3.4752719330487527,DOWN,SELL,0.4957712030355905,False,78488.0358480788,-0.004467978337507992,NONE,0.0,78192.8,0.7062329011082592,True,50.0,False,True,78192.8
2026-05-03 09:35:00+00:00,2026-05-03 09:35:00+00:00,2026-05-03 09:40:00+00:00,2026-05-03 10:45:00+00:00,LONG,LONG,4.25,"['delta_strong_positive', 'cvd_strong_positive', 'aggressive_buyers', 'above_vwap']",78561.0,78364.5975,-39.36302629963735,LOSS,14,65.0,0.0,1.0320642558012096,-0.9999999999999823,dynamic_structure,stop_loss,22.141239972026213,3.072842380646998,2.9462338155604972,2.692509147259243,UP,BUY,2.370022870932306,False,78283.21400968796,0.0031094096425884855,NONE,0.0,78659.20125,0.5,False,50.0,False,False,78579.0
2026-05-03 11:40:00+00:00,2026-05-03 11:40:00+00:00,2026-05-03 11:45:00+00:00,2026-05-03 11:50:00+00:00,LONG,LONG,4.25,"['delta_strong_positive', 'cvd_strong_positive', 'aggressive_buyers', 'above_vwap']",78679.1,78777.448875,19.583105584069138,PARTIAL+TRAIL,2,5.0,0.6893825679246014,0.2658901792216886,0.49999999999997985,dynamic_structure,trailing_stop,22.141239972026213,3.8510805895649804,3.839796748642519,3.2568275654998433,UP,BUY,2.455174639397449,False,78318.2355248401,0.0026948732262819784,NONE,0.0,78777.448875,0.5,True,50.0,False,True,78743.8
2026-05-03 19:25:00+00:00,2026-05-03 19:25:00+00:00,2026-05-03 19:30:00+00:00,2026-05-03 20:20:00+00:00,SHORT,SHORT,-3.75,"['delta_strong_negative', 'cvd_strong_negative', 'aggressive_sellers']",78645.8,78842.4145,-39.2641266960594,LOSS,11,50.0,0.0066119233322207175,1.8014948032825506,-0.9999999999999797,dynamic_structure,stop_loss,22.141239972026213,0.7774581433164901,-2.6307938652103093,-2.5995951743598007,DOWN,SELL,0.11576742794454972,False,78455.22667278424,-0.00020916769145376999,NONE,0.0,78547.49275,0.5,False,50.0,False,False,78588.2
2026-05-03 20:35:00+00:00,2026-05-03 20:35:00+00:00,2026-05-03 20:40:00+00:00,2026-05-03 21:35:00+00:00,LONG,LONG,4.25,"['delta_strong_positive', 'cvd_strong_positive', 'aggressive_buyers', 'above_vwap']",78989.6,78792.126,-39.067806062580296,LOSS,12,55.0,0.18432806344123365,1.1009044228607752,-1.00000000000001,dynamic_structure,stop_loss,22.255065935466,3.8365726637143247,3.0041772067410406,3.287420485553512,UP,BUY,1.7221466021375276,False,78517.29195697735,0.0018742966871989287,NONE,0.0,79088.337,0.5,False,50.0,False,False,79000.0
2026-05-04 01:55:00+00:00,2026-05-04 01:55:00+00:00,2026-05-04 02:00:00+00:00,2026-05-04 02:00:00+00:00,LONG,LONG,4.25,"['delta_strong_positive', 'cvd_strong_positive', 'aggressive_buyers', 'above_vwap']",79756.0,79756.0,0.0,LOSS,1,1.0,2.1485530869150615,1.3190230202116455,0.0,dynamic_structure,trailing_stop,22.255065935466,4.043201719015753,4.082208966493189,3.7501105486821102,UP,BUY,1.5396028996130684,False,79067.66608763015,0.009139166677424815,NONE,0.0,79855.695,0.5,False,50.0,True,True,79849.8
2026-05-04 10:00:00+00:00,2026-05-04 10:00:00+00:00,2026-05-04 10:05:00+00:00,2026-05-04 10:05:00+00:00,SHORT,SHORT,-4.25,"['delta_strong_negative', 'cvd_strong_negative', 'aggressive_sellers', 'below_vwap']",79179.9,79179.9,0.0,LOSS,1,1.0,3.1316028436509478,0.09800467037724843,0.0,dynamic_structure,trailing_stop,22.255065935466,4.192102384550443,-4.052351167965079,-2.5203208982259895,DOWN,SELL,0.6381748832782764,False,79749.01257008938,-0.006148970098893121,NONE,0.0,79080.925125,0.5,False,50.0,True,True,79150.0
2026-05-04 10:20:00+00:00,2026-05-04 10:20:00+00:00,2026-05-04 10:25:00+00:00,2026-05-04 10:25:00+00:00,SHORT,SHORT,-4.25,"['delta_strong_negative', 'cvd_strong_negative', 'aggressive_sellers', 'below_vwap']",78214.2,78409.7355,-38.872467032266634,LOSS,1,1.0,0.43930641750472005,1.5127687811164874,-0.9999999999999905,dynamic_structure,stop_loss,22.643790605788663,2.3201083101842395,-2.9283192448641353,-3.2101245104775074,DOWN,SELL,0.5344175957185064,False,79525.76606798478,-0.01091890478528268,NONE,0.0,78116.43225,0.5,False,50.0,False,False,78200.0
2026-05-04 13:45:00+00:00,2026-05-04 13:45:00+00:00,2026-05-04 13:50:00+00:00,2026-05-04 14:00:00+00:00,SHORT,SHORT,-4.25,"['delta_strong_negative', 'cvd_strong_negative', 'aggressive_sellers', 'below_vwap']",78795.3,78696.805875,19.33905234855233,PARTIAL+TRAIL,3,10.0,1.1792581537223814,0.2665133580302378,0.49999999999998695,dynamic_structure,trailing_stop,22.643790605788663,0.5779638011798386,-3.0055910122808713,-2.796269285393625,DOWN,SELL,0.31655265710347646,False,79333.83738449159,0.0004856736908567485,NONE,0.0,78696.805875,0.5,True,50.0,True,True,78785.6
2026-05-04 14:45:00+00:00,2026-05-04 14:45:00+00:00,2026-05-04 14:50:00+00:00,2026-05-04 14:50:00+00:00,LONG,LONG,3.5,"['delta_strong_positive', 'cvd_strong_positive', 'above_vwap']",79993.6,79993.6,0.0,LOSS,1,1.0,2.255680454436311,0.008000640051233202,0.0,dynamic_structure,trailing_stop,22.643790605788663,3.978125678823349,3.1943014735901545,2.527761064214039,UP,BUY,1.3431019942867999,False,79337.92847466122,0.011691174210768995,NONE,0.0,80179.6,0.9300744059524761,False,50.0,True,True,80179.6
2026-05-04 15:10:00+00:00,2026-05-04 15:10:00+00:00,2026-05-04 15:15:00+00:00,2026-05-04 15:15:00+00:00,SHORT,SHORT,-3.75,"['delta_strong_negative', 'cvd_strong_negative', 'aggressive_sellers']",80065.9,80065.9,0.0,LOSS,1,1.0,3.285293739282223,0.6099975145474207,0.0,dynamic_structure,trailing_stop,22.643790605788663,0.9056165054865306,-2.083276248000078,-2.055268495788223,DOWN,SELL,0.6228460876352482,False,79419.78877266248,0.007713061341178133,NONE,0.0,78803.6,6.306305181107005,False,50.0,True,True,78803.6
2026-05-04 21:20:00+00:00,2026-05-04 21:20:00+00:00,2026-05-04 21:25:00+00:00,2026-05-04 21:55:00+00:00,LONG,LONG,4.25,"['delta_strong_positive', 'cvd_strong_positive', 'aggressive_buyers', 'above_vwap']",80234.1,80334.39262500001,19.387399979424575,PARTIAL+TRAIL,7,30.0,0.5758150212939386,0.41927310208505264,0.5000000000000092,dynamic_structure,trailing_stop,22.643790605788663,2.2112911251658507,2.3862822869728264,2.4115514810920007,UP,BUY,3.019260116489051,False,79556.62883607182,0.0001355024813834289,NONE,0.0,80334.39262500001,0.5,True,50.0,False,True,80270.4
2026-05-04 22:30:00+00:00,2026-05-04 22:30:00+00:00,2026-05-04 22:35:00+00:00,2026-05-04 23:05:00+00:00,SHORT,SHORT,-3.75,"['delta_strong_negative', 'cvd_strong_negative', 'aggressive_sellers']",80117.2,79919.4,38.387909564687654,PARTIAL+TRAIL,7,30.0,1.243678011712797,0.22966354290963736,0.9875532345114553,dynamic_structure,trailing_stop,22.643790605788663,2.2331162970452825,-2.362455510590183,-2.303561417784919,DOWN,SELL,0.45804297404019284,False,79563.25205439299,0.0008102760406278846,NONE,0.0,79919.4,0.9875532345114553,True,50.0,True,True,79919.4
2026-05-05 00:00:00+00:00,2026-05-05 00:00:00+00:00,2026-05-05 00:05:00+00:00,2026-05-05 00:35:00+00:00,LONG,LONG,4.25,"['delta_strong_positive', 'cvd_strong_positive', 'aggressive_buyers', 'above_vwap']",79949.1,80049.03637500001,19.53183825328543,PARTIAL+TRAIL,7,30.0,0.749977172976277,0.6874373820343629,0.5000000000000239,dynamic_structure,trailing_stop,22.643790605788663,2.931046386652589,2.214816211624185,3.083652206227854,UP,BUY,1.9914954335873583,False,79899.23333333332,-0.000769744889313437,NONE,0.0,80049.03637500001,0.5,True,50.0,False,True,79974.1
2026-05-05 02:00:00+00:00,2026-05-05 02:00:00+00:00,2026-05-05 02:05:00+00:00,2026-05-05 02:35:00+00:00,LONG,LONG,4.25,"['delta_strong_positive', 'cvd_strong_positive', 'aggressive_buyers', 'above_vwap']",80451.0,80451.0,0.0,LOSS,7,30.0,1.357347950926651,0.5807261562939077,0.0,dynamic_structure,trailing_stop,22.643790605788663,3.433848492599139,2.7852609713616214,2.5769232678055927,UP,BUY,1.7710480202649332,False,80126.13743194939,0.004891105754680957,NONE,0.0,80551.56375,0.5,False,50.0,True,True,80473.5
2026-05-05 03:35:00+00:00,2026-05-05 03:35:00+00:00,2026-05-05 03:40:00+00:00,2026-05-05 03:45:00+00:00,LONG,LONG,4.25,"['delta_strong_positive', 'cvd_strong_positive', 'aggressive_buyers', 'above_vwap']",80817.8,80918.82225,19.580667848916647,PARTIAL+TRAIL,2,5.0,0.678563385788731,0.2553892830540095,0.49999999999997286,dynamic_structure,trailing_stop,22.643790605788663,3.225017877717246,3.5738984605939685,2.589111571330594,UP,BUY,2.5096518163371577,False,80491.85498010206,0.004453749736112003,NONE,0.0,80918.82225,0.5,True,50.0,False,True,80871.4
2026-05-05 05:20:00+00:00,2026-05-05 05:20:00+00:00,2026-05-05 05:25:00+00:00,2026-05-05 05:40:00+00:00,LONG,LONG,4.75,"['delta_strong_positive', 'cvd_strong_positive', 'aggressive_buyers', 'big_trade_buy', 'above_vwap']",81124.5,81225.905625,19.629619518539894,PARTIAL+TRAIL,4,15.0,0.7578475059938593,0.7775702777828996,0.49999999999999717,dynamic_structure,trailing_stop,22.643790605788663,3.851696761866498,3.9215632373513998,2.1967931333577506,UP,BUY,3.582366849877409,True,80614.46903320271,0.0050954417784145264,NONE,0.0,81225.905625,0.5,True,50.0,False,True,81168.0
2026-05-05 07:45:00+00:00,2026-05-05 07:45:00+00:00,2026-05-05 07:50:00+00:00,2026-05-05 08:00:00+00:00,SHORT,SHORT,-3.75,"['delta_strong_negative', 'cvd_strong_negative', 'aggressive_sellers']",80925.0,80823.84375,19.678693567336353,PARTIAL+TRAIL,3,10.0,0.6489959839357573,0.0004942848316630004,0.5,dynamic_structure,trailing_stop,22.643790605788663,3.240960777234616,-3.2550487464214752,-3.3470712203492545,DOWN,SELL,0.332322491279832,False,80749.50387537736,-0.00040694719000050844,NONE,0.0,80823.84375,0.5,True,50.0,False,True,80863.7
2026-05-05 11:10:00+00:00,2026-05-05 11:10:00+00:00,2026-05-05 11:15:00+00:00,2026-05-05 13:25:00+00:00,LONG,LONG,4.75,"['delta_strong_positive', 'cvd_strong_positive', 'aggressive_buyers', 'big_trade_buy', 'above_vwap']",80905.6,81417.2,69.93284690305406,PARTIAL+TRAIL,27,130.0,3.7129691887829765,0.6540956373848184,1.772436024205952,dynamic_structure,trailing_stop,22.643790605788663,4.003879767212795,4.081504331108042,4.051156132983556,UP,BUY,7.976657205087663,True,80745.5579128646,0.0016460034278661315,NONE,0.0,81111.0,1.0155044891824259,True,50.0,True,True,81111.0
2026-05-05 16:35:00+00:00,2026-05-05 16:35:00+00:00,2026-05-05 16:40:00+00:00,2026-05-05 17:00:00+00:00,SHORT,SHORT,-3.0,"['delta_strong_negative', 'cvd_strong_negative']",81083.6,81286.30900000001,-39.805444837025156,LOSS,5,20.0,0.41241385434295375,1.2155355706949083,-1.0000000000000124,dynamic_structure,stop_loss,22.643790605788663,3.2717084542451125,-2.3206235998517326,-2.7358248650620074,DOWN,SELL,0.7171718744710384,False,81011.5651809288,-0.003499007479079183,NONE,0.0,80982.2455,0.5,False,50.0,False,False,81068.4
2026-05-05 19:30:00+00:00,2026-05-05 19:30:00+00:00,2026-05-05 19:35:00+00:00,2026-05-05 20:05:00+00:00,LONG,LONG,4.25,"['delta_strong_positive', 'cvd_strong_positive', 'aggressive_buyers', 'above_vwap']",81545.6,81647.532,19.8032088064199,PARTIAL+TRAIL,7,30.0,0.8358513518816179,0.429698230192706,0.5000000000000033,dynamic_structure,trailing_stop,22.643790605788663,3.162333053755355,3.4373418739484904,2.426321685291742,UP,BUY,2.671807248890476,False,81037.44246203071,0.002507821119365891,NONE,0.0,81647.532,0.5,True,50.0,False,True,81577.4
2026-05-05 22:35:00+00:00,2026-05-05 22:35:00+00:00,2026-05-05 22:40:00+00:00,2026-05-05 22:40:00+00:00,SHORT,SHORT,-3.5,"['delta_strong_negative', 'cvd_strong_negative', 'below_vwap']",80956.1,80956.1,0.0,LOSS,1,1.0,1.0044950287872212,0.3488310331154355,0.0,dynamic_structure,trailing_stop,22.643790605788663,2.836574855836032,-2.3212552532421746,-2.374197970278644,DOWN,SELL,0.7550013635905877,False,81088.5525449447,-0.006038207158877638,NONE,0.0,80854.90487500001,0.5,False,50.0,True,True,80862.0
2026-05-06 00:00:00+00:00,2026-05-06 00:00:00+00:00,2026-05-06 00:05:00+00:00,2026-05-06 00:15:00+00:00,LONG,LONG,4.25,"['delta_strong_positive', 'cvd_strong_positive', 'aggressive_buyers', 'above_vwap']",81011.3,81176.9,32.46569213715912,PARTIAL+TRAIL,3,10.0,1.0719492218986302,0.19305948676298648,0.8176637086430721,dynamic_structure,trailing_stop,22.643790605788663,0.5997701126783809,3.005502084060572,2.488632379966373,UP,BUY,3.159669812902923,False,80980.06666666667,-0.00289703752940824,NONE,0.0,81176.9,0.817663708643072,True,50.0,True,True,81176.9
2026-05-06 05:35:00+00:00,2026-05-06 05:35:00+00:00,2026-05-06 05:40:00+00:00,2026-05-06 05:50:00+00:00,SHORT,SHORT,-4.25,"['delta_strong_negative', 'cvd_strong_negative', 'aggressive_sellers', 'below_vwap']",81027.8,81230.3695,-39.867762117556985,LOSS,3,10.0,0.0004936577323132098,1.0411241573879295,-0.9999999999999889,dynamic_structure,stop_loss,22.643790605788663,3.6320363586735995,-3.7369142808561118,-2.2926753436482747,DOWN,SELL,0.4424747105816052,False,81238.38463285474,-0.004132246342867162,NONE,0.0,80926.51525,0.5,False,50.0,False,False,81000.0
2026-05-06 08:30:00+00:00,2026-05-06 08:30:00+00:00,2026-05-06 08:35:00+00:00,2026-05-06 08:50:00+00:00,LONG,LONG,4.25,"['delta_strong_positive', 'cvd_strong_positive', 'aggressive_buyers', 'above_vwap']",81683.6,81683.6,0.0,LOSS,4,15.0,1.168410794822908,0.5220142109309864,0.0,dynamic_structure,trailing_stop,22.643790605788663,4.121250730541502,4.118908100572681,3.560797171954152,UP,BUY,2.0292870326604424,False,81308.38456783837,0.0034665215362122753,NONE,0.0,81878.0,0.951965878095452,False,50.0,True,True,81878.0
2026-05-06 14:00:00+00:00,2026-05-06 14:00:00+00:00,2026-05-06 14:05:00+00:00,2026-05-06 14:05:00+00:00,SHORT,SHORT,-4.25,"['delta_strong_negative', 'cvd_strong_negative', 'aggressive_sellers', 'below_vwap']",81350.6,81350.6,0.0,LOSS,1,1.0,1.3644644292728019,0.20405504077413072,0.0,dynamic_structure,trailing_stop,22.643790605788663,1.5920647155988787,-3.5166740746932277,-2.629984463340035,DOWN,SELL,0.46224694314616677,False,81826.56561178098,-0.010080242210898344,NONE,0.0,81147.22350000001,0.9999999999999925,False,50.0,True,True,81147.22350000001
2026-05-06 16:20:00+00:00,2026-05-06 16:20:00+00:00,2026-05-06 16:25:00+00:00,2026-05-06 16:35:00+00:00,SHORT,SHORT,-4.25,"['delta_strong_negative', 'cvd_strong_negative', 'aggressive_sellers', 'below_vwap']",81542.0,81440.0725,19.83421165348584,PARTIAL+TRAIL,3,10.0,0.8309828064064858,0.32326899021360367,0.5000000000000258,dynamic_structure,trailing_stop,22.643790605788663,1.2948021967395162,-2.198959430975331,-2.3183190684640977,DOWN,SELL,0.5650939360321361,False,81773.66218109368,-0.0017962359009767734,NONE,0.0,81440.0725,0.5,True,50.0,False,True,81539.4
2026-05-06 23:00:00+00:00,2026-05-06 23:00:00+00:00,2026-05-06 23:05:00+00:00,2026-05-06 23:10:00+00:00,SHORT,SHORT,-4.25,"['delta_strong_negative', 'cvd_strong_negative', 'aggressive_sellers', 'below_vwap']",81045.2,81247.813,-39.76759436523659,LOSS,2,5.0,0.0996974527794223,1.0483039094234265,-0.9999999999999879,dynamic_structure,stop_loss,22.643790605788663,4.212810771896546,-4.2263391552504075,-4.155358784423689,DOWN,SELL,0.43301059289106153,False,81721.8269944055,-0.003448269895138428,NONE,0.0,80929.8,0.5695587153834857,False,50.0,False,False,80929.8
2026-05-07 04:25:00+00:00,2026-05-07 04:25:00+00:00,2026-05-07 04:30:00+00:00,2026-05-07 05:05:00+00:00,LONG,LONG,3.75,"['delta_strong_positive', 'cvd_strong_positive', 'aggressive_buyers']",80899.9,81001.02487499999,19.78437819670429,PARTIAL+TRAIL,8,35.0,0.7891233487309914,0.39307835980019756,0.49999999999997075,dynamic_structure,trailing_stop,22.643790605788663,0.39471172895012835,2.0098075762288565,2.927914207507514,UP,BUY,2.6342731006733913,False,80992.78817697876,-0.000895473037499176,NONE,0.0,81001.02487499999,0.5,True,50.0,False,True,80972.2
2026-05-07 06:05:00+00:00,2026-05-07 06:05:00+00:00,2026-05-07 06:10:00+00:00,2026-05-07 06:30:00+00:00,SHORT,SHORT,-4.25,"['delta_strong_negative', 'cvd_strong_negative', 'aggressive_sellers', 'below_vwap']",80942.2,81144.5555,-39.667678284395414,LOSS,5,20.0,0.493191437840844,1.461783840814818,-1.0000000000000253,dynamic_structure,stop_loss,22.643790605788663,2.516653341696004,-2.369511242478302,-2.5334962129866385,DOWN,SELL,0.540558009505172,False,80993.23214889047,0.0001504615861033292,NONE,0.0,80836.0,0.5248189448767001,False,50.0,False,False,80836.0
2026-05-07 09:35:00+00:00,2026-05-07 09:35:00+00:00,2026-05-07 09:40:00+00:00,2026-05-07 10:15:00+00:00,SHORT,SHORT,-4.75,"['delta_strong_negative', 'cvd_strong_negative', 'aggressive_sellers', 'big_trade_sell', 'below_vwap']",80879.3,80778.20087500001,19.73466994648492,PARTIAL+TRAIL,8,35.0,0.5158303793430601,0.4520316075930142,0.49999999999996714,dynamic_structure,trailing_stop,22.643790605788663,3.503347229047552,-2.426113577890639,-2.882574548104674,DOWN,SELL,0.5387975350185176,True,81127.69815720929,-0.004942056772905177,NONE,0.0,80778.20087500001,0.5,True,50.0,False,True,80842.4
2026-05-07 13:10:00+00:00,2026-05-07 13:10:00+00:00,2026-05-07 13:15:00+00:00,2026-05-07 13:20:00+00:00,SHORT,SHORT,-4.25,"['delta_strong_negative', 'cvd_strong_negative', 'aggressive_sellers', 'below_vwap']",80888.5,81090.72125,-39.56801324270531,LOSS,2,5.0,0.3961008054297252,1.0958294442349943,-1.0000000000000115,dynamic_structure,stop_loss,22.643790605788663,0.8920626047282596,-2.964359213545423,-2.4179686474450826,DOWN,SELL,0.38371312320454354,False,81061.82484478991,3.5016198067697794e-06,NONE,0.0,80787.389375,0.5,False,50.0,False,False,80808.0
2026-05-07 13:35:00+00:00,2026-05-07 13:35:00+00:00,2026-05-07 13:40:00+00:00,2026-05-07 13:45:00+00:00,SHORT,SHORT,-4.25,"['delta_strong_negative', 'cvd_strong_negative', 'aggressive_sellers', 'below_vwap']",80645.5,80521.8,24.155547039484475,PARTIAL+TRAIL,2,5.0,2.0311114693318286,0.15623934379475604,0.6135494230924086,dynamic_structure,trailing_stop,22.643790605788663,3.3483385685046616,-2.669719222586926,-2.353722787408435,DOWN,SELL,0.556970442253333,False,81051.18165598101,-0.002623758924921465,NONE,0.0,80521.8,0.6135494230924086,True,50.0,True,True,80521.8
2026-05-07 17:25:00+00:00,2026-05-07 17:25:00+00:00,2026-05-07 17:30:00+00:00,2026-05-07 17:40:00+00:00,SHORT,SHORT,-3.5,"['delta_strong_negative', 'cvd_strong_negative', 'below_vwap']",79654.6,79853.7365,-39.49095091168742,LOSS,3,10.0,0.18881520966776968,1.1318869217847767,-0.9999999999999661,dynamic_structure,stop_loss,22.643790605788663,3.8701114385428133,-3.6382140806052004,-2.414516660457822,DOWN,SELL,0.7178002864361498,False,80649.55297252005,-0.005536892949683871,NONE,0.0,79555.03175000001,0.5,False,50.0,False,False,79605.0
2026-05-07 21:05:00+00:00,2026-05-07 21:05:00+00:00,2026-05-07 21:10:00+00:00,2026-05-07 21:15:00+00:00,SHORT,SHORT,-4.25,"['delta_strong_negative', 'cvd_strong_negative', 'aggressive_sellers', 'below_vwap']",79624.7,79823.76174999999,-39.293496157129034,LOSS,2,5.0,0.0005023566807348416,1.0343524057233935,-0.9999999999999672,dynamic_structure,stop_loss,22.643790605788663,2.640297357744627,-3.808675565436778,-3.8238434911133696,DOWN,SELL,0.29590805129216446,False,80563.95877611137,-0.003911372078738904,NONE,0.0,79461.5,0.8198461030308288,False,50.0,False,False,79461.5
2026-05-08 00:25:00+00:00,2026-05-08 00:25:00+00:00,2026-05-08 00:30:00+00:00,2026-05-08 00:40:00+00:00,SHORT,SHORT,-4.25,"['delta_strong_negative', 'cvd_strong_negative', 'aggressive_sellers', 'below_vwap']",79976.0,79876.03,19.548514338172563,PARTIAL+TRAIL,3,10.0,0.64219265779731,0.10053015904774343,0.5000000000000058,dynamic_structure,trailing_stop,22.643790605788663,3.77404147027662,-3.9546073507618433,-3.0204229830695972,DOWN,SELL,0.2622540379645185,False,80011.55602750607,0.0017937180483414735,NONE,0.0,79876.03,0.5,True,50.0,False,True,79952.5
2026-05-08 02:15:00+00:00,2026-05-08 02:15:00+00:00,2026-05-08 02:20:00+00:00,2026-05-08 02:30:00+00:00,SHORT,SHORT,-4.25,"['delta_strong_negative', 'cvd_strong_negative', 'aggressive_sellers', 'below_vwap']",79346.4,79544.76599999999,-39.194771248034456,LOSS,3,10.0,0.031759474909956134,1.493703558069442,-0.9999999999999725,dynamic_structure,stop_loss,22.643790605788663,3.6842678811445437,-3.5818171182791576,-2.4271627745966473,DOWN,SELL,0.5574040644129532,False,79701.76372742289,-0.005036143489907255,NONE,0.0,79247.21699999999,0.5,False,50.0,False,False,79288.0
2026-05-08 07:30:00+00:00,2026-05-08 07:30:00+00:00,2026-05-08 07:35:00+00:00,2026-05-08 09:00:00+00:00,LONG,LONG,3.75,"['delta_strong_positive', 'cvd_strong_positive', 'aggressive_buyers']",79454.1,79834.5,47.974144280458056,PARTIAL+TRAIL,18,85.0,2.5040872654777746,0.034737036855284904,1.230144196460554,dynamic_structure,trailing_stop,22.643790605788663,0.8592601837042262,2.495420849505736,2.5632459890585135,UP,BUY,2.4538687265351915,False,79550.28313469456,-0.0006201967671312742,NONE,0.0,79562.4,0.5452204480322015,True,50.0,True,True,79562.4
2026-05-08 13:05:00+00:00,2026-05-08 13:05:00+00:00,2026-05-08 13:10:00+00:00,2026-05-08 13:10:00+00:00,SHORT,SHORT,-3.75,"['delta_strong_negative', 'cvd_strong_negative', 'aggressive_sellers']",79860.7,79860.7,0.0,LOSS,1,1.0,1.2326463454489693,0.15577123666587356,0.0,dynamic_structure,trailing_stop,22.643790605788663,0.9550990721637267,-2.531992103455863,-2.884715194663906,DOWN,SELL,0.4181304948431884,False,79779.57150484422,-0.0027855711373639316,NONE,0.0,79743.3,0.588023896609943,False,50.0,True,True,79743.3
2026-05-08 22:00:00+00:00,2026-05-08 22:00:00+00:00,2026-05-08 22:05:00+00:00,2026-05-08 22:20:00+00:00,LONG,LONG,4.25,"['delta_strong_positive', 'cvd_strong_positive', 'aggressive_buyers', 'above_vwap']",80274.3,80374.642875,19.619334056599236,PARTIAL+TRAIL,4,15.0,0.5067624382896996,0.1504840278893598,0.5000000000000104,dynamic_structure,trailing_stop,22.643790605788663,4.129290242179167,4.001062294983696,3.899768157370027,UP,BUY,3.1060084548037605,False,79854.73237061432,0.001670860228429845,NONE,0.0,80374.642875,0.5,True,50.0,False,True,80348.7
2026-05-09 01:10:00+00:00,2026-05-09 01:10:00+00:00,2026-05-09 01:15:00+00:00,2026-05-09 01:55:00+00:00,LONG,LONG,4.25,"['delta_strong_positive', 'cvd_strong_positive', 'aggressive_buyers', 'above_vwap']",80287.4,80387.75924999999,19.668382391739165,PARTIAL+TRAIL,9,40.0,0.5858951715960703,0.4444034804963025,0.49999999999997047,dynamic_structure,trailing_stop,22.643790605788663,1.5424897105844226,2.038914688234979,2.0118594418633395,UP,BUY,2.8802819865319864,False,80168.24773335176,0.0009578535913986776,NONE,0.0,80387.75924999999,0.5,True,50.0,False,True,80309.9
2026-05-09 04:05:00+00:00,2026-05-09 04:05:00+00:00,2026-05-09 04:10:00+00:00,2026-05-09 04:50:00+00:00,LONG,LONG,4.75,"['delta_strong_positive', 'cvd_strong_positive', 'aggressive_buyers', 'big_trade_buy', 'above_vwap']",80550.2,80348.8245,-39.43510669543831,LOSS,9,40.0,0.0844194055384096,1.1148327378454679,-0.9999999999999735,dynamic_structure,stop_loss,22.643790605788663,4.073447231764583,3.6843444200459343,2.5000082763336136,UP,BUY,2.2442181135724764,True,80358.48245657698,0.002308169489741043,NONE,0.0,80650.88775,0.5,False,50.0,False,False,80641.8
2026-05-09 06:35:00+00:00,2026-05-09 06:35:00+00:00,2026-05-09 06:40:00+00:00,2026-05-09 08:10:00+00:00,SHORT,SHORT,-4.25,"['delta_strong_negative', 'cvd_strong_negative', 'aggressive_sellers', 'below_vwap']",80180.1,80380.55025,-39.237931161961065,LOSS,19,90.0,0.4779240734297059,1.0037403295830116,-0.9999999999999721,dynamic_structure,stop_loss,22.643790605788663,3.642652750961463,-3.2195053726189955,-2.6790135580476417,DOWN,SELL,0.3117930795644114,False,80360.74410753862,-0.0026975721257097786,NONE,0.0,80079.87487500001,0.5,False,50.0,False,False,80160.0
2026-05-09 10:35:00+00:00,2026-05-09 10:35:00+00:00,2026-05-09 10:40:00+00:00,2026-05-09 16:35:00+00:00,LONG,LONG,3.75,"['delta_strong_positive', 'cvd_strong_positive', 'aggressive_buyers']",80300.1,80564.4,35.460857368729485,PARTIAL+TRAIL,72,355.0,2.4747167189081374,0.5484426544923645,0.9082806248061813,dynamic_structure,trailing_stop,22.643790605788663,2.011288063974212,2.663957750942084,2.67488085705363,UP,BUY,4.118481697629422,False,80313.78310854676,0.0006753613678303861,NONE,0.0,80400.47512500001,0.5,True,50.0,True,True,80381.3
2026-05-09 22:50:00+00:00,2026-05-09 22:50:00+00:00,2026-05-09 22:55:00+00:00,2026-05-09 23:30:00+00:00,SHORT,SHORT,-3.75,"['delta_strong_negative', 'cvd_strong_negative', 'aggressive_sellers']",80713.0,80612.10875,19.609522896498113,PARTIAL+TRAIL,8,35.0,0.7136396862958879,0.5154064401025857,0.5000000000000029,dynamic_structure,trailing_stop,22.643790605788663,1.238277358957527,-2.514044152832707,-2.712396966953674,DOWN,SELL,0.16100431597478565,False,80478.17968679727,-0.0008278857129958772,NONE,0.0,80612.10875,0.5,True,50.0,False,True,80700.0
2026-05-10 06:40:00+00:00,2026-05-10 06:40:00+00:00,2026-05-10 06:45:00+00:00,2026-05-10 08:15:00+00:00,LONG,LONG,4.25,"['delta_strong_positive', 'cvd_strong_positive', 'aggressive_buyers', 'above_vwap']",80676.3,80777.14537500001,19.658546703740107,PARTIAL+TRAIL,19,90.0,0.5513391169401526,0.03421079052960401,0.500000000000022,dynamic_structure,trailing_stop,22.643790605788663,3.183576130499354,2.6046718854484414,2.0289129907925196,UP,BUY,1.9652141006607864,False,80675.17133420963,-0.0005523414029216954,NONE,0.0,80777.14537500001,0.5,True,50.0,False,True,80708.3
2026-05-10 10:05:00+00:00,2026-05-10 10:05:00+00:00,2026-05-10 10:10:00+00:00,2026-05-10 11:05:00+00:00,LONG,LONG,4.25,"['delta_strong_positive', 'cvd_strong_positive', 'aggressive_buyers', 'above_vwap']",80786.5,80887.483125,19.70769307049837,PARTIAL+TRAIL,12,55.0,0.7575523138148081,0.7179417353146875,0.4999999999999942,dynamic_structure,trailing_stop,22.643790605788663,4.051083817517256,3.942801475483657,2.179959057341413,UP,BUY,3.099678164056725,False,80704.22947987604,0.0005072089308028215,NONE,0.0,80887.483125,0.5,True,50.0,False,True,80873.6
2026-05-10 13:25:00+00:00,2026-05-10 13:25:00+00:00,2026-05-10 13:30:00+00:00,2026-05-10 15:05:00+00:00,LONG,LONG,4.25,"['delta_strong_positive', 'cvd_strong_positive', 'aggressive_buyers', 'above_vwap']",80937.7,81038.872125,19.75696230317432,PARTIAL+TRAIL,20,95.0,0.7556429204190815,0.8238435240932079,0.4999999999999868,dynamic_structure,trailing_stop,22.643790605788663,2.667835623635616,2.930852157881285,2.0731642012760307,UP,BUY,2.3611474091571596,False,80739.3987027503,0.001611673254208158,NONE,0.0,81038.872125,0.5,True,50.0,False,True,80939.5
2026-05-10 15:45:00+00:00,2026-05-10 15:45:00+00:00,2026-05-10 15:50:00+00:00,2026-05-10 15:55:00+00:00,LONG,LONG,4.25,"['delta_strong_positive', 'cvd_strong_positive', 'aggressive_buyers', 'above_vwap']",81307.6,81409.2345,19.806354708932798,PARTIAL+TRAIL,2,5.0,0.5687045245462479,0.13774850075515696,0.5000000000000006,dynamic_structure,trailing_stop,22.643790605788663,3.454323804412579,3.0224227498976575,2.975864963642385,UP,BUY,1.7409702276738026,False,80854.4323446259,0.0035360872260164276,NONE,0.0,81409.2345,0.5,True,50.0,False,True,81348.1
2026-05-10 20:30:00+00:00,2026-05-10 20:30:00+00:00,2026-05-10 20:35:00+00:00,2026-05-10 21:00:00+00:00,SHORT,SHORT,-4.25,"['delta_strong_negative', 'cvd_strong_negative', 'aggressive_sellers', 'below_vwap']",80933.1,80766.4,26.286995451506797,PARTIAL+TRAIL,6,25.0,3.4991863650348245,0.6864929182250237,0.6619451744712912,dynamic_structure,trailing_stop,22.643790605788663,2.251070068734474,-2.520955536482036,-2.46825513733062,DOWN,SELL,0.4299050984671974,False,81039.42042995496,-0.004254395368573022,NONE,0.0,80831.933625,0.5,True,50.0,True,True,80865.0
2026-05-11 00:15:00+00:00,2026-05-11 00:15:00+00:00,2026-05-11 00:20:00+00:00,2026-05-11 00:20:00+00:00,SHORT,SHORT,-4.25,"['delta_strong_negative', 'cvd_strong_negative', 'aggressive_sellers', 'below_vwap']",81541.2,81541.2,0.0,LOSS,1,1.0,1.0949066238907306,1.0021927565451718,0.0,dynamic_structure,trailing_stop,22.643790605788663,2.906666422068546,-3.688927494396194,-2.185620761014959,DOWN,SELL,0.32829331661592015,False,81807.9080389822,0.0013012112850900104,NONE,0.0,80614.0,4.548375545123187,False,50.0,True,True,80614.0
2026-05-11 03:10:00+00:00,2026-05-11 03:10:00+00:00,2026-05-11 03:15:00+00:00,2026-05-11 04:30:00+00:00,SHORT,SHORT,-4.25,"['delta_strong_negative', 'cvd_strong_negative', 'aggressive_sellers', 'below_vwap']",80569.7,80771.12425,-39.843176168667036,LOSS,16,75.0,0.494478693603135,1.0793139356358965,-0.999999999999982,dynamic_structure,stop_loss,22.643790605788663,3.802199749054686,-4.045951900814963,-3.2964686641608765,DOWN,SELL,0.5283352808859639,False,81405.86365006307,-0.012034418516674288,NONE,0.0,80468.98787499999,0.5,False,50.0,False,False,80560.0
2026-05-11 05:40:00+00:00,2026-05-11 05:40:00+00:00,2026-05-11 05:45:00+00:00,2026-05-11 06:25:00+00:00,SHORT,SHORT,-4.25,"['delta_strong_negative', 'cvd_strong_negative', 'aggressive_sellers', 'below_vwap']",80750.9,80952.77725,-39.64396028782541,LOSS,9,40.0,0.2120100209408854,1.3988698577972938,-1.0000000000000249,dynamic_structure,stop_loss,22.643790605788663,1.885622078891197,-2.515610746363802,-3.282886826113251,DOWN,SELL,0.3950857435372408,False,81181.68127075849,-0.0013223899039620797,NONE,0.0,80649.961375,0.5,False,50.0,False,False,80685.9
2026-05-11 13:30:00+00:00,2026-05-11 13:30:00+00:00,2026-05-11 13:35:00+00:00,2026-05-11 13:40:00+00:00,SHORT,SHORT,-4.25,"['delta_strong_negative', 'cvd_strong_negative', 'aggressive_sellers', 'below_vwap']",80863.1,80762.021125,19.722870243193913,PARTIAL+TRAIL,2,5.0,0.727649570694202,1.7629796532657993,0.5000000000000322,dynamic_structure,trailing_stop,22.643790605788663,2.8713802835264413,-2.194518281580957,-2.2066783374419807,DOWN,SELL,0.584432603686636,False,81097.5959877274,-0.0027119266278472394,NONE,0.0,80762.021125,0.5,True,50.0,False,True,80860.0
2026-05-11 16:25:00+00:00,2026-05-11 16:25:00+00:00,2026-05-11 16:30:00+00:00,2026-05-11 16:40:00+00:00,SHORT,SHORT,-3.75,"['delta_strong_negative', 'cvd_strong_negative', 'aggressive_sellers']",81732.9,81732.9,0.0,LOSS,3,10.0,1.1006583640125052,0.7199059375111164,0.0,dynamic_structure,trailing_stop,22.643790605788663,-0.19085666946345511,-2.1156962911956168,-2.3077164455776593,DOWN,SELL,0.46120796535030906,False,81099.96391596958,0.007727137318028672,NONE,0.0,81160.8,2.799851712101204,False,50.0,True,True,81160.8
2026-05-11 19:20:00+00:00,2026-05-11 19:20:00+00:00,2026-05-11 19:25:00+00:00,2026-05-11 20:30:00+00:00,LONG,LONG,4.25,"['delta_strong_positive', 'cvd_strong_positive', 'aggressive_buyers', 'above_vwap']",82002.7,81797.69325,-39.54435483760135,LOSS,14,65.0,0.255113551139184,1.0028938071550877,-1.0000000000000022,dynamic_structure,stop_loss,22.643790605788663,2.1682225447435113,3.781813158601276,2.7138593056365323,UP,BUY,2.866346386728988,False,81216.28492353276,0.004009835731306653,NONE,0.0,82105.203375,0.5,False,50.0,False,False,82033.8
2026-05-12 01:15:00+00:00,2026-05-12 01:15:00+00:00,2026-05-12 01:20:00+00:00,2026-05-12 01:25:00+00:00,SHORT,SHORT,-4.25,"['delta_strong_negative', 'cvd_strong_negative', 'aggressive_sellers', 'below_vwap']",81337.3,81224.1,21.90404089035788,PARTIAL+TRAIL,2,5.0,0.612757000785646,0.48145192918867075,0.5566941612273684,dynamic_structure,trailing_stop,22.643790605788663,2.5183443241926335,-2.167091501646886,-2.076273877074372,DOWN,SELL,0.6261174715754744,False,81502.0350857503,-0.0034614255228631622,NONE,0.0,81224.1,0.5566941612273684,True,50.0,False,True,81224.1
2026-05-12 04:35:00+00:00,2026-05-12 04:35:00+00:00,2026-05-12 04:40:00+00:00,2026-05-12 06:40:00+00:00,LONG,LONG,4.25,"['delta_strong_positive', 'cvd_strong_positive', 'aggressive_buyers', 'above_vwap']",81256.0,81052.86,-39.45615326786493,LOSS,25,120.0,0.06990253027467308,1.0347543566013442,-0.9999999999999971,dynamic_structure,stop_loss,22.643790605788663,0.9308387497375705,2.378928151752178,2.3075390312992194,UP,BUY,2.8005517977928087,False,81160.97645330727,0.0018059791748694471,NONE,0.0,81357.57,0.5,False,50.0,False,False,81286.4
2026-05-12 07:45:00+00:00,2026-05-12 07:45:00+00:00,2026-05-12 07:50:00+00:00,2026-05-12 08:20:00+00:00,SHORT,SHORT,-4.25,"['delta_strong_negative', 'cvd_strong_negative', 'aggressive_sellers', 'below_vwap']",80835.6,80734.5555,19.629436250763554,PARTIAL+TRAIL,7,30.0,0.5754890172152017,0.43545170692120794,0.5000000000000178,dynamic_structure,trailing_stop,22.643790605788663,3.277213656883164,-3.0740425622617926,-2.212401764406375,DOWN,SELL,0.5644629548253864,False,81123.82092536126,-0.0026981311425650733,NONE,0.0,80734.5555,0.5,True,50.0,False,True,80756.0
2026-05-12 16:45:00+00:00,2026-05-12 16:45:00+00:00,2026-05-12 16:50:00+00:00,2026-05-12 16:55:00+00:00,SHORT,SHORT,-3.5,"['delta_strong_negative', 'cvd_strong_negative', 'below_vwap']",79944.3,79834.7,21.582673722743785,PARTIAL+TRAIL,2,5.0,0.7169992107004647,0.5198619538853635,0.5483818108358235,dynamic_structure,trailing_stop,22.643790605788663,3.503966652742631,-2.550041190333716,-2.0582007303103342,DOWN,SELL,0.7169999700876869,False,80758.86050382152,-0.0060919449305974396,NONE,0.0,79834.7,0.5483818108358235,True,50.0,False,True,79834.7
2026-05-13 01:20:00+00:00,2026-05-13 01:20:00+00:00,2026-05-13 01:25:00+00:00,2026-05-13 01:35:00+00:00,LONG,LONG,4.25,"['delta_strong_positive', 'cvd_strong_positive', 'aggressive_buyers', 'above_vwap']",80993.8,81095.04225,19.73246652569578,PARTIAL+TRAIL,3,10.0,0.7294385496173637,0.1743343317636802,0.4999999999999787,dynamic_structure,trailing_stop,22.643790605788663,3.075963319947508,3.299869631446751,2.50727951801403,UP,BUY,1.7398494626371823,False,80762.86554500139,0.004021483611969041,NONE,0.0,81095.04225,0.5,True,50.0,False,True,81090.6
2026-05-13 03:45:00+00:00,2026-05-13 03:45:00+00:00,2026-05-13 03:50:00+00:00,2026-05-13 05:30:00+00:00,LONG,LONG,4.25,"['delta_strong_positive', 'cvd_strong_positive', 'aggressive_buyers', 'above_vwap']",81236.1,81033.00975000001,-39.563595384020516,LOSS,21,100.0,0.15707302541601173,1.0103882387264362,-0.9999999999999695,dynamic_structure,stop_loss,22.643790605788663,2.19617218801656,2.4373824126532506,2.3295610887899985,UP,BUY,2.4674021788997162,False,80933.47955774618,0.003867895304341618,NONE,0.0,81337.64512500001,0.5,False,50.0,False,False,81239.1
2026-05-13 06:25:00+00:00,2026-05-13 06:25:00+00:00,2026-05-13 06:30:00+00:00,2026-05-13 07:20:00+00:00,LONG,LONG,4.25,"['delta_strong_positive', 'cvd_strong_positive', 'aggressive_buyers', 'above_vwap']",81070.1,80867.42475,-39.36577740710167,LOSS,11,50.0,0.04884661545992507,1.0583433349656655,-1.000000000000001,dynamic_structure,stop_loss,22.643790605788663,2.211828584807351,3.290849285265234,3.1261210595195768,UP,BUY,4.215579611002266,False,80994.10008733826,-0.00034036660141131527,NONE,0.0,81171.437625,0.5,False,50.0,False,False,81117.9
2026-05-13 09:00:00+00:00,2026-05-13 09:00:00+00:00,2026-05-13 09:05:00+00:00,2026-05-13 10:10:00+00:00,LONG,LONG,4.75,"['delta_strong_positive', 'cvd_strong_positive', 'aggressive_buyers', 'big_trade_buy', 'above_vwap']",81270.1,81066.92475,-39.16894852006616,LOSS,14,65.0,0.0004921859330369661,1.0025827456838943,-1.000000000000001,dynamic_structure,stop_loss,22.643790605788663,3.9907170643142336,4.0970316516647225,3.562176196365741,UP,BUY,5.5195414347708285,True,81004.83104611866,0.0028241980245208953,NONE,0.0,81371.687625,0.5,False,50.0,False,False,81270.2
2026-05-13 15:55:00+00:00,2026-05-13 15:55:00+00:00,2026-05-13 16:00:00+00:00,2026-05-13 16:00:00+00:00,SHORT,SHORT,-4.25,"['delta_strong_negative', 'cvd_strong_negative', 'aggressive_sellers', 'below_vwap']",78794.7,78991.68675,-38.97310377746508,LOSS,1,1.0,0.1314809244783935,1.0213884944037968,-0.9999999999999818,dynamic_structure,stop_loss,22.643790605788663,3.3937729827244874,-3.032890867351503,-2.5550827174196438,DOWN,SELL,0.6330390929752849,False,80214.42602379095,-0.011211605906254555,NONE,0.0,78696.20662499999,0.5,False,50.0,False,False,78753.1
2026-05-14 02:30:00+00:00,2026-05-14 02:30:00+00:00,2026-05-14 02:35:00+00:00,2026-05-14 02:45:00+00:00,SHORT,SHORT,-3.75,"['delta_strong_negative', 'cvd_strong_negative', 'aggressive_sellers']",79623.4,79521.8,19.792518315325562,PARTIAL+TRAIL,3,10.0,1.237827070936404,0.0,0.5104027208081608,dynamic_structure,trailing_stop,22.643790605788663,0.1621660935255865,-2.356403482930143,-2.2291047337097547,DOWN,SELL,0.2309574678349914,False,79530.7352257867,0.001956779082857678,NONE,0.0,79521.8,0.5104027208081608,True,50.0,True,True,79521.8
2026-05-14 05:30:00+00:00,2026-05-14 05:30:00+00:00,2026-05-14 05:35:00+00:00,2026-05-14 05:55:00+00:00,LONG,LONG,3.5,"['delta_strong_positive', 'cvd_strong_positive', 'above_vwap']",79643.6,79743.1545,19.438600425077222,PARTIAL+TRAIL,5,20.0,1.601635285195517,0.0005022374679488158,0.4999999999999918,dynamic_structure,trailing_stop,22.643790605788663,3.140379080600982,2.624838911885758,2.644419402767378,UP,BUY,1.4868422945312212,False,79366.62059705191,0.003925325186961809,NONE,0.0,79743.1545,0.5,True,50.0,True,True,79648.0
2026-05-14 13:00:00+00:00,2026-05-14 13:00:00+00:00,2026-05-14 13:05:00+00:00,2026-05-14 13:20:00+00:00,LONG,LONG,4.75,"['delta_strong_positive', 'cvd_strong_positive', 'aggressive_buyers', 'big_trade_buy', 'above_vwap']",79807.1,79906.858875,19.487196926140143,PARTIAL+TRAIL,4,15.0,1.1773388583221,0.43655263754731505,0.4999999999999976,dynamic_structure,trailing_stop,22.643790605788663,2.6824620094179292,3.9312866528372976,3.433003335633752,UP,BUY,3.707869815144121,True,79518.28930628311,0.003636117620092534,NONE,0.0,79906.858875,0.5,True,50.0,True,True,79824.4
2026-05-14 23:00:00+00:00,2026-05-14 23:00:00+00:00,2026-05-14 23:05:00+00:00,2026-05-14 23:10:00+00:00,SHORT,SHORT,-3.75,"['delta_strong_negative', 'cvd_strong_negative', 'aggressive_sellers']",81289.5,81187.888125,19.535914918456037,PARTIAL+TRAIL,2,5.0,0.7395789124056756,0.01968273885311141,0.5000000000000114,dynamic_structure,trailing_stop,22.643790605788663,2.5848598842720736,-3.166736766012697,-2.0711079934672387,DOWN,SELL,0.44331277889041143,False,80533.0948132761,-0.0010053281358345934,NONE,0.0,81187.888125,0.5,True,50.0,False,True,81286.5
2026-05-15 02:10:00+00:00,2026-05-15 02:10:00+00:00,2026-05-15 02:15:00+00:00,2026-05-15 02:35:00+00:00,SHORT,SHORT,-4.25,"['delta_strong_negative', 'cvd_strong_negative', 'aggressive_sellers', 'below_vwap']",80907.0,80805.86625,19.584754705750488,PARTIAL+TRAIL,5,20.0,0.9892839927324252,0.4672030850235455,0.49999999999996836,dynamic_structure,trailing_stop,22.643790605788663,2.1987586592675226,-2.468246135366964,-2.979933902910527,DOWN,SELL,0.5964602148391557,False,81261.59946680529,-0.004299483162298185,NONE,0.0,80805.86625,0.5,True,50.0,False,True,80828.9
2026-05-15 05:35:00+00:00,2026-05-15 05:35:00+00:00,2026-05-15 05:40:00+00:00,2026-05-15 06:40:00+00:00,SHORT,SHORT,-4.0,"['delta_strong_negative', 'cvd_strong_negative', 'big_trade_sell', 'below_vwap']",80376.1,80577.04025,-39.26743318503213,LOSS,13,60.0,0.5434451285892778,1.0993317665325595,-0.9999999999999982,dynamic_structure,stop_loss,22.643790605788663,3.7339415648968415,-3.1044157033728035,-2.772174854524038,DOWN,SELL,0.7490995567651431,True,80960.22052646404,-0.005789700095728788,NONE,0.0,80266.8,0.5439427889634003,False,50.0,False,False,80266.8
2026-05-15 12:50:00+00:00,2026-05-15 12:50:00+00:00,2026-05-15 12:55:00+00:00,2026-05-15 13:00:00+00:00,SHORT,SHORT,-4.25,"['delta_strong_negative', 'cvd_strong_negative', 'aggressive_sellers', 'below_vwap']",80321.9,80321.9,0.0,LOSS,2,5.0,1.4187911391538008,0.139438932594971,0.0,dynamic_structure,trailing_stop,22.643790605788663,1.2006331161088055,-2.729904313603373,-2.961427952603143,DOWN,SELL,0.37000821595650096,False,80744.77176591364,-0.0021313542903941274,NONE,0.0,80221.49762499999,0.5,False,50.0,True,True,80317.1
2026-05-15 13:35:00+00:00,2026-05-15 13:35:00+00:00,2026-05-15 13:40:00+00:00,2026-05-15 13:40:00+00:00,SHORT,SHORT,-4.25,"['delta_strong_negative', 'cvd_strong_negative', 'aggressive_sellers', 'below_vwap']",79268.5,79268.5,0.0,LOSS,1,1.0,1.0773510284665408,0.3063007373672876,0.0,dynamic_structure,trailing_stop,22.643790605788663,2.439524955999848,-2.8966292434196372,-2.8916620973212854,DOWN,SELL,0.6619909296096087,False,80550.4311869759,-0.010572368404497412,NONE,0.0,79169.414375,0.5,False,50.0,True,True,79239.0
2026-05-15 14:00:00+00:00,2026-05-15 14:00:00+00:00,2026-05-15 14:05:00+00:00,2026-05-15 14:05:00+00:00,LONG,LONG,3.75,"['delta_strong_positive', 'cvd_strong_positive', 'aggressive_buyers']",78927.5,78927.5,0.0,LOSS,1,1.0,1.2345506952583363,0.6035919039625267,0.0,dynamic_structure,trailing_stop,22.643790605788663,0.9812794284763136,2.4134136599568126,2.1295260726215344,UP,BUY,1.5316883222160458,False,80212.03513592362,-0.008510565958056621,NONE,0.0,80172.3,6.308574324538357,False,50.0,True,True,80172.3
2026-05-16 00:25:00+00:00,2026-05-16 00:25:00+00:00,2026-05-16 00:30:00+00:00,2026-05-16 04:30:00+00:00,LONG,LONG,4.25,"['delta_strong_positive', 'cvd_strong_positive', 'aggressive_buyers', 'above_vwap']",79142.9,78945.04275,-39.07109601910723,LOSS,49,240.0,0.2870756568182511,1.6774720158093483,-1.0000000000000047,dynamic_structure,stop_loss,22.643790605788663,0.7646473304980835,2.0990167896946055,2.7325850030219034,UP,BUY,2.673801116524964,False,79125.2907223829,0.0010783585944350235,NONE,0.0,79241.828625,0.5,False,50.0,False,False,79164.9
2026-05-16 06:40:00+00:00,2026-05-16 06:40:00+00:00,2026-05-16 06:45:00+00:00,2026-05-16 06:50:00+00:00,SHORT,SHORT,-4.25,"['delta_strong_negative', 'cvd_strong_negative', 'aggressive_sellers', 'below_vwap']",78705.6,78607.21800000001,19.437870269505318,PARTIAL+TRAIL,2,5.0,1.5841312435202153,0.20532211176838333,0.4999999999999888,dynamic_structure,trailing_stop,22.643790605788663,2.5416626727928584,-2.311908826572158,-2.141342479190969,DOWN,SELL,0.577639142324194,False,78983.57252353306,-0.0027977366514408603,NONE,0.0,78607.21800000001,0.5,True,50.0,True,True,78696.1
2026-05-16 09:10:00+00:00,2026-05-16 09:10:00+00:00,2026-05-16 09:15:00+00:00,2026-05-16 09:15:00+00:00,SHORT,SHORT,-4.25,"['delta_strong_negative', 'cvd_strong_negative', 'aggressive_sellers', 'below_vwap']",78228.0,78228.0,0.0,LOSS,1,1.0,1.9328117809479983,0.061359104157079306,0.0,dynamic_structure,trailing_stop,22.643790605788663,1.3596661659184779,-2.6525344372213775,-2.43136083506793,DOWN,SELL,0.36074568252897404,False,78620.74974288707,-0.003082347144524313,NONE,0.0,78000.4,1.163777675512634,False,50.0,True,True,78000.4
2026-05-16 14:30:00+00:00,2026-05-16 14:30:00+00:00,2026-05-16 14:35:00+00:00,2026-05-16 14:45:00+00:00,LONG,LONG,3.75,"['delta_strong_positive', 'cvd_strong_positive', 'aggressive_buyers']",78075.2,78172.794,19.486464945178987,PARTIAL+TRAIL,3,10.0,1.2900383220280085,0.12910629751827515,0.49999999999998634,dynamic_structure,trailing_stop,22.643790605788663,2.0387064374180186,2.3188391583266057,2.240992760189962,UP,BUY,2.9445261918775754,False,78324.51804368813,0.0012644590430824585,NONE,0.0,78172.794,0.5,True,50.0,True,True,78094.0
2026-05-16 16:40:00+00:00,2026-05-16 16:40:00+00:00,2026-05-16 16:45:00+00:00,2026-05-16 18:50:00+00:00,SHORT,SHORT,-4.25,"['delta_strong_negative', 'cvd_strong_negative', 'aggressive_sellers', 'below_vwap']",78107.9,78303.16975,-39.070362215086284,LOSS,26,125.0,0.03175094964784402,1.0175667250048288,-1.0000000000000346,dynamic_structure,stop_loss,22.643790605788663,1.4036947462303273,-2.3104006213288852,-2.661871313952615,DOWN,SELL,0.3969253989805235,False,78308.80846584668,0.0003106919655469501,NONE,0.0,78010.26512499999,0.5,False,50.0,False,False,78056.9
2026-05-17 00:55:00+00:00,2026-05-17 00:55:00+00:00,2026-05-17 01:00:00+00:00,2026-05-17 01:40:00+00:00,SHORT,SHORT,-4.75,"['delta_strong_negative', 'cvd_strong_negative', 'aggressive_sellers', 'big_trade_sell', 'below_vwap']",77915.3,77915.3,0.0,LOSS,9,40.0,1.2315937948002957,0.8732559587140973,0.0,dynamic_structure,trailing_stop,22.643790605788663,4.141533630645598,-3.8086580570910322,-3.749807979696576,DOWN,SELL,0.5983258106237345,True,78031.9895141569,-0.002474587235146494,NONE,0.0,77760.0,0.797276016392174,False,50.0,True,True,77760.0
2026-05-17 10:00:00+00:00,2026-05-17 10:00:00+00:00,2026-05-17 10:05:00+00:00,2026-05-17 10:15:00+00:00,LONG,LONG,4.25,"['delta_strong_positive', 'cvd_strong_positive', 'aggressive_buyers', 'above_vwap']",78280.4,78378.2505,19.437505202004846,PARTIAL+TRAIL,3,10.0,1.1011696414428134,0.2181899939192804,0.5000000000000023,dynamic_structure,trailing_stop,22.643790605788663,2.06290406934987,3.0739684198841055,2.867261074202902,UP,BUY,2.2794262347453835,False,78011.34007512424,0.0021268360023461706,NONE,0.0,78378.2505,0.5,True,50.0,True,True,78313.8
2026-05-17 13:10:00+00:00,2026-05-17 13:10:00+00:00,2026-05-17 13:15:00+00:00,2026-05-17 14:10:00+00:00,SHORT,SHORT,-3.75,"['delta_strong_negative', 'cvd_strong_negative', 'aggressive_sellers']",78220.0,78060.5,31.787601993547,PARTIAL+TRAIL,12,55.0,1.032472513423647,0.47302480184096135,0.8156481718230632,dynamic_structure,trailing_stop,22.643790605788663,1.788661310785694,-3.3184480789067923,-2.859444230603019,DOWN,SELL,0.20741410936492985,False,78123.00710347056,-0.00170245557230046,NONE,0.0,78060.5,0.8156481718230632,True,50.0,True,True,78060.5
2026-05-17 19:50:00+00:00,2026-05-17 19:50:00+00:00,2026-05-17 19:55:00+00:00,2026-05-17 22:00:00+00:00,LONG,LONG,4.25,"['delta_strong_positive', 'cvd_strong_positive', 'aggressive_buyers', 'above_vwap']",78374.2,78178.26449999999,-39.13113593998863,LOSS,26,125.0,0.40217316412800597,1.8531608616100261,-1.000000000000035,dynamic_structure,stop_loss,22.643790605788663,2.5269658757731883,2.125050313648162,2.664216978482911,UP,BUY,1.9798785390694966,False,78101.56966042431,0.0036626622010750487,NONE,0.0,78472.16775,0.5,False,50.0,False,False,78432.0
2026-05-17 23:40:00+00:00,2026-05-17 23:40:00+00:00,2026-05-17 23:45:00+00:00,2026-05-17 23:50:00+00:00,SHORT,SHORT,-4.75,"['delta_strong_negative', 'cvd_strong_negative', 'aggressive_sellers', 'big_trade_sell', 'below_vwap']",77217.0,77410.0425,-38.935480260286496,LOSS,2,5.0,0.6801611044200262,1.625548778118823,-0.9999999999999788,dynamic_structure,stop_loss,22.643790605788663,4.230502744299256,-4.227625615485278,-4.151337421835564,DOWN,SELL,0.5222716144558438,True,77919.32850475704,-0.004982653574499459,NONE,0.0,76666.0,2.8542937436056826,False,50.0,False,False,76666.0
2026-05-18 05:40:00+00:00,2026-05-18 05:40:00+00:00,2026-05-18 05:45:00+00:00,2026-05-18 06:10:00+00:00,SHORT,SHORT,-4.25,"['delta_strong_negative', 'cvd_strong_negative', 'aggressive_sellers', 'below_vwap']",76865.8,76769.71775,19.370401429494304,PARTIAL+TRAIL,6,25.0,1.7240437229561283,0.43556432119354554,0.5000000000000351,dynamic_structure,trailing_stop,22.643790605788663,2.029621192726353,-3.025894873429152,-2.685187778933318,DOWN,SELL,0.31862104207381875,False,76988.6096694169,-0.0009105624396816401,NONE,0.0,76769.71775,0.5,True,50.0,True,True,76858.0
2026-05-18 08:05:00+00:00,2026-05-18 08:05:00+00:00,2026-05-18 08:10:00+00:00,2026-05-18 08:30:00+00:00,LONG,LONG,4.25,"['delta_strong_positive', 'cvd_strong_positive', 'aggressive_buyers', 'above_vwap']",77077.9,76885.20525,-38.83765486613237,LOSS,5,20.0,0.0,1.0067736666411513,-0.9999999999999746,dynamic_structure,stop_loss,22.713066816394612,2.675948609880952,2.366883016933504,2.4348376733025923,UP,BUY,1.9203221089065285,False,76954.16858048685,0.002537110866663264,NONE,0.0,77193.5,0.599912555998572,False,50.0,False,False,77193.5
2026-05-18 11:40:00+00:00,2026-05-18 11:40:00+00:00,2026-05-18 11:45:00+00:00,2026-05-18 12:05:00+00:00,LONG,LONG,3.5,"['delta_strong_positive', 'cvd_strong_positive', 'above_vwap']",77328.6,77425.26075,19.321733295900437,PARTIAL+TRAIL,5,20.0,0.6538331225445394,0.7764268330217063,0.49999999999997646,dynamic_structure,trailing_stop,22.713066816394612,3.941203762723497,2.988756494286648,2.6289706684144645,UP,BUY,1.221297128675595,False,76950.60700993925,0.00482733187034149,NONE,0.0,77425.26075,0.5,True,50.0,False,True,77375.0
2026-05-18 14:15:00+00:00,2026-05-18 14:15:00+00:00,2026-05-18 14:20:00+00:00,2026-05-18 14:25:00+00:00,SHORT,SHORT,-4.25,"['delta_strong_negative', 'cvd_strong_negative', 'aggressive_sellers', 'below_vwap']",76588.7,76780.17175,-38.740075258281585,LOSS,2,5.0,0.20211858929579476,1.086844403939515,-0.9999999999999842,dynamic_structure,stop_loss,22.907250236018424,2.752436771433831,-3.9709831650663423,-3.0879909990652328,DOWN,SELL,0.5198101279002605,False,77017.00872986049,-0.006740218306508065,NONE,0.0,76376.0,1.1108688357420722,False,50.0,False,False,76376.0
2026-05-19 00:20:00+00:00,2026-05-19 00:20:00+00:00,2026-05-19 00:25:00+00:00,2026-05-19 01:00:00+00:00,LONG,LONG,4.25,"['delta_strong_positive', 'cvd_strong_positive', 'aggressive_buyers', 'above_vwap']",77210.7,77017.67324999999,-38.546374881991696,LOSS,8,35.0,0.3362228292193115,1.085859861392223,-1.0000000000000235,dynamic_structure,stop_loss,23.292713984838347,2.9933242343200686,3.1375051987886056,3.130322323022592,UP,BUY,2.0775359812105707,False,77148.80227729572,0.002362597446095903,NONE,0.0,77384.6,0.9009114021761685,False,50.0,False,False,77384.6
2026-05-19 02:20:00+00:00,2026-05-19 02:20:00+00:00,2026-05-19 02:25:00+00:00,2026-05-19 02:30:00+00:00,LONG,LONG,4.25,"['delta_strong_positive', 'cvd_strong_positive', 'aggressive_buyers', 'above_vwap']",76959.7,76767.30075,-38.35364300758127,LOSS,2,5.0,0.05145550203552629,1.1673642178958143,-1.0000000000000115,dynamic_structure,stop_loss,23.676250414914158,0.17020459268794774,2.092820263910783,2.039186314887691,UP,BUY,3.0257105610454826,False,76917.93494993729,0.0001595981614483519,NONE,0.0,77080.0,0.6252623126129802,False,50.0,False,False,77080.0
2026-05-19 11:40:00+00:00,2026-05-19 11:40:00+00:00,2026-05-19 11:45:00+00:00,2026-05-19 12:20:00+00:00,SHORT,SHORT,-4.25,"['delta_strong_negative', 'cvd_strong_negative', 'aggressive_sellers', 'below_vwap']",76618.7,76810.24674999999,-38.16187479254174,LOSS,8,35.0,0.048030050105246316,1.0075869206864643,-0.9999999999999689,dynamic_structure,stop_loss,24.05786916283957,3.1635612065195007,-3.6988149144554012,-3.032549947307768,DOWN,SELL,0.36370717546916875,False,76899.06573434759,-0.003860592721055629,NONE,0.0,76522.926625,0.5,False,50.0,False,False,76576.8
2026-05-19 14:15:00+00:00,2026-05-19 14:15:00+00:00,2026-05-19 14:20:00+00:00,2026-05-19 14:25:00+00:00,SHORT,SHORT,-4.25,"['delta_strong_negative', 'cvd_strong_negative', 'aggressive_sellers', 'below_vwap']",76443.4,76334.2,21.696786609223814,PARTIAL+TRAIL,2,5.0,0.9701295337465062,0.28517831493627965,0.5714031557989158,dynamic_structure,trailing_stop,24.05786916283957,3.0884087598374266,-3.207318797226746,-3.7163752295140347,DOWN,SELL,0.5293971945788793,False,76854.2592269787,-0.004118445811005888,NONE,0.0,76334.2,0.5714031557989158,True,50.0,False,True,76334.2
2026-05-19 19:10:00+00:00,2026-05-19 19:10:00+00:00,2026-05-19 19:15:00+00:00,2026-05-19 19:25:00+00:00,LONG,LONG,4.25,"['delta_strong_positive', 'cvd_strong_positive', 'aggressive_buyers', 'above_vwap']",77021.5,76828.94625,-38.0795493516276,LOSS,3,10.0,0.10802178612466862,1.5611225437053593,-1.0000000000000333,dynamic_structure,stop_loss,24.221696790263614,1.6653654682856056,2.7249415089704954,2.289285251991885,UP,BUY,3.2914667989928508,False,76761.90630803714,0.004380827465992891,NONE,0.0,77117.776875,0.5,False,50.0,False,False,77030.5
2026-05-19 22:00:00+00:00,2026-05-19 22:00:00+00:00,2026-05-19 22:05:00+00:00,2026-05-19 22:20:00+00:00,SHORT,SHORT,-3.75,"['delta_strong_negative', 'cvd_strong_negative', 'aggressive_sellers']",76804.7,76708.694125,18.944575802434603,PARTIAL+TRAIL,4,15.0,0.8692176390246648,0.17082287932901455,0.5000000000000133,dynamic_structure,trailing_stop,24.221696790263614,4.1425023258347045,-4.012766226095247,-3.847944150950588,DOWN,SELL,0.33164290568436744,False,76767.60014316978,-0.0009271394158736849,NONE,0.0,76708.694125,0.5,True,50.0,False,True,76733.1
2026-05-20 00:10:00+00:00,2026-05-20 00:10:00+00:00,2026-05-20 00:15:00+00:00,2026-05-20 00:30:00+00:00,SHORT,SHORT,-4.25,"['delta_strong_negative', 'cvd_strong_negative', 'aggressive_sellers', 'below_vwap']",76543.1,76734.45775,-37.98387448387949,LOSS,4,15.0,0.3036197906800525,1.465840813868265,-0.9999999999999768,dynamic_structure,stop_loss,24.412089777078062,3.9034910912129233,-3.6253841821749266,-2.604523178939353,DOWN,SELL,0.3891068543734133,False,76637.57677154451,-0.003158652954415623,NONE,0.0,76447.42112500001,0.5,False,50.0,False,False,76500.0
2026-05-20 05:05:00+00:00,2026-05-20 05:05:00+00:00,2026-05-20 05:10:00+00:00,2026-05-20 05:10:00+00:00,LONG,LONG,4.25,"['delta_strong_positive', 'cvd_strong_positive', 'aggressive_buyers', 'above_vwap']",77008.0,77008.0,0.0,LOSS,1,1.0,1.2570122584666528,0.14543943486391023,0.0,dynamic_structure,trailing_stop,24.412089777078062,3.986700379446834,3.9546371575309194,3.745133143388484,UP,BUY,3.7870978651447893,False,76703.58878581639,0.0037924466040112487,NONE,0.0,77104.26,0.5,False,50.0,True,True,77026.3
2026-05-20 08:35:00+00:00,2026-05-20 08:35:00+00:00,2026-05-20 08:40:00+00:00,2026-05-20 09:15:00+00:00,LONG,LONG,4.25,"['delta_strong_positive', 'cvd_strong_positive', 'aggressive_buyers', 'above_vwap']",77550.1,77356.22475000001,-37.79395511146044,LOSS,8,35.0,0.31927747352998476,1.115150077175976,-0.9999999999999861,dynamic_structure,stop_loss,24.790029328192666,4.012752491136822,3.6354801783693382,3.2379895969266888,UP,BUY,2.600389504537689,False,76989.75567945678,0.004181898946664599,NONE,0.0,77647.03762500001,0.5,False,50.0,False,False,77560.0
2026-05-20 12:55:00+00:00,2026-05-20 12:55:00+00:00,2026-05-20 13:00:00+00:00,2026-05-20 13:15:00+00:00,LONG,LONG,4.25,"['delta_strong_positive', 'cvd_strong_positive', 'aggressive_buyers', 'above_vwap']",77590.2,77396.2245,-37.60498533590376,LOSS,4,15.0,0.13919283620869646,1.1351949086353539,-1.0000000000000024,dynamic_structure,stop_loss,25.166079181551705,4.045679342084674,4.0452408561008735,3.3350039602056443,UP,BUY,2.2939344683395584,False,77137.78586913519,0.0014184472401535292,NONE,0.0,77687.18775,0.5,False,50.0,False,False,77629.6
2026-05-20 13:35:00+00:00,2026-05-20 13:35:00+00:00,2026-05-20 13:40:00+00:00,2026-05-20 13:45:00+00:00,SHORT,SHORT,-3.5,"['delta_strong_negative', 'cvd_strong_negative', 'below_vwap']",77055.2,77247.838,-37.41696040922537,LOSS,2,5.0,0.5097644286173916,1.437411102690065,-1.0000000000000326,dynamic_structure,stop_loss,25.54024878564396,3.1165556183644383,-2.0056378338783176,-2.0661098476919237,DOWN,SELL,0.7615475213389209,False,77148.43207516472,-0.004308385302061375,NONE,0.0,76925.6,0.6727644597638641,False,50.0,False,False,76925.6
2026-05-20 15:15:00+00:00,2026-05-20 15:15:00+00:00,2026-05-20 15:20:00+00:00,2026-05-20 15:40:00+00:00,LONG,LONG,4.0,"['delta_strong_positive', 'cvd_strong_positive', 'big_trade_buy', 'above_vwap']",77585.6,77391.636,-37.22987560717941,LOSS,5,20.0,0.7032232785465043,1.3023035202408992,-1.0000000000000373,dynamic_structure,stop_loss,25.912547541715757,3.3181993641792737,3.046274676695896,2.19362079011977,UP,BUY,1.4933052943495873,True,77188.28725639045,0.0033188204694817062,NONE,0.0,77733.0,0.759934833267999,False,50.0,False,False,77733.0
2026-05-20 19:35:00+00:00,2026-05-20 19:35:00+00:00,2026-05-20 19:40:00+00:00,2026-05-20 19:55:00+00:00,LONG,LONG,3.25,"['delta_strong_positive', 'cvd_strong_positive', 'aggressive_buyers', 'big_trade_buy', 'above_vwap', 'buy_absorption']",77550.8,77647.7385,18.521863114571797,PARTIAL+TRAIL,4,15.0,0.6519597476750423,0.0,0.5000000000000199,dynamic_structure,trailing_stop,25.912547541715757,1.5913237932221176,2.6764548139466,2.2641898008261667,UP,BUY,2.187352504151735,True,77228.8885055669,0.0021935496433928624,BUY_ABSORPTION,-1.0,77647.7385,0.5,True,50.0,False,True,77600.0
2026-05-20 22:25:00+00:00,2026-05-20 22:25:00+00:00,2026-05-20 22:30:00+00:00,2026-05-20 23:50:00+00:00,LONG,LONG,4.25,"['delta_strong_positive', 'cvd_strong_positive', 'aggressive_buyers', 'above_vwap']",77400.1,77496.85012500001,18.568167772358628,PARTIAL+TRAIL,17,80.0,0.5617563801597004,0.31111070915935063,0.5000000000000306,dynamic_structure,trailing_stop,25.912547541715757,0.4791300094638305,2.1138474527284554,2.2150573684370194,UP,BUY,2.6993131587895274,False,77254.33951699182,-0.0015435251178628122,NONE,0.0,77496.85012500001,0.5,True,50.0,False,True,77424.2
2026-05-21 00:45:00+00:00,2026-05-21 00:45:00+00:00,2026-05-21 00:50:00+00:00,2026-05-21 00:55:00+00:00,LONG,LONG,4.25,"['delta_strong_positive', 'cvd_strong_positive', 'aggressive_buyers', 'above_vwap']",77918.3,78015.697875,18.61458819178745,PARTIAL+TRAIL,2,5.0,0.6812263614580765,0.2767000820090209,0.4999999999999749,dynamic_structure,trailing_stop,25.912547541715757,3.8834120256010376,3.829761241129323,3.204099877060647,UP,BUY,3.1980772361132344,False,77715.72389688753,0.004726971645455831,NONE,0.0,78015.697875,0.5,True,50.0,False,True,77933.0
2026-05-21 06:05:00+00:00,2026-05-21 06:05:00+00:00,2026-05-21 06:10:00+00:00,2026-05-21 07:00:00+00:00,SHORT,SHORT,-4.25,"['delta_strong_negative', 'cvd_strong_negative', 'aggressive_sellers', 'below_vwap']",77710.1,77612.962375,18.661124662268435,PARTIAL+TRAIL,11,50.0,1.0747637694456853,0.602238319085936,0.5000000000000155,dynamic_structure,trailing_stop,25.912547541715757,1.338431830034994,-2.3779774635235067,-2.005564690497585,DOWN,SELL,0.3307453616078901,False,77890.46502849123,-0.0028132815466420063,NONE,0.0,77612.962375,0.5,True,50.0,True,True,77651.7
2026-05-21 08:05:00+00:00,2026-05-21 08:05:00+00:00,2026-05-21 08:10:00+00:00,2026-05-21 08:35:00+00:00,LONG,LONG,4.25,"['delta_strong_positive', 'cvd_strong_positive', 'aggressive_buyers', 'above_vwap']",78076.2,77881.0095,-37.41555494784648,LOSS,6,25.0,0.33966817032592733,1.1588678752295687,-0.9999999999999846,dynamic_structure,stop_loss,25.912547541715757,3.663485786755652,3.0487023322880082,2.4254198754674876,UP,BUY,1.5671181785552661,False,77849.86137878308,0.0036364525019634175,NONE,0.0,78173.79525,0.5,False,50.0,False,False,78106.8
2026-05-21 13:35:00+00:00,2026-05-21 13:35:00+00:00,2026-05-21 13:40:00+00:00,2026-05-21 13:45:00+00:00,SHORT,SHORT,-4.25,"['delta_strong_negative', 'cvd_strong_negative', 'aggressive_sellers', 'below_vwap']",76855.1,76759.03112500001,18.614238586553366,PARTIAL+TRAIL,2,5.0,0.8244085298178454,0.5136939513447882,0.4999999999999854,dynamic_structure,trailing_stop,25.912547541715757,4.062865192532059,-3.5424294128554443,-2.7952153161095317,DOWN,SELL,0.6405347375319409,False,77624.8147295859,-0.005333251400674661,NONE,0.0,76759.03112500001,0.5,True,50.0,False,True,76808.0
2026-05-21 17:10:00+00:00,2026-05-21 17:10:00+00:00,2026-05-21 17:15:00+00:00,2026-05-21 17:15:00+00:00,LONG,LONG,4.25,"['delta_strong_positive', 'cvd_strong_positive', 'aggressive_buyers', 'above_vwap']",77484.9,77484.9,0.0,LOSS,1,1.0,1.8367449657933503,0.12389510730477811,0.0,dynamic_structure,trailing_stop,25.912547541715757,3.838922235045439,3.2494487674987633,2.076831238640685,UP,BUY,1.5000810190120555,False,77474.46400294088,0.0054869877661293575,NONE,0.0,77581.756125,0.5,False,50.0,True,True,77538.3
2026-05-22 01:15:00+00:00,2026-05-22 01:15:00+00:00,2026-05-22 01:20:00+00:00,2026-05-22 01:35:00+00:00,LONG,LONG,4.25,"['delta_strong_positive', 'cvd_strong_positive', 'aggressive_buyers', 'above_vwap']",77509.5,77315.72625,-37.32154836603924,LOSS,4,15.0,0.0,1.021810229713777,-0.9999999999999638,dynamic_structure,stop_loss,25.912547541715757,1.413635834796132,2.973627216675152,2.2980722894384087,UP,BUY,3.604106595441163,False,77432.70538482486,-0.0006020305765365432,NONE,0.0,77606.386875,0.5,False,50.0,False,False,77535.9
2026-05-22 04:45:00+00:00,2026-05-22 04:45:00+00:00,2026-05-22 04:50:00+00:00,2026-05-22 05:45:00+00:00,SHORT,SHORT,-3.75,"['delta_strong_negative', 'cvd_strong_negative', 'aggressive_sellers']",77604.1,77507.09487500001,18.567470312104437,PARTIAL+TRAIL,12,55.0,0.575742776477076,0.4520379722205249,0.4999999999999795,dynamic_structure,trailing_stop,25.912547541715757,1.2217157675610857,-2.455842219034298,-2.0822122237114833,DOWN,SELL,0.2992727430246382,False,77596.25469116938,-0.00027302640132685174,NONE,0.0,77507.09487500001,0.5,True,50.0,False,True,77575.0
2026-05-22 11:15:00+00:00,2026-05-22 11:15:00+00:00,2026-05-22 11:20:00+00:00,2026-05-22 11:45:00+00:00,SHORT,SHORT,-4.25,"['delta_strong_negative', 'cvd_strong_negative', 'aggressive_sellers', 'below_vwap']",77174.5,77367.43625,-37.227777975770685,LOSS,6,25.0,0.1876267419937782,1.115394333620546,-0.9999999999999939,dynamic_structure,stop_loss,25.916721828215877,1.3392465501449904,-2.001484037617097,-2.048506314577984,DOWN,SELL,0.527336313050015,False,77455.0960025141,-0.001768619941727797,NONE,0.0,77078.031875,0.5,False,50.0,False,False,77170.0
2026-05-22 12:10:00+00:00,2026-05-22 12:10:00+00:00,2026-05-22 12:15:00+00:00,2026-05-22 13:25:00+00:00,LONG,LONG,4.25,"['delta_strong_positive', 'cvd_strong_positive', 'aggressive_buyers', 'above_vwap']",77494.8,77301.06300000001,-37.04163908589086,LOSS,15,70.0,0.2771798881989351,1.1334954087242282,-0.9999999999999674,dynamic_structure,stop_loss,26.287138219074784,3.7401672349087876,3.780748514840273,2.3371597978444787,UP,BUY,2.244647399596904,False,77447.31707873999,0.0024452204183201816,NONE,0.0,77591.6685,0.5,False,50.0,False,False,77505.7
2026-05-22 14:20:00+00:00,2026-05-22 14:20:00+00:00,2026-05-22 14:25:00+00:00,2026-05-22 15:05:00+00:00,SHORT,SHORT,-4.25,"['delta_strong_negative', 'cvd_strong_negative', 'aggressive_sellers', 'below_vwap']",76783.0,76687.02125,18.428215445230297,PARTIAL+TRAIL,9,40.0,0.7934047901228287,0.7241186200070328,0.49999999999997274,dynamic_structure,trailing_stop,26.287138219074784,2.665193011160627,-2.76450137904077,-2.849503499070409,DOWN,SELL,0.6375604431641353,False,77356.35696045199,-0.005331027117768223,NONE,0.0,76687.02125,0.5,True,50.0,False,True,76736.5
2026-05-22 18:45:00+00:00,2026-05-22 18:45:00+00:00,2026-05-22 18:50:00+00:00,2026-05-22 18:50:00+00:00,SHORT,SHORT,-3.5,"['delta_strong_negative', 'cvd_strong_negative', 'below_vwap']",76304.1,76494.86025000001,-36.948571967690036,LOSS,1,1.0,0.07024524239200111,1.2261464324983542,-1.0000000000000346,dynamic_structure,stop_loss,26.472341784299385,4.173139517075749,-3.9255538762706164,-3.6239038209644368,DOWN,SELL,0.7135305180217405,False,77059.69142788327,-0.004823818298794391,NONE,0.0,76049.9,1.33256273253999,False,50.0,False,False,76049.9
2026-05-22 22:40:00+00:00,2026-05-22 22:40:00+00:00,2026-05-22 22:45:00+00:00,2026-05-22 23:05:00+00:00,SHORT,SHORT,-4.25,"['delta_strong_negative', 'cvd_strong_negative', 'aggressive_sellers', 'below_vwap']",75618.4,75807.446,-36.76382910785072,LOSS,5,20.0,0.09733080837465051,1.0515959078742894,-1.000000000000011,dynamic_structure,stop_loss,26.839980075377902,4.1562628520762726,-4.174865231942989,-3.854805798481985,DOWN,SELL,0.3726195147384489,False,76746.57666492822,-0.005128771837275684,NONE,0.0,75500.0,0.6263025930196575,False,50.0,False,False,75500.0
2026-05-23 04:15:00+00:00,2026-05-23 04:15:00+00:00,2026-05-23 04:20:00+00:00,2026-05-23 06:15:00+00:00,SHORT,SHORT,-3.75,"['delta_strong_negative', 'cvd_strong_negative', 'aggressive_sellers']",75543.1,75432.2,21.480310470820577,PARTIAL+TRAIL,24,115.0,0.6025699236594892,0.407184772666169,0.5872144510882329,dynamic_structure,trailing_stop,26.839980075377902,1.096970907985038,-2.9521918143338297,-2.5843184478971595,DOWN,SELL,0.19106119458412377,False,75437.40199786413,0.0015908385588518168,NONE,0.0,75432.2,0.5872144510882329,True,50.0,False,True,75432.2
2026-05-23 07:45:00+00:00,2026-05-23 07:45:00+00:00,2026-05-23 07:50:00+00:00,2026-05-23 07:50:00+00:00,SHORT,SHORT,-3.5,"['delta_strong_negative', 'cvd_strong_negative', 'below_vwap']",74993.7,74993.7,0.0,LOSS,1,1.0,4.214220661202161,0.014934587838727309,0.0,dynamic_structure,trailing_stop,26.839980075377902,4.117655184648031,-3.0234645768591677,-2.1456527100668414,DOWN,SELL,0.7802965803620076,False,75354.47297581729,-0.0038023650150052647,NONE,0.0,74899.957875,0.5,False,50.0,True,True,74910.0
2026-05-23 10:50:00+00:00,2026-05-23 10:50:00+00:00,2026-05-23 10:55:00+00:00,2026-05-23 13:00:00+00:00,SHORT,SHORT,-4.25,"['delta_strong_negative', 'cvd_strong_negative', 'aggressive_sellers', 'below_vwap']",74682.6,74869.3065,-36.6874115146652,LOSS,26,125.0,0.3304651953735496,1.3786343806990875,-1.000000000000001,dynamic_structure,stop_loss,26.99205108581635,0.08843778116864863,-2.15772906302911,-2.233836325123981,DOWN,SELL,0.27104763997916853,False,74947.96129907426,-0.0003721541591143927,NONE,0.0,74589.24675,0.5,False,50.0,False,False,74633.9
2026-05-23 18:10:00+00:00,2026-05-23 18:10:00+00:00,2026-05-23 18:15:00+00:00,2026-05-23 18:20:00+00:00,LONG,LONG,4.25,"['delta_strong_positive', 'cvd_strong_positive', 'aggressive_buyers', 'above_vwap']",75659.7,75754.27462499999,18.251987228544724,PARTIAL+TRAIL,2,5.0,1.2355322582563615,0.24425156324964065,0.4999999999999674,dynamic_structure,trailing_stop,26.99205108581635,3.79082848443296,3.673320165042862,3.624884704143773,UP,BUY,2.498325090099478,False,75060.16058299718,0.0027206355768177397,NONE,0.0,75754.27462499999,0.5,True,50.0,True,True,75670.8
2026-05-23 20:10:00+00:00,2026-05-23 20:10:00+00:00,2026-05-23 20:15:00+00:00,2026-05-23 20:20:00+00:00,LONG,LONG,4.25,"['delta_strong_positive', 'cvd_strong_positive', 'aggressive_buyers', 'above_vwap']",76057.6,76152.672,18.297617196617296,PARTIAL+TRAIL,2,5.0,0.630574722315688,0.5006731740155442,0.5000000000000006,dynamic_structure,trailing_stop,26.99205108581635,3.481958260714974,2.8115766124244486,2.0435375000045743,UP,BUY,2.4182276264417624,False,75134.42367487251,0.004308385214326135,NONE,0.0,76152.672,0.5,True,50.0,False,True,76130.0
2026-05-23 20:35:00+00:00,2026-05-23 20:35:00+00:00,2026-05-23 20:40:00+00:00,2026-05-23 20:40:00+00:00,LONG,LONG,4.25,"['delta_strong_positive', 'cvd_strong_positive', 'aggressive_buyers', 'above_vwap']",76711.9,76711.9,0.0,LOSS,1,1.0,1.0783203127546206,0.13505075483722437,0.0,dynamic_structure,trailing_stop,26.99205108581635,3.411609153287711,2.065886198570469,2.036847942116893,UP,BUY,1.5650892173336532,False,75220.87686204603,0.00974610266773171,NONE,0.0,76822.9,0.5787889493025202,False,50.0,True,True,76822.9
2026-05-23 23:05:00+00:00,2026-05-23 23:05:00+00:00,2026-05-23 23:10:00+00:00,2026-05-24 00:50:00+00:00,LONG,LONG,4.25,"['delta_strong_positive', 'cvd_strong_positive', 'aggressive_buyers', 'above_vwap']",76695.7,76864.1,32.22107140557069,PARTIAL+TRAIL,21,100.0,1.171904031125589,0.7677092718366066,0.8782760963131374,dynamic_structure,trailing_stop,26.99205108581635,1.6504660413969614,2.5484744709058242,2.599643446935234,UP,BUY,2.398662821597381,False,75520.294337984,0.0009440105175122441,NONE,0.0,76864.1,0.8782760963131374,True,50.0,True,True,76864.1
2026-05-24 03:40:00+00:00,2026-05-24 03:40:00+00:00,2026-05-24 03:45:00+00:00,2026-05-24 05:45:00+00:00,SHORT,SHORT,-4.25,"['delta_strong_negative', 'cvd_strong_negative', 'aggressive_sellers', 'below_vwap']",76724.2,76628.29475,18.42391391812201,PARTIAL+TRAIL,25,120.0,0.5901658146973033,0.5197838491636125,0.49999999999998,dynamic_structure,trailing_stop,26.99205108581635,1.3219881028351712,-2.781954235072074,-2.6769828157920905,DOWN,SELL,0.33420861481590103,False,76800.35570557122,-0.000912133978019239,NONE,0.0,76628.29475,0.5,True,50.0,False,True,76720.8
2026-05-24 06:45:00+00:00,2026-05-24 06:45:00+00:00,2026-05-24 06:50:00+00:00,2026-05-24 06:55:00+00:00,LONG,LONG,4.25,"['delta_strong_positive', 'cvd_strong_positive', 'aggressive_buyers', 'above_vwap']",76866.9,76962.983625,18.469973702917915,PARTIAL+TRAIL,2,5.0,0.900777838055162,0.0,0.49999999999999634,dynamic_structure,trailing_stop,26.99205108581635,3.0622459201009407,3.391242721167844,2.9723712840527505,UP,BUY,2.4553493803931747,False,76777.3906451301,0.0012479163751969303,NONE,0.0,76962.983625,0.5,True,50.0,False,True,76894.4
2026-05-24 10:25:00+00:00,2026-05-24 10:25:00+00:00,2026-05-24 10:30:00+00:00,2026-05-24 12:30:00+00:00,LONG,LONG,4.25,"['delta_strong_positive', 'cvd_strong_positive', 'aggressive_buyers', 'above_vwap']",77201.0,77007.9975,-37.03229727435114,LOSS,25,120.0,0.6564681804639686,1.013458374891547,-1.000000000000012,dynamic_structure,stop_loss,26.99205108581635,4.234075206287086,4.227635908975751,4.185561216913755,UP,BUY,2.8387270664864155,False,76896.69078179201,0.002467613330414183,NONE,0.0,77600.0,2.067330734057849,False,50.0,False,False,77600.0
2026-05-24 14:10:00+00:00,2026-05-24 14:10:00+00:00,2026-05-24 14:15:00+00:00,2026-05-24 14:15:00+00:00,SHORT,SHORT,-3.5,"['delta_strong_negative', 'cvd_strong_negative', 'below_vwap']",76480.3,76480.3,0.0,LOSS,1,1.0,1.6767716653831422,0.10303306864642053,0.0,dynamic_structure,trailing_stop,26.99205108581635,3.806931567774393,-3.1785108466865055,-2.764633525808425,DOWN,SELL,0.7463107034640897,False,76914.96722967089,-0.007048952375048739,NONE,0.0,76384.69962500001,0.5,False,50.0,True,True,76400.0
2026-05-24 20:30:00+00:00,2026-05-24 20:30:00+00:00,2026-05-24 20:35:00+00:00,2026-05-24 21:25:00+00:00,SHORT,SHORT,-4.25,"['delta_strong_negative', 'cvd_strong_negative', 'aggressive_sellers', 'below_vwap']",76624.9,76624.9,0.0,LOSS,11,50.0,1.0174238400310824,0.4870479439451297,0.0,dynamic_structure,trailing_stop,26.99205108581635,2.182165676820718,-3.3182170202458905,-3.0259598251937216,DOWN,SELL,0.21035275827803956,False,76789.61595137921,-0.00013835988873903558,NONE,0.0,76529.118875,0.5,False,50.0,True,True,76600.2
2026-05-25 02:05:00+00:00,2026-05-25 02:05:00+00:00,2026-05-25 02:10:00+00:00,2026-05-25 02:25:00+00:00,LONG,LONG,4.25,"['delta_strong_positive', 'cvd_strong_positive', 'aggressive_buyers', 'above_vwap']",77360.7,77167.29824999999,-36.8471357879798,LOSS,4,15.0,0.34229266281198123,1.9265596097242723,-1.0000000000000235,dynamic_structure,stop_loss,26.99205108581635,3.8468472451649767,4.155653562358099,3.7620144716125243,UP,BUY,2.595560771657009,False,77144.2801875075,0.004259729312937777,NONE,0.0,77457.40087499999,0.5,False,50.0,False,False,77450.6
2026-05-25 04:50:00+00:00,2026-05-25 04:50:00+00:00,2026-05-25 04:55:00+00:00,2026-05-25 05:20:00+00:00,LONG,LONG,3.5,"['delta_strong_positive', 'cvd_strong_positive', 'above_vwap']",77341.3,77450.6,20.725045903899073,PARTIAL+TRAIL,6,25.0,0.5859741173215496,0.2875565836105978,0.5652865933207893,dynamic_structure,trailing_stop,26.99205108581635,3.706643702865465,2.6354145441408954,2.2333650233673477,UP,BUY,1.3941725029970342,False,77142.05234448312,0.0025802832446868533,NONE,0.0,77450.6,0.5652865933207893,True,50.0,False,True,77450.6
2026-05-25 06:05:00+00:00,2026-05-25 06:05:00+00:00,2026-05-25 06:10:00+00:00,2026-05-25 06:10:00+00:00,LONG,LONG,4.25,"['delta_strong_positive', 'cvd_strong_positive', 'aggressive_buyers', 'above_vwap']",77540.8,77346.948,-36.76652533855833,LOSS,1,1.0,0.0,1.3417452489528394,-0.9999999999999946,dynamic_structure,stop_loss,26.99205108581635,3.9002875319718386,3.963362099570446,2.8090568511494443,UP,BUY,2.4941753732143788,False,77215.59180109396,0.0035328866427038917,NONE,0.0,77677.6,0.705693002909451,False,50.0,False,False,77677.6
2026-05-25 09:30:00+00:00,2026-05-25 09:30:00+00:00,2026-05-25 09:35:00+00:00,2026-05-25 11:00:00+00:00,LONG,LONG,4.75,"['delta_strong_positive', 'cvd_strong_positive', 'aggressive_buyers', 'big_trade_buy', 'above_vwap']",77586.2,77392.23449999999,-36.582692711866805,LOSS,18,85.0,0.32892447368219047,1.0842134297078754,-1.0000000000000293,dynamic_structure,stop_loss,27.2004415033872,4.116707362891584,3.9835262947497174,3.276295794135002,UP,BUY,2.470229074285429,True,77272.47417669542,0.002357168223352922,NONE,0.0,77683.18274999999,0.5,False,50.0,False,False,77677.6
2026-05-25 14:45:00+00:00,2026-05-25 14:45:00+00:00,2026-05-25 14:50:00+00:00,2026-05-25 15:10:00+00:00,LONG,LONG,4.25,"['delta_strong_positive', 'cvd_strong_positive', 'aggressive_buyers', 'above_vwap']",77667.6,77667.6,0.0,LOSS,5,20.0,1.1345786402566236,0.2219715814574202,0.0,dynamic_structure,trailing_stop,27.2004415033872,3.8506586970098633,3.1349938868483997,2.297068740450742,UP,BUY,1.6365477683550067,False,77331.84234536283,0.0031221458661636298,NONE,0.0,77764.6845,0.5,False,50.0,True,True,77743.4
2026-05-25 19:00:00+00:00,2026-05-25 19:00:00+00:00,2026-05-25 19:05:00+00:00,2026-05-25 20:40:00+00:00,SHORT,SHORT,-3.75,"['delta_strong_negative', 'cvd_strong_negative', 'aggressive_sellers']",77409.3,77312.538375,18.199889624153045,PARTIAL+TRAIL,20,95.0,1.2262092539268687,0.4252718988545454,0.4999999999999957,dynamic_structure,trailing_stop,27.2004415033872,4.006441853481437,-3.6450243866193413,-2.7171219968723688,DOWN,SELL,0.5106644742843377,False,77391.3740329449,-0.0027014939888707875,NONE,0.0,77312.538375,0.5,True,50.0,True,True,77379.1
2026-05-26 00:15:00+00:00,2026-05-26 00:15:00+00:00,2026-05-26 00:20:00+00:00,2026-05-26 01:10:00+00:00,SHORT,SHORT,-4.25,"['delta_strong_negative', 'cvd_strong_negative', 'aggressive_sellers', 'below_vwap']",77121.2,76821.4,37.493455121789744,PARTIAL+TRAIL,11,50.0,3.0554503819960854,0.2448094687323179,1.0274775288766516,dynamic_structure,trailing_stop,27.2004415033872,2.064803645821417,-3.2558512646791846,-2.6776022826301045,DOWN,SELL,0.3803560152749797,False,77202.10257254902,-0.001553774271914898,NONE,0.0,77024.79849999999,0.5,True,50.0,True,True,77040.2
2026-05-26 04:00:00+00:00,2026-05-26 04:00:00+00:00,2026-05-26 04:05:00+00:00,2026-05-26 04:30:00+00:00,LONG,LONG,3.75,"['delta_strong_positive', 'cvd_strong_positive', 'aggressive_buyers']",76614.9,76710.66862499999,18.339122986017475,PARTIAL+TRAIL,6,25.0,0.689160985656837,0.2354633367660404,0.49999999999998423,dynamic_structure,trailing_stop,27.2004415033872,0.5090382851411781,2.077898707130439,2.1556219959930196,UP,BUY,2.0976112576369643,False,76748.90484641935,-0.0016011891874175362,NONE,0.0,76710.66862499999,0.5,True,50.0,False,True,76655.0
2026-05-26 06:00:00+00:00,2026-05-26 06:00:00+00:00,2026-05-26 06:05:00+00:00,2026-05-26 06:40:00+00:00,SHORT,SHORT,-3.75,"['delta_strong_negative', 'cvd_strong_negative', 'aggressive_sellers']",76834.9,77026.98724999999,-36.7699415869656,LOSS,8,35.0,0.5190349697858504,1.0984591637393946,-0.9999999999999838,dynamic_structure,stop_loss,27.2004415033872,2.85566229193328,-2.6692995662996455,-2.9323668386320367,DOWN,SELL,0.6175365208829983,False,76753.69929274297,0.0019196063562908299,NONE,0.0,76668.2,0.8678347990301132,False,50.0,False,False,76668.2
2026-05-26 10:15:00+00:00,2026-05-26 10:15:00+00:00,2026-05-26 10:20:00+00:00,2026-05-26 11:05:00+00:00,LONG,LONG,4.25,"['delta_strong_positive', 'cvd_strong_positive', 'aggressive_buyers', 'above_vwap']",76860.2,77378.8,67.05052682767389,PARTIAL+TRAIL,10,45.0,3.8501070775251844,0.05256296496751905,1.8326780310225657,dynamic_structure,trailing_stop,27.2004415033872,2.155143531906008,2.6639816140523314,2.486111940120344,UP,BUY,2.2955950878362823,False,76747.1301455121,0.001723442208227333,NONE,0.0,77045.9,0.9664299598491656,True,50.0,True,True,77045.9
2026-05-26 14:25:00+00:00,2026-05-26 14:25:00+00:00,2026-05-26 14:30:00+00:00,2026-05-26 14:30:00+00:00,LONG,LONG,4.0,"['delta_strong_positive', 'cvd_strong_positive', 'big_trade_buy', 'above_vwap']",77923.1,77728.29225,-36.9213445131711,LOSS,1,1.0,0.25820327990025216,2.171884845443807,-1.0000000000000369,dynamic_structure,stop_loss,27.2004415033872,3.084802612945196,2.0745233272650525,3.0869352534073378,UP,BUY,1.327997150543306,True,77058.12579532783,0.007786250654023062,NONE,0.0,78077.1,0.7905229643071181,False,50.0,False,False,78077.1
2026-05-26 17:30:00+00:00,2026-05-26 17:30:00+00:00,2026-05-26 17:35:00+00:00,2026-05-26 17:45:00+00:00,SHORT,SHORT,-4.25,"['delta_strong_negative', 'cvd_strong_negative', 'aggressive_sellers', 'below_vwap']",75865.1,76054.76275000001,-36.73673779060449,LOSS,3,10.0,0.19191960466675048,1.4378152800167512,-1.0000000000000164,dynamic_structure,stop_loss,27.2004415033872,3.5286830821443034,-3.201539683137294,-3.4434277226595773,DOWN,SELL,0.6472907015270134,False,76885.36475683091,-0.012952139451836646,NONE,0.0,75770.26862500001,0.5,False,50.0,False,False,75809.5
2026-05-27 00:50:00+00:00,2026-05-27 00:50:00+00:00,2026-05-27 00:55:00+00:00,2026-05-27 01:20:00+00:00,LONG,LONG,4.25,"['delta_strong_positive', 'cvd_strong_positive', 'aggressive_buyers', 'above_vwap']",76010.1,75820.07475,-36.553054101652016,LOSS,6,25.0,0.3883694403769412,1.1324810781725672,-1.0000000000000318,dynamic_structure,stop_loss,27.259422337714806,1.619491946350614,2.1721010671121013,3.3098522721133925,UP,BUY,1.9534306448952663,False,75938.64843770352,0.0019023136569731945,NONE,0.0,76105.11262500001,0.5,False,50.0,False,False,76031.9
2026-05-27 04:15:00+00:00,2026-05-27 04:15:00+00:00,2026-05-27 04:20:00+00:00,2026-05-27 04:45:00+00:00,SHORT,SHORT,-4.25,"['delta_strong_negative', 'cvd_strong_negative', 'aggressive_sellers', 'below_vwap']",75508.3,75413.914625,18.185144415570914,PARTIAL+TRAIL,6,25.0,1.2210578174849651,0.06939634450777606,0.49999999999998945,dynamic_structure,trailing_stop,27.259422337714806,3.408711238625027,-3.41682747563781,-2.3958480631528416,DOWN,SELL,0.38820663845205355,False,75800.08954872725,-0.0037199106592201757,NONE,0.0,75413.914625,0.5,True,50.0,True,True,75467.1
2026-05-27 12:15:00+00:00,2026-05-27 12:15:00+00:00,2026-05-27 12:20:00+00:00,2026-05-27 12:20:00+00:00,LONG,LONG,4.25,"['delta_strong_positive', 'cvd_strong_positive', 'aggressive_buyers', 'above_vwap']",75808.1,75808.1,0.0,LOSS,1,1.0,1.8330495026256781,0.17201328090273107,0.0,dynamic_structure,trailing_stop,27.259422337714806,3.5003363579252573,3.718379905643109,2.493737767963882,UP,BUY,1.887977612635171,False,75743.13361367388,-0.00034749616361872624,NONE,0.0,75943.7,0.7154908248590389,False,50.0,True,True,75943.7
2026-05-27 13:05:00+00:00,2026-05-27 13:05:00+00:00,2026-05-27 13:10:00+00:00,2026-05-27 13:15:00+00:00,SHORT,SHORT,-4.25,"['delta_strong_negative', 'cvd_strong_negative', 'aggressive_sellers', 'below_vwap']",75474.7,75380.356625,18.230607276609597,PARTIAL+TRAIL,2,5.0,0.8622757029838984,0.1870825587912395,0.49999999999998274,dynamic_structure,trailing_stop,27.259422337714806,1.3050628258220893,-2.967541585583065,-3.2399798322189173,DOWN,SELL,0.40451526152725414,False,75749.48306225064,-0.004342454752781146,NONE,0.0,75380.356625,0.5,True,50.0,False,True,75461.6
2026-05-27 13:35:00+00:00,2026-05-27 13:35:00+00:00,2026-05-27 13:40:00+00:00,2026-05-27 13:45:00+00:00,SHORT,SHORT,-4.25,"['delta_strong_negative', 'cvd_strong_negative', 'aggressive_sellers', 'below_vwap']",74932.8,74839.134,18.27618379480125,PARTIAL+TRAIL,2,5.0,0.5220677727243765,0.3064078747891133,0.4999999999999863,dynamic_structure,trailing_stop,27.259422337714806,2.8362946355173286,-2.3390998089576733,-2.194192174227265,DOWN,SELL,0.6534217496142235,False,75652.83502525592,-0.008233933772573447,NONE,0.0,74839.134,0.5,True,50.0,False,True,74853.1
2026-05-27 21:40:00+00:00,2026-05-27 21:40:00+00:00,2026-05-27 21:45:00+00:00,2026-05-27 21:45:00+00:00,SHORT,SHORT,-4.25,"['delta_strong_negative', 'cvd_strong_negative', 'aggressive_sellers', 'below_vwap']",74599.9,74599.9,0.0,LOSS,1,1.0,1.4311011140765293,0.0005361937482802029,0.0,dynamic_structure,trailing_stop,27.259422337714806,4.115875879781917,-4.0357494919631325,-3.5710211936408824,DOWN,SELL,0.4368522549836388,False,75344.36181012161,-0.004311465146792098,NONE,0.0,74400.0,1.0718513027497045,False,50.0,True,True,74400.0
2026-05-28 01:15:00+00:00,2026-05-28 01:15:00+00:00,2026-05-28 01:20:00+00:00,2026-05-28 01:20:00+00:00,SHORT,SHORT,-4.25,"['delta_strong_negative', 'cvd_strong_negative', 'aggressive_sellers', 'below_vwap']",74325.1,74510.91275,-36.64374850857698,LOSS,1,1.0,0.5048092770813785,1.011233082767432,-0.9999999999999855,dynamic_structure,stop_loss,27.259422337714806,3.921009379503537,-4.054832327220219,-3.406521944249588,DOWN,SELL,0.39699032710625415,False,74417.10339365275,-0.001885076461173511,NONE,0.0,74232.193625,0.5,False,50.0,False,False,74300.1
2026-05-28 03:15:00+00:00,2026-05-28 03:15:00+00:00,2026-05-28 03:20:00+00:00,2026-05-28 03:20:00+00:00,SHORT,SHORT,-4.25,"['delta_strong_negative', 'cvd_strong_negative', 'aggressive_sellers', 'below_vwap']",73692.8,73877.032,-36.460529766035336,LOSS,1,1.0,0.08576143123888852,1.1740631377828115,-1.0000000000000198,dynamic_structure,stop_loss,27.443545765591114,4.240334146674467,-4.2396598960440475,-4.205998116301787,DOWN,SELL,0.3983054511199784,False,74104.37553184954,-0.006031538906906621,NONE,0.0,73436.4,1.3917234790916275,False,50.0,False,False,73436.4
2026-05-28 10:15:00+00:00,2026-05-28 10:15:00+00:00,2026-05-28 10:20:00+00:00,2026-05-28 10:25:00+00:00,SHORT,SHORT,-4.25,"['delta_strong_negative', 'cvd_strong_negative', 'aggressive_sellers', 'below_vwap']",73431.6,73330.4,19.998782999479854,PARTIAL+TRAIL,2,5.0,0.62697803125633,0.06863530142331785,0.5512613098448713,dynamic_structure,trailing_stop,27.443545765591114,1.6984674921772023,-2.862313621256666,-2.1927979497833023,DOWN,SELL,0.3726753092724068,False,73455.58167548219,0.0026173923403213324,NONE,0.0,73330.4,0.5512613098448713,True,50.0,False,True,73330.4
2026-05-28 14:10:00+00:00,2026-05-28 14:10:00+00:00,2026-05-28 14:15:00+00:00,2026-05-28 14:15:00+00:00,LONG,LONG,4.25,"['delta_strong_positive', 'cvd_strong_positive', 'aggressive_buyers', 'big_trade_buy']",73283.6,73283.6,0.0,LOSS,1,1.0,1.4939222418112486,0.30074941733214966,0.0,dynamic_structure,trailing_stop,27.443545765591114,3.64828594366935,4.128140713383061,3.6285627593581213,UP,BUY,3.0136057610673768,True,73352.44720669926,0.0024498914924304446,NONE,0.0,73435.0,0.8263786167709782,False,50.0,True,True,73435.0
2026-05-28 17:45:00+00:00,2026-05-28 17:45:00+00:00,2026-05-28 17:50:00+00:00,2026-05-28 18:20:00+00:00,LONG,LONG,4.25,"['delta_strong_positive', 'cvd_strong_positive', 'aggressive_buyers', 'above_vwap']",73618.0,73722.5,20.65540545988803,PARTIAL+TRAIL,7,30.0,0.5705126463636611,0.9084734711619282,0.567795919476215,dynamic_structure,trailing_stop,27.443545765591114,3.438385030931313,3.6557537394508053,2.8692721775632855,UP,BUY,2.008261672336861,False,73304.55187268787,0.007269923479615619,NONE,0.0,73722.5,0.567795919476215,True,50.0,False,True,73722.5
2026-05-28 21:40:00+00:00,2026-05-28 21:40:00+00:00,2026-05-28 21:45:00+00:00,2026-05-28 22:05:00+00:00,LONG,LONG,4.25,"['delta_strong_positive', 'cvd_strong_positive', 'aggressive_buyers', 'above_vwap']",73877.8,73693.1055,-36.481498059500844,LOSS,5,20.0,0.29454044381394234,1.0980294486300508,-0.9999999999999879,dynamic_structure,stop_loss,27.443545765591114,3.3845949082084825,3.427153535554079,2.7146065554261476,UP,BUY,3.635540284847957,False,73327.71853255207,0.004283221534610086,NONE,0.0,73970.14725000001,0.5,False,50.0,False,False,73900.0
2026-05-29 00:45:00+00:00,2026-05-29 00:45:00+00:00,2026-05-29 00:50:00+00:00,2026-05-29 01:45:00+00:00,SHORT,SHORT,-4.25,"['delta_strong_negative', 'cvd_strong_negative', 'aggressive_sellers', 'below_vwap']",73725.3,73569.1,24.4559727104177,PARTIAL+TRAIL,12,55.0,1.5994509347537569,0.6440122997125659,0.673735135699686,dynamic_structure,trailing_stop,27.443545765591114,0.9767589541720637,-3.0816087216353014,-2.161715291807583,DOWN,SELL,0.17660441641792718,False,73736.08522089785,0.000625095776378266,NONE,0.0,73633.143375,0.5,True,50.0,True,True,73718.4
2026-05-29 02:40:00+00:00,2026-05-29 02:40:00+00:00,2026-05-29 02:45:00+00:00,2026-05-29 02:55:00+00:00,SHORT,SHORT,-4.25,"['delta_strong_negative', 'cvd_strong_negative', 'aggressive_sellers', 'below_vwap']",73316.0,73224.355,18.210685216378742,PARTIAL+TRAIL,3,10.0,0.8576572644443073,0.34098968847182065,0.5000000000000222,dynamic_structure,trailing_stop,27.443545765591114,1.6627686919868776,-2.6918961794932987,-2.8235427868054224,DOWN,SELL,0.20706306725622525,False,73606.70442862198,-0.0037725421196755544,NONE,0.0,73224.355,0.5,True,50.0,False,True,73300.0
2026-05-29 07:30:00+00:00,2026-05-29 07:30:00+00:00,2026-05-29 07:35:00+00:00,2026-05-29 07:55:00+00:00,SHORT,SHORT,-4.25,"['delta_strong_negative', 'cvd_strong_negative', 'aggressive_sellers', 'below_vwap']",73495.5,73403.630625,18.25621192941784,PARTIAL+TRAIL,5,20.0,0.8844078889183691,0.09197842044747871,0.49999999999997147,dynamic_structure,trailing_stop,27.443545765591114,3.2067750916876094,-2.5352836107148087,-2.072054375075423,DOWN,SELL,0.5542573069462822,False,73547.62403432508,-0.0008992073804818585,NONE,0.0,73403.630625,0.5,True,50.0,False,True,73460.8
2026-05-29 11:50:00+00:00,2026-05-29 11:50:00+00:00,2026-05-29 11:55:00+00:00,2026-05-29 12:15:00+00:00,SHORT,SHORT,-4.25,"['delta_strong_negative', 'cvd_strong_negative', 'aggressive_sellers', 'below_vwap']",73393.1,73301.35862500001,18.30185245924198,PARTIAL+TRAIL,5,20.0,0.5847961184362176,0.3013907301911943,0.49999999999998784,dynamic_structure,trailing_stop,27.443545765591114,3.9668330346659206,-2.744841685827694,-2.3994345188248962,DOWN,SELL,0.5952350211821666,False,73567.54828964287,-0.0034349096964940273,NONE,0.0,73301.35862500001,0.5,True,50.0,False,True,73305.1
2026-05-29 12:45:00+00:00,2026-05-29 12:45:00+00:00,2026-05-29 12:50:00+00:00,2026-05-29 13:35:00+00:00,SHORT,SHORT,-4.25,"['delta_strong_negative', 'cvd_strong_negative', 'aggressive_sellers', 'below_vwap']",73216.4,73099.8,20.861518247034482,PARTIAL+TRAIL,10,45.0,1.9143252058281706,0.7063991127671009,0.568507875284745,dynamic_structure,trailing_stop,27.443545765591114,1.9312147584980546,-2.876575144835697,-2.1869612607948983,DOWN,SELL,0.3594738215109556,False,73541.41045885932,-0.00428290444900169,NONE,0.0,73124.8795,0.5,True,50.0,True,True,73166.0
2026-05-29 14:25:00+00:00,2026-05-29 14:25:00+00:00,2026-05-29 14:30:00+00:00,2026-05-29 14:50:00+00:00,SHORT,SHORT,-3.5,"['delta_strong_negative', 'cvd_strong_negative', 'below_vwap']",72690.3,72872.02575,-36.79952177201579,LOSS,5,20.0,0.8485313721362937,2.2533955699728847,-0.9999999999999878,dynamic_structure,stop_loss,27.443545765591114,3.5790624783030722,-2.3434400380207805,-2.7708443233932383,DOWN,SELL,0.6846074351069292,False,73352.67694634726,-0.00522846343059494,NONE,0.0,72436.0,1.39936140035192,False,50.0,False,False,72436.0
2026-05-29 15:05:00+00:00,2026-05-29 15:05:00+00:00,2026-05-29 15:10:00+00:00,2026-05-29 15:25:00+00:00,LONG,LONG,4.25,"['delta_strong_positive', 'cvd_strong_positive', 'aggressive_buyers', 'above_vwap']",73640.7,73456.59825,-36.61552416315648,LOSS,4,15.0,0.5209075959354472,1.1097124280459196,-1.0000000000000087,dynamic_structure,stop_loss,27.443545765591114,2.5918498635303284,2.7871736350103906,2.54625373114938,UP,BUY,1.8739289307269775,False,73303.29595278997,0.007954362131148106,NONE,0.0,73732.750875,0.5,False,50.0,False,False,73662.3
2026-05-29 18:25:00+00:00,2026-05-29 18:25:00+00:00,2026-05-29 18:30:00+00:00,2026-05-29 18:45:00+00:00,SHORT,SHORT,-3.75,"['delta_strong_negative', 'cvd_strong_negative', 'aggressive_sellers']",73758.0,73758.0,0.0,LOSS,4,15.0,1.254914721114966,0.3264730605493483,0.0,dynamic_structure,trailing_stop,27.443545765591114,1.570105712903104,-2.0692378735151724,-2.398172448026619,DOWN,SELL,0.459425787087811,False,73520.89739170048,0.0007754816923822987,NONE,0.0,73665.8025,0.5,False,50.0,True,True,73671.4
2026-05-29 21:20:00+00:00,2026-05-29 21:20:00+00:00,2026-05-29 21:25:00+00:00,2026-05-29 21:30:00+00:00,SHORT,SHORT,-3.75,"['delta_strong_negative', 'cvd_strong_negative', 'aggressive_sellers']",73593.1,73501.10862500001,18.216223271169746,PARTIAL+TRAIL,2,5.0,0.9169337886297038,0.0,0.4999999999999879,dynamic_structure,trailing_stop,27.443545765591114,3.3715367974398798,-3.7607507807811245,-3.0447105124032836,DOWN,SELL,0.2160177510160763,False,73517.1732839053,-0.0006994472659538646,NONE,0.0,73501.10862500001,0.5,True,50.0,False,True,73586.0
2026-05-30 05:05:00+00:00,2026-05-30 05:05:00+00:00,2026-05-30 05:10:00+00:00,2026-05-30 05:50:00+00:00,LONG,LONG,4.25,"['delta_strong_positive', 'cvd_strong_positive', 'aggressive_buyers', 'above_vwap']",73481.4,73573.25175,18.261763829348435,PARTIAL+TRAIL,9,40.0,0.6826217246813955,0.17147196433383144,0.5000000000000089,dynamic_structure,trailing_stop,27.443545765591114,3.3937216457353085,3.546720957249352,3.8160096378426447,UP,BUY,4.275483498373079,False,73470.55191643124,0.0001355940589384018,NONE,0.0,73573.25175,0.5,True,50.0,False,True,73549.7
2026-05-30 10:25:00+00:00,2026-05-30 10:25:00+00:00,2026-05-30 10:30:00+00:00,2026-05-30 13:20:00+00:00,SHORT,SHORT,-3.75,"['delta_strong_negative', 'cvd_strong_negative', 'aggressive_sellers']",73597.3,73781.29325,-36.614836477842864,LOSS,35,170.0,0.3706657717062832,1.178847593593755,-0.9999999999999973,dynamic_structure,stop_loss,27.443545765591114,1.3845536362796678,-2.5037672698759597,-2.168220205598001,DOWN,SELL,0.37828936397291796,False,73491.67739878704,0.0007001210577466141,NONE,0.0,73505.303375,0.5,False,50.0,False,False,73514.8
2026-05-30 14:00:00+00:00,2026-05-30 14:00:00+00:00,2026-05-30 14:05:00+00:00,2026-05-30 14:15:00+00:00,LONG,LONG,4.25,"['delta_strong_positive', 'cvd_strong_positive', 'aggressive_buyers', 'above_vwap']",73883.3,73975.654125,18.215881147726485,PARTIAL+TRAIL,3,10.0,0.5668398677373484,0.18569825657491154,0.4999999999999893,dynamic_structure,trailing_stop,27.443545765591114,1.690384514702429,2.3509657519670895,3.0909078834315964,UP,BUY,3.0713560719078465,False,73537.15369793486,0.0027411643630096344,NONE,0.0,73975.654125,0.5,True,50.0,False,True,73888.0
2026-05-30 19:40:00+00:00,2026-05-30 19:40:00+00:00,2026-05-30 19:45:00+00:00,2026-05-30 20:05:00+00:00,SHORT,SHORT,-4.25,"['delta_strong_negative', 'cvd_strong_negative', 'aggressive_sellers', 'big_trade_sell']",73992.6,73900.10925000001,18.261420850595638,PARTIAL+TRAIL,5,20.0,0.5184302214005656,0.2832715704002518,0.49999999999998485,dynamic_structure,trailing_stop,27.443545765591114,1.551316748334445,-3.0567942552861904,-2.2547016813271195,DOWN,SELL,0.11964581644872928,True,73681.12419164431,0.0006725702045855331,NONE,0.0,73900.10925000001,0.5,True,50.0,False,True,73966.9
2026-05-31 01:00:00+00:00,2026-05-31 01:00:00+00:00,2026-05-31 01:05:00+00:00,2026-05-31 01:25:00+00:00,LONG,LONG,4.25,"['delta_strong_positive', 'cvd_strong_positive', 'aggressive_buyers', 'above_vwap']",74080.0,74172.6,18.30707440272383,PARTIAL+TRAIL,5,20.0,0.91792656587473,0.25971922246223444,0.5000000000000314,dynamic_structure,trailing_stop,27.443545765591114,2.1609202247616115,2.85345688036882,2.0455505663625657,UP,BUY,2.3670527222238347,False,73944.67129799553,0.0024918384430757286,NONE,0.0,74172.6,0.5,True,50.0,False,True,74087.9
2026-05-31 04:30:00+00:00,2026-05-31 04:30:00+00:00,2026-05-31 04:35:00+00:00,2026-05-31 05:55:00+00:00,SHORT,SHORT,-3.75,"['delta_strong_negative', 'cvd_strong_negative', 'aggressive_sellers']",74123.1,74030.446125,18.352842088730203,PARTIAL+TRAIL,17,80.0,0.5666249792574783,0.3858446287324734,0.5000000000000194,dynamic_structure,trailing_stop,27.443545765591114,1.4880035211126634,-2.8801825487581496,-3.1063825898595283,DOWN,SELL,0.19953527168732127,False,74058.4648219111,0.0006477819390003853,NONE,0.0,74030.446125,0.5,True,50.0,False,True,74098.2
2026-05-31 06:30:00+00:00,2026-05-31 06:30:00+00:00,2026-05-31 06:35:00+00:00,2026-05-31 07:25:00+00:00,LONG,LONG,3.75,"['delta_strong_positive', 'cvd_strong_positive', 'aggressive_buyers']",74045.3,73860.18675000001,-36.79744838790161,LOSS,11,50.0,0.04537762693915308,1.0118130387749278,-0.9999999999999722,dynamic_structure,stop_loss,27.443545765591114,1.9814162852238337,2.5547749728193456,2.549144825118971,UP,BUY,2.9104192499748653,False,74059.65740622013,-0.00038583421483389394,NONE,0.0,74137.856625,0.5,False,50.0,False,False,74135.5
2026-05-31 10:20:00+00:00,2026-05-31 10:20:00+00:00,2026-05-31 10:25:00+00:00,2026-05-31 11:25:00+00:00,SHORT,SHORT,-4.25,"['delta_strong_negative', 'cvd_strong_negative', 'aggressive_sellers', 'below_vwap']",73742.1,73926.45525,-36.61346114596178,LOSS,13,60.0,0.0,1.0957105913718215,-0.9999999999999634,dynamic_structure,stop_loss,27.443545765591114,3.724789572121819,-3.212747710517209,-2.622715176226627,DOWN,SELL,0.3749639069086989,False,73996.59966788253,-0.0018876533383992275,NONE,0.0,73649.92237500001,0.5,False,50.0,False,False,73701.0
2026-05-31 13:45:00+00:00,2026-05-31 13:45:00+00:00,2026-05-31 13:50:00+00:00,2026-05-31 14:05:00+00:00,SHORT,SHORT,-4.25,"['delta_strong_negative', 'cvd_strong_negative', 'aggressive_sellers', 'below_vwap']",73830.3,73738.01212500001,18.215196920115577,PARTIAL+TRAIL,4,15.0,0.5564111211792291,0.08776884287343863,0.49999999999997036,dynamic_structure,trailing_stop,27.443545765591114,1.4439068091598226,-2.1823179881702433,-2.739253746773076,DOWN,SELL,0.3242163897280967,False,73979.81739400455,-0.00037856880213066606,NONE,0.0,73738.01212500001,0.5,True,50.0,False,True,73779.8
2026-05-31 16:30:00+00:00,2026-05-31 16:30:00+00:00,2026-05-31 16:35:00+00:00,2026-05-31 17:30:00+00:00,SHORT,SHORT,-4.25,"['delta_strong_negative', 'cvd_strong_negative', 'aggressive_sellers', 'below_vwap']",73399.9,73583.39975,-36.52146982483443,LOSS,12,55.0,0.32261624334636474,1.353680318365604,-1.0000000000000149,dynamic_structure,stop_loss,27.443545765591114,3.856675416294818,-3.7959265918537377,-2.9749705636916834,DOWN,SELL,0.4507254421137511,False,73841.68920856301,-0.0030638521947691563,NONE,0.0,73308.150125,0.5,False,50.0,False,False,73388.0
2026-05-31 20:05:00+00:00,2026-05-31 20:05:00+00:00,2026-05-31 20:10:00+00:00,2026-05-31 22:00:00+00:00,LONG,LONG,3.75,"['delta_strong_positive', 'cvd_strong_positive', 'aggressive_buyers']",73653.3,73745.36662500001,18.169431237856195,PARTIAL+TRAIL,23,110.0,1.5841788487413169,0.3426866141775362,0.5000000000000366,dynamic_structure,trailing_stop,27.443545765591114,4.099311777117734,4.06422712350684,3.7037880453473417,UP,BUY,4.034152581314191,False,73799.98974819327,0.0015890578183443338,NONE,0.0,73745.36662500001,0.5,True,50.0,True,True,73680.0
