timestamp,signal_timestamp,entry_timestamp,exit_timestamp,signal,direction,score,reasons,entry,exit,pnl,outcome,duration_bars,duration_minutes,mfe_r,mae_r,rr_realized,rr_model,exit_reason,drawdown,volume_z,delta_z,cvd_slope_z,cvd_condition,delta_condition,buy_sell_ratio,big_trade,vwap,distance_to_poc,absorption,absorption_score,target_price,target_r
2026-03-01 02:00:00+00:00,2026-03-01 02:00:00+00:00,2026-03-01 02:05:00+00:00,2026-03-01 02:05:00+00:00,LONG,LONG,4.25,"['delta_strong_positive', 'cvd_strong_positive', 'aggressive_buyers', 'above_vwap']",67991.0,67821.0225,-49.99999999999812,LOSS,1,1.0,0.5353649747760734,2.076745451603889,-0.9999999999999624,0.75,stop_loss,0.4999999999999818,2.6787496418473773,2.5486969794164747,2.3443438081131505,UP,BUY,1.6585883218873945,False,67020.8535345461,0.014475292603574821,NONE,0.0,68118.483125,0.75
2026-03-01 06:05:00+00:00,2026-03-01 06:05:00+00:00,2026-03-01 06:10:00+00:00,2026-03-01 06:10:00+00:00,SHORT,SHORT,-4.25,"['delta_strong_negative', 'cvd_strong_negative', 'aggressive_sellers', 'below_vwap']",67080.6,66954.823875,37.31250000000118,WIN,1,1.0,1.1484691550165371,0.10435207794802073,0.7500000000000236,0.75,take_profit,0.4999999999999818,3.364546923956765,-3.180717027456477,-2.6388439547692557,DOWN,SELL,0.39459802012286693,False,67290.70765587836,-0.006592027811863395,NONE,0.0,66954.823875,0.75
2026-03-02 02:05:00+00:00,2026-03-02 02:05:00+00:00,2026-03-02 02:10:00+00:00,2026-03-02 02:10:00+00:00,SHORT,SHORT,-4.25,"['delta_strong_negative', 'cvd_strong_negative', 'aggressive_sellers', 'below_vwap']",66145.8,66021.776625,37.45242187500131,WIN,1,1.0,1.8341300581442987,0.05140160070631846,0.750000000000026,0.75,take_profit,0.4999999999999818,1.3889618101113475,-2.68760251640343,-2.4798250539077293,DOWN,SELL,0.505231387185235,False,66427.61782093406,0.0019493101038703996,NONE,0.0,66021.776625,0.75
2026-03-02 06:15:00+00:00,2026-03-02 06:15:00+00:00,2026-03-02 06:20:00+00:00,2026-03-02 06:20:00+00:00,SHORT,SHORT,-4.25,"['delta_strong_negative', 'cvd_strong_negative', 'aggressive_sellers', 'below_vwap']",66197.1,66072.98043750001,37.59286845703017,WIN,1,1.0,1.1003503174610718,0.3450302203570323,0.749999999999978,0.75,take_profit,0.4999999999999818,2.6777264120333357,-2.695365388213822,-2.423016609716881,DOWN,SELL,0.5758815220623557,False,66508.47325512764,-0.0064676136103467025,NONE,0.0,66072.98043750001,0.75
2026-03-02 07:05:00+00:00,2026-03-02 07:05:00+00:00,2026-03-02 07:10:00+00:00,2026-03-02 07:20:00+00:00,SHORT,SHORT,-4.25,"['delta_strong_negative', 'cvd_strong_negative', 'aggressive_sellers', 'below_vwap']",65634.1,65511.0360625,37.73384171374598,WIN,3,10.0,0.762408565059966,0.7624085650598774,0.7500000000000169,0.75,take_profit,0.4999999999999818,3.119176968371475,-3.174839322990238,-2.768083780261411,DOWN,SELL,0.5060266613593003,False,66444.91620208607,-0.013368763626247704,NONE,0.0,65511.0360625,0.75
2026-03-03 02:00:00+00:00,2026-03-03 02:00:00+00:00,2026-03-03 02:05:00+00:00,2026-03-03 02:20:00+00:00,SHORT,SHORT,-4.75,"['delta_strong_negative', 'cvd_strong_negative', 'aggressive_sellers', 'big_trade_sell', 'below_vwap']",68547.5,68418.9734375,37.875343620172536,WIN,4,15.0,2.3656588497027267,0.7288376673109548,0.750000000000017,0.75,take_profit,0.4999999999999818,3.9977876413555427,-3.1724024094729417,-2.670954935282671,DOWN,SELL,0.6345537122236725,True,68853.76706793802,-0.006114353568050972,NONE,0.0,68418.9734375,0.75
2026-03-03 04:45:00+00:00,2026-03-03 04:45:00+00:00,2026-03-03 04:50:00+00:00,2026-03-03 05:05:00+00:00,SHORT,SHORT,-4.25,"['delta_strong_negative', 'cvd_strong_negative', 'aggressive_sellers', 'below_vwap']",68067.9,68238.06975,-50.689834878330046,LOSS,4,15.0,0.39313685305404855,1.4426770915512306,-1.0000000000000056,0.75,stop_loss,0.5000000000000088,3.5686150017450946,-3.7895065196470634,-3.6244438063378444,DOWN,SELL,0.39929123247369125,False,68588.49484077079,-0.006598701648280231,NONE,0.0,67940.2726875,0.75
2026-03-03 05:45:00+00:00,2026-03-03 05:45:00+00:00,2026-03-03 05:50:00+00:00,2026-03-03 06:00:00+00:00,SHORT,SHORT,-4.25,"['delta_strong_negative', 'cvd_strong_negative', 'aggressive_sellers', 'below_vwap']",67835.5,68005.08875,-50.43638570393673,LOSS,3,10.0,0.20343330557009234,1.0342667187534207,-0.9999999999999726,0.75,stop_loss,0.9974999999999982,2.635208144719467,-3.014777355409091,-2.1354861776007716,DOWN,SELL,0.3974543535210573,False,68494.18648225299,-0.007211191099248532,NONE,0.0,67708.3084375,0.75
2026-03-04 01:30:00+00:00,2026-03-04 01:30:00+00:00,2026-03-04 01:35:00+00:00,2026-03-04 01:35:00+00:00,LONG,LONG,4.25,"['delta_strong_positive', 'cvd_strong_positive', 'aggressive_buyers', 'above_vwap']",68471.5,68599.8840625,37.63815283156416,WIN,1,1.0,1.1111192247869381,0.0,0.7500000000000068,0.75,take_profit,0.9974999999999982,3.46569340790925,3.3203464873297936,2.8039181984144603,UP,BUY,2.4723745372993022,False,68160.65934952511,0.0032804191957866075,NONE,0.0,68599.8840625,0.75
2026-03-04 03:30:00+00:00,2026-03-04 03:30:00+00:00,2026-03-04 03:35:00+00:00,2026-03-04 03:35:00+00:00,SHORT,SHORT,-4.25,"['delta_strong_negative', 'cvd_strong_negative', 'aggressive_sellers', 'below_vwap']",67500.1,67373.5373125,37.77929590468267,WIN,1,1.0,0.8894801637331251,0.8965912643091689,0.7500000000000095,0.75,take_profit,0.9974999999999982,3.970658104610324,-3.447387372690174,-2.847338718085972,DOWN,SELL,0.5828674221761861,False,68188.64686962537,-0.010236947004530884,NONE,0.0,67373.5373125,0.75
2026-03-04 07:40:00+00:00,2026-03-04 07:40:00+00:00,2026-03-04 07:45:00+00:00,2026-03-04 07:45:00+00:00,LONG,LONG,4.25,"['delta_strong_positive', 'cvd_strong_positive', 'aggressive_buyers', 'above_vwap']",68937.6,69066.85800000001,37.92096826432522,WIN,1,1.0,3.3903123984588284,0.537877732906348,0.7500000000000093,0.75,take_profit,0.9974999999999982,2.115717408984842,2.9053943272002205,2.945607799565145,UP,BUY,2.83010505774987,False,68124.46522577536,0.011969759994638226,NONE,0.0,69066.85800000001,0.75
2026-03-05 04:20:00+00:00,2026-03-05 04:20:00+00:00,2026-03-05 04:25:00+00:00,2026-03-05 04:35:00+00:00,LONG,LONG,4.25,"['delta_strong_positive', 'cvd_strong_positive', 'aggressive_buyers', 'above_vwap']",72708.7,72526.92825,-50.75089586042125,LOSS,3,10.0,0.6794235077782989,1.1866530415204624,-0.9999999999999994,0.75,stop_loss,0.9974999999999982,0.9999350872878741,2.2170518359657088,1.8966041542956964,UP,BUY,2.5750578150325865,False,72676.14342513465,0.0005481778843536097,NONE,0.0,72845.0288125,0.75
2026-03-05 07:50:00+00:00,2026-03-05 07:50:00+00:00,2026-03-05 07:55:00+00:00,2026-03-05 07:55:00+00:00,SHORT,SHORT,-4.75,"['delta_strong_negative', 'cvd_strong_negative', 'aggressive_sellers', 'big_trade_sell', 'below_vwap']",71766.1,71945.51525000001,-50.497141381120706,LOSS,1,1.0,0.14547258385229694,1.5985263237098761,-1.0000000000000306,0.75,stop_loss,0.997500000000007,3.9341138332323506,-3.534640558902839,-3.408559997248079,DOWN,SELL,0.6036417359187443,True,72517.94116047713,-0.008694385578925884,NONE,0.0,71631.5385625,0.75
2026-03-06 01:25:00+00:00,2026-03-06 01:25:00+00:00,2026-03-06 01:30:00+00:00,2026-03-06 01:30:00+00:00,SHORT,SHORT,-4.25,"['delta_strong_negative', 'cvd_strong_negative', 'aggressive_sellers', 'below_vwap']",70423.1,70599.15775000001,-50.24465567421563,LOSS,1,1.0,0.052823576354934156,2.287885651157011,-1.0000000000000409,0.75,stop_loss,1.492512500000032,4.047843402819207,-3.89616794470495,-2.881279378511338,DOWN,SELL,0.522928012704841,False,70762.89015476471,-0.007332803940450232,NONE,0.0,70291.05668750001,0.75
2026-03-06 04:10:00+00:00,2026-03-06 04:10:00+00:00,2026-03-06 04:15:00+00:00,2026-03-06 04:35:00+00:00,SHORT,SHORT,-4.25,"['delta_strong_negative', 'cvd_strong_negative', 'aggressive_sellers', 'below_vwap']",70872.0,70739.115,37.49507429688039,WIN,5,20.0,1.1547578733491692,0.4204763517327012,0.7499999999999705,0.75,take_profit,1.492512500000032,1.6651313179736262,-2.4092135143330684,-1.8263687161898896,DOWN,SELL,0.395524982697163,False,70968.20416365618,-0.0014027758910697711,NONE,0.0,70739.115,0.75
2026-03-07 00:25:00+00:00,2026-03-07 00:25:00+00:00,2026-03-07 00:30:00+00:00,2026-03-07 00:30:00+00:00,LONG,LONG,3.25,"['delta_strong_positive', 'cvd_strong_positive', 'aggressive_buyers', 'big_trade_buy', 'above_vwap', 'buy_absorption']",68182.1,68309.9414375,37.635680825494966,WIN,1,1.0,1.1158353878803797,0.03578651874908998,0.7499999999999958,0.75,take_profit,1.492512500000032,1.179953943498435,3.1557858431827666,1.5247340283804656,UP,BUY,4.906873424751164,True,68163.55339562563,0.0005486831581846912,BUY_ABSORPTION,-1.0,68309.9414375,0.75
2026-03-07 04:00:00+00:00,2026-03-07 04:00:00+00:00,2026-03-07 04:05:00+00:00,2026-03-07 04:35:00+00:00,SHORT,SHORT,-4.25,"['delta_strong_negative', 'cvd_strong_negative', 'aggressive_sellers', 'below_vwap']",67875.8,68045.4895,-50.36908617145234,LOSS,7,30.0,0.2899413340247752,1.2982535749118413,-0.9999999999999595,0.75,stop_loss,1.492512500000032,3.74507422560245,-3.4622240371636552,-2.498067450596599,DOWN,SELL,0.5075055861247552,False,68192.89109093769,-0.004680815883360119,NONE,0.0,67748.532875,0.75
2026-03-07 06:50:00+00:00,2026-03-07 06:50:00+00:00,2026-03-07 06:55:00+00:00,2026-03-07 07:00:00+00:00,SHORT,SHORT,-4.25,"['delta_strong_negative', 'cvd_strong_negative', 'aggressive_sellers', 'below_vwap']",67664.5,67537.6290625,37.58793055544887,WIN,2,5.0,0.7714532731343615,0.3931160357351344,0.7500000000000205,0.75,take_profit,1.492512500000032,4.024857350946707,-3.9321605414785354,-3.3586898194380743,DOWN,SELL,0.46313583045639906,False,68081.35126982722,-0.005255893207975691,NONE,0.0,67537.6290625,0.75
2026-03-08 01:25:00+00:00,2026-03-08 01:25:00+00:00,2026-03-08 01:30:00+00:00,2026-03-08 01:30:00+00:00,SHORT,SHORT,-4.25,"['delta_strong_negative', 'cvd_strong_negative', 'aggressive_sellers', 'below_vwap']",67197.7,67071.70431249999,37.72888529503261,WIN,1,1.0,0.8476480593829502,0.000595258468702475,0.7500000000000367,0.75,take_profit,1.492512500000032,1.4395914180412333,-2.2807376308397442,-1.7741071898361733,DOWN,SELL,0.3336173473094629,False,67262.15049757801,-0.0010719046211168477,NONE,0.0,67071.70431249999,0.75
2026-03-08 02:40:00+00:00,2026-03-08 02:40:00+00:00,2026-03-08 02:45:00+00:00,2026-03-08 02:45:00+00:00,LONG,LONG,4.25,"['delta_strong_positive', 'cvd_strong_positive', 'aggressive_buyers', 'above_vwap']",67368.1,67199.67975000001,-50.493824819848186,LOSS,1,1.0,0.0,1.986103215023134,-0.9999999999999737,0.75,stop_loss,1.492512500000032,3.3693182468177585,3.1165492161547923,2.3499795719850267,UP,BUY,2.145826476305216,False,67244.79672809748,0.0017251352700730735,NONE,0.0,67494.41518750001,0.75
2026-03-08 04:50:00+00:00,2026-03-08 04:50:00+00:00,2026-03-08 04:55:00+00:00,2026-03-08 05:00:00+00:00,SHORT,SHORT,-4.25,"['delta_strong_negative', 'cvd_strong_negative', 'aggressive_sellers', 'below_vwap']",66583.5,66749.95875,-50.24135569575185,LOSS,2,5.0,0.45356582336464735,1.0441025178910865,-1.0000000000000313,0.75,stop_loss,1.498982294306746,4.0076006810054015,-3.8419012169879725,-3.3235520391414988,DOWN,SELL,0.3928063499384994,False,67052.1372091937,-0.006421051830690787,NONE,0.0,66458.6559375,0.75
2026-03-08 07:05:00+00:00,2026-03-08 07:05:00+00:00,2026-03-08 07:10:00+00:00,2026-03-08 08:15:00+00:00,LONG,LONG,4.25,"['delta_strong_positive', 'cvd_strong_positive', 'aggressive_buyers', 'above_vwap']",67346.0,67177.635,-49.99014891727306,LOSS,14,65.0,0.49891604549639174,1.3357883170492333,-1.000000000000031,0.75,stop_loss,1.9914873828352317,3.8613839276305413,3.7618048806176714,1.8372029242083798,UP,BUY,2.2535302543634743,False,67043.03725218667,0.005607993982256563,NONE,0.0,67472.27375,0.75
2026-03-09 01:55:00+00:00,2026-03-09 01:55:00+00:00,2026-03-09 02:00:00+00:00,2026-03-09 02:05:00+00:00,SHORT,SHORT,-4.25,"['delta_strong_negative', 'cvd_strong_negative', 'aggressive_sellers', 'below_vwap']",66150.1,66026.0685625,37.30514862951434,WIN,2,5.0,0.8253955776332914,0.6409665291511274,0.7500000000000098,0.75,take_profit,1.9914873828352317,2.082705412119789,-2.155424275050804,-2.1296517833751607,DOWN,SELL,0.6117268317979077,False,66315.55935608203,0.00038706785495652463,NONE,0.0,66026.0685625,0.75
2026-03-09 03:00:00+00:00,2026-03-09 03:00:00+00:00,2026-03-09 03:05:00+00:00,2026-03-09 03:05:00+00:00,LONG,LONG,4.25,"['delta_strong_positive', 'cvd_strong_positive', 'aggressive_buyers', 'above_vwap']",66834.0,66959.31375,37.445042936874884,WIN,1,1.0,1.861328066552952,0.5045336206122806,0.7500000000000069,0.75,take_profit,1.9914873828352317,2.227386200612519,2.7828514248959446,1.8349835164711077,UP,BUY,1.7046523659043258,False,66344.31821244293,0.00775594582884255,NONE,0.0,66959.31375,0.75
2026-03-09 05:30:00+00:00,2026-03-09 05:30:00+00:00,2026-03-09 05:35:00+00:00,2026-03-09 05:40:00+00:00,LONG,LONG,4.25,"['delta_strong_positive', 'cvd_strong_positive', 'aggressive_buyers', 'above_vwap']",67551.7,67678.3594375,37.5854618478874,WIN,2,5.0,2.402308158047819,0.6916184196696925,0.7499999999999918,0.75,take_profit,1.9914873828352317,2.83654776173957,2.432547546787176,1.5258953728567575,UP,BUY,1.5240766659673344,False,66797.03487065125,0.008624372510155276,NONE,0.0,67678.3594375,0.75
2026-03-09 07:30:00+00:00,2026-03-09 07:30:00+00:00,2026-03-09 07:35:00+00:00,2026-03-09 07:35:00+00:00,LONG,LONG,4.25,"['delta_strong_positive', 'cvd_strong_positive', 'aggressive_buyers', 'above_vwap']",67263.0,67389.118125,37.72640732981548,WIN,1,1.0,0.9901431693501628,0.0005946805822269049,0.7499999999999619,0.75,take_profit,1.9914873828352317,1.1105890100690903,2.3182211171939513,2.45249050781835,UP,BUY,2.0399243822298243,False,67084.7473363012,-0.0035245140646602336,NONE,0.0,67389.118125,0.75
2026-03-10 00:25:00+00:00,2026-03-10 00:25:00+00:00,2026-03-10 00:30:00+00:00,2026-03-10 00:35:00+00:00,LONG,LONG,3.5,"['delta_strong_positive', 'cvd_strong_positive', 'above_vwap']",68943.4,69072.66887499999,37.86788135730253,WIN,2,5.0,1.3477722305543558,0.5488560181249621,0.7499999999999669,0.75,take_profit,1.9914873828352317,3.653625948845386,2.481335115771491,2.5399634807358358,UP,BUY,1.2598250483260751,False,68649.41047753922,0.0032602322399530154,NONE,0.0,69072.66887499999,0.75
2026-03-10 02:30:00+00:00,2026-03-10 02:30:00+00:00,2026-03-10 02:35:00+00:00,2026-03-10 02:35:00+00:00,LONG,LONG,4.25,"['delta_strong_positive', 'cvd_strong_positive', 'aggressive_buyers', 'above_vwap']",69971.9,70103.09731249999,38.0098859123921,WIN,1,1.0,1.2353530488667928,0.2846857095490525,0.7499999999999608,0.75,take_profit,1.9914873828352317,4.137028205887404,3.8973582717243325,3.4530264692381327,UP,BUY,1.9696672344383326,False,69159.26433376635,0.01329864519965561,NONE,0.0,70103.09731249999,0.75
2026-03-10 03:45:00+00:00,2026-03-10 03:45:00+00:00,2026-03-10 03:50:00+00:00,2026-03-10 03:50:00+00:00,SHORT,SHORT,-4.25,"['delta_strong_negative', 'cvd_strong_negative', 'aggressive_sellers', 'below_vwap']",69527.3,69396.93631250001,38.152422984563756,WIN,1,1.0,1.0861920425502092,0.15015684486520414,0.7499999999999645,0.75,take_profit,1.9914873828352317,1.8970007153602289,-2.334813914272789,-1.715248119675423,DOWN,SELL,0.5209318557440953,False,69633.20419030557,-0.0012495645824649254,NONE,0.0,69396.93631250001,0.75
2026-03-10 07:05:00+00:00,2026-03-10 07:05:00+00:00,2026-03-10 07:10:00+00:00,2026-03-10 07:10:00+00:00,LONG,LONG,4.25,"['delta_strong_positive', 'cvd_strong_positive', 'aggressive_buyers', 'above_vwap']",70108.3,70239.7530625,38.29549457075892,WIN,1,1.0,1.664282260445608,0.04735530600515436,0.7500000000000244,0.75,take_profit,1.9914873828352317,3.459538176015389,3.7186295160234963,2.425822771765079,UP,BUY,1.8792754926546704,False,69711.12727254294,0.0036888128255325447,NONE,0.0,70239.7530625,0.75
2026-03-11 02:35:00+00:00,2026-03-11 02:35:00+00:00,2026-03-11 02:40:00+00:00,2026-03-11 03:00:00+00:00,SHORT,SHORT,-4.25,"['delta_strong_negative', 'cvd_strong_negative', 'aggressive_sellers', 'below_vwap']",69667.0,69841.1675,-51.25213690052949,LOSS,5,20.0,0.4386581882383004,1.125353467208291,-0.9999999999999767,0.75,stop_loss,1.9914873828352317,3.692628701966072,-3.404714525613266,-2.595134123520731,DOWN,SELL,0.4934989031812892,False,69921.16308293292,-0.0029579314231001296,NONE,0.0,69536.374375,0.75
2026-03-11 04:25:00+00:00,2026-03-11 04:25:00+00:00,2026-03-11 04:30:00+00:00,2026-03-11 04:50:00+00:00,LONG,LONG,4.25,"['delta_strong_positive', 'cvd_strong_positive', 'aggressive_buyers', 'above_vwap']",69942.5,70073.6421875,38.246907162019326,WIN,5,20.0,1.7534403259820899,0.380312399470994,0.7499999999999666,0.75,take_profit,1.9914873828352317,3.2938127822409813,2.7166593421993324,2.490036552983799,UP,BUY,1.6573799130840716,False,69814.25716408252,0.0021623237806276023,NONE,0.0,70073.6421875,0.75
2026-03-11 05:40:00+00:00,2026-03-11 05:40:00+00:00,2026-03-11 05:45:00+00:00,2026-03-11 06:10:00+00:00,SHORT,SHORT,-4.25,"['delta_strong_negative', 'cvd_strong_negative', 'aggressive_sellers', 'below_vwap']",69494.9,69668.63725,-51.18711075183979,LOSS,6,25.0,0.281459502783624,1.1183554476659607,-1.0000000000000324,0.75,stop_loss,1.9914873828352317,3.2220459415767495,-2.84979696012215,-2.113569673808204,DOWN,SELL,0.5887242900481865,False,69829.86653617118,-0.004075316852194756,NONE,0.0,69364.59706249999,0.75
2026-03-12 01:00:00+00:00,2026-03-12 01:00:00+00:00,2026-03-12 01:05:00+00:00,2026-03-12 01:30:00+00:00,SHORT,SHORT,-4.25,"['delta_strong_negative', 'cvd_strong_negative', 'aggressive_sellers', 'below_vwap']",69920.9,69789.79831249999,38.19838139856094,WIN,6,25.0,0.9771041276641941,0.2808888329526984,0.750000000000034,0.75,take_profit,1.9914873828352317,3.8596856166093008,-3.888193428179395,-3.572600563777888,DOWN,SELL,0.4539434178038737,False,70123.8979206393,-0.005711508170314431,NONE,0.0,69789.79831249999,0.75
2026-03-12 03:30:00+00:00,2026-03-12 03:30:00+00:00,2026-03-12 03:35:00+00:00,2026-03-12 03:45:00+00:00,LONG,LONG,3.75,"['delta_strong_positive', 'cvd_strong_positive', 'aggressive_buyers']",69545.2,69371.337,-51.12216710507102,LOSS,3,10.0,0.2864324209291391,1.8048693511558118,-0.999999999999986,0.75,stop_loss,1.9914873828352317,1.3569238363382727,2.4464818178901546,2.2492019515430384,UP,BUY,2.2445970356843,False,69690.69748292255,-0.0027344317248794558,NONE,0.0,69675.59724999999,0.75
2026-03-12 07:20:00+00:00,2026-03-12 07:20:00+00:00,2026-03-12 07:25:00+00:00,2026-03-12 07:30:00+00:00,LONG,LONG,3.75,"['delta_strong_positive', 'cvd_strong_positive', 'aggressive_buyers']",69544.5,69674.8959375,38.1499172021591,WIN,2,5.0,1.12043367915509,0.15299556399143466,0.7499999999999866,0.75,take_profit,1.9914873828352317,2.6136298698567586,3.3363302765208687,2.887251720099392,UP,BUY,2.6872619469596883,False,69578.86297349351,0.0018384950914903599,NONE,0.0,69674.8959375,0.75
2026-03-13 00:10:00+00:00,2026-03-13 00:10:00+00:00,2026-03-13 00:15:00+00:00,2026-03-13 00:15:00+00:00,LONG,LONG,4.75,"['delta_strong_positive', 'cvd_strong_positive', 'aggressive_buyers', 'big_trade_buy', 'above_vwap']",71085.0,71218.284375,38.292979391668716,WIN,1,1.0,3.1629739044805842,0.11197861714845145,0.7500000000000162,0.75,take_profit,1.9914873828352317,3.922188691434255,3.9388213552303815,2.886261448688556,UP,BUY,2.3533118371137154,True,70817.15561575495,0.008551428081754346,NONE,0.0,71218.284375,0.75
2026-03-13 02:35:00+00:00,2026-03-13 02:35:00+00:00,2026-03-13 02:40:00+00:00,2026-03-13 02:45:00+00:00,SHORT,SHORT,-4.25,"['delta_strong_negative', 'cvd_strong_negative', 'aggressive_sellers', 'below_vwap']",71201.4,71067.897375,38.436578064384825,WIN,2,5.0,0.9050383840766685,0.3842621072058062,0.7499999999999647,0.75,take_profit,1.9914873828352317,2.2592659614006094,-2.542299830865271,-1.9584946793945757,DOWN,SELL,0.5235171608577092,False,71382.32906364286,-0.00029796542882450474,NONE,0.0,71067.897375,0.75
2026-03-13 03:50:00+00:00,2026-03-13 03:50:00+00:00,2026-03-13 03:55:00+00:00,2026-03-13 04:20:00+00:00,LONG,LONG,4.25,"['delta_strong_positive', 'cvd_strong_positive', 'aggressive_buyers', 'above_vwap']",71436.3,71257.70925,-51.440953642838316,LOSS,6,25.0,0.2760501313758014,1.3231368365942966,-1.0000000000000169,0.75,stop_loss,1.9914873828352317,2.525991982832994,3.4365506298706343,2.822718422778383,UP,BUY,2.5792404768619868,False,71348.38105640835,0.0012921078185079633,NONE,0.0,71570.2430625,0.75
2026-03-13 06:25:00+00:00,2026-03-13 06:25:00+00:00,2026-03-13 06:30:00+00:00,2026-03-13 07:00:00+00:00,SHORT,SHORT,-4.25,"['delta_strong_negative', 'cvd_strong_negative', 'aggressive_sellers', 'below_vwap']",71209.5,71387.52375,-51.18374887462125,LOSS,7,30.0,0.33422506828442833,1.4851950933512756,-0.9999999999999608,0.75,stop_loss,1.9914873828352317,2.8486155118083825,-3.2897220999553594,-2.1060798146118604,DOWN,SELL,0.38295515765204746,False,71357.56331789933,-0.0013223530105618512,NONE,0.0,71075.9821875,0.75
2026-03-14 01:35:00+00:00,2026-03-14 01:35:00+00:00,2026-03-14 01:40:00+00:00,2026-03-14 01:45:00+00:00,SHORT,SHORT,-3.5,"['delta_strong_negative', 'cvd_strong_negative', 'below_vwap']",70666.5,70843.16625,-50.92783013024865,LOSS,2,5.0,0.040754813100957826,1.0630213750504294,-0.9999999999999705,0.75,stop_loss,1.9914873828352317,2.94151412440188,-2.3541467525591537,-1.5438819210281978,DOWN,SELL,0.7542395210069296,False,70674.1344732901,-0.001206187919655297,NONE,0.0,70534.0003125,0.75
2026-03-14 02:25:00+00:00,2026-03-14 02:25:00+00:00,2026-03-14 02:30:00+00:00,2026-03-14 03:05:00+00:00,LONG,LONG,3.25,"['cvd_strong_positive', 'aggressive_buyers', 'big_trade_buy', 'above_vwap']",70767.2,70899.8885,38.00489323470028,WIN,8,35.0,1.1536418001560373,0.4357951141206167,0.7500000000000216,0.75,take_profit,1.9914873828352317,-0.09316528703145496,1.3960816799260247,1.619335195211416,UP,BUY,3.654607508532423,True,70701.60577973729,0.0005259613222277558,NONE,0.0,70899.8885,0.75
2026-03-14 06:25:00+00:00,2026-03-14 06:25:00+00:00,2026-03-14 06:30:00+00:00,2026-03-14 06:35:00+00:00,SHORT,SHORT,-4.25,"['delta_strong_negative', 'cvd_strong_negative', 'aggressive_sellers', 'below_vwap']",70669.8,70537.294125,38.147411584330044,WIN,2,5.0,1.0969324945026186,0.22300897979048576,0.7500000000000144,0.75,take_profit,1.9914873828352317,2.689551035981999,-2.8078924710966744,-2.4789144731287363,DOWN,SELL,0.348425750461239,False,70858.01703900658,-0.0043385948186939645,NONE,0.0,70537.294125,0.75
2026-03-15 02:00:00+00:00,2026-03-15 02:00:00+00:00,2026-03-15 02:05:00+00:00,2026-03-15 02:05:00+00:00,LONG,LONG,4.25,"['delta_strong_positive', 'cvd_strong_positive', 'aggressive_buyers', 'above_vwap']",71159.8,71293.224625,38.29046437777044,WIN,1,1.0,0.776843105236367,0.23046720198763906,0.7499999999999979,0.75,take_profit,1.9914873828352317,4.132109657434574,3.9256016088101258,3.728841604758375,UP,BUY,1.9557330299145916,False,71030.38718146842,0.0021700147069911757,NONE,0.0,71293.224625,0.75
2026-03-15 02:45:00+00:00,2026-03-15 02:45:00+00:00,2026-03-15 02:50:00+00:00,2026-03-15 02:50:00+00:00,LONG,LONG,4.25,"['delta_strong_positive', 'cvd_strong_positive', 'aggressive_buyers', 'above_vwap']",71576.2,71397.2595,-51.24540482558206,LOSS,1,1.0,0.08215021194194211,1.2361650939837383,-0.9999999999999831,0.75,stop_loss,1.9914873828352317,3.195873978559621,3.1563766481006232,2.0541675109525084,UP,BUY,2.0663049222656817,False,71168.20883012355,0.0065128811772776655,NONE,0.0,71710.405375,0.75
2026-03-15 05:15:00+00:00,2026-03-15 05:15:00+00:00,2026-03-15 05:20:00+00:00,2026-03-15 05:50:00+00:00,LONG,LONG,4.25,"['delta_strong_positive', 'cvd_strong_positive', 'aggressive_buyers', 'above_vwap']",71639.9,71460.80025,-50.98917780145328,LOSS,7,30.0,0.27414890305545275,1.0346189762966636,-0.9999999999999662,0.75,stop_loss,1.9914873828352317,3.3112317841490495,3.124774377635779,1.5453188560383517,UP,BUY,2.2141133274602356,False,71316.90461067733,0.0037235091291558243,NONE,0.0,71774.22481249999,0.75
2026-03-15 07:10:00+00:00,2026-03-15 07:10:00+00:00,2026-03-15 07:15:00+00:00,2026-03-15 07:45:00+00:00,LONG,LONG,3.5,"['delta_strong_positive', 'cvd_strong_positive', 'above_vwap']",71576.8,71397.85800000001,-50.73423191244645,LOSS,7,30.0,0.26936102200711454,1.1294162354282717,-0.9999999999999745,0.75,stop_loss,1.9914873828352317,3.723331941701895,2.399320534389593,1.9695577530637167,UP,BUY,1.2851754110825186,False,71363.52265359835,0.001327812987031134,NONE,0.0,71711.0065,0.75
2026-03-16 03:20:00+00:00,2026-03-16 03:20:00+00:00,2026-03-16 03:25:00+00:00,2026-03-16 03:30:00+00:00,LONG,LONG,4.25,"['delta_strong_positive', 'cvd_strong_positive', 'aggressive_buyers', 'above_vwap']",72808.6,72945.116125,37.86042056466263,WIN,2,5.0,5.243336638803625,0.5960834297047326,0.7499999999999704,0.75,take_profit,1.9914873828352317,3.275311552357701,3.3942565950963086,2.485923993482755,UP,BUY,2.5980062322477457,False,72593.55414988217,0.0030247189339962337,NONE,0.0,72945.116125,0.75
2026-03-16 06:05:00+00:00,2026-03-16 06:05:00+00:00,2026-03-16 06:10:00+00:00,2026-03-16 07:00:00+00:00,SHORT,SHORT,-3.75,"['delta_strong_negative', 'cvd_strong_negative', 'aggressive_sellers']",73687.8,73872.01950000001,-50.669862855710605,LOSS,11,50.0,0.7496491956606429,1.013464915494815,-1.0000000000000353,0.75,stop_loss,1.9914873828352317,-0.12676279208848557,-2.122374857157727,-1.9539245314089668,DOWN,SELL,0.41600633689720784,False,73578.14493927732,-0.0005462244780575263,NONE,0.0,73549.635375,0.75
2026-03-16 07:35:00+00:00,2026-03-16 07:35:00+00:00,2026-03-16 07:40:00+00:00,2026-03-16 08:00:00+00:00,SHORT,SHORT,-4.25,"['delta_strong_negative', 'cvd_strong_negative', 'aggressive_sellers', 'below_vwap']",73442.5,73626.10625,-50.41651354142946,LOSS,5,20.0,0.5261258807911268,1.2935289512203423,-0.9999999999999839,0.75,stop_loss,2.481529945920975,1.6713101056316833,-2.1866087278001682,-1.5446540244958595,DOWN,SELL,0.5233379350208921,False,73590.20677520502,-0.005399466633753804,NONE,0.0,73304.7953125,0.75
2026-03-17 00:05:00+00:00,2026-03-17 00:05:00+00:00,2026-03-17 00:10:00+00:00,2026-03-17 00:10:00+00:00,LONG,LONG,4.25,"['delta_strong_positive', 'cvd_strong_positive', 'aggressive_buyers', 'above_vwap']",74989.3,75129.9049375,37.62332323029239,WIN,1,1.0,2.4142110941160473,0.0005334094331101678,0.7500000000000012,0.75,take_profit,2.481529945920975,3.7968468585244852,4.075156098331277,3.2920547254740056,UP,BUY,2.619194956983629,False,74879.12542439223,0.005779651894176409,NONE,0.0,75129.9049375,0.75
2026-03-17 03:30:00+00:00,2026-03-17 03:30:00+00:00,2026-03-17 03:35:00+00:00,2026-03-17 03:40:00+00:00,SHORT,SHORT,-4.25,"['delta_strong_negative', 'cvd_strong_negative', 'aggressive_sellers', 'below_vwap']",74556.9,74417.1058125,37.764410692404866,WIN,2,5.0,1.4195869195204804,0.3755520951112506,0.7499999999999788,0.75,take_profit,2.481529945920975,2.1080824920240193,-2.5798097572421543,-2.1042984703444154,DOWN,SELL,0.5164771443808175,False,75269.28103401943,-0.009147923655333385,NONE,0.0,74417.1058125,0.75
2026-03-17 05:35:00+00:00,2026-03-17 05:35:00+00:00,2026-03-17 05:40:00+00:00,2026-03-17 05:40:00+00:00,SHORT,SHORT,-4.25,"['delta_strong_negative', 'cvd_strong_negative', 'aggressive_sellers', 'below_vwap']",74091.8,73952.877875,37.90602723250172,WIN,1,1.0,1.450092992746867,0.24456147643870393,0.7499999999999856,0.75,take_profit,2.481529945920975,0.37634208598981733,-2.822596269877821,-2.2302759230836187,DOWN,SELL,0.487342435226966,False,74935.35369135959,-0.007586954463593141,NONE,0.0,73952.877875,0.75
2026-03-18 03:20:00+00:00,2026-03-18 03:20:00+00:00,2026-03-18 03:25:00+00:00,2026-03-18 03:35:00+00:00,LONG,LONG,4.25,"['delta_strong_positive', 'cvd_strong_positive', 'aggressive_buyers', 'above_vwap']",74461.7,74601.3156875,38.048174834624746,WIN,3,10.0,0.9202046152585983,0.19714833263273382,0.7500000000000081,0.75,take_profit,2.481529945920975,2.8920741262786938,3.001410113272639,1.6074552984240054,UP,BUY,2.3838282942731626,False,73983.95582894718,0.006479143279735208,NONE,0.0,74601.3156875,0.75
2026-03-19 03:15:00+00:00,2026-03-19 03:15:00+00:00,2026-03-19 03:20:00+00:00,2026-03-19 03:30:00+00:00,LONG,LONG,4.25,"['delta_strong_positive', 'cvd_strong_positive', 'aggressive_buyers', 'above_vwap']",71543.4,71364.54149999999,-50.921140653672836,LOSS,3,10.0,0.036900678469325314,1.2898464428584446,-1.0000000000000118,0.75,stop_loss,2.481529945920975,4.18937660269935,4.135505859417106,3.7589699963940144,UP,BUY,2.3530048190838637,False,71150.50406415865,0.005345268057808727,NONE,0.0,71677.54387499999,0.75
2026-03-19 04:05:00+00:00,2026-03-19 04:05:00+00:00,2026-03-19 04:10:00+00:00,2026-03-19 04:25:00+00:00,SHORT,SHORT,-4.25,"['delta_strong_negative', 'cvd_strong_negative', 'aggressive_sellers', 'below_vwap']",70810.0,70677.23125,37.99990121280374,WIN,4,15.0,1.0399661064821681,0.5575483688744363,0.7500000000000164,0.75,take_profit,2.481529945920975,2.6358611873996014,-2.202118416306515,-1.7590087935800454,DOWN,SELL,0.5704172680367191,False,71160.29368081951,-0.004893596909530739,NONE,0.0,70677.23125,0.75
2026-03-19 06:30:00+00:00,2026-03-19 06:30:00+00:00,2026-03-19 06:35:00+00:00,2026-03-19 06:55:00+00:00,SHORT,SHORT,-4.25,"['delta_strong_negative', 'cvd_strong_negative', 'aggressive_sellers', 'below_vwap']",70603.4,70471.018625,38.14240084235012,WIN,5,20.0,0.7671018676154077,0.5829747575896274,0.7499999999999842,0.75,take_profit,2.481529945920975,2.783037716796108,-2.1695966466028187,-1.7421372257386931,DOWN,SELL,0.5418458989087225,False,71017.82764013472,-0.005457807783912546,NONE,0.0,70471.018625,0.75
2026-03-19 07:10:00+00:00,2026-03-19 07:10:00+00:00,2026-03-19 07:15:00+00:00,2026-03-19 07:15:00+00:00,SHORT,SHORT,-4.25,"['delta_strong_negative', 'cvd_strong_negative', 'aggressive_sellers', 'below_vwap']",69940.3,69809.1619375,38.285434845510316,WIN,1,1.0,1.2530686885815807,0.3357148882689785,0.7500000000000113,0.75,take_profit,2.481529945920975,3.7002426217221545,-3.8397724299114673,-3.662397230604942,DOWN,SELL,0.38504471729995327,False,70785.49381953455,-0.010611941198123328,NONE,0.0,69809.1619375,0.75
2026-03-20 02:30:00+00:00,2026-03-20 02:30:00+00:00,2026-03-20 02:35:00+00:00,2026-03-20 02:40:00+00:00,SHORT,SHORT,-4.25,"['delta_strong_negative', 'cvd_strong_negative', 'aggressive_sellers', 'below_vwap']",70052.0,70227.13,-51.238673634908565,LOSS,2,5.0,0.011420087934677097,1.155712898989289,-1.0000000000000264,0.75,stop_loss,2.481529945920975,1.9310873357817644,-2.623652543043722,-2.640231309331311,DOWN,SELL,0.4128023567410247,False,70240.21623051736,-0.0010378617890830011,NONE,0.0,69920.6525,0.75
2026-03-20 04:05:00+00:00,2026-03-20 04:05:00+00:00,2026-03-20 04:10:00+00:00,2026-03-20 04:30:00+00:00,LONG,LONG,4.25,"['delta_strong_positive', 'cvd_strong_positive', 'aggressive_buyers', 'above_vwap']",70888.7,70711.47825,-50.9824802667318,LOSS,5,20.0,0.3171168324429541,1.8146756817376608,-0.999999999999983,0.75,stop_loss,2.481529945920975,2.8169486451481154,3.48697517759583,2.6271513039192715,UP,BUY,2.7849536613767816,False,70403.44663977991,0.006562724205299479,NONE,0.0,71021.6163125,0.75
2026-03-20 07:30:00+00:00,2026-03-20 07:30:00+00:00,2026-03-20 07:35:00+00:00,2026-03-20 07:40:00+00:00,LONG,LONG,4.25,"['delta_strong_positive', 'cvd_strong_positive', 'aggressive_buyers', 'above_vwap']",70608.0,70740.39,38.04567589904909,WIN,2,5.0,1.217992295490596,0.10197144799456152,0.7499999999999967,0.75,take_profit,2.481529945920975,1.4371157012155602,2.7699848217293312,3.205447296161839,UP,BUY,3.014542655756299,False,70473.93534725715,0.00019844918022036065,NONE,0.0,70740.39,0.75
2026-03-21 02:15:00+00:00,2026-03-21 02:15:00+00:00,2026-03-21 02:20:00+00:00,2026-03-21 02:25:00+00:00,LONG,LONG,3.75,"['delta_strong_positive', 'cvd_strong_positive', 'aggressive_buyers']",70522.1,70654.3289375,38.18834718366964,WIN,2,5.0,0.8354827777391106,0.06069019498858735,0.7499999999999793,0.75,take_profit,2.481529945920975,0.16965607627721685,2.3942681418518976,1.6844647918385676,UP,BUY,1.9762702099312233,False,70571.33539841534,-0.0007510067960554107,NONE,0.0,70654.3289375,0.75
2026-03-21 04:20:00+00:00,2026-03-21 04:20:00+00:00,2026-03-21 04:25:00+00:00,2026-03-21 08:15:00+00:00,LONG,LONG,4.25,"['delta_strong_positive', 'cvd_strong_positive', 'aggressive_buyers', 'above_vwap']",70740.9,70564.04775,-51.108737980811526,LOSS,47,230.0,0.6123755847041975,1.1444581564554264,-0.9999999999999789,0.75,stop_loss,2.481529945920975,1.119361538415587,2.3967591170461264,1.7842077261714688,UP,BUY,3.1318086294704557,False,70610.56330800412,0.001854574489489305,NONE,0.0,70873.53918749999,0.75
2026-03-22 02:25:00+00:00,2026-03-22 02:25:00+00:00,2026-03-22 02:30:00+00:00,2026-03-22 03:00:00+00:00,LONG,LONG,4.25,"['delta_strong_positive', 'cvd_strong_positive', 'aggressive_buyers', 'above_vwap']",69314.7,69141.41325,-50.85319429090834,LOSS,7,30.0,0.09464081933563145,1.3526712226987592,-0.9999999999999961,0.75,stop_loss,2.481529945920975,3.5513668455457488,3.616016645112833,3.104864175763102,UP,BUY,2.127324968842456,False,68806.51193696937,0.004033484747787083,NONE,0.0,69444.6650625,0.75
2026-03-22 07:35:00+00:00,2026-03-22 07:35:00+00:00,2026-03-22 07:40:00+00:00,2026-03-22 08:00:00+00:00,SHORT,SHORT,-4.25,"['delta_strong_negative', 'cvd_strong_negative', 'aggressive_sellers', 'below_vwap']",68963.4,68834.093625,37.949196239590535,WIN,5,20.0,1.7249729566697363,0.5626172723502613,0.7500000000000008,0.75,take_profit,2.481529945920975,3.023368152485934,-3.606025120530995,-2.3199095485820123,DOWN,SELL,0.18489042196547809,False,68985.81404508287,-0.0036350414316996603,NONE,0.0,68834.093625,0.75
2026-03-23 02:25:00+00:00,2026-03-23 02:25:00+00:00,2026-03-23 02:30:00+00:00,2026-03-23 02:40:00+00:00,LONG,LONG,4.25,"['delta_strong_positive', 'cvd_strong_positive', 'aggressive_buyers', 'above_vwap']",68235.8,68363.742125,38.09150572548938,WIN,3,10.0,0.8206835707942165,0.439065710374957,0.7500000000000081,0.75,take_profit,2.481529945920975,3.219608024133405,3.0502056041134487,1.6080763401847444,UP,BUY,1.8514107258676111,False,67864.50357446395,0.0042481326358763455,NONE,0.0,68363.742125,0.75
2026-03-23 04:50:00+00:00,2026-03-23 04:50:00+00:00,2026-03-23 04:55:00+00:00,2026-03-23 05:00:00+00:00,LONG,LONG,4.25,"['delta_strong_positive', 'cvd_strong_positive', 'aggressive_buyers', 'above_vwap']",68443.8,68572.132125,38.234348871959796,WIN,2,5.0,1.9472910621560877,0.23201517157140364,0.7500000000000048,0.75,take_profit,2.481529945920975,3.453030496908545,2.876210921512403,2.3342238739116077,UP,BUY,1.8523046538613714,False,68014.24962297858,0.0049273765977243585,NONE,0.0,68572.132125,0.75
2026-03-23 06:40:00+00:00,2026-03-23 06:40:00+00:00,2026-03-23 06:45:00+00:00,2026-03-23 06:45:00+00:00,SHORT,SHORT,-3.5,"['delta_strong_negative', 'cvd_strong_negative', 'below_vwap']",67786.9,67659.79956249999,38.37772768023085,WIN,1,1.0,0.7895330808754398,0.7854024892715603,0.7500000000000282,0.75,take_profit,2.481529945920975,3.502082044592401,-2.264179437839897,-2.080242412458556,DOWN,SELL,0.7269602321942763,False,68188.78549895776,-0.008807447242731135,NONE,0.0,67659.79956249999,0.75
2026-03-24 00:30:00+00:00,2026-03-24 00:30:00+00:00,2026-03-24 00:35:00+00:00,2026-03-24 00:35:00+00:00,SHORT,SHORT,-4.25,"['delta_strong_negative', 'cvd_strong_negative', 'aggressive_sellers', 'below_vwap']",70623.9,70491.4801875,38.521644159029286,WIN,1,1.0,1.3932960371772163,0.30414633006679975,0.7499999999999809,0.75,take_profit,2.481529945920975,1.369033635552972,-2.5146965036370896,-2.3229705307517694,DOWN,SELL,0.6501279091991709,False,70798.24049963753,-0.0016391677809120566,NONE,0.0,70491.4801875,0.75
2026-03-24 04:30:00+00:00,2026-03-24 04:30:00+00:00,2026-03-24 04:35:00+00:00,2026-03-24 04:50:00+00:00,SHORT,SHORT,-4.25,"['delta_strong_negative', 'cvd_strong_negative', 'aggressive_sellers', 'below_vwap']",70352.7,70220.7886875,38.666100324626726,WIN,4,15.0,0.7868923296475854,0.33829547408983596,0.750000000000002,0.75,take_profit,2.481529945920975,2.777877713600338,-2.6831380048522124,-3.3161441957074906,DOWN,SELL,0.4808831687991356,False,70581.78042765088,-0.0023597951325891376,NONE,0.0,70220.7886875,0.75
2026-03-24 07:10:00+00:00,2026-03-24 07:10:00+00:00,2026-03-24 07:15:00+00:00,2026-03-24 07:15:00+00:00,LONG,LONG,3.5,"['delta_strong_positive', 'cvd_strong_positive', 'above_vwap']",70794.8,70927.54025,38.81109820084471,WIN,1,1.0,0.8294394503551271,0.2813765982812461,0.7500000000000144,0.75,take_profit,2.481529945920975,3.052404701486683,2.2079318637742507,1.8613371979032516,UP,BUY,1.3548123308149165,False,70503.25980784686,0.005373583076946044,NONE,0.0,70927.54025,0.75
2026-03-24 07:55:00+00:00,2026-03-24 07:55:00+00:00,2026-03-24 08:00:00+00:00,2026-03-24 08:05:00+00:00,LONG,LONG,4.25,"['delta_strong_positive', 'cvd_strong_positive', 'aggressive_buyers', 'above_vwap']",71255.2,71077.06199999999,-51.94218642546468,LOSS,2,5.0,0.3317652606406596,1.0671501869336766,-1.0000000000000353,0.75,stop_loss,2.481529945920975,3.397965420997988,3.5911329850824405,3.2919194848452564,UP,BUY,2.28912023724711,False,70613.03967293557,0.008881537448915731,NONE,0.0,71388.8035,0.75
2026-03-25 00:40:00+00:00,2026-03-25 00:40:00+00:00,2026-03-25 00:45:00+00:00,2026-03-25 01:05:00+00:00,LONG,LONG,4.25,"['delta_strong_positive', 'cvd_strong_positive', 'aggressive_buyers', 'above_vwap']",70893.7,70716.46575,-51.68247549333379,LOSS,5,20.0,0.3853656954003129,1.316336994683606,-0.9999999999999666,0.75,stop_loss,2.481529945920975,1.7905419686164632,2.1324407303509325,2.245324779817168,UP,BUY,1.9353322105373836,False,70751.1573529585,0.006615717446718414,NONE,0.0,71026.6256875,0.75
2026-03-25 05:05:00+00:00,2026-03-25 05:05:00+00:00,2026-03-25 05:10:00+00:00,2026-03-25 05:10:00+00:00,LONG,LONG,3.5,"['delta_strong_positive', 'cvd_strong_positive', 'above_vwap']",71175.0,71308.453125,38.56804733690164,WIN,1,1.0,0.8143308746048145,0.08991921320688444,0.7499999999999999,0.75,take_profit,2.481529945920975,4.112429477443959,2.854671118745546,2.545607522764179,UP,BUY,1.3528944565435856,False,70738.72609545986,0.006353507431489185,NONE,0.0,71308.453125,0.75
2026-03-25 06:55:00+00:00,2026-03-25 06:55:00+00:00,2026-03-25 07:00:00+00:00,2026-03-25 07:30:00+00:00,SHORT,SHORT,-3.75,"['delta_strong_negative', 'cvd_strong_negative', 'aggressive_sellers']",70962.8,71140.20700000001,-51.61690335255526,LOSS,7,30.0,0.2632365126516828,1.1701905787257056,-1.0000000000000369,0.75,stop_loss,2.481529945920975,2.3520570748609533,-2.0856004270189237,-2.3431625316073035,DOWN,SELL,0.440730026302988,False,70839.44679399424,0.0003737075018255081,NONE,0.0,70829.74475,0.75
2026-03-26 02:30:00+00:00,2026-03-26 02:30:00+00:00,2026-03-26 02:35:00+00:00,2026-03-26 05:05:00+00:00,SHORT,SHORT,-4.25,"['delta_strong_negative', 'cvd_strong_negative', 'aggressive_sellers', 'below_vwap']",70770.7,70638.0049375,38.519114126843725,WIN,31,150.0,1.896830185373276,0.9845882547438253,0.7500000000000152,0.75,take_profit,2.481529945920975,3.7580516381708473,-3.44695221279822,-2.698634692704705,DOWN,SELL,0.6476051184674345,False,71111.84915928994,-0.005824456681524639,NONE,0.0,70638.0049375,0.75
2026-03-26 05:40:00+00:00,2026-03-26 05:40:00+00:00,2026-03-26 05:45:00+00:00,2026-03-26 05:50:00+00:00,SHORT,SHORT,-4.75,"['delta_strong_negative', 'cvd_strong_negative', 'aggressive_sellers', 'big_trade_sell', 'below_vwap']",70279.0,70147.226875,38.66356080482066,WIN,2,5.0,1.14571920488341,0.3733690006972542,0.7500000000000399,0.75,take_profit,2.481529945920975,2.6482029525350295,-3.2317147511815536,-2.097502983449499,DOWN,SELL,0.34177817392398,True,70856.9019876293,-0.006513646270480914,NONE,0.0,70147.226875,0.75
2026-03-27 00:05:00+00:00,2026-03-27 00:05:00+00:00,2026-03-27 00:10:00+00:00,2026-03-27 00:20:00+00:00,LONG,LONG,4.25,"['delta_strong_positive', 'cvd_strong_positive', 'aggressive_buyers', 'above_vwap']",68904.4,68732.139,-51.74473221044849,LOSS,3,10.0,0.21943446282096882,1.1703171350450263,-0.9999999999999919,0.75,stop_loss,2.481529945920975,0.5058256057035165,2.6184580461949705,1.5572619130837673,UP,BUY,3.284332108944885,False,68766.51457656715,-0.0008347719067714062,NONE,0.0,69033.59575,0.75
2026-03-27 03:05:00+00:00,2026-03-27 03:05:00+00:00,2026-03-27 03:10:00+00:00,2026-03-27 03:35:00+00:00,SHORT,SHORT,-4.25,"['delta_strong_negative', 'cvd_strong_negative', 'aggressive_sellers', 'below_vwap']",68680.4,68852.101,-51.48600854939695,LOSS,6,25.0,0.293533526304414,1.121717404092031,-1.0000000000000056,0.75,stop_loss,2.481529945920975,3.554853282535542,-3.5733786317841623,-2.4106503262414614,DOWN,SELL,0.5248585304356547,False,68812.7724120445,-0.0017076584340363983,NONE,0.0,68551.62425,0.75
2026-03-27 04:00:00+00:00,2026-03-27 04:00:00+00:00,2026-03-27 04:05:00+00:00,2026-03-27 04:05:00+00:00,SHORT,SHORT,-3.5,"['delta_strong_negative', 'cvd_strong_negative', 'below_vwap']",68499.9,68371.4626875,38.421433879986786,WIN,1,1.0,1.417228346318737,0.21313899728320773,0.7499999999999906,0.75,take_profit,2.481529945920975,3.8620746690353047,-2.72048891426356,-2.6009167664116055,DOWN,SELL,0.7214654329541113,False,68766.0803730183,-0.003908349178331391,NONE,0.0,68371.4626875,0.75
2026-03-27 07:10:00+00:00,2026-03-27 07:10:00+00:00,2026-03-27 07:15:00+00:00,2026-03-27 07:35:00+00:00,LONG,LONG,4.25,"['delta_strong_positive', 'cvd_strong_positive', 'aggressive_buyers', 'above_vwap']",68830.5,68658.42375,-51.42068567604909,LOSS,5,20.0,0.5491751476453025,1.256419755776855,-0.9999999999999898,0.75,stop_loss,2.481529945920975,3.8342868206353473,3.756666971768319,2.806394407261618,UP,BUY,2.249666047633011,False,68691.67331585953,0.0033879318624987216,NONE,0.0,68959.5571875,0.75
2026-03-28 01:10:00+00:00,2026-03-28 01:10:00+00:00,2026-03-28 01:15:00+00:00,2026-03-28 02:25:00+00:00,SHORT,SHORT,-4.25,"['delta_strong_negative', 'cvd_strong_negative', 'aggressive_sellers', 'below_vwap']",66115.7,65991.7330625,38.37268668575015,WIN,15,70.0,0.8772500328968762,0.8052550301970988,0.7499999999999633,0.75,take_profit,2.481529945920975,3.081371500095049,-3.0417308552213003,-2.280421048442001,DOWN,SELL,0.47312567932481653,False,66317.36373572778,-0.0010193713384683797,NONE,0.0,65991.7330625,0.75
2026-03-28 06:15:00+00:00,2026-03-28 06:15:00+00:00,2026-03-28 06:20:00+00:00,2026-03-28 09:05:00+00:00,LONG,LONG,4.25,"['delta_strong_positive', 'cvd_strong_positive', 'aggressive_buyers', 'above_vwap']",66445.4,66279.28649999999,-51.35544568110022,LOSS,34,165.0,0.5327682578477969,1.0396506003425194,-1.0000000000000406,0.75,stop_loss,2.481529945920975,2.385191729941739,2.4321356736122866,2.1599775007218827,UP,BUY,2.7189858554334134,False,66194.23530504371,0.004313487128535793,NONE,0.0,66569.98512499999,0.75
2026-03-29 03:15:00+00:00,2026-03-29 03:15:00+00:00,2026-03-29 03:20:00+00:00,2026-03-29 03:45:00+00:00,LONG,LONG,3.5,"['delta_strong_positive', 'cvd_strong_positive', 'above_vwap']",67021.7,66854.14575,-51.09866845269295,LOSS,6,25.0,0.061472627522148264,1.1960305393625896,-1.0000000000000062,0.75,stop_loss,2.481529945920975,4.068283233893242,2.7598012289075133,1.5539298121159455,UP,BUY,1.4039536362520777,False,66620.55117198733,0.006694469283001454,NONE,0.0,67147.3656875,0.75
2026-03-29 04:20:00+00:00,2026-03-29 04:20:00+00:00,2026-03-29 04:25:00+00:00,2026-03-29 05:05:00+00:00,SHORT,SHORT,-4.25,"['delta_strong_negative', 'cvd_strong_negative', 'aggressive_sellers', 'big_trade_sell']",66791.3,66666.0663125,38.13238133282301,WIN,9,40.0,0.9516209446440403,0.17127979242800345,0.7500000000000223,0.75,take_profit,2.481529945920975,0.9529490194795058,-3.282024087786042,-2.9154979125562726,DOWN,SELL,0.21639968821583103,True,66684.41666026846,0.0011658056935142892,NONE,0.0,66666.0663125,0.75
2026-03-29 05:50:00+00:00,2026-03-29 05:50:00+00:00,2026-03-29 05:55:00+00:00,2026-03-29 07:00:00+00:00,LONG,LONG,4.25,"['delta_strong_positive', 'cvd_strong_positive', 'aggressive_buyers', 'above_vwap']",66752.1,66585.21975,-51.03383701709389,LOSS,14,65.0,0.5566866061142296,1.3638522233757788,-1.0000000000000118,0.75,stop_loss,2.481529945920975,2.053606118937486,2.286462215165857,2.596862391804493,UP,BUY,2.8350087319504196,False,66685.9757233791,-0.00037707813960094586,NONE,0.0,66877.26018750001,0.75
2026-03-30 02:40:00+00:00,2026-03-30 02:40:00+00:00,2026-03-30 02:45:00+00:00,2026-03-30 02:45:00+00:00,LONG,LONG,4.25,"['delta_strong_positive', 'cvd_strong_positive', 'aggressive_buyers', 'above_vwap']",67020.9,67146.5641875,38.084000874007664,WIN,1,1.0,2.7859966070285713,0.2799126839537767,0.7500000000000354,0.75,take_profit,2.481529945920975,2.99052182115446,2.566292122997702,2.2580549335211555,UP,BUY,1.6605445762363182,False,66528.32416993457,0.014018508910258146,NONE,0.0,67146.5641875,0.75
2026-03-30 07:55:00+00:00,2026-03-30 07:55:00+00:00,2026-03-30 08:00:00+00:00,2026-03-30 08:00:00+00:00,LONG,LONG,3.5,"['delta_strong_positive', 'cvd_strong_positive', 'above_vwap']",67595.9,67722.6423125,38.226815877285176,WIN,1,1.0,1.0136709474983123,0.1260431475872848,0.7500000000000352,0.75,take_profit,2.481529945920975,3.260773044366494,2.1165813844225183,1.6686692963801713,UP,BUY,1.405259932591155,False,67003.41888153908,0.002258935663208607,NONE,0.0,67722.6423125,0.75
2026-03-31 00:00:00+00:00,2026-03-31 00:00:00+00:00,2026-03-31 00:05:00+00:00,2026-03-31 00:05:00+00:00,SHORT,SHORT,-3.75,"['delta_strong_negative', 'cvd_strong_negative', 'aggressive_sellers']",66785.5,66660.2771875,38.37016643682214,WIN,1,1.0,0.8397032289943002,0.0,0.749999999999979,0.75,take_profit,2.481529945920975,0.8882457783491127,-2.133005368889052,-1.7610749925374167,DOWN,SELL,0.5071660619269936,False,66749.33333333333,0.0013023460749207918,NONE,0.0,66660.2771875,0.75
2026-03-31 00:45:00+00:00,2026-03-31 00:45:00+00:00,2026-03-31 00:50:00+00:00,2026-03-31 00:50:00+00:00,LONG,LONG,4.25,"['delta_strong_positive', 'cvd_strong_positive', 'aggressive_buyers', 'above_vwap']",67222.2,67054.1445,-51.352072747949066,LOSS,1,1.0,0.06366944253533559,1.500694710973441,-1.000000000000013,0.75,stop_loss,2.481529945920975,4.112254997188621,3.869742479266737,3.045571486171873,UP,BUY,1.9838427186488377,False,66899.39716344199,0.006731432562932429,NONE,0.0,67348.241625,0.75
2026-03-31 01:30:00+00:00,2026-03-31 01:30:00+00:00,2026-03-31 01:35:00+00:00,2026-03-31 01:35:00+00:00,LONG,LONG,4.25,"['delta_strong_positive', 'cvd_strong_positive', 'aggressive_buyers', 'above_vwap']",68297.5,68126.75625,-51.0953123842069,LOSS,1,1.0,0.3080639847725367,1.3365057286137683,-0.9999999999999658,0.75,stop_loss,2.481529945920975,3.4815054782245873,3.12741834787541,2.6048779722069915,UP,BUY,1.5800625762678346,False,67461.3476487413,0.016069690072507616,NONE,0.0,68425.5578125,0.75
2026-03-31 07:10:00+00:00,2026-03-31 07:10:00+00:00,2026-03-31 07:15:00+00:00,2026-03-31 07:15:00+00:00,SHORT,SHORT,-4.25,"['delta_strong_negative', 'cvd_strong_negative', 'aggressive_sellers', 'below_vwap']",67267.2,67141.074,38.12987686671686,WIN,1,1.0,1.1613386613386787,0.042814328528596936,0.7500000000000229,0.75,take_profit,2.481529945920975,2.1304837249982183,-2.523627882191419,-1.8354330941002481,DOWN,SELL,0.5349918236926817,False,67630.6981327398,-0.004469520311704634,NONE,0.0,67141.074,0.75
2026-04-01 03:05:00+00:00,2026-04-01 03:05:00+00:00,2026-04-01 03:10:00+00:00,2026-04-01 03:45:00+00:00,LONG,LONG,4.25,"['delta_strong_positive', 'cvd_strong_positive', 'aggressive_buyers', 'above_vwap']",68032.3,68159.8605625,38.272863904966655,WIN,8,35.0,1.0712558593491448,0.9395537119868232,0.750000000000015,0.75,take_profit,2.481529945920975,2.4728468583216143,3.136897734812848,2.7022778323738694,UP,BUY,2.482267321980273,False,67934.01896061897,0.0008412648917093124,NONE,0.0,68159.8605625,0.75
2026-04-01 05:25:00+00:00,2026-04-01 05:25:00+00:00,2026-04-01 05:30:00+00:00,2026-04-01 06:15:00+00:00,LONG,LONG,4.25,"['delta_strong_positive', 'cvd_strong_positive', 'aggressive_buyers', 'above_vwap']",68553.0,68681.536875,38.41638714461108,WIN,10,45.0,1.1564774699867086,0.8694003180021298,0.7500000000000305,0.75,take_profit,2.481529945920975,3.2508799099732095,2.2015002888147652,2.2393633347133446,UP,BUY,1.5740100440070388,False,68080.04800227698,0.0069914755100013715,NONE,0.0,68681.536875,0.75
2026-04-01 06:35:00+00:00,2026-04-01 06:35:00+00:00,2026-04-01 06:40:00+00:00,2026-04-01 06:40:00+00:00,LONG,LONG,4.75,"['delta_strong_positive', 'cvd_strong_positive', 'aggressive_buyers', 'big_trade_buy', 'above_vwap']",68940.0,69069.2625,38.560448596400946,WIN,1,1.0,1.624601102407891,0.0,0.7499999999999832,0.75,take_profit,2.481529945920975,2.404462830206952,2.5273173503716504,2.0318414224868997,UP,BUY,1.9347759563843578,True,68248.84069370378,0.007909988183569068,NONE,0.0,69069.2625,0.75
2026-04-02 00:10:00+00:00,2026-04-02 00:10:00+00:00,2026-04-02 00:15:00+00:00,2026-04-02 00:35:00+00:00,LONG,LONG,4.25,"['delta_strong_positive', 'cvd_strong_positive', 'aggressive_buyers', 'above_vwap']",68177.3,68305.1324375,38.70505027863645,WIN,5,20.0,1.005613305308331,0.4535233868164501,0.7499999999999638,0.75,take_profit,2.481529945920975,2.1458309514430063,2.9570002640078843,2.3176517678641133,UP,BUY,2.8566336555455725,False,68123.36600099734,-0.00019732518507527182,NONE,0.0,68305.1324375,0.75
2026-04-02 01:05:00+00:00,2026-04-02 01:05:00+00:00,2026-04-02 01:10:00+00:00,2026-04-02 01:10:00+00:00,SHORT,SHORT,-3.5,"['delta_strong_negative', 'cvd_strong_negative', 'below_vwap']",68135.1,68305.43775000001,-51.800258956246104,LOSS,1,1.0,0.49607324271924447,1.7418335043171407,-1.0000000000000353,0.75,stop_loss,2.481529945920975,4.0965492495362374,-2.7742770651919133,-2.859396864765986,DOWN,SELL,0.8537853928568413,False,68183.63373275269,-0.0009189935483389829,NONE,0.0,68007.3466875,0.75
2026-04-03 00:45:00+00:00,2026-04-03 00:45:00+00:00,2026-04-03 00:50:00+00:00,2026-04-03 01:30:00+00:00,SHORT,SHORT,-4.25,"['delta_strong_negative', 'cvd_strong_negative', 'aggressive_sellers', 'below_vwap']",66706.2,66872.96549999999,-51.54125766146121,LOSS,9,40.0,0.21107483262423637,1.0499773634235248,-0.9999999999999645,0.75,stop_loss,2.481529945920975,3.021282370514997,-3.2179129259101042,-3.2437693475471927,DOWN,SELL,0.36116472667301625,False,66819.35775313886,-0.002452299374490204,NONE,0.0,66581.125875,0.75
2026-04-03 02:10:00+00:00,2026-04-03 02:10:00+00:00,2026-04-03 02:15:00+00:00,2026-04-03 02:15:00+00:00,SHORT,SHORT,-3.25,"['delta_strong_negative', 'cvd_strong_negative', 'aggressive_sellers', 'big_trade_sell', 'below_vwap', 'sell_absorption']",66479.6,66645.799,-51.28355137315364,LOSS,1,1.0,0.03489792357356488,1.4867718819005604,-0.9999999999999593,0.75,stop_loss,2.481529945920975,1.962116222071267,-2.093524010359842,-1.5217596198606684,DOWN,SELL,0.4258193750018053,True,66655.12123578097,-0.0037343040285776007,SELL_ABSORPTION,1.0,66354.95075,0.75
2026-04-03 05:15:00+00:00,2026-04-03 05:15:00+00:00,2026-04-03 05:20:00+00:00,2026-04-03 05:30:00+00:00,SHORT,SHORT,-4.25,"['delta_strong_negative', 'cvd_strong_negative', 'aggressive_sellers', 'below_vwap']",66488.1,66654.32025,-51.0271336162895,LOSS,3,10.0,0.2785460856905395,1.8138584197773735,-0.9999999999999908,0.75,stop_loss,2.481529945920975,1.8503455943966005,-2.400313882154596,-1.6744898435047417,DOWN,SELL,0.6160780717387918,False,66573.15480942091,-0.0005914543774649494,NONE,0.0,66363.43481250001,0.75
2026-04-03 07:30:00+00:00,2026-04-03 07:30:00+00:00,2026-04-03 07:35:00+00:00,2026-04-03 07:35:00+00:00,LONG,LONG,4.25,"['delta_strong_positive', 'cvd_strong_positive', 'aggressive_buyers', 'above_vwap']",67038.3,67163.9968125,38.07899846115593,WIN,1,1.0,1.1635139912557448,0.04833058117527336,0.749999999999991,0.75,take_profit,2.481529945920975,3.6278868596457134,3.6209625398142906,2.6188669880576647,UP,BUY,2.06971780133445,False,66615.23373342946,0.005436570676559941,NONE,0.0,67163.9968125,0.75
2026-04-04 01:25:00+00:00,2026-04-04 01:25:00+00:00,2026-04-04 01:30:00+00:00,2026-04-04 06:45:00+00:00,SHORT,SHORT,-4.25,"['delta_strong_negative', 'cvd_strong_negative', 'aggressive_sellers', 'below_vwap']",66811.5,66978.52875,-50.96239294051359,LOSS,64,315.0,0.3951415549718237,1.045329022698223,-0.999999999999986,0.75,stop_loss,2.481529945920975,1.1569107884660093,-2.1751429303464724,-1.6116786469422866,DOWN,SELL,0.2671765329690575,False,66867.55076883073,-0.0008931651327175602,NONE,0.0,66686.2284375,0.75
2026-04-05 02:00:00+00:00,2026-04-05 02:00:00+00:00,2026-04-05 02:05:00+00:00,2026-04-05 05:55:00+00:00,SHORT,SHORT,-4.25,"['delta_strong_negative', 'cvd_strong_negative', 'aggressive_sellers', 'below_vwap']",67010.3,66884.65568750001,38.03068573185676,WIN,47,230.0,1.1192309242012048,0.9347816678927942,0.7499999999999597,0.75,take_profit,2.481529945920975,4.162328434918128,-3.934585471182569,-2.1734910904772753,DOWN,SELL,0.5180988702889451,False,67105.8167604494,-0.0025856548143435255,NONE,0.0,66884.65568750001,0.75
2026-04-06 02:10:00+00:00,2026-04-06 02:10:00+00:00,2026-04-06 02:15:00+00:00,2026-04-06 02:15:00+00:00,LONG,LONG,3.75,"['delta_strong_positive', 'cvd_strong_positive', 'aggressive_buyers']",69089.5,69219.0428125,38.173300803354294,WIN,1,1.0,1.0525477822245228,0.10421265170539662,0.7500000000000202,0.75,take_profit,2.481529945920975,2.6508495093138507,3.2527075441756206,2.395938966240638,UP,BUY,1.892822672771978,False,69124.38968637296,0.005116125926056841,NONE,0.0,69219.0428125,0.75
2026-04-06 06:25:00+00:00,2026-04-06 06:25:00+00:00,2026-04-06 06:30:00+00:00,2026-04-06 06:50:00+00:00,SHORT,SHORT,-4.25,"['delta_strong_negative', 'cvd_strong_negative', 'aggressive_sellers', 'below_vwap']",68813.8,68985.8345,-51.0886009084861,LOSS,5,20.0,0.0511525304517577,1.5444576523894746,-0.9999999999999669,0.75,stop_loss,2.481529945920975,3.184981968549398,-3.6795373696558746,-2.5759541223058666,DOWN,SELL,0.5504484089534865,False,69123.2711957863,-0.004368753637325458,NONE,0.0,68684.774125,0.75
2026-04-07 04:45:00+00:00,2026-04-07 04:45:00+00:00,2026-04-07 04:50:00+00:00,2026-04-07 05:00:00+00:00,LONG,LONG,4.25,"['delta_strong_positive', 'cvd_strong_positive', 'aggressive_buyers', 'above_vwap']",68932.2,68759.8695,-50.83315790394429,LOSS,3,10.0,0.0,1.0218736671685584,-0.999999999999979,0.75,stop_loss,2.624445378311906,2.985491320923848,2.716769639212508,2.6987366729581956,UP,BUY,1.9448654601849806,False,68679.64080685608,0.004621911558462298,NONE,0.0,69061.447875,0.75
2026-04-07 05:15:00+00:00,2026-04-07 05:15:00+00:00,2026-04-07 05:20:00+00:00,2026-04-07 05:40:00+00:00,SHORT,SHORT,-3.75,"['delta_strong_negative', 'cvd_strong_negative', 'aggressive_sellers']",68749.0,68620.095625,37.93424408581872,WIN,5,20.0,0.8436486348892347,0.2333124845452636,0.7499999999999898,0.75,take_profit,2.624445378311906,0.9108783862695704,-2.1905361079396934,-1.642636564226465,DOWN,SELL,0.362821774958069,False,68685.585193927,0.0018352132949989554,NONE,0.0,68620.095625,0.75
2026-04-08 02:05:00+00:00,2026-04-08 02:05:00+00:00,2026-04-08 02:10:00+00:00,2026-04-08 02:20:00+00:00,LONG,LONG,3.75,"['delta_strong_positive', 'cvd_strong_positive', 'aggressive_buyers']",71655.8,71476.6605,-50.76866333485608,LOSS,3,10.0,0.23557060279836156,1.5423734017344188,-1.0000000000000266,0.75,stop_loss,2.747990613238202,0.6284569390813738,2.0114458129081147,1.512593880371025,UP,BUY,2.0358667874031595,False,71724.43538024949,0.00093568300802271,NONE,0.0,71790.15462500001,0.75
2026-04-09 00:30:00+00:00,2026-04-09 00:30:00+00:00,2026-04-09 00:35:00+00:00,2026-04-09 00:45:00+00:00,SHORT,SHORT,-4.25,"['delta_strong_negative', 'cvd_strong_negative', 'aggressive_sellers', 'below_vwap']",70795.0,70662.259375,37.88611501363699,WIN,3,10.0,0.9209689949855215,0.6740589024648798,0.7500000000000328,0.75,take_profit,2.747990613238202,2.359277104654843,-2.9942729682156326,-3.0901720422301806,DOWN,SELL,0.4009670427388428,False,70897.67364761136,-0.005283641870365544,NONE,0.0,70662.259375,0.75
2026-04-09 01:05:00+00:00,2026-04-09 01:05:00+00:00,2026-04-09 01:10:00+00:00,2026-04-09 01:30:00+00:00,SHORT,SHORT,-4.75,"['delta_strong_negative', 'cvd_strong_negative', 'aggressive_sellers', 'big_trade_sell', 'below_vwap']",70553.9,70730.28474999999,-50.70425059324789,LOSS,5,20.0,0.7137805280784999,1.5505875649680598,-0.9999999999999856,0.75,stop_loss,2.871379100147638,3.744876809922543,-3.6636081119571235,-2.8662891151424597,DOWN,SELL,0.38150408590264895,True,70758.23648849108,-0.006595381774719138,NONE,0.0,70421.61143749999,0.75
2026-04-09 04:45:00+00:00,2026-04-09 04:45:00+00:00,2026-04-09 04:50:00+00:00,2026-04-09 05:20:00+00:00,SHORT,SHORT,-4.25,"['delta_strong_negative', 'cvd_strong_negative', 'aggressive_sellers', 'below_vwap']",70735.5,70912.33875,-50.45072934028106,LOSS,7,30.0,0.39301340910858057,1.1660340281753694,-0.9999999999999737,0.75,stop_loss,3.3570222046468796,3.8852569796165355,-3.884904527581503,-2.9928352924785475,DOWN,SELL,0.27356722437569364,False,70822.21550595376,-0.0011628050080760505,NONE,0.0,70602.8709375,0.75
2026-04-10 01:30:00+00:00,2026-04-10 01:30:00+00:00,2026-04-10 01:35:00+00:00,2026-04-10 01:35:00+00:00,LONG,LONG,4.25,"['delta_strong_positive', 'cvd_strong_positive', 'aggressive_buyers', 'above_vwap']",72138.5,72273.7596875,37.64885677018623,WIN,1,1.0,1.0673911988743874,0.0654296942686799,0.7500000000000097,0.75,take_profit,3.3570222046468796,3.209371285755466,3.1621375619565244,2.521837244310007,UP,BUY,3.0239138438880704,False,71838.51653378448,-0.00015047789432172997,NONE,0.0,72273.7596875,0.75
2026-04-10 07:40:00+00:00,2026-04-10 07:40:00+00:00,2026-04-10 07:45:00+00:00,2026-04-10 07:50:00+00:00,SHORT,SHORT,-4.25,"['delta_strong_negative', 'cvd_strong_negative', 'aggressive_sellers', 'below_vwap']",71633.6,71499.28700000001,37.79003998307242,WIN,2,5.0,1.4043688995108439,0.18259587679523065,0.7499999999999698,0.75,take_profit,3.3570222046468796,2.880940673762875,-3.9476193881666135,-3.4943926334314486,DOWN,SELL,0.14432813211985368,False,71942.78647470321,-0.003855179715667793,NONE,0.0,71499.28700000001,0.75
2026-04-11 01:15:00+00:00,2026-04-11 01:15:00+00:00,2026-04-11 01:20:00+00:00,2026-04-11 01:30:00+00:00,SHORT,SHORT,-4.25,"['delta_strong_negative', 'cvd_strong_negative', 'aggressive_sellers', 'below_vwap']",72700.0,72881.75,-50.57567017734728,LOSS,3,10.0,0.14415405777164836,1.1609353507565336,-1.0,0.75,stop_loss,3.3570222046468796,4.080757585401009,-4.094116194582062,-3.278535958083753,DOWN,SELL,0.38491178865570297,False,72771.8229606035,-0.0024963844358663794,NONE,0.0,72563.6875,0.75
2026-04-11 02:30:00+00:00,2026-04-11 02:30:00+00:00,2026-04-11 02:35:00+00:00,2026-04-11 03:55:00+00:00,LONG,LONG,4.25,"['delta_strong_positive', 'cvd_strong_positive', 'aggressive_buyers', 'above_vwap']",73000.1,72817.59975000001,-50.32279182645979,LOSS,17,80.0,0.2652051161573432,1.2641078573865603,-0.9999999999999851,0.75,stop_loss,3.602098192034174,2.419366473674962,2.3947027290977245,1.8277732979919028,UP,BUY,2.5145560566916263,False,72845.7993693287,0.0022258843849161077,NONE,0.0,73136.97518750001,0.75
2026-04-11 04:10:00+00:00,2026-04-11 04:10:00+00:00,2026-04-11 04:15:00+00:00,2026-04-11 04:25:00+00:00,SHORT,SHORT,-4.25,"['delta_strong_negative', 'cvd_strong_negative', 'aggressive_sellers', 'below_vwap']",72796.1,72659.60731250001,37.553383400494695,WIN,3,10.0,0.8934544570382523,0.036815159053834416,0.7499999999999705,0.75,take_profit,3.602098192034174,1.8621079506615204,-2.6479018458405963,-1.8875940684857941,DOWN,SELL,0.2535610351631816,False,72867.50475522963,-0.0010177476479271109,NONE,0.0,72659.60731250001,0.75
2026-04-11 06:00:00+00:00,2026-04-11 06:00:00+00:00,2026-04-11 06:05:00+00:00,2026-04-11 09:20:00+00:00,SHORT,SHORT,-4.25,"['delta_strong_negative', 'cvd_strong_negative', 'aggressive_sellers', 'below_vwap']",72643.5,72825.10875,-50.258944784330545,LOSS,40,195.0,0.3496527562686269,1.2367245520934746,-0.9999999999999968,0.75,stop_loss,3.7244030299530504,2.268362235821353,-2.6783034529791268,-1.5558660989593278,DOWN,SELL,0.4799872556625961,False,72812.4095169809,-0.0023970091965898757,NONE,0.0,72507.2934375,0.75
2026-04-12 01:30:00+00:00,2026-04-12 01:30:00+00:00,2026-04-12 01:35:00+00:00,2026-04-12 01:35:00+00:00,SHORT,SHORT,-4.25,"['delta_strong_negative', 'cvd_strong_negative', 'aggressive_sellers', 'below_vwap']",72557.4,72421.35487499999,37.505737545307944,WIN,1,1.0,3.4422402125764937,0.09757791762114763,0.7500000000000232,0.75,take_profit,3.7244030299530504,4.080941480965302,-3.9402371891521137,-3.3969917081437355,DOWN,SELL,0.37884129453694815,False,72886.6966001056,-0.007009301032780829,NONE,0.0,72421.35487499999,0.75
2026-04-13 05:35:00+00:00,2026-04-13 05:35:00+00:00,2026-04-13 05:40:00+00:00,2026-04-13 05:55:00+00:00,SHORT,SHORT,-4.25,"['delta_strong_negative', 'cvd_strong_negative', 'aggressive_sellers', 'below_vwap']",70674.0,70850.685,-50.19517874813492,LOSS,4,15.0,0.0005659790022119635,1.082151852166268,-0.9999999999999867,0.75,stop_loss,3.8465526936087957,3.15642421264718,-3.320326773879638,-1.5690322234593732,DOWN,SELL,0.42558290601655463,False,70984.20009987996,-0.00437781803805056,NONE,0.0,70541.48625,0.75
2026-04-13 07:20:00+00:00,2026-04-13 07:20:00+00:00,2026-04-13 07:25:00+00:00,2026-04-13 08:45:00+00:00,SHORT,SHORT,-3.5,"['delta_strong_negative', 'cvd_strong_negative', 'below_vwap']",70677.3,70544.78006250001,37.45815214079444,WIN,17,80.0,0.90552412160623,0.8811881608380461,0.7499999999999651,0.75,take_profit,3.8465526936087957,3.729696630905014,-2.1973186800321844,-1.7161206649464613,DOWN,SELL,0.7219841495211298,False,70964.51849326982,-0.0029722138210685613,NONE,0.0,70544.78006250001,0.75
2026-04-14 06:50:00+00:00,2026-04-14 06:50:00+00:00,2026-04-14 06:55:00+00:00,2026-04-14 07:05:00+00:00,LONG,LONG,4.25,"['delta_strong_positive', 'cvd_strong_positive', 'aggressive_buyers', 'above_vwap']",74464.8,74604.4215,37.5986202113225,WIN,3,10.0,2.337748842406061,0.37171925527227406,0.7499999999999668,0.75,take_profit,3.8465526936087957,0.8865254587492236,2.311922812849809,2.6163351569118527,UP,BUY,2.5299983714759215,False,74302.15511186935,0.0018051988733088758,NONE,0.0,74604.4215,0.75
2026-04-15 00:00:00+00:00,2026-04-15 00:00:00+00:00,2026-04-15 00:05:00+00:00,2026-04-15 01:05:00+00:00,LONG,LONG,4.25,"['delta_strong_positive', 'cvd_strong_positive', 'aggressive_buyers', 'above_vwap']",74502.6,74642.292375,37.739615037116266,WIN,13,60.0,1.1178133380579849,0.8364808744929862,0.749999999999993,0.75,take_profit,3.8465526936087957,3.4589119036757587,3.456047347770075,2.803832613117072,UP,BUY,2.035433915623232,False,74392.09999999999,0.005055031717790748,NONE,0.0,74642.292375,0.75
2026-04-15 02:25:00+00:00,2026-04-15 02:25:00+00:00,2026-04-15 02:30:00+00:00,2026-04-15 02:30:00+00:00,SHORT,SHORT,-4.25,"['delta_strong_negative', 'cvd_strong_negative', 'aggressive_sellers', 'below_vwap']",74311.4,74172.066125,37.88113859350489,WIN,1,1.0,0.8687765268854802,0.0371410039375317,0.7499999999999819,0.75,take_profit,3.8465526936087957,1.775902818193273,-2.2073204409256877,-2.5384390746005443,DOWN,SELL,0.6479006813578049,False,74511.71596679934,-0.0005789851335088198,NONE,0.0,74172.066125,0.75
2026-04-15 05:35:00+00:00,2026-04-15 05:35:00+00:00,2026-04-15 05:40:00+00:00,2026-04-15 07:15:00+00:00,SHORT,SHORT,-4.25,"['delta_strong_negative', 'cvd_strong_negative', 'aggressive_sellers', 'below_vwap']",73850.1,73711.6310625,38.023192863231884,WIN,20,95.0,1.6254548064254797,0.8969520691237588,0.7500000000000087,0.75,take_profit,3.8465526936087957,2.157129939032982,-2.2199906248677466,-1.8924965652800716,DOWN,SELL,0.5430780489113153,False,74351.71243815617,-0.00520427587596022,NONE,0.0,73711.6310625,0.75
2026-04-15 07:45:00+00:00,2026-04-15 07:45:00+00:00,2026-04-15 07:50:00+00:00,2026-04-15 08:05:00+00:00,LONG,LONG,3.75,"['delta_strong_positive', 'cvd_strong_positive', 'aggressive_buyers']",73659.5,73797.6115625,38.16577983646711,WIN,4,15.0,0.7852347626579372,0.18083207189841316,0.7499999999999716,0.75,take_profit,3.8465526936087957,2.553458209952108,2.260805090468764,1.6080447124510264,UP,BUY,1.6128597838260892,False,74146.80636321212,-0.0031989048418481175,NONE,0.0,73797.6115625,0.75
2026-04-16 02:25:00+00:00,2026-04-16 02:25:00+00:00,2026-04-16 02:30:00+00:00,2026-04-16 02:30:00+00:00,LONG,LONG,4.25,"['delta_strong_positive', 'cvd_strong_positive', 'aggressive_buyers', 'above_vwap']",74855.8,74996.15462500001,38.30890151085728,WIN,1,1.0,1.047347032561271,0.0,0.7500000000000385,0.75,take_profit,3.8465526936087957,2.603456958742177,3.0763438689274767,1.810557919443981,UP,BUY,2.1662744490891264,False,74634.61046909745,0.0008268694623029389,NONE,0.0,74996.15462500001,0.75
2026-04-16 04:30:00+00:00,2026-04-16 04:30:00+00:00,2026-04-16 04:35:00+00:00,2026-04-16 04:40:00+00:00,LONG,LONG,4.75,"['delta_strong_positive', 'cvd_strong_positive', 'aggressive_buyers', 'big_trade_buy', 'above_vwap']",74915.7,75056.16693749999,38.45255989151937,WIN,2,5.0,1.1442194359793896,0.0,0.7499999999999677,0.75,take_profit,3.8465526936087957,2.8441879241827115,3.95045590104121,2.9527619623158348,UP,BUY,5.775731752920779,True,74804.41598710342,0.0009166393792350735,NONE,0.0,75056.16693749999,0.75
2026-04-16 06:40:00+00:00,2026-04-16 06:40:00+00:00,2026-04-16 06:45:00+00:00,2026-04-16 07:45:00+00:00,SHORT,SHORT,-3.75,"['delta_strong_negative', 'cvd_strong_negative', 'aggressive_sellers']",74907.3,74766.8488125,38.59675699111492,WIN,13,60.0,1.2463404768294075,0.7032692407815905,0.7500000000000135,0.75,take_profit,3.8465526936087957,3.7998328836428388,-3.8035922232547894,-2.671982744803054,DOWN,SELL,0.28872161863248974,False,74857.37268772245,-0.0004050179818364564,NONE,0.0,74766.8488125,0.75
2026-04-17 00:20:00+00:00,2026-04-17 00:20:00+00:00,2026-04-17 00:25:00+00:00,2026-04-17 00:30:00+00:00,SHORT,SHORT,-4.75,"['delta_strong_negative', 'cvd_strong_negative', 'aggressive_sellers', 'big_trade_sell', 'below_vwap']",74870.2,75057.3755,-51.65532643977387,LOSS,2,5.0,0.11646823435761043,1.094160293414485,-0.9999999999999869,0.75,stop_loss,3.8465526936087957,2.4215301058381886,-3.1462584315078352,-3.3482957537089373,DOWN,SELL,0.25398831898948326,True,74955.79416121845,-0.0015215697925283417,NONE,0.0,74729.818375,0.75
2026-04-17 01:55:00+00:00,2026-04-17 01:55:00+00:00,2026-04-17 02:00:00+00:00,2026-04-17 02:30:00+00:00,LONG,LONG,3.75,"['delta_strong_positive', 'cvd_strong_positive', 'aggressive_buyers']",74707.7,74520.93075,-51.39704980757501,LOSS,7,30.0,0.33356668723573557,1.2191514395436995,-0.999999999999987,0.75,stop_loss,3.8465526936087957,0.7493617142599506,2.3074160031898368,1.639098989978905,UP,BUY,2.201605686115264,False,74799.77597665461,-0.002141461436293228,NONE,0.0,74847.77693749999,0.75
2026-04-17 07:05:00+00:00,2026-04-17 07:05:00+00:00,2026-04-17 07:10:00+00:00,2026-04-17 08:30:00+00:00,LONG,LONG,4.25,"['delta_strong_positive', 'cvd_strong_positive', 'aggressive_buyers', 'above_vwap']",75049.9,75190.61856249999,38.35504841890292,WIN,17,80.0,1.6261180894311964,0.812259576628319,0.7499999999999913,0.75,take_profit,3.8465526936087957,2.764143125263527,2.7585446906336997,2.8139939583798297,UP,BUY,2.072008841963886,False,74738.86239006225,0.004296219303645589,NONE,0.0,75190.61856249999,0.75
2026-04-18 03:50:00+00:00,2026-04-18 03:50:00+00:00,2026-04-18 03:55:00+00:00,2026-04-18 05:05:00+00:00,SHORT,SHORT,-4.25,"['delta_strong_negative', 'cvd_strong_negative', 'aggressive_sellers', 'below_vwap']",76960.0,77152.4,-51.331839800630775,LOSS,15,70.0,0.7063409563409261,1.1564449064449065,-0.9999999999999698,0.75,stop_loss,3.8465526936087957,2.679177312120997,-3.2789284091502546,-1.9420272177546734,DOWN,SELL,0.30841536587818585,False,77160.35328412012,-0.002569082271615505,NONE,0.0,76815.7,0.75
2026-04-18 07:35:00+00:00,2026-04-18 07:35:00+00:00,2026-04-18 07:40:00+00:00,2026-04-18 07:50:00+00:00,SHORT,SHORT,-4.25,"['delta_strong_negative', 'cvd_strong_negative', 'aggressive_sellers', 'below_vwap']",76987.5,76843.1484375,38.30638545122188,WIN,3,10.0,0.8349407371326363,0.0462412729338876,0.75,0.75,take_profit,3.8465526936087957,2.7943361004208986,-2.1928764751554386,-1.7249530220538545,DOWN,SELL,0.5456291370620029,False,77098.26518566746,-0.000663984073979537,NONE,0.0,76843.1484375,0.75
2026-04-19 00:20:00+00:00,2026-04-19 00:20:00+00:00,2026-04-19 00:25:00+00:00,2026-04-19 01:00:00+00:00,SHORT,SHORT,-3.5,"['delta_strong_negative', 'cvd_strong_negative', 'below_vwap']",75553.3,75742.18325,-51.266712528885,LOSS,8,35.0,0.2498898128870458,1.0821499524176663,-0.9999999999999944,0.75,stop_loss,3.8465526936087957,3.753450044295525,-2.7817100807325326,-2.01926468936553,DOWN,SELL,0.6998844297800637,False,75640.14603858885,-0.0019485329365054632,NONE,0.0,75411.63756250001,0.75
2026-04-19 01:30:00+00:00,2026-04-19 01:30:00+00:00,2026-04-19 01:35:00+00:00,2026-04-19 02:40:00+00:00,SHORT,SHORT,-4.25,"['delta_strong_negative', 'cvd_strong_negative', 'aggressive_sellers', 'below_vwap']",75490.0,75678.725,-51.01037896624244,LOSS,14,65.0,0.7259239634388661,1.0719300569612025,-1.0000000000000309,0.75,stop_loss,3.8465526936087957,2.1449904308553895,-2.6153814230173156,-2.1469400775119114,DOWN,SELL,0.5083992935173677,False,75588.02756686274,-0.0021606322355919145,NONE,0.0,75348.45625,0.75
2026-04-19 06:15:00+00:00,2026-04-19 06:15:00+00:00,2026-04-19 06:20:00+00:00,2026-04-19 07:05:00+00:00,SHORT,SHORT,-4.25,"['delta_strong_negative', 'cvd_strong_negative', 'aggressive_sellers', 'below_vwap']",75336.7,75195.4436875,38.066495303557645,WIN,10,45.0,0.8957121827741172,0.5797970975633235,0.7500000000000081,0.75,take_profit,3.8465526936087957,2.6707532760387607,-2.785042321459349,-1.930345556508913,DOWN,SELL,0.5907037182742629,False,75521.79703994724,-0.0021286479446510896,NONE,0.0,75195.4436875,0.75
2026-04-19 07:20:00+00:00,2026-04-19 07:20:00+00:00,2026-04-19 07:25:00+00:00,2026-04-19 07:40:00+00:00,SHORT,SHORT,-4.25,"['delta_strong_negative', 'cvd_strong_negative', 'aggressive_sellers', 'below_vwap']",74950.0,75137.375,-50.945659547927434,LOSS,4,15.0,0.15210140093395597,1.2723148765843586,-1.0,0.75,stop_loss,3.8465526936087957,3.675234327806346,-3.212762869669396,-3.275680109639641,DOWN,SELL,0.5661942654025701,False,75423.74520618697,-0.005393747853569406,NONE,0.0,74809.46875,0.75
2026-04-20 00:00:00+00:00,2026-04-20 00:00:00+00:00,2026-04-20 00:05:00+00:00,2026-04-20 00:05:00+00:00,LONG,LONG,4.25,"['delta_strong_positive', 'cvd_strong_positive', 'aggressive_buyers', 'above_vwap']",74029.1,73844.02725,-50.69093125018961,LOSS,1,1.0,0.29826108922030437,1.408094924833644,-1.0000000000000357,0.75,stop_loss,3.8465526936087957,3.9507495662113907,3.5243542496267986,2.949761170391782,UP,BUY,1.8550492621415933,False,73966.03333333334,-0.0012189812214546524,NONE,0.0,74167.9045625,0.75
2026-04-20 01:30:00+00:00,2026-04-20 01:30:00+00:00,2026-04-20 01:35:00+00:00,2026-04-20 02:10:00+00:00,LONG,LONG,4.25,"['delta_strong_positive', 'cvd_strong_positive', 'aggressive_buyers', 'above_vwap']",74560.0,74373.6,-50.437476593935266,LOSS,8,35.0,0.7381974248927351,1.448497854077253,-0.9999999999999687,0.75,stop_loss,3.8465526936087957,1.640481320174924,2.4754974111790253,1.5264077330239783,UP,BUY,2.2018217804538662,False,74141.55678225879,0.006847348569628786,NONE,0.0,74699.8,0.75
2026-04-20 03:45:00+00:00,2026-04-20 03:45:00+00:00,2026-04-20 03:50:00+00:00,2026-04-20 05:05:00+00:00,LONG,LONG,4.25,"['delta_strong_positive', 'cvd_strong_positive', 'aggressive_buyers', 'above_vwap']",74555.2,74368.81199999999,-50.18528921096886,LOSS,16,75.0,0.24035882138336648,1.4764899027834253,-1.0000000000000338,0.75,stop_loss,3.865497004889775,2.1228846292814274,2.5202510257575232,1.7817875864535704,UP,BUY,2.759754681876249,False,74278.21085080851,0.00392592792462296,NONE,0.0,74694.991,0.75
2026-04-20 06:40:00+00:00,2026-04-20 06:40:00+00:00,2026-04-20 06:45:00+00:00,2026-04-20 07:15:00+00:00,LONG,LONG,4.25,"['delta_strong_positive', 'cvd_strong_positive', 'aggressive_buyers', 'above_vwap']",74740.0,74880.1375,37.45077207368347,WIN,7,30.0,0.7920792079207921,0.6845062884666534,0.7499999999999845,0.75,take_profit,3.865497004889775,3.691732395898878,3.0985859798591195,2.4362552303649063,UP,BUY,1.71022560940707,False,74318.38860229962,0.004377851931780082,NONE,0.0,74880.1375,0.75
2026-04-21 01:05:00+00:00,2026-04-21 01:05:00+00:00,2026-04-21 01:10:00+00:00,2026-04-21 01:50:00+00:00,LONG,LONG,4.25,"['delta_strong_positive', 'cvd_strong_positive', 'aggressive_buyers', 'above_vwap']",76125.7,75935.38575,-50.12161662527964,LOSS,9,40.0,0.3399640331714367,1.7187362480738635,-0.999999999999978,0.75,stop_loss,3.9874676555648163,2.4871925078798616,2.206467845389472,2.3775934853846588,UP,BUY,1.6297912188477661,False,75917.43593342061,0.0033415872682233567,NONE,0.0,76268.4356875,0.75
2026-04-21 05:25:00+00:00,2026-04-21 05:25:00+00:00,2026-04-21 05:30:00+00:00,2026-04-21 06:00:00+00:00,SHORT,SHORT,-3.75,"['delta_strong_negative', 'cvd_strong_negative', 'aggressive_sellers']",75859.6,75717.36325000001,37.4032564066148,WIN,7,30.0,0.9470126391386497,0.0,0.7499999999999808,0.75,take_profit,3.9874676555648163,3.6570853326129846,-3.7549202271862874,-3.0779004270612513,DOWN,SELL,0.24468376936753872,False,75773.54288841835,0.0020862318074497187,NONE,0.0,75717.36325000001,0.75
2026-04-21 06:30:00+00:00,2026-04-21 06:30:00+00:00,2026-04-21 06:35:00+00:00,2026-04-21 07:00:00+00:00,LONG,LONG,4.25,"['delta_strong_positive', 'cvd_strong_positive', 'aggressive_buyers', 'above_vwap']",76015.5,75825.46125,-50.05802482418925,LOSS,6,25.0,0.3815011412146207,1.291841795423302,-1.0000000000000369,0.75,stop_loss,4.109283555976849,2.3516755188154126,2.2715859953917352,1.5342850981675458,UP,BUY,3.00087457143317,False,75776.29518584734,0.004280275228214102,NONE,0.0,76158.0290625,0.75
2026-04-21 07:25:00+00:00,2026-04-21 07:25:00+00:00,2026-04-21 07:30:00+00:00,2026-04-21 08:20:00+00:00,LONG,LONG,4.25,"['delta_strong_positive', 'cvd_strong_positive', 'aggressive_buyers', 'above_vwap']",76139.3,76282.0611875,37.35580102504991,WIN,11,50.0,1.059636744755978,0.8316335978922995,0.7500000000000011,0.75,take_profit,4.109283555976849,3.1223066482379283,2.6978192480980296,1.8540539818577386,UP,BUY,2.048577155862206,False,75814.56792742916,0.004122608792825109,NONE,0.0,76282.0611875,0.75
2026-04-22 02:10:00+00:00,2026-04-22 02:10:00+00:00,2026-04-22 02:15:00+00:00,2026-04-22 02:15:00+00:00,LONG,LONG,4.25,"['delta_strong_positive', 'cvd_strong_positive', 'aggressive_buyers', 'above_vwap']",76696.4,76840.20575,37.49588527889367,WIN,1,1.0,2.2999775739148123,0.0005215368647877546,0.7499999999999977,0.75,take_profit,4.109283555976849,4.132941286347469,4.062539357128904,3.3567404156956187,UP,BUY,1.6222550121338373,False,76367.90607864442,0.006966256889689366,NONE,0.0,76840.20575,0.75
2026-04-22 05:15:00+00:00,2026-04-22 05:15:00+00:00,2026-04-22 05:20:00+00:00,2026-04-22 05:20:00+00:00,LONG,LONG,4.25,"['delta_strong_positive', 'cvd_strong_positive', 'aggressive_buyers', 'above_vwap']",77893.5,78039.5503125,37.636494848688585,WIN,1,1.0,2.8449100374228915,0.2470039220217647,0.749999999999979,0.75,take_profit,4.109283555976849,4.214369355786169,4.160008179545019,3.969346379118327,UP,BUY,1.9039109897539004,False,77124.46274290851,0.008261272142365573,NONE,0.0,78039.5503125,0.75
2026-04-22 07:20:00+00:00,2026-04-22 07:20:00+00:00,2026-04-22 07:25:00+00:00,2026-04-22 07:45:00+00:00,SHORT,SHORT,-3.75,"['delta_strong_negative', 'cvd_strong_negative', 'aggressive_sellers']",77845.6,78040.214,-50.370175605829964,LOSS,5,20.0,0.2682232521813006,1.2044354465762697,-1.000000000000007,0.75,stop_loss,4.109283555976849,1.1017813946169464,-2.092944367612681,-2.017295255978548,DOWN,SELL,0.4943263130613119,False,77475.05245476044,-0.001126725830329887,NONE,0.0,77699.6395,0.75
2026-04-23 00:10:00+00:00,2026-04-23 00:10:00+00:00,2026-04-23 00:15:00+00:00,2026-04-23 00:15:00+00:00,SHORT,SHORT,-4.25,"['delta_strong_negative', 'cvd_strong_negative', 'aggressive_sellers', 'below_vwap']",77839.1,78033.69775,-50.11832472780067,LOSS,1,1.0,1.6048489769280625,2.861800817326994,-1.0000000000000042,0.75,stop_loss,4.109283555976849,3.797116564423778,-3.520474688403825,-2.259052777679709,DOWN,SELL,0.608236754271553,False,78018.37131243516,-0.006928428979102962,NONE,0.0,77693.15168750001,0.75
2026-04-23 06:20:00+00:00,2026-04-23 06:20:00+00:00,2026-04-23 06:25:00+00:00,2026-04-23 06:45:00+00:00,LONG,LONG,4.25,"['delta_strong_positive', 'cvd_strong_positive', 'aggressive_buyers', 'above_vwap']",78262.6,78066.94350000001,-49.86773310416078,LOSS,5,20.0,0.1911513289872515,1.073820701075639,-0.9999999999999862,0.75,stop_loss,4.473804717783367,2.2873106006763226,3.6045262007683068,2.727364943224447,UP,BUY,3.51259993189226,False,77991.40173431335,0.005367528443176226,NONE,0.0,78409.34237500001,0.75
2026-04-24 01:00:00+00:00,2026-04-24 01:00:00+00:00,2026-04-24 01:05:00+00:00,2026-04-24 01:05:00+00:00,SHORT,SHORT,-4.25,"['delta_strong_negative', 'cvd_strong_negative', 'aggressive_sellers', 'below_vwap']",78199.5,78052.8759375,37.21379582898213,WIN,1,1.0,1.0025639550125,0.000511512221974927,0.7500000000000328,0.75,take_profit,4.473804717783367,2.4447968721081947,-2.732207874896952,-3.117424163328789,DOWN,SELL,0.4300925059166343,False,78313.56171183487,0.0006169999430108588,NONE,0.0,78052.8759375,0.75
2026-04-24 03:20:00+00:00,2026-04-24 03:20:00+00:00,2026-04-24 03:25:00+00:00,2026-04-24 03:30:00+00:00,SHORT,SHORT,-4.25,"['delta_strong_negative', 'cvd_strong_negative', 'aggressive_sellers', 'below_vwap']",77655.4,77509.796125,37.35334756333936,WIN,2,5.0,0.8004594657937204,0.86278610373522,0.7500000000000036,0.75,take_profit,4.473804717783367,3.159829891223744,-3.0293261176851796,-1.767144673894581,DOWN,SELL,0.2789050499392015,False,78159.32718711685,-0.006467325224327219,NONE,0.0,77509.796125,0.75
2026-04-24 05:55:00+00:00,2026-04-24 05:55:00+00:00,2026-04-24 06:00:00+00:00,2026-04-24 06:35:00+00:00,LONG,LONG,3.75,"['delta_strong_positive', 'cvd_strong_positive', 'aggressive_buyers']",77911.1,77716.32225000001,-49.99123015560068,LOSS,8,35.0,0.17404451997209217,1.0632631293872417,-0.9999999999999681,0.75,stop_loss,4.473804717783367,4.134765582317112,4.062922279803668,3.9153304183668314,UP,BUY,2.4848456184941767,False,77941.6632111786,0.0008273689894577961,NONE,0.0,78057.18331250001,0.75
2026-04-25 07:25:00+00:00,2026-04-25 07:25:00+00:00,2026-04-25 07:30:00+00:00,2026-04-25 09:35:00+00:00,LONG,LONG,4.25,"['delta_strong_positive', 'cvd_strong_positive', 'aggressive_buyers', 'above_vwap']",77500.2,77645.512875,37.30595550361904,WIN,26,125.0,1.1447712393000427,0.29006376757735897,0.7500000000000169,0.75,take_profit,4.473804717783367,2.634664416788794,2.7260863010174767,2.77454018924568,UP,BUY,2.8603893255117265,False,77489.34084246359,-0.0002457756528113901,NONE,0.0,77645.512875,0.75
2026-04-26 00:05:00+00:00,2026-04-26 00:05:00+00:00,2026-04-26 00:10:00+00:00,2026-04-26 03:25:00+00:00,SHORT,SHORT,-4.25,"['delta_strong_negative', 'cvd_strong_negative', 'aggressive_sellers', 'below_vwap']",77518.8,77373.45225,37.445852836756984,WIN,40,195.0,0.7672977393870755,0.2002094975670568,0.7500000000000041,0.75,take_profit,4.473804717783367,2.0481684400554276,-2.528897612631452,-3.030300159373381,DOWN,SELL,0.25405434378423286,False,77562.79719869485,0.00036176158801119447,NONE,0.0,77373.45225,0.75
2026-04-26 04:45:00+00:00,2026-04-26 04:45:00+00:00,2026-04-26 04:50:00+00:00,2026-04-26 05:10:00+00:00,LONG,LONG,4.25,"['delta_strong_positive', 'cvd_strong_positive', 'aggressive_buyers', 'above_vwap']",77700.8,77846.489,37.586274784894215,WIN,5,20.0,2.1559623581739333,0.26254555937648,0.7499999999999921,0.75,take_profit,4.473804717783367,4.0387461890203324,3.823937249112677,2.8907148004738907,UP,BUY,2.1131274711602295,False,77489.59642481737,0.0028094541105147994,NONE,0.0,77846.489,0.75
2026-04-26 07:50:00+00:00,2026-04-26 07:50:00+00:00,2026-04-26 07:55:00+00:00,2026-04-26 08:35:00+00:00,LONG,LONG,4.25,"['delta_strong_positive', 'cvd_strong_positive', 'aggressive_buyers', 'above_vwap']",78014.7,78160.9775625,37.727223315339714,WIN,9,40.0,0.8618888491528178,0.21124224024445185,0.7500000000000346,0.75,take_profit,4.473804717783367,2.0689131229435307,2.232010875639085,1.6183629905885983,UP,BUY,1.8803159889104162,False,77762.32980137214,0.0016659463957412286,NONE,0.0,78160.9775625,0.75
2026-04-27 00:25:00+00:00,2026-04-27 00:25:00+00:00,2026-04-27 00:30:00+00:00,2026-04-27 00:40:00+00:00,SHORT,SHORT,-4.25,"['delta_strong_negative', 'cvd_strong_negative', 'aggressive_sellers', 'below_vwap']",78443.3,78639.40825000001,-50.49160053702855,LOSS,3,10.0,0.4415928447681616,1.7577026973622838,-1.0000000000000244,0.75,stop_loss,4.473804717783367,1.4324797707799402,-3.033355822358123,-2.5452080652294837,DOWN,SELL,0.3174700806206062,False,78586.6290354409,0.00037944457887491165,NONE,0.0,78296.2188125,0.75
2026-04-27 00:55:00+00:00,2026-04-27 00:55:00+00:00,2026-04-27 01:00:00+00:00,2026-04-27 01:00:00+00:00,LONG,LONG,4.25,"['delta_strong_positive', 'cvd_strong_positive', 'aggressive_buyers', 'above_vwap']",79264.1,79412.7201875,37.67935690075587,WIN,1,1.0,0.9633617236554464,0.0,0.7499999999999847,0.75,take_profit,4.473804717783367,3.850703685144773,3.3635513594331203,2.460190453302938,UP,BUY,1.7123872775767903,False,78850.58906574172,0.009295728518509854,NONE,0.0,79412.7201875,0.75
2026-04-27 05:10:00+00:00,2026-04-27 05:10:00+00:00,2026-04-27 05:15:00+00:00,2026-04-27 05:15:00+00:00,SHORT,SHORT,-4.25,"['delta_strong_negative', 'cvd_strong_negative', 'aggressive_sellers', 'below_vwap']",78351.6,78204.69075000001,37.82065448913369,WIN,1,1.0,2.085471132689058,0.07555684887092724,0.7499999999999843,0.75,take_profit,4.473804717783367,4.085892612828621,-4.184772425878673,-3.9497192303550928,DOWN,SELL,0.3348311042794165,False,78952.49225119609,-0.0074102168500318685,NONE,0.0,78204.69075000001,0.75
2026-04-28 02:35:00+00:00,2026-04-28 02:35:00+00:00,2026-04-28 02:40:00+00:00,2026-04-28 02:55:00+00:00,SHORT,SHORT,-4.25,"['delta_strong_negative', 'cvd_strong_negative', 'aggressive_sellers', 'below_vwap']",76669.9,76861.57475,-50.61664259129311,LOSS,4,15.0,0.1439939272125894,1.0496948606950662,-1.000000000000029,0.75,stop_loss,4.473804717783367,3.140002023095262,-2.8146688346826956,-2.1910955344038205,DOWN,SELL,0.5546061559442873,False,77145.2149695954,-0.006303216757511038,NONE,0.0,76526.14393749999,0.75
2026-04-28 05:25:00+00:00,2026-04-28 05:25:00+00:00,2026-04-28 05:30:00+00:00,2026-04-28 05:35:00+00:00,SHORT,SHORT,-3.5,"['delta_strong_negative', 'cvd_strong_negative', 'big_trade_sell']",77025.8,76881.376625,37.77266953375098,WIN,2,5.0,1.0521150056215232,0.06283608868712182,0.749999999999992,0.75,take_profit,4.473804717783367,3.0369218762143007,-2.4816333182710055,-2.0949667595527313,DOWN,SELL,0.7354603758902145,True,76988.16295123586,0.00195861031575833,NONE,0.0,76881.376625,0.75
2026-04-28 06:35:00+00:00,2026-04-28 06:35:00+00:00,2026-04-28 06:40:00+00:00,2026-04-28 06:40:00+00:00,SHORT,SHORT,-4.25,"['delta_strong_negative', 'cvd_strong_negative', 'aggressive_sellers', 'below_vwap']",76746.4,76602.5005,37.91431704450282,WIN,1,1.0,1.1508031647086423,0.060980058999570756,0.7499999999999976,0.75,take_profit,4.473804717783367,1.3364251978511075,-3.4411908643416136,-2.9036022174930025,DOWN,SELL,0.24707122313113494,False,76970.94135593007,-0.0010301779967325348,NONE,0.0,76602.5005,0.75
2026-04-29 00:50:00+00:00,2026-04-29 00:50:00+00:00,2026-04-29 00:55:00+00:00,2026-04-29 01:05:00+00:00,LONG,LONG,4.25,"['delta_strong_positive', 'cvd_strong_positive', 'aggressive_buyers', 'above_vwap']",76498.8,76307.553,-50.74199431122723,LOSS,3,10.0,0.10980564401010211,1.2345291690850355,-1.0000000000000158,0.75,stop_loss,4.473804717783367,3.414282218636777,3.328957301895944,1.8159762307561593,UP,BUY,2.5556772986748832,False,76344.2816090444,0.0024437475534955697,NONE,0.0,76642.23525,0.75
2026-04-29 01:20:00+00:00,2026-04-29 01:20:00+00:00,2026-04-29 01:25:00+00:00,2026-04-29 01:45:00+00:00,SHORT,SHORT,-4.25,"['delta_strong_negative', 'cvd_strong_negative', 'aggressive_sellers', 'below_vwap']",76202.7,76393.20675,-50.48828433967042,LOSS,5,20.0,0.335946101647317,1.9542614631765172,-1.0000000000000024,0.75,stop_loss,4.473804717783367,0.8393125216522048,-2.0074257036892,-2.932593119504228,DOWN,SELL,0.33483033350053076,False,76347.34917732236,-0.0014466601491095938,NONE,0.0,76059.8199375,0.75
2026-04-29 03:35:00+00:00,2026-04-29 03:35:00+00:00,2026-04-29 03:40:00+00:00,2026-04-29 04:30:00+00:00,LONG,LONG,4.75,"['delta_strong_positive', 'cvd_strong_positive', 'aggressive_buyers', 'big_trade_buy', 'above_vwap']",76961.5,77105.8028125,37.67688218847851,WIN,11,50.0,1.2031990020984518,0.6325240542348946,0.7499999999999909,0.75,take_profit,4.473804717783367,3.0918961341330773,2.6088651079596237,1.975802632452366,UP,BUY,1.5947522425411755,True,76560.78929056929,0.005363763476126019,NONE,0.0,77105.8028125,0.75
2026-04-29 06:20:00+00:00,2026-04-29 06:20:00+00:00,2026-04-29 06:25:00+00:00,2026-04-29 06:50:00+00:00,SHORT,SHORT,-3.75,"['delta_strong_negative', 'cvd_strong_negative', 'aggressive_sellers']",77105.7,76961.12681249999,37.818170496687216,WIN,6,25.0,1.1293587892983117,0.0,0.750000000000029,0.75,take_profit,4.473804717783367,1.1177746302907139,-3.3883383758230976,-1.519962337663451,DOWN,SELL,0.2659735310564795,False,76892.5066112503,0.0007096903892293175,NONE,0.0,76961.12681249999,0.75
2026-04-30 00:30:00+00:00,2026-04-30 00:30:00+00:00,2026-04-30 00:35:00+00:00,2026-04-30 00:35:00+00:00,LONG,LONG,4.25,"['delta_strong_positive', 'cvd_strong_positive', 'aggressive_buyers', 'above_vwap']",75905.1,76047.4220625,37.95998863604721,WIN,1,1.0,1.2905588689033762,0.0,0.7499999999999778,0.75,take_profit,4.473804717783367,2.0408702957470877,2.0364776387159202,2.083865337230473,UP,BUY,1.6916085547634478,False,75766.65057828698,0.0012962198242929864,NONE,0.0,76047.4220625,0.75
2026-04-30 02:30:00+00:00,2026-04-30 02:30:00+00:00,2026-04-30 02:35:00+00:00,2026-04-30 02:35:00+00:00,SHORT,SHORT,-4.25,"['delta_strong_negative', 'cvd_strong_negative', 'aggressive_sellers', 'below_vwap']",75724.0,75582.0175,38.10233859343303,WIN,1,1.0,1.4531720458507518,0.2826052506470868,0.7499999999999907,0.75,take_profit,4.473804717783367,3.9528742742366454,-3.1732838061922357,-2.586554031970586,DOWN,SELL,0.6417997917759417,False,76076.90184897398,-0.004024788298839625,NONE,0.0,75582.0175,0.75
2026-04-30 05:40:00+00:00,2026-04-30 05:40:00+00:00,2026-04-30 05:45:00+00:00,2026-04-30 06:30:00+00:00,LONG,LONG,3.75,"['delta_strong_positive', 'cvd_strong_positive', 'aggressive_buyers']",75675.1,75816.99081250001,38.245222363159314,WIN,10,45.0,0.7569200437131742,0.7135768568525181,0.7500000000000085,0.75,take_profit,4.473804717783367,1.1361386928501913,2.5194977239669036,2.7336409673034994,UP,BUY,2.8860517763395466,False,75866.56860029427,-0.0009837914597582023,NONE,0.0,75816.99081250001,0.75
2026-04-30 07:30:00+00:00,2026-04-30 07:30:00+00:00,2026-04-30 07:35:00+00:00,2026-04-30 07:45:00+00:00,LONG,LONG,4.25,"['delta_strong_positive', 'cvd_strong_positive', 'aggressive_buyers', 'above_vwap']",75964.0,76106.4325,38.388641947019465,WIN,3,10.0,0.8746248222842705,0.33700173766520986,0.7499999999999756,0.75,take_profit,4.473804717783367,2.497680840144191,2.2454664146380057,1.9644274451394395,UP,BUY,2.5037934555136254,False,75846.6156665777,0.004154426949650089,NONE,0.0,76106.4325,0.75
2026-05-01 01:45:00+00:00,2026-05-01 01:45:00+00:00,2026-05-01 01:50:00+00:00,2026-05-01 03:15:00+00:00,LONG,LONG,4.25,"['delta_strong_positive', 'cvd_strong_positive', 'aggressive_buyers', 'above_vwap']",76649.9,76793.61856249999,38.53259935432161,WIN,18,85.0,2.870192916102957,0.859492315058452,0.7499999999999916,0.75,take_profit,4.473804717783367,3.435769941019701,3.6869126309722393,2.084116843060908,UP,BUY,2.4036411048447435,False,76494.14976015608,0.003209621496942752,NONE,0.0,76793.61856249999,0.75
2026-05-01 06:45:00+00:00,2026-05-01 06:45:00+00:00,2026-05-01 06:50:00+00:00,2026-05-01 08:10:00+00:00,SHORT,SHORT,-4.25,"['delta_strong_negative', 'cvd_strong_negative', 'aggressive_sellers', 'below_vwap']",76933.2,77125.533,-51.56946213586733,LOSS,17,80.0,0.5173319191194439,1.5405572626642485,-0.9999999999999932,0.75,stop_loss,4.473804717783367,1.087819574207128,-2.4609211829727062,-2.0398948284395546,DOWN,SELL,0.435306083830069,False,76949.90759696419,-0.002155745459797229,NONE,0.0,76788.95025,0.75
2026-05-02 01:30:00+00:00,2026-05-02 01:30:00+00:00,2026-05-02 01:35:00+00:00,2026-05-02 03:15:00+00:00,LONG,LONG,4.25,"['delta_strong_positive', 'cvd_strong_positive', 'aggressive_buyers', 'above_vwap']",78380.9,78184.94774999999,-51.31161482518889,LOSS,21,100.0,0.5057354534076839,1.007898607951682,-1.0000000000000109,0.75,stop_loss,4.473804717783367,2.6855370925645268,2.2302679891615216,2.1509785899381892,UP,BUY,1.726260402964275,False,78268.74367918618,0.002373311436437436,NONE,0.0,78527.86418749999,0.75
2026-05-02 04:05:00+00:00,2026-05-02 04:05:00+00:00,2026-05-02 04:10:00+00:00,2026-05-02 04:45:00+00:00,SHORT,SHORT,-4.25,"['delta_strong_negative', 'cvd_strong_negative', 'aggressive_sellers', 'below_vwap']",78235.9,78089.20768749999,38.29129256329759,WIN,8,35.0,1.0015862283171495,0.19939695203864213,0.7500000000000157,0.75,take_profit,4.473804717783367,3.171562383022817,-2.796970622173458,-1.9209785833458006,DOWN,SELL,0.4837601467919184,False,78303.85005668984,-0.0009440660647331239,NONE,0.0,78089.20768749999,0.75
2026-05-03 01:00:00+00:00,2026-05-03 01:00:00+00:00,2026-05-03 01:05:00+00:00,2026-05-03 01:20:00+00:00,SHORT,SHORT,-4.25,"['delta_strong_negative', 'cvd_strong_negative', 'aggressive_sellers', 'below_vwap']",78331.1,78184.22918750001,38.43488491040851,WIN,4,15.0,0.8247043639116519,0.2083463656197263,0.7499999999999875,0.75,take_profit,4.473804717783367,3.886571450788023,-3.4228732679843192,-3.4752719330487527,DOWN,SELL,0.4957712030355905,False,78488.0358480788,-0.004467978337507992,NONE,0.0,78184.22918750001,0.75
2026-05-04 01:50:00+00:00,2026-05-04 01:50:00+00:00,2026-05-04 01:55:00+00:00,2026-05-04 01:55:00+00:00,LONG,LONG,4.25,"['delta_strong_positive', 'cvd_strong_positive', 'aggressive_buyers', 'above_vwap']",79208.6,79357.116125,38.579015728821794,WIN,1,1.0,3.238032233873579,0.029794744510109914,0.7499999999999729,0.75,take_profit,4.473804717783367,2.3237204804833653,3.3356355999821656,1.8847047877456147,UP,BUY,1.6234534196826866,False,78667.73546344251,0.004635728573645485,NONE,0.0,79357.116125,0.75
2026-05-05 00:00:00+00:00,2026-05-05 00:00:00+00:00,2026-05-05 00:05:00+00:00,2026-05-05 00:50:00+00:00,LONG,LONG,4.25,"['delta_strong_positive', 'cvd_strong_positive', 'aggressive_buyers', 'above_vwap']",79949.1,80099.0045625,38.723687037806236,WIN,10,45.0,1.0051395200195832,0.6874373820343629,0.7499999999999993,0.75,take_profit,4.473804717783367,2.931046386652589,2.214816211624185,3.083652206227854,UP,BUY,1.9914954335873583,False,79899.23333333332,-0.000769744889313437,NONE,0.0,80099.0045625,0.75
2026-05-05 02:00:00+00:00,2026-05-05 02:00:00+00:00,2026-05-05 02:05:00+00:00,2026-05-05 02:35:00+00:00,LONG,LONG,4.25,"['delta_strong_positive', 'cvd_strong_positive', 'aggressive_buyers', 'above_vwap']",80451.0,80601.845625,38.868900864198494,WIN,7,30.0,1.357347950926651,0.5807261562939077,0.7500000000000087,0.75,take_profit,4.473804717783367,3.433848492599139,2.7852609713616214,2.5769232678055927,UP,BUY,1.7710480202649332,False,80126.13743194939,0.004891105754680957,NONE,0.0,80601.845625,0.75
2026-05-05 03:35:00+00:00,2026-05-05 03:35:00+00:00,2026-05-05 03:40:00+00:00,2026-05-05 05:20:00+00:00,LONG,LONG,4.25,"['delta_strong_positive', 'cvd_strong_positive', 'aggressive_buyers', 'above_vwap']",80817.8,80969.333375,39.01465924243855,WIN,21,100.0,1.7332815295640174,0.7245928495950582,0.7499999999999953,0.75,take_profit,4.473804717783367,3.225017877717246,3.5738984605939685,2.589111571330594,UP,BUY,2.5096518163371577,False,80491.85498010206,0.004453749736112003,NONE,0.0,80969.333375,0.75
2026-05-05 05:35:00+00:00,2026-05-05 05:35:00+00:00,2026-05-05 05:40:00+00:00,2026-05-05 05:45:00+00:00,LONG,LONG,4.75,"['delta_strong_positive', 'cvd_strong_positive', 'aggressive_buyers', 'big_trade_buy', 'above_vwap']",81181.5,80978.54625,-52.21461895279739,LOSS,2,5.0,0.091153772719154,1.565873998386346,-1.0000000000000029,0.75,stop_loss,4.473804717783367,3.646257902658264,3.7428120545766648,3.3612823481477627,UP,BUY,4.398557472103241,True,80697.66389345452,0.004684554432398984,NONE,0.0,81333.7153125,0.75
2026-05-05 07:40:00+00:00,2026-05-05 07:40:00+00:00,2026-05-05 07:45:00+00:00,2026-05-05 07:45:00+00:00,SHORT,SHORT,-3.75,"['delta_strong_negative', 'cvd_strong_negative', 'aggressive_sellers']",80985.5,80833.6521875,38.96515939352404,WIN,1,1.0,0.7813744435732178,0.07161775873458828,0.7499999999999827,0.75,take_profit,4.473804717783367,1.5807028543616812,-3.0078474793022885,-1.8370216708222615,DOWN,SELL,0.2998748029417676,False,80746.06964602158,0.00034957877495537984,NONE,0.0,80833.6521875,0.75
2026-05-06 00:00:00+00:00,2026-05-06 00:00:00+00:00,2026-05-06 00:05:00+00:00,2026-05-06 00:10:00+00:00,LONG,LONG,4.25,"['delta_strong_positive', 'cvd_strong_positive', 'aggressive_buyers', 'above_vwap']",81011.3,81163.1961875,39.11127874124936,WIN,2,5.0,1.028498493420068,0.19305948676298648,0.7499999999999752,0.75,take_profit,4.473804717783367,0.5997701126783809,3.005502084060572,2.488632379966373,UP,BUY,3.159669812902923,False,80980.06666666667,-0.00289703752940824,NONE,0.0,81163.1961875,0.75
2026-05-06 03:20:00+00:00,2026-05-06 03:20:00+00:00,2026-05-06 03:25:00+00:00,2026-05-06 04:25:00+00:00,LONG,LONG,4.25,"['delta_strong_positive', 'cvd_strong_positive', 'aggressive_buyers', 'above_vwap']",81608.0,81403.98,-52.34392804870816,LOSS,13,60.0,0.5308303107538619,1.1685128908930211,-1.00000000000002,0.75,stop_loss,4.473804717783367,3.5130293701214916,3.256709631051348,1.7456461563985266,UP,BUY,2.1148352451231096,False,81152.91052607827,0.006218222615963614,NONE,0.0,81761.015,0.75
2026-05-06 05:35:00+00:00,2026-05-06 05:35:00+00:00,2026-05-06 05:40:00+00:00,2026-05-06 05:50:00+00:00,SHORT,SHORT,-4.25,"['delta_strong_negative', 'cvd_strong_negative', 'aggressive_sellers', 'below_vwap']",81027.8,81230.3695,-52.08220840846301,LOSS,3,10.0,0.0004936577323132098,1.0411241573879295,-0.9999999999999891,0.75,stop_loss,4.473804717783367,3.6320363586735995,-3.7369142808561118,-2.2926753436482747,DOWN,SELL,0.4424747105816052,False,81238.38463285474,-0.004132246342867162,NONE,0.0,80875.872875,0.75
2026-05-07 04:25:00+00:00,2026-05-07 04:25:00+00:00,2026-05-07 04:30:00+00:00,2026-05-07 05:00:00+00:00,LONG,LONG,3.75,"['delta_strong_positive', 'cvd_strong_positive', 'aggressive_buyers']",80899.9,81051.58731249999,38.86634802481554,WIN,7,30.0,0.761434810178999,0.39307835980019756,0.749999999999992,0.75,take_profit,4.473804717783367,0.39471172895012835,2.0098075762288565,2.927914207507514,UP,BUY,2.6342731006733913,False,80992.78817697876,-0.000895473037499176,NONE,0.0,81051.58731249999,0.75
2026-05-07 06:05:00+00:00,2026-05-07 06:05:00+00:00,2026-05-07 06:10:00+00:00,2026-05-07 06:30:00+00:00,SHORT,SHORT,-4.25,"['delta_strong_negative', 'cvd_strong_negative', 'aggressive_sellers', 'below_vwap']",80942.2,81144.5555,-52.016129106546664,LOSS,5,20.0,0.493191437840844,1.461783840814818,-1.0000000000000253,0.75,stop_loss,4.473804717783367,2.516653341696004,-2.369511242478302,-2.5334962129866385,DOWN,SELL,0.540558009505172,False,80993.23214889047,0.0001504615861033292,NONE,0.0,80790.433375,0.75
2026-05-08 00:25:00+00:00,2026-05-08 00:25:00+00:00,2026-05-08 00:30:00+00:00,2026-05-08 00:45:00+00:00,SHORT,SHORT,-4.25,"['delta_strong_negative', 'cvd_strong_negative', 'aggressive_sellers', 'below_vwap']",79976.0,79826.045,38.81703634575991,WIN,4,15.0,0.9712913874162104,0.10053015904774343,0.7500000000000088,0.75,take_profit,4.473804717783367,3.77404147027662,-3.9546073507618433,-3.0204229830695972,DOWN,SELL,0.2622540379645185,False,80011.55602750607,0.0017937180483414735,NONE,0.0,79826.045,0.75
2026-05-08 02:15:00+00:00,2026-05-08 02:15:00+00:00,2026-05-08 02:20:00+00:00,2026-05-08 02:30:00+00:00,SHORT,SHORT,-4.25,"['delta_strong_negative', 'cvd_strong_negative', 'aggressive_sellers', 'below_vwap']",79346.4,79544.76599999999,-51.95013364273998,LOSS,3,10.0,0.031759474909956134,1.493703558069442,-0.9999999999999725,0.75,stop_loss,4.473804717783367,3.6842678811445437,-3.5818171182791576,-2.4271627745966473,DOWN,SELL,0.5574040644129532,False,79701.76372742289,-0.005036143489907255,NONE,0.0,79197.6255,0.75
2026-05-08 07:30:00+00:00,2026-05-08 07:30:00+00:00,2026-05-08 07:35:00+00:00,2026-05-08 07:45:00+00:00,LONG,LONG,3.75,"['delta_strong_positive', 'cvd_strong_positive', 'aggressive_buyers']",79454.1,79603.0764375,38.76778723089423,WIN,3,10.0,1.1372603805215549,0.034737036855284904,0.74999999999997,0.75,take_profit,4.473804717783367,0.8592601837042262,2.495420849505736,2.5632459890585135,UP,BUY,2.4538687265351915,False,79550.28313469456,-0.0006201967671312742,NONE,0.0,79603.0764375,0.75
2026-05-09 01:10:00+00:00,2026-05-09 01:10:00+00:00,2026-05-09 01:15:00+00:00,2026-05-09 02:30:00+00:00,LONG,LONG,4.25,"['delta_strong_positive', 'cvd_strong_positive', 'aggressive_buyers', 'above_vwap']",80287.4,80437.93887499999,38.91316643301121,WIN,16,75.0,0.8011219693252138,0.4444034804963025,0.749999999999992,0.75,take_profit,4.473804717783367,1.5424897105844226,2.038914688234979,2.0118594418633395,UP,BUY,2.8802819865319864,False,80168.24773335176,0.0009578535913986776,NONE,0.0,80437.93887499999,0.75
2026-05-09 04:05:00+00:00,2026-05-09 04:05:00+00:00,2026-05-09 04:10:00+00:00,2026-05-09 04:50:00+00:00,LONG,LONG,4.75,"['delta_strong_positive', 'cvd_strong_positive', 'aggressive_buyers', 'big_trade_buy', 'above_vwap']",80550.2,80348.8245,-52.07878774284585,LOSS,9,40.0,0.0844194055384096,1.1148327378454679,-0.9999999999999734,0.75,stop_loss,4.473804717783367,4.073447231764583,3.6843444200459343,2.5000082763336136,UP,BUY,2.2442181135724764,True,80358.48245657698,0.002308169489741043,NONE,0.0,80701.231625,0.75
2026-05-09 06:35:00+00:00,2026-05-09 06:35:00+00:00,2026-05-09 06:40:00+00:00,2026-05-09 08:10:00+00:00,SHORT,SHORT,-4.25,"['delta_strong_negative', 'cvd_strong_negative', 'aggressive_sellers', 'below_vwap']",80180.1,80380.55025,-51.818393804131546,LOSS,19,90.0,0.4779240734297059,1.0037403295830116,-0.999999999999972,0.75,stop_loss,4.473804717783367,3.642652750961463,-3.2195053726189955,-2.6790135580476417,DOWN,SELL,0.3117930795644114,False,80360.74410753862,-0.0026975721257097786,NONE,0.0,80029.76231250001,0.75
2026-05-10 00:35:00+00:00,2026-05-10 00:35:00+00:00,2026-05-10 00:40:00+00:00,2026-05-10 03:40:00+00:00,LONG,LONG,4.25,"['delta_strong_positive', 'cvd_strong_positive', 'aggressive_buyers', 'above_vwap']",80700.1,80851.41268750001,38.669476376334664,WIN,37,180.0,0.7920684113154176,0.8247821254249187,0.750000000000008,0.75,take_profit,4.473804717783367,1.1300463279294926,3.342868094230111,1.5609087096640273,UP,BUY,4.076988963120671,False,80664.66506103748,-1.4526568475453132e-05,NONE,0.0,80851.41268750001,0.75
2026-05-10 06:40:00+00:00,2026-05-10 06:40:00+00:00,2026-05-10 06:45:00+00:00,2026-05-10 08:25:00+00:00,LONG,LONG,4.25,"['delta_strong_positive', 'cvd_strong_positive', 'aggressive_buyers', 'above_vwap']",80676.3,80827.56806250001,38.814486912747206,WIN,21,100.0,0.9742638172548815,0.03421079052960401,0.7500000000000329,0.75,take_profit,4.473804717783367,3.183576130499354,2.6046718854484414,2.0289129907925196,UP,BUY,1.9652141006607864,False,80675.17133420963,-0.0005523414029216954,NONE,0.0,80827.56806250001,0.75
2026-05-11 00:15:00+00:00,2026-05-11 00:15:00+00:00,2026-05-11 00:20:00+00:00,2026-05-11 00:20:00+00:00,SHORT,SHORT,-4.25,"['delta_strong_negative', 'cvd_strong_negative', 'aggressive_sellers', 'below_vwap']",81541.2,81745.053,-51.94672165155845,LOSS,1,1.0,1.0949066238907306,1.0021927565451718,-1.0000000000000138,0.75,stop_loss,4.473804717783367,2.906666422068546,-3.688927494396194,-2.185620761014959,DOWN,SELL,0.32829331661592015,False,81807.9080389822,0.0013012112850900104,NONE,0.0,81388.31025,0.75
2026-05-11 02:15:00+00:00,2026-05-11 02:15:00+00:00,2026-05-11 02:20:00+00:00,2026-05-11 02:30:00+00:00,SHORT,SHORT,-3.5,"['delta_strong_negative', 'cvd_strong_negative', 'below_vwap']",81244.3,81091.96693750001,38.76524103247354,WIN,3,10.0,0.8719380928877758,0.0,0.7499999999999724,0.75,take_profit,4.473804717783367,1.7880563301961434,-2.5534967520314447,-1.6206088857019991,DOWN,SELL,0.7026277986563547,False,81582.58165811474,-0.00685273052417479,NONE,0.0,81091.96693750001,0.75
2026-05-11 03:10:00+00:00,2026-05-11 03:10:00+00:00,2026-05-11 03:15:00+00:00,2026-05-11 04:30:00+00:00,SHORT,SHORT,-4.25,"['delta_strong_negative', 'cvd_strong_negative', 'aggressive_sellers', 'below_vwap']",80569.7,80771.12425,-51.88081424846139,LOSS,16,75.0,0.494478693603135,1.0793139356358965,-0.999999999999982,0.75,stop_loss,4.473804717783367,3.802199749054686,-4.045951900814963,-3.2964686641608765,DOWN,SELL,0.5283352808859639,False,81405.86365006307,-0.012034418516674288,NONE,0.0,80418.6318125,0.75
2026-05-11 05:35:00+00:00,2026-05-11 05:35:00+00:00,2026-05-11 05:40:00+00:00,2026-05-11 06:25:00+00:00,SHORT,SHORT,-4.25,"['delta_strong_negative', 'cvd_strong_negative', 'aggressive_sellers', 'below_vwap']",80829.5,81031.57375,-51.621410177218976,LOSS,10,45.0,0.6007707582008756,1.0085426731577105,-0.9999999999999798,0.75,stop_loss,4.473804717783367,1.1510832417742793,-2.59525215652434,-1.9761271610478683,DOWN,SELL,0.4571381634408789,False,81185.53693212575,-0.0004387086543862211,NONE,0.0,80677.9446875,0.75
2026-05-12 01:15:00+00:00,2026-05-12 01:15:00+00:00,2026-05-12 01:20:00+00:00,2026-05-12 01:30:00+00:00,SHORT,SHORT,-4.25,"['delta_strong_negative', 'cvd_strong_negative', 'aggressive_sellers', 'below_vwap']",81337.3,81184.7925625,38.52247734474962,WIN,3,10.0,1.2874781926619294,0.48145192918867075,0.7499999999999839,0.75,take_profit,4.473804717783367,2.5183443241926335,-2.167091501646886,-2.076273877074372,DOWN,SELL,0.6261174715754744,False,81502.0350857503,-0.0034614255228631622,NONE,0.0,81184.7925625,0.75
2026-05-12 04:00:00+00:00,2026-05-12 04:00:00+00:00,2026-05-12 04:05:00+00:00,2026-05-12 04:35:00+00:00,SHORT,SHORT,-4.25,"['delta_strong_negative', 'cvd_strong_negative', 'aggressive_sellers', 'below_vwap']",80999.6,81202.099,-51.55591551305668,LOSS,7,30.0,0.17382801890385452,1.2958088681919129,-0.9999999999999808,0.75,stop_loss,4.473804717783367,2.929311112623865,-2.920555338328059,-1.9610309285276046,DOWN,SELL,0.5032709502404246,False,81165.16288650437,-0.0018976989622554517,NONE,0.0,80847.72575000001,0.75
2026-05-12 07:45:00+00:00,2026-05-12 07:45:00+00:00,2026-05-12 07:50:00+00:00,2026-05-12 09:20:00+00:00,SHORT,SHORT,-4.25,"['delta_strong_negative', 'cvd_strong_negative', 'aggressive_sellers', 'below_vwap']",80835.6,80684.03325000001,38.47360195161882,WIN,19,90.0,0.8031115003785604,0.470584742365944,0.7499999999999907,0.75,take_profit,4.473804717783367,3.277213656883164,-3.0740425622617926,-2.212401764406375,DOWN,SELL,0.5644629548253864,False,81123.82092536126,-0.0026981311425650733,NONE,0.0,80684.03325000001,0.75
2026-05-13 01:20:00+00:00,2026-05-13 01:20:00+00:00,2026-05-13 01:25:00+00:00,2026-05-13 01:50:00+00:00,LONG,LONG,4.25,"['delta_strong_positive', 'cvd_strong_positive', 'aggressive_buyers', 'above_vwap']",80993.8,81145.663375,38.61787795893807,WIN,6,25.0,0.8622882245307233,0.1743343317636802,0.7500000000000039,0.75,take_profit,4.473804717783367,3.075963319947508,3.299869631446751,2.50727951801403,UP,BUY,1.7398494626371823,False,80762.86554500139,0.004021483611969041,NONE,0.0,81145.663375,0.75
2026-05-13 03:45:00+00:00,2026-05-13 03:45:00+00:00,2026-05-13 03:50:00+00:00,2026-05-13 05:30:00+00:00,LONG,LONG,4.25,"['delta_strong_positive', 'cvd_strong_positive', 'aggressive_buyers', 'above_vwap']",81236.1,81033.00975000001,-51.6835933350436,LOSS,21,100.0,0.15707302541601173,1.0103882387264362,-0.9999999999999695,0.75,stop_loss,4.473804717783367,2.19617218801656,2.4373824126532506,2.3295610887899985,UP,BUY,2.4674021788997162,False,80933.47955774618,0.003867895304341618,NONE,0.0,81388.41768750001,0.75
2026-05-13 06:25:00+00:00,2026-05-13 06:25:00+00:00,2026-05-13 06:30:00+00:00,2026-05-13 07:20:00+00:00,LONG,LONG,4.25,"['delta_strong_positive', 'cvd_strong_positive', 'aggressive_buyers', 'above_vwap']",81070.1,80867.42475,-51.42517536837001,LOSS,11,50.0,0.04884661545992507,1.0583433349656655,-1.000000000000001,0.75,stop_loss,4.473804717783367,2.211828584807351,3.290849285265234,3.1261210595195768,UP,BUY,4.215579611002266,False,80994.10008733826,-0.00034036660141131527,NONE,0.0,81222.1064375,0.75
2026-05-14 02:30:00+00:00,2026-05-14 02:30:00+00:00,2026-05-14 02:35:00+00:00,2026-05-14 02:45:00+00:00,SHORT,SHORT,-3.75,"['delta_strong_negative', 'cvd_strong_negative', 'aggressive_sellers']",79623.4,79474.10612499999,38.37603711864686,WIN,3,10.0,1.237827070936404,0.0,0.7500000000000153,0.75,take_profit,4.473804717783367,0.1621660935255865,-2.356403482930143,-2.2291047337097547,DOWN,SELL,0.2309574678349914,False,79530.7352257867,0.001956779082857678,NONE,0.0,79474.10612499999,0.75
2026-05-14 05:30:00+00:00,2026-05-14 05:30:00+00:00,2026-05-14 05:35:00+00:00,2026-05-14 05:45:00+00:00,LONG,LONG,3.5,"['delta_strong_positive', 'cvd_strong_positive', 'above_vwap']",79643.6,79792.93175,38.51994725784038,WIN,3,10.0,0.8985028301081025,0.0005022374679488158,0.7499999999999878,0.75,take_profit,4.473804717783367,3.140379080600982,2.624838911885758,2.644419402767378,UP,BUY,1.4868422945312212,False,79366.62059705191,0.003925325186961809,NONE,0.0,79792.93175,0.75
2026-05-15 02:10:00+00:00,2026-05-15 02:10:00+00:00,2026-05-15 02:15:00+00:00,2026-05-15 02:30:00+00:00,SHORT,SHORT,-4.25,"['delta_strong_negative', 'cvd_strong_negative', 'aggressive_sellers', 'below_vwap']",80907.0,80755.299375,38.66439706005732,WIN,4,15.0,0.9892839927324252,0.4672030850235455,0.7499999999999885,0.75,take_profit,4.473804717783367,2.1987586592675226,-2.468246135366964,-2.979933902910527,DOWN,SELL,0.5964602148391557,False,81261.59946680529,-0.004299483162298185,NONE,0.0,80755.299375,0.75
2026-05-15 05:35:00+00:00,2026-05-15 05:35:00+00:00,2026-05-15 05:40:00+00:00,2026-05-15 06:40:00+00:00,SHORT,SHORT,-4.0,"['delta_strong_negative', 'cvd_strong_negative', 'big_trade_sell', 'below_vwap']",80376.1,80577.04025,-51.74585139871075,LOSS,13,60.0,0.5434451285892778,1.0993317665325595,-0.9999999999999982,0.75,stop_loss,4.473804717783367,3.7339415648968415,-3.1044157033728035,-2.772174854524038,DOWN,SELL,0.7490995567651431,True,80960.22052646404,-0.005789700095728788,NONE,0.0,80225.3948125,0.75
2026-05-16 00:25:00+00:00,2026-05-16 00:25:00+00:00,2026-05-16 00:30:00+00:00,2026-05-16 04:30:00+00:00,LONG,LONG,4.25,"['delta_strong_positive', 'cvd_strong_positive', 'aggressive_buyers', 'above_vwap']",79142.9,78945.04275,-51.48712214171753,LOSS,49,240.0,0.2870756568182511,1.6774720158093483,-1.0000000000000047,0.75,stop_loss,4.473804717783367,0.7646473304980835,2.0990167896946055,2.7325850030219034,UP,BUY,2.673801116524964,False,79125.2907223829,0.0010783585944350235,NONE,0.0,79291.2929375,0.75
2026-05-16 06:20:00+00:00,2026-05-16 06:20:00+00:00,2026-05-16 06:25:00+00:00,2026-05-16 06:45:00+00:00,SHORT,SHORT,-4.25,"['delta_strong_negative', 'cvd_strong_negative', 'aggressive_sellers', 'below_vwap']",78793.1,78645.3629375,38.42226489825755,WIN,5,20.0,1.308236381104496,0.3685601911842091,0.7500000000000201,0.75,take_profit,4.473804717783367,4.030543494631658,-3.501037505208715,-1.872109293756146,DOWN,SELL,0.5433902867300076,False,79015.29457067895,-0.002266491868041188,NONE,0.0,78645.3629375,0.75
2026-05-17 00:55:00+00:00,2026-05-17 00:55:00+00:00,2026-05-17 01:00:00+00:00,2026-05-17 01:40:00+00:00,SHORT,SHORT,-4.75,"['delta_strong_negative', 'cvd_strong_negative', 'aggressive_sellers', 'big_trade_sell', 'below_vwap']",77915.3,77769.2088125,38.56634839162551,WIN,9,40.0,1.2315937948002957,0.8732559587140973,0.7500000000000102,0.75,take_profit,4.473804717783367,4.141533630645598,-3.8086580570910322,-3.749807979696576,DOWN,SELL,0.5983258106237345,True,78031.9895141569,-0.002474587235146494,NONE,0.0,77769.2088125,0.75
2026-05-17 05:05:00+00:00,2026-05-17 05:05:00+00:00,2026-05-17 05:10:00+00:00,2026-05-17 06:20:00+00:00,LONG,LONG,4.25,"['delta_strong_positive', 'cvd_strong_positive', 'aggressive_buyers', 'above_vwap']",78240.3,78044.69925,-51.61462959745752,LOSS,15,70.0,0.05316953028040117,1.1646172113348385,-0.9999999999999886,0.75,stop_loss,4.473804717783367,3.782916156156672,3.5691651696098705,1.7064166969651369,UP,BUY,3.70187829976362,False,77958.30842437215,0.0038873815789251436,NONE,0.0,78387.0005625,0.75
2026-05-17 07:30:00+00:00,2026-05-17 07:30:00+00:00,2026-05-17 07:35:00+00:00,2026-05-17 10:05:00+00:00,LONG,LONG,4.25,"['delta_strong_positive', 'cvd_strong_positive', 'aggressive_buyers', 'above_vwap']",78167.9,78314.4648125,38.517417337103296,WIN,31,150.0,0.8300082258830628,0.8996020105439105,0.7500000000000036,0.75,take_profit,4.473804717783367,1.387540570433976,2.1356428730642674,1.8956840125891152,UP,BUY,3.592496429962353,False,77985.44509827453,0.0008659802072286753,NONE,0.0,78314.4648125,0.75
2026-05-18 05:40:00+00:00,2026-05-18 05:40:00+00:00,2026-05-18 05:45:00+00:00,2026-05-18 06:05:00+00:00,SHORT,SHORT,-4.25,"['delta_strong_negative', 'cvd_strong_negative', 'aggressive_sellers', 'below_vwap']",76865.8,76721.67662500001,38.66185765211607,WIN,5,20.0,1.027244886542565,0.43556432119354554,0.7499999999999769,0.75,take_profit,4.473804717783367,2.029621192726353,-3.025894873429152,-2.685187778933318,DOWN,SELL,0.31862104207381875,False,76988.6096694169,-0.0009105624396816401,NONE,0.0,76721.67662500001,0.75
2026-05-19 00:20:00+00:00,2026-05-19 00:20:00+00:00,2026-05-19 00:25:00+00:00,2026-05-19 01:00:00+00:00,LONG,LONG,4.25,"['delta_strong_positive', 'cvd_strong_positive', 'aggressive_buyers', 'above_vwap']",77210.7,77017.67324999999,-51.74245282441814,LOSS,8,35.0,0.3362228292193115,1.085859861392223,-1.0000000000000235,0.75,stop_loss,4.473804717783367,2.9933242343200686,3.1375051987886056,3.130322323022592,UP,BUY,2.0775359812105707,False,77148.80227729572,0.002362597446095903,NONE,0.0,77355.4700625,0.75
2026-05-19 02:20:00+00:00,2026-05-19 02:20:00+00:00,2026-05-19 02:25:00+00:00,2026-05-19 02:30:00+00:00,LONG,LONG,4.25,"['delta_strong_positive', 'cvd_strong_positive', 'aggressive_buyers', 'above_vwap']",76959.7,76767.30075,-51.48374056029542,LOSS,2,5.0,0.05145550203552629,1.1673642178958143,-1.0000000000000115,0.75,stop_loss,4.473804717783367,0.17020459268794774,2.092820263910783,2.039186314887691,UP,BUY,3.0257105610454826,False,76917.93494993729,0.0001595981614483519,NONE,0.0,77103.9994375,0.75
2026-05-20 00:10:00+00:00,2026-05-20 00:10:00+00:00,2026-05-20 00:15:00+00:00,2026-05-20 00:30:00+00:00,SHORT,SHORT,-4.25,"['delta_strong_negative', 'cvd_strong_negative', 'aggressive_sellers', 'below_vwap']",76543.1,76734.45775,-51.22632185749217,LOSS,4,15.0,0.3036197906800525,1.465840813868265,-0.9999999999999768,0.75,stop_loss,4.473804717783367,3.9034910912129233,-3.6253841821749266,-2.604523178939353,DOWN,SELL,0.3891068543734133,False,76637.57677154451,-0.003158652954415623,NONE,0.0,76399.5816875,0.75
2026-05-20 01:35:00+00:00,2026-05-20 01:35:00+00:00,2026-05-20 01:40:00+00:00,2026-05-20 01:50:00+00:00,SHORT,SHORT,-4.25,"['delta_strong_negative', 'cvd_strong_negative', 'aggressive_sellers', 'below_vwap']",76583.3,76774.75825,-50.97019024820483,LOSS,3,10.0,0.4256802723309128,1.6541465306404768,-0.9999999999999792,0.75,stop_loss,4.473804717783367,2.747586773311318,-2.5409645732277646,-1.8870883139151744,DOWN,SELL,0.25942297503272,False,76665.28758937519,-0.0016598271058149488,NONE,0.0,76439.7063125,0.75
2026-05-20 05:00:00+00:00,2026-05-20 05:00:00+00:00,2026-05-20 05:05:00+00:00,2026-05-20 05:05:00+00:00,LONG,LONG,4.25,"['delta_strong_positive', 'cvd_strong_positive', 'aggressive_buyers', 'above_vwap']",76821.8,76965.84087500001,38.03650447272524,WIN,1,1.0,1.0648019182055093,0.009372339622361935,0.7500000000000314,0.75,take_profit,4.473804717783367,1.6189285006917644,2.3676651281102368,1.6614715652845633,UP,BUY,2.440955680669843,False,76687.07648313574,0.0016308964357758002,NONE,0.0,76965.84087500001,0.75
2026-05-21 00:00:00+00:00,2026-05-21 00:00:00+00:00,2026-05-21 00:05:00+00:00,2026-05-21 00:45:00+00:00,LONG,LONG,4.25,"['delta_strong_positive', 'cvd_strong_positive', 'aggressive_buyers', 'above_vwap']",77605.3,77750.8099375,38.179141364496125,WIN,9,40.0,1.6890598966822992,0.48501842013370644,0.7499999999999952,0.75,take_profit,4.473804717783367,3.700388515816485,2.9252285126794075,1.6004662727896986,UP,BUY,2.401509073371255,False,77561.03333333333,0.001354344025942601,NONE,0.0,77750.8099375,0.75
2026-05-21 06:05:00+00:00,2026-05-21 06:05:00+00:00,2026-05-21 06:10:00+00:00,2026-05-21 06:45:00+00:00,SHORT,SHORT,-4.25,"['delta_strong_negative', 'cvd_strong_negative', 'aggressive_sellers', 'below_vwap']",77710.1,77564.3935625,38.32231314461442,WIN,8,35.0,1.0747637694456853,0.602238319085936,0.7500000000000232,0.75,take_profit,4.473804717783367,1.338431830034994,-2.3779774635235067,-2.005564690497585,DOWN,SELL,0.3307453616078901,False,77890.46502849123,-0.0028132815466420063,NONE,0.0,77564.3935625,0.75
2026-05-22 00:55:00+00:00,2026-05-22 00:55:00+00:00,2026-05-22 01:00:00+00:00,2026-05-22 01:45:00+00:00,SHORT,SHORT,-4.25,"['delta_strong_negative', 'cvd_strong_negative', 'aggressive_sellers', 'below_vwap']",77344.8,77538.162,-51.28802909187238,LOSS,10,45.0,0.29374954748090576,1.3704864451133105,-0.9999999999999675,0.75,stop_loss,4.473804717783367,0.8681390173288669,-2.059175460608261,-1.5020341625520128,DOWN,SELL,0.4987975398848793,False,77449.910798875,-0.003187872042621647,NONE,0.0,77199.7785,0.75
2026-05-22 04:45:00+00:00,2026-05-22 04:45:00+00:00,2026-05-22 04:50:00+00:00,2026-05-22 05:55:00+00:00,SHORT,SHORT,-3.75,"['delta_strong_negative', 'cvd_strong_negative', 'aggressive_sellers']",77604.1,77458.59231250001,38.27369170980945,WIN,14,65.0,0.957681359618901,0.4520379722205249,0.7499999999999694,0.75,take_profit,4.473804717783367,1.2217157675610857,-2.455842219034298,-2.0822122237114833,DOWN,SELL,0.2992727430246382,False,77596.25469116938,-0.00027302640132685174,NONE,0.0,77458.59231250001,0.75
2026-05-23 04:15:00+00:00,2026-05-23 04:15:00+00:00,2026-05-23 04:20:00+00:00,2026-05-23 06:35:00+00:00,SHORT,SHORT,-3.75,"['delta_strong_negative', 'cvd_strong_negative', 'aggressive_sellers']",75543.1,75401.4566875,38.41721805372388,WIN,28,135.0,0.83713800466227,0.407184772666169,0.750000000000021,0.75,take_profit,4.473804717783367,1.096970907985038,-2.9521918143338297,-2.5843184478971595,DOWN,SELL,0.19106119458412377,False,75437.40199786413,0.0015908385588518168,NONE,0.0,75401.4566875,0.75
2026-05-23 07:45:00+00:00,2026-05-23 07:45:00+00:00,2026-05-23 07:50:00+00:00,2026-05-23 07:50:00+00:00,SHORT,SHORT,-3.5,"['delta_strong_negative', 'cvd_strong_negative', 'below_vwap']",74993.7,74853.0868125,38.56128262142404,WIN,1,1.0,4.214220661202161,0.014934587838727309,0.7499999999999956,0.75,take_profit,4.473804717783367,4.117655184648031,-3.0234645768591677,-2.1456527100668414,DOWN,SELL,0.7802965803620076,False,75354.47297581729,-0.0038023650150052647,NONE,0.0,74853.0868125,0.75
2026-05-24 03:40:00+00:00,2026-05-24 03:40:00+00:00,2026-05-24 03:45:00+00:00,2026-05-24 06:50:00+00:00,SHORT,SHORT,-4.25,"['delta_strong_negative', 'cvd_strong_negative', 'aggressive_sellers', 'below_vwap']",76724.2,76916.0105,-51.60784990834132,LOSS,38,185.0,0.5901658146973033,1.646416645595538,-1.000000000000036,0.75,stop_loss,4.473804717783367,1.3219881028351712,-2.781954235072074,-2.6769828157920905,DOWN,SELL,0.33420861481590103,False,76800.35570557122,-0.000912133978019239,NONE,0.0,76580.342125,0.75
2026-05-25 02:05:00+00:00,2026-05-25 02:05:00+00:00,2026-05-25 02:10:00+00:00,2026-05-25 02:25:00+00:00,LONG,LONG,4.25,"['delta_strong_positive', 'cvd_strong_positive', 'aggressive_buyers', 'above_vwap']",77360.7,77167.29824999999,-51.34981065879898,LOSS,4,15.0,0.34229266281198123,1.9265596097242723,-1.0000000000000235,0.75,stop_loss,4.473804717783367,3.8468472451649767,4.155653562358099,3.7620144716125243,UP,BUY,2.595560771657009,False,77144.2801875075,0.004259729312937777,NONE,0.0,77505.7513125,0.75
2026-05-25 04:50:00+00:00,2026-05-25 04:50:00+00:00,2026-05-25 04:55:00+00:00,2026-05-25 06:05:00+00:00,LONG,LONG,3.5,"['delta_strong_positive', 'cvd_strong_positive', 'above_vwap']",77341.3,77486.3149375,38.319796204128814,WIN,15,70.0,1.7393035803639345,0.2875565836105978,0.7500000000000193,0.75,take_profit,4.473804717783367,3.706643702865465,2.6354145441408954,2.2333650233673477,UP,BUY,1.3941725029970342,False,77142.05234448312,0.0025802832446868533,NONE,0.0,77486.3149375,0.75
2026-05-26 00:15:00+00:00,2026-05-26 00:15:00+00:00,2026-05-26 00:20:00+00:00,2026-05-26 00:35:00+00:00,SHORT,SHORT,-4.25,"['delta_strong_negative', 'cvd_strong_negative', 'aggressive_sellers', 'below_vwap']",77121.2,76976.59775,38.46349543989233,WIN,4,15.0,1.0954186397514412,0.2448094687323179,0.7499999999999807,0.75,take_profit,4.473804717783367,2.064803645821417,-3.2558512646791846,-2.6776022826301045,DOWN,SELL,0.3803560152749797,False,77202.10257254902,-0.001553774271914898,NONE,0.0,76976.59775,0.75
2026-05-26 00:50:00+00:00,2026-05-26 00:50:00+00:00,2026-05-26 00:55:00+00:00,2026-05-26 01:15:00+00:00,SHORT,SHORT,-3.5,"['delta_strong_negative', 'cvd_strong_negative', 'below_vwap']",76685.3,76877.01325,-51.47697806372407,LOSS,5,20.0,0.5362175019202006,1.0114063581937824,-1.0000000000000036,0.75,stop_loss,4.473804717783367,3.418219030725045,-2.2162997934562543,-2.512264650882323,DOWN,SELL,0.6868751425267285,False,76903.61519290676,-0.004961390843249665,NONE,0.0,76541.51506250001,0.75
2026-05-26 04:00:00+00:00,2026-05-26 04:00:00+00:00,2026-05-26 04:05:00+00:00,2026-05-26 04:55:00+00:00,LONG,LONG,3.75,"['delta_strong_positive', 'cvd_strong_positive', 'aggressive_buyers']",76614.9,76758.55293749999,38.41469488005273,WIN,11,50.0,0.8849453565820747,0.2354633367660404,0.7499999999999762,0.75,take_profit,4.473804717783367,0.5090382851411781,2.077898707130439,2.1556219959930196,UP,BUY,2.0976112576369643,False,76748.90484641935,-0.0016011891874175362,NONE,0.0,76758.55293749999,0.75
2026-05-26 06:00:00+00:00,2026-05-26 06:00:00+00:00,2026-05-26 06:05:00+00:00,2026-05-26 06:40:00+00:00,SHORT,SHORT,-3.75,"['delta_strong_negative', 'cvd_strong_negative', 'aggressive_sellers']",76834.9,77026.98724999999,-51.411666647804694,LOSS,8,35.0,0.5190349697858504,1.0984591637393946,-0.9999999999999837,0.75,stop_loss,4.473804717783367,2.85566229193328,-2.6692995662996455,-2.9323668386320367,DOWN,SELL,0.6175365208829983,False,76753.69929274297,0.0019196063562908299,NONE,0.0,76690.8345625,0.75
2026-05-27 00:50:00+00:00,2026-05-27 00:50:00+00:00,2026-05-27 00:55:00+00:00,2026-05-27 01:20:00+00:00,LONG,LONG,4.25,"['delta_strong_positive', 'cvd_strong_positive', 'aggressive_buyers', 'above_vwap']",76010.1,75820.07475,-51.15460831456813,LOSS,6,25.0,0.3883694403769412,1.1324810781725672,-1.0000000000000318,0.75,stop_loss,4.473804717783367,1.619491946350614,2.1721010671121013,3.3098522721133925,UP,BUY,1.9534306448952663,False,75938.64843770352,0.0019023136569731945,NONE,0.0,76152.61893750001,0.75
2026-05-27 04:15:00+00:00,2026-05-27 04:15:00+00:00,2026-05-27 04:20:00+00:00,2026-05-27 04:30:00+00:00,SHORT,SHORT,-4.25,"['delta_strong_negative', 'cvd_strong_negative', 'aggressive_sellers', 'below_vwap']",75508.3,75366.7219375,38.17412645474641,WIN,3,10.0,1.2210578174849651,0.06939634450777606,0.7500000000000228,0.75,take_profit,4.473804717783367,3.408711238625027,-3.41682747563781,-2.3958480631528416,DOWN,SELL,0.38820663845205355,False,75800.08954872725,-0.0037199106592201757,NONE,0.0,75366.7219375,0.75
2026-05-27 07:30:00+00:00,2026-05-27 07:30:00+00:00,2026-05-27 07:35:00+00:00,2026-05-27 09:00:00+00:00,LONG,LONG,4.25,"['delta_strong_positive', 'cvd_strong_positive', 'aggressive_buyers', 'above_vwap']",75903.2,75713.442,-51.089705905267834,LOSS,18,85.0,0.7103784820666476,1.128279176635458,-1.0000000000000087,0.75,stop_loss,4.473804717783367,2.4481379869643183,2.977298174576558,1.763127304614632,UP,BUY,2.9520260449111566,False,75683.97157093903,0.004309981868923254,NONE,0.0,76045.51849999999,0.75
2026-05-28 01:15:00+00:00,2026-05-28 01:15:00+00:00,2026-05-28 01:20:00+00:00,2026-05-28 01:20:00+00:00,SHORT,SHORT,-4.25,"['delta_strong_negative', 'cvd_strong_negative', 'aggressive_sellers', 'below_vwap']",74325.1,74510.91275,-50.83425737574032,LOSS,1,1.0,0.5048092770813785,1.011233082767432,-0.9999999999999855,0.75,stop_loss,4.473804717783367,3.921009379503537,-4.054832327220219,-3.406521944249588,DOWN,SELL,0.39699032710625415,False,74417.10339365275,-0.001885076461173511,NONE,0.0,74185.7404375,0.75
2026-05-28 03:15:00+00:00,2026-05-28 03:15:00+00:00,2026-05-28 03:20:00+00:00,2026-05-28 03:20:00+00:00,SHORT,SHORT,-4.25,"['delta_strong_negative', 'cvd_strong_negative', 'aggressive_sellers', 'below_vwap']",73692.8,73877.032,-50.58008608886336,LOSS,1,1.0,0.08576143123888852,1.1740631377828115,-1.0000000000000198,0.75,stop_loss,4.473804717783367,4.240334146674467,-4.2396598960440475,-4.205998116301787,DOWN,SELL,0.3983054511199784,False,74104.37553184954,-0.006031538906906621,NONE,0.0,73554.626,0.75
2026-05-28 06:45:00+00:00,2026-05-28 06:45:00+00:00,2026-05-28 06:50:00+00:00,2026-05-28 07:15:00+00:00,LONG,LONG,3.75,"['delta_strong_positive', 'cvd_strong_positive', 'aggressive_buyers']",73112.4,73249.48574999999,37.745389243813094,WIN,6,25.0,0.832690487523384,0.34358056909628665,0.7499999999999912,0.75,take_profit,4.473804717783367,4.064289468644195,3.4462921448853896,1.8668368982748196,UP,BUY,1.5042237676954051,False,73482.5795763005,-0.002650469462949543,NONE,0.0,73249.48574999999,0.75
2026-05-29 00:45:00+00:00,2026-05-29 00:45:00+00:00,2026-05-29 00:50:00+00:00,2026-05-29 01:20:00+00:00,SHORT,SHORT,-4.25,"['delta_strong_negative', 'cvd_strong_negative', 'aggressive_sellers', 'below_vwap']",73725.3,73587.0650625,37.88693445347918,WIN,7,30.0,0.8208850964323124,0.6440122997125659,0.7500000000000265,0.75,take_profit,4.473804717783367,0.9767589541720637,-3.0816087216353014,-2.161715291807583,DOWN,SELL,0.17660441641792718,False,73736.08522089785,0.000625095776378266,NONE,0.0,73587.0650625,0.75
2026-05-29 02:25:00+00:00,2026-05-29 02:25:00+00:00,2026-05-29 02:30:00+00:00,2026-05-29 02:50:00+00:00,SHORT,SHORT,-4.25,"['delta_strong_negative', 'cvd_strong_negative', 'aggressive_sellers', 'below_vwap']",73359.2,73221.65149999999,38.02901045767961,WIN,5,20.0,0.7873586407703147,0.5419906433004108,0.7500000000000242,0.75,take_profit,4.473804717783367,3.101173172328598,-2.3174020891508467,-1.9617651934761156,DOWN,SELL,0.4784993173769659,False,73635.21800648568,-0.003351316236381188,NONE,0.0,73221.65149999999,0.75
2026-05-29 04:55:00+00:00,2026-05-29 04:55:00+00:00,2026-05-29 05:00:00+00:00,2026-05-29 05:10:00+00:00,LONG,LONG,3.75,"['delta_strong_positive', 'cvd_strong_positive', 'aggressive_buyers']",73466.3,73604.0493125,38.171619246895716,WIN,3,10.0,0.7823995491810373,0.03920164755811625,0.7500000000000202,0.75,take_profit,4.473804717783367,1.444082190850656,2.663051935150001,1.9152961826610941,UP,BUY,2.5280012981682463,False,73477.57132983005,0.0007290228085076,NONE,0.0,73604.0493125,0.75
2026-05-29 07:30:00+00:00,2026-05-29 07:30:00+00:00,2026-05-29 07:35:00+00:00,2026-05-29 07:40:00+00:00,SHORT,SHORT,-4.25,"['delta_strong_negative', 'cvd_strong_negative', 'aggressive_sellers', 'below_vwap']",73495.5,73357.6959375,38.314762819070374,WIN,2,5.0,0.782088699308105,0.09197842044747871,0.7499999999999967,0.75,take_profit,4.473804717783367,3.2067750916876094,-2.5352836107148087,-2.072054375075423,DOWN,SELL,0.5542573069462822,False,73547.62403432508,-0.0008992073804818585,NONE,0.0,73357.6959375,0.75
2026-05-30 04:45:00+00:00,2026-05-30 04:45:00+00:00,2026-05-30 04:50:00+00:00,2026-05-30 05:05:00+00:00,LONG,LONG,3.75,"['delta_strong_positive', 'cvd_strong_positive', 'aggressive_buyers']",73330.1,73467.5939375,38.45844317964089,WIN,4,15.0,1.8606274913029779,0.1129140693931231,0.7499999999999771,0.75,take_profit,4.473804717783367,0.9806834691552054,2.1688382854904034,1.6241452846708364,UP,BUY,2.882084807359442,False,73479.7970651009,-0.0020910973117397925,NONE,0.0,73467.5939375,0.75
2026-05-31 01:00:00+00:00,2026-05-31 01:00:00+00:00,2026-05-31 01:05:00+00:00,2026-05-31 01:20:00+00:00,LONG,LONG,4.25,"['delta_strong_positive', 'cvd_strong_positive', 'aggressive_buyers', 'above_vwap']",74080.0,74218.9,38.60266234156409,WIN,4,15.0,0.91792656587473,0.25971922246223444,0.7499999999999685,0.75,take_profit,4.473804717783367,2.1609202247616115,2.85345688036882,2.0455505663625657,UP,BUY,2.3670527222238347,False,73944.67129799553,0.0024918384430757286,NONE,0.0,74218.9,0.75
2026-05-31 02:25:00+00:00,2026-05-31 02:25:00+00:00,2026-05-31 02:30:00+00:00,2026-05-31 03:00:00+00:00,SHORT,SHORT,-4.25,"['delta_strong_negative', 'cvd_strong_negative', 'aggressive_sellers', 'below_vwap']",73933.1,74117.93275,-51.66322976712916,LOSS,7,30.0,0.5091089106232841,1.103159477960449,-1.0000000000000073,0.75,stop_loss,4.473804717783367,2.370881802252673,-2.602675866429789,-1.607423528241524,DOWN,SELL,0.27897913745671205,False,74061.40312334271,-0.000970548839813767,NONE,0.0,73794.4754375,0.75
2026-05-31 04:30:00+00:00,2026-05-31 04:30:00+00:00,2026-05-31 04:35:00+00:00,2026-05-31 06:00:00+00:00,SHORT,SHORT,-3.75,"['delta_strong_negative', 'cvd_strong_negative', 'aggressive_sellers']",74123.1,73984.11918750001,38.55368521371932,WIN,18,85.0,0.8855538961538618,0.3858446287324734,0.7499999999999898,0.75,take_profit,4.473804717783367,1.4880035211126634,-2.8801825487581496,-3.1063825898595283,DOWN,SELL,0.19953527168732127,False,74058.4648219111,0.0006477819390003853,NONE,0.0,73984.11918750001,0.75
2026-05-31 06:30:00+00:00,2026-05-31 06:30:00+00:00,2026-05-31 06:35:00+00:00,2026-05-31 07:25:00+00:00,LONG,LONG,3.75,"['delta_strong_positive', 'cvd_strong_positive', 'aggressive_buyers']",74045.3,73860.18675000001,-51.59768204436028,LOSS,11,50.0,0.04537762693915308,1.0118130387749278,-0.9999999999999721,0.75,stop_loss,4.473804717783367,1.9814162852238337,2.5547749728193456,2.549144825118971,UP,BUY,2.9104192499748653,False,74059.65740622013,-0.00038583421483389394,NONE,0.0,74184.1349375,0.75
