timestamp,signal_timestamp,entry_timestamp,exit_timestamp,signal,direction,score,reasons,entry,exit,pnl,outcome,duration_bars,duration_minutes,mfe_r,mae_r,rr_realized,rr_model,exit_reason,drawdown,volume_z,delta_z,cvd_slope_z,cvd_condition,delta_condition,buy_sell_ratio,big_trade,vwap,distance_to_poc,absorption,absorption_score,target_price,target_r
2026-03-01 02:00:00+00:00,2026-03-01 02:00:00+00:00,2026-03-01 02:05:00+00:00,2026-03-01 02:05:00+00:00,LONG,LONG,4.25,"['delta_strong_positive', 'cvd_strong_positive', 'aggressive_buyers', 'above_vwap']",67991.0,67821.0225,-49.99999999999812,LOSS,1,1.0,0.5353649747760734,2.076745451603889,-0.9999999999999624,0.5,stop_loss,0.4999999999999818,2.6787496418473773,2.5486969794164747,2.3443438081131505,UP,BUY,1.6585883218873945,False,67020.8535345461,0.014475292603574821,NONE,0.0,68075.98875,0.5
2026-03-01 06:05:00+00:00,2026-03-01 06:05:00+00:00,2026-03-01 06:10:00+00:00,2026-03-01 06:10:00+00:00,SHORT,SHORT,-4.25,"['delta_strong_negative', 'cvd_strong_negative', 'aggressive_sellers', 'below_vwap']",67080.6,66996.74925000001,24.874999999999346,WIN,1,1.0,1.1484691550165371,0.10435207794802073,0.4999999999999868,0.5,take_profit,0.4999999999999818,3.364546923956765,-3.180717027456477,-2.6388439547692557,DOWN,SELL,0.39459802012286693,False,67290.70765587836,-0.006592027811863395,NONE,0.0,66996.74925000001,0.5
2026-03-01 08:50:00+00:00,2026-03-01 08:50:00+00:00,2026-03-01 08:55:00+00:00,2026-03-01 09:00:00+00:00,SHORT,SHORT,-3.5,"['delta_strong_negative', 'cvd_strong_negative', 'below_vwap']",66487.1,66653.31775,-49.87437499999885,LOSS,2,5.0,0.9782348756375646,1.0859249388227188,-0.9999999999999768,0.5,stop_loss,0.749993749999976,4.098518759744508,-3.4137022576866864,-3.193933698013648,DOWN,SELL,0.7231534386289661,False,67220.70996326448,-0.008304355657138556,NONE,0.0,66403.991125,0.5
2026-03-01 11:05:00+00:00,2026-03-01 11:05:00+00:00,2026-03-01 11:10:00+00:00,2026-03-01 11:15:00+00:00,LONG,LONG,4.25,"['delta_strong_positive', 'cvd_strong_positive', 'aggressive_buyers', 'big_trade_buy']",66484.7,66567.80587499999,24.812501562498166,WIN,2,5.0,0.9223174655221602,0.16003682050150647,0.4999999999999629,0.5,take_profit,0.749993749999976,0.23305575905152684,2.832697949409894,3.500560028688794,UP,BUY,5.437083110817914,True,67102.96873593489,-0.002549092966593908,NONE,0.0,66567.80587499999,0.5
2026-03-01 13:20:00+00:00,2026-03-01 13:20:00+00:00,2026-03-01 13:25:00+00:00,2026-03-01 13:45:00+00:00,SHORT,SHORT,-4.25,"['delta_strong_negative', 'cvd_strong_negative', 'aggressive_sellers', 'below_vwap']",66203.2,66368.708,-49.74906563281299,LOSS,5,20.0,0.10875607221403194,1.0398288904464184,-1.0000000000000098,0.5,stop_loss,0.9993593907031392,3.3615905877259156,-3.4738453918338963,-2.7070478207100823,DOWN,SELL,0.5420331757399636,False,67050.74513744107,-0.0029688557330647476,NONE,0.0,66120.446,0.5
2026-03-01 16:45:00+00:00,2026-03-01 16:45:00+00:00,2026-03-01 16:50:00+00:00,2026-03-01 16:50:00+00:00,SHORT,SHORT,-4.25,"['delta_strong_negative', 'cvd_strong_negative', 'aggressive_sellers', 'below_vwap']",66061.5,65978.923125,24.75016015232387,WIN,1,1.0,1.722637239541942,0.7253846794275207,0.49999999999999295,0.5,take_profit,0.9993593907031392,3.990801864239984,-3.9713582912850027,-3.292917822611765,DOWN,SELL,0.5682267346067772,False,66991.87368488095,-0.010614022181921328,NONE,0.0,65978.923125,0.5
2026-03-01 22:10:00+00:00,2026-03-01 22:10:00+00:00,2026-03-01 22:15:00+00:00,2026-03-01 22:15:00+00:00,LONG,LONG,3.75,"['delta_strong_positive', 'cvd_strong_positive', 'aggressive_buyers']",65975.7,66058.169625,24.812035552704398,WIN,1,1.0,1.1513329907830232,0.22856900343609599,0.49999999999998734,0.5,take_profit,0.9993593907031392,4.188693316899577,4.168387167769225,3.6064589584226474,UP,BUY,2.4323353027052037,False,66702.90430771872,0.0032982067047765294,NONE,0.0,66058.169625,0.5
2026-03-02 02:05:00+00:00,2026-03-02 02:05:00+00:00,2026-03-02 02:10:00+00:00,2026-03-02 02:10:00+00:00,SHORT,SHORT,-4.25,"['delta_strong_negative', 'cvd_strong_negative', 'aggressive_sellers', 'below_vwap']",66145.8,66063.11775,24.87406564158619,WIN,1,1.0,1.8341300581442987,0.05140160070631846,0.499999999999988,0.5,take_profit,0.9993593907031392,1.3889618101113475,-2.68760251640343,-2.4798250539077293,DOWN,SELL,0.505231387185235,False,66427.61782093406,0.0019493101038703996,NONE,0.0,66063.11775,0.5
2026-03-02 06:15:00+00:00,2026-03-02 06:15:00+00:00,2026-03-02 06:20:00+00:00,2026-03-02 06:20:00+00:00,SHORT,SHORT,-4.25,"['delta_strong_negative', 'cvd_strong_negative', 'aggressive_sellers', 'below_vwap']",66197.1,66114.353625,24.936250805691483,WIN,1,1.0,1.1003503174610718,0.3450302203570323,0.5000000000000147,0.5,take_profit,0.9993593907031392,2.6777264120333357,-2.695365388213822,-2.423016609716881,DOWN,SELL,0.5758815220623557,False,66508.47325512764,-0.0064676136103467025,NONE,0.0,66114.353625,0.5
2026-03-02 07:05:00+00:00,2026-03-02 07:05:00+00:00,2026-03-02 07:10:00+00:00,2026-03-02 07:15:00+00:00,SHORT,SHORT,-4.25,"['delta_strong_negative', 'cvd_strong_negative', 'aggressive_sellers', 'below_vwap']",65634.1,65552.057375,24.998591432705542,WIN,2,5.0,0.6886664096864724,0.7624085650598774,0.5000000000000112,0.5,take_profit,0.9993593907031392,3.119176968371475,-3.174839322990238,-2.768083780261411,DOWN,SELL,0.5060266613593003,False,66444.91620208607,-0.013368763626247704,NONE,0.0,65552.057375,0.5
2026-03-02 13:40:00+00:00,2026-03-02 13:40:00+00:00,2026-03-02 13:45:00+00:00,2026-03-02 13:45:00+00:00,SHORT,SHORT,-3.5,"['delta_strong_negative', 'cvd_strong_negative', 'below_vwap']",65561.1,65479.14862500001,25.061087911285796,WIN,1,1.0,0.7059063987639277,0.33190413217590414,0.49999999999998107,0.5,take_profit,0.9993593907031392,2.926261057270046,-2.3779575816743312,-3.379491546908265,DOWN,SELL,0.6883840623517163,False,66250.1407395525,-0.007400784665004114,NONE,0.0,65479.14862500001,0.5
2026-03-02 14:30:00+00:00,2026-03-02 14:30:00+00:00,2026-03-02 14:35:00+00:00,2026-03-02 14:35:00+00:00,LONG,LONG,4.25,"['delta_strong_positive', 'cvd_strong_positive', 'aggressive_buyers', 'above_vwap']",66222.2,66056.6445,-50.2474812621306,LOSS,1,1.0,1.167584284424274,1.157315824602573,-1.0000000000000135,0.5,stop_loss,0.9993593907031392,3.9340053129047656,3.987386900818737,3.088444133215103,UP,BUY,1.6677317314429378,False,66172.98919900067,0.0054062847659738155,NONE,0.0,66304.97774999999,0.5
2026-03-02 15:05:00+00:00,2026-03-02 15:05:00+00:00,2026-03-02 15:10:00+00:00,2026-03-02 15:10:00+00:00,LONG,LONG,4.75,"['delta_strong_positive', 'cvd_strong_positive', 'aggressive_buyers', 'big_trade_buy', 'above_vwap']",67701.1,67785.72637500001,24.998121927911725,WIN,1,1.0,4.400519341635444,0.041358264489055566,0.5000000000000419,0.5,take_profit,0.9993593907031392,1.9237740356513973,2.811768786406744,2.161104849304102,UP,BUY,1.7964996331872216,True,66331.54428495583,0.02017566190358344,NONE,0.0,67785.72637500001,0.5
2026-03-02 23:40:00+00:00,2026-03-02 23:40:00+00:00,2026-03-02 23:45:00+00:00,2026-03-03 00:00:00+00:00,SHORT,SHORT,-3.75,"['delta_strong_negative', 'cvd_strong_negative', 'aggressive_sellers']",68763.4,68935.3085,-50.1212344654603,LOSS,4,15.0,0.3688008446353391,1.161664490121266,-1.0000000000000293,0.5,stop_loss,0.9993593907031392,0.2850335397224457,-2.1934655868198787,-2.014897109311573,DOWN,SELL,0.48707613162269836,False,67771.54094565856,-0.004958619964408724,NONE,0.0,68677.44575,0.5
2026-03-03 02:00:00+00:00,2026-03-03 02:00:00+00:00,2026-03-03 02:05:00+00:00,2026-03-03 02:15:00+00:00,SHORT,SHORT,-4.75,"['delta_strong_negative', 'cvd_strong_negative', 'aggressive_sellers', 'big_trade_sell', 'below_vwap']",68547.5,68461.815625,24.935314146564917,WIN,3,10.0,0.6127138115905029,0.7288376673109548,0.49999999999998296,0.5,take_profit,0.9993593907031392,3.9977876413555427,-3.1724024094729417,-2.670954935282671,DOWN,SELL,0.6345537122236725,True,68853.76706793802,-0.006114353568050972,NONE,0.0,68461.815625,0.5
2026-03-03 04:45:00+00:00,2026-03-03 04:45:00+00:00,2026-03-03 04:50:00+00:00,2026-03-03 05:05:00+00:00,SHORT,SHORT,-4.25,"['delta_strong_negative', 'cvd_strong_negative', 'aggressive_sellers', 'below_vwap']",68067.9,68238.06975,-49.99530486386464,LOSS,4,15.0,0.39313685305404855,1.4426770915512306,-1.0000000000000056,0.5,stop_loss,0.9993593907031392,3.5686150017450946,-3.7895065196470634,-3.6244438063378444,DOWN,SELL,0.39929123247369125,False,68588.49484077079,-0.006598701648280231,NONE,0.0,67982.815125,0.5
2026-03-03 05:45:00+00:00,2026-03-03 05:45:00+00:00,2026-03-03 05:50:00+00:00,2026-03-03 06:00:00+00:00,SHORT,SHORT,-4.25,"['delta_strong_negative', 'cvd_strong_negative', 'aggressive_sellers', 'below_vwap']",67835.5,68005.08875,-49.74532833954367,LOSS,3,10.0,0.20343330557009234,1.0342667187534207,-0.9999999999999726,0.5,stop_loss,1.494362593749609,2.635208144719467,-3.014777355409091,-2.1354861776007716,DOWN,SELL,0.3974543535210573,False,68494.18648225299,-0.007211191099248532,NONE,0.0,67750.705625,0.5
2026-03-03 08:40:00+00:00,2026-03-03 08:40:00+00:00,2026-03-03 08:45:00+00:00,2026-03-03 08:45:00+00:00,SHORT,SHORT,-4.25,"['delta_strong_negative', 'cvd_strong_negative', 'aggressive_sellers', 'below_vwap']",67310.1,67225.962375,24.74830084892454,WIN,1,1.0,1.308570333426999,0.11112745338365022,0.5000000000000179,0.5,take_profit,1.494362593749609,2.9414647293149176,-3.467243950628078,-2.7384300014812175,DOWN,SELL,0.5965709828059474,False,68235.66167847127,-0.00936096362573615,NONE,0.0,67225.962375,0.5
2026-03-03 23:10:00+00:00,2026-03-03 23:10:00+00:00,2026-03-03 23:15:00+00:00,2026-03-03 23:15:00+00:00,LONG,LONG,4.25,"['delta_strong_positive', 'cvd_strong_positive', 'aggressive_buyers', 'above_vwap']",68653.0,68481.3675,-49.620343202093956,LOSS,1,1.0,0.19809767963526723,1.0551614641749425,-1.0000000000000406,0.5,stop_loss,1.741858007732816,3.7437853447753815,3.6483877926497965,2.649810473793949,UP,BUY,2.129354351896225,False,67682.25077826159,0.0047373481273241345,NONE,0.0,68738.81625,0.5
2026-03-04 01:30:00+00:00,2026-03-04 01:30:00+00:00,2026-03-04 01:35:00+00:00,2026-03-04 01:35:00+00:00,LONG,LONG,4.25,"['delta_strong_positive', 'cvd_strong_positive', 'aggressive_buyers', 'above_vwap']",68471.5,68557.089375,24.686120743039556,WIN,1,1.0,1.1111192247869381,0.0,0.4999999999999762,0.5,take_profit,1.741858007732816,3.46569340790925,3.3203464873297936,2.8039181984144603,UP,BUY,2.4723745372993022,False,68160.65934952511,0.0032804191957866075,NONE,0.0,68557.089375,0.5
2026-03-04 03:30:00+00:00,2026-03-04 03:30:00+00:00,2026-03-04 03:35:00+00:00,2026-03-04 03:35:00+00:00,SHORT,SHORT,-4.25,"['delta_strong_negative', 'cvd_strong_negative', 'aggressive_sellers', 'below_vwap']",67500.1,67415.724875,24.74783604490007,WIN,1,1.0,0.8894801637331251,0.8965912643091689,0.5000000000000351,0.5,take_profit,1.741858007732816,3.970658104610324,-3.447387372690174,-2.847338718085972,DOWN,SELL,0.5828674221761861,False,68188.64686962537,-0.010236947004530884,NONE,0.0,67415.724875,0.5
2026-03-04 07:40:00+00:00,2026-03-04 07:40:00+00:00,2026-03-04 07:45:00+00:00,2026-03-04 07:45:00+00:00,LONG,LONG,4.25,"['delta_strong_positive', 'cvd_strong_positive', 'aggressive_buyers', 'above_vwap']",68937.6,69023.77200000001,24.80970563501229,WIN,1,1.0,3.3903123984588284,0.537877732906348,0.5000000000000344,0.5,take_profit,1.741858007732816,2.115717408984842,2.9053943272002205,2.945607799565145,UP,BUY,2.83010505774987,False,68124.46522577536,0.011969759994638226,NONE,0.0,69023.77200000001,0.5
2026-03-04 14:30:00+00:00,2026-03-04 14:30:00+00:00,2026-03-04 14:35:00+00:00,2026-03-04 14:35:00+00:00,LONG,LONG,4.75,"['delta_strong_positive', 'cvd_strong_positive', 'aggressive_buyers', 'big_trade_buy', 'above_vwap']",72398.0,72217.005,-49.74345979819494,LOSS,1,1.0,0.16685543799550864,3.917235282742617,-0.9999999999999741,0.5,stop_loss,1.741858007732816,4.077589021369214,4.05046193075649,3.642551752220364,UP,BUY,1.778098107963113,True,70126.29910697897,0.014015785720459426,NONE,0.0,72488.4975,0.5
2026-03-04 19:10:00+00:00,2026-03-04 19:10:00+00:00,2026-03-04 19:15:00+00:00,2026-03-04 19:15:00+00:00,LONG,LONG,4.25,"['delta_strong_positive', 'cvd_strong_positive', 'aggressive_buyers', 'above_vwap']",73842.8,73935.1035,24.74737124960116,WIN,1,1.0,0.7962861646633118,0.8531637478535483,0.49999999999997036,0.5,take_profit,1.741858007732816,3.7522398531652112,3.274761681622504,2.9027164834791224,UP,BUY,1.599300338265753,False,71028.67788478316,0.010100973119441532,NONE,0.0,73935.1035,0.5
2026-03-04 23:30:00+00:00,2026-03-04 23:30:00+00:00,2026-03-04 23:35:00+00:00,2026-03-04 23:35:00+00:00,SHORT,SHORT,-3.75,"['delta_strong_negative', 'cvd_strong_negative', 'aggressive_sellers']",72336.1,72516.94025,-49.618479355451555,LOSS,1,1.0,0.04921470745593821,2.262770594488766,-0.9999999999999658,0.5,stop_loss,1.7455487945322423,2.7355663446546123,-2.98649297103217,-2.145198706318333,DOWN,SELL,0.5119385140398822,False,71245.59978116483,-0.010334918469237946,NONE,0.0,72245.679875,0.5
2026-03-05 07:50:00+00:00,2026-03-05 07:50:00+00:00,2026-03-05 07:55:00+00:00,2026-03-05 07:55:00+00:00,SHORT,SHORT,-4.75,"['delta_strong_negative', 'cvd_strong_negative', 'aggressive_sellers', 'big_trade_sell', 'below_vwap']",71766.1,71945.51525000001,-49.37038695867751,LOSS,1,1.0,0.14547258385229694,1.5985263237098761,-1.0000000000000304,0.5,stop_loss,2.2368210505595916,3.9341138332323506,-3.534640558902839,-3.408559997248079,DOWN,SELL,0.6036417359187443,True,72517.94116047713,-0.008694385578925884,NONE,0.0,71676.39237500001,0.5
2026-03-05 10:25:00+00:00,2026-03-05 10:25:00+00:00,2026-03-05 10:30:00+00:00,2026-03-05 10:30:00+00:00,LONG,LONG,3.5,"['delta_strong_positive', 'cvd_strong_positive', 'above_vwap']",73122.4,73213.803,24.561767511942843,WIN,1,1.0,2.0300208964695132,0.002188111987539683,0.5000000000000313,0.5,take_profit,2.2368210505595916,3.8498221230508824,3.737837589855979,3.387962564812826,UP,BUY,1.4998367836982878,False,72498.89703961558,0.01020972240231326,NONE,0.0,73213.803,0.5
2026-03-05 13:00:00+00:00,2026-03-05 13:00:00+00:00,2026-03-05 13:05:00+00:00,2026-03-05 13:15:00+00:00,LONG,LONG,3.25,"['cvd_strong_positive', 'aggressive_buyers', 'big_trade_buy', 'above_vwap']",72720.6,72538.7985,-49.2463438614427,LOSS,3,10.0,0.11166024482739888,1.031894676336586,-1.0000000000000075,0.5,stop_loss,2.4824510376700535,0.759156142848358,1.5866800233667273,2.2826967957386706,UP,BUY,1.5933179526031258,True,72618.17361116111,-0.002796666993737738,NONE,0.0,72811.50075,0.5
2026-03-05 16:05:00+00:00,2026-03-05 16:05:00+00:00,2026-03-05 16:10:00+00:00,2026-03-05 16:10:00+00:00,SHORT,SHORT,-4.75,"['delta_strong_negative', 'cvd_strong_negative', 'aggressive_sellers', 'big_trade_sell', 'below_vwap']",70812.1,70989.13025,-49.00011214213405,LOSS,1,1.0,0.33214662465879646,1.8917670850038009,-0.9999999999999782,0.5,stop_loss,2.970038782481689,3.4048105436805076,-3.4143054863821147,-2.938172376188069,DOWN,SELL,0.4861962913856024,True,72336.31624253241,-0.015967718901172847,NONE,0.0,70723.584875,0.5
2026-03-05 21:15:00+00:00,2026-03-05 21:15:00+00:00,2026-03-05 21:20:00+00:00,2026-03-05 21:30:00+00:00,LONG,LONG,3.75,"['delta_strong_positive', 'cvd_strong_positive', 'aggressive_buyers']",71430.5,71519.788125,24.377555790713966,WIN,3,10.0,0.5594248955277881,0.38358964307963683,0.5000000000000359,0.5,take_profit,2.970038782481689,3.4131580121551015,3.479305819032746,2.8883171808727277,UP,BUY,1.8478165697575573,False,72036.113514933,0.005999197225568733,NONE,0.0,71519.788125,0.5
2026-03-06 01:25:00+00:00,2026-03-06 01:25:00+00:00,2026-03-06 01:30:00+00:00,2026-03-06 01:30:00+00:00,SHORT,SHORT,-4.25,"['delta_strong_negative', 'cvd_strong_negative', 'aggressive_sellers', 'below_vwap']",70423.1,70599.15775000001,-48.87699936038001,LOSS,1,1.0,0.052823576354934156,2.287885651157011,-1.0000000000000409,0.5,stop_loss,3.2138265600407085,4.047843402819207,-3.89616794470495,-2.881279378511338,DOWN,SELL,0.522928012704841,False,70762.89015476471,-0.007332803940450232,NONE,0.0,70335.071125,0.5
2026-03-06 04:40:00+00:00,2026-03-06 04:40:00+00:00,2026-03-06 04:45:00+00:00,2026-03-06 05:10:00+00:00,SHORT,SHORT,-3.5,"['delta_strong_negative', 'cvd_strong_negative', 'below_vwap']",70487.2,70399.091,24.31630718178716,WIN,6,25.0,0.7785810757130208,0.8029826691938395,0.4999999999999815,0.5,take_profit,3.2138265600407085,4.219223582593262,-3.8299320236147576,-2.872351154449021,DOWN,SELL,0.740102062109916,False,70895.9354315431,-0.005744902941261839,NONE,0.0,70399.091,0.5
2026-03-06 10:00:00+00:00,2026-03-06 10:00:00+00:00,2026-03-06 10:05:00+00:00,2026-03-06 10:20:00+00:00,LONG,LONG,3.75,"['delta_strong_positive', 'cvd_strong_positive', 'aggressive_buyers']",70620.5,70708.775625,24.377097949741078,WIN,4,15.0,0.7040448594954887,0.16482466139438728,0.49999999999997025,0.5,take_profit,3.2138265600407085,0.3185051497915559,2.7141043224775987,2.2765345404631514,UP,BUY,1.586170072455444,False,70725.64333449418,-0.000823031116476946,NONE,0.0,70708.775625,0.5
2026-03-06 12:00:00+00:00,2026-03-06 12:00:00+00:00,2026-03-06 12:05:00+00:00,2026-03-06 12:05:00+00:00,SHORT,SHORT,-4.25,"['delta_strong_negative', 'cvd_strong_negative', 'aggressive_sellers', 'below_vwap']",70132.5,70044.834375,24.438040694615253,WIN,1,1.0,2.169607528606533,0.12205468220864323,0.4999999999999668,0.5,take_profit,3.2138265600407085,2.8294072663968732,-2.029288568051648,-2.0299296691422075,DOWN,SELL,0.6325116368173888,False,70677.74268812544,-0.005617092681805996,NONE,0.0,70044.834375,0.5
2026-03-06 13:55:00+00:00,2026-03-06 13:55:00+00:00,2026-03-06 14:00:00+00:00,2026-03-06 14:00:00+00:00,SHORT,SHORT,-4.25,"['delta_strong_negative', 'cvd_strong_negative', 'aggressive_sellers', 'below_vwap']",69189.7,69103.212875,24.49913579635332,WIN,1,1.0,2.0332506138919353,0.29715405616737023,0.49999999999999806,0.5,take_profit,3.2138265600407085,3.678664420271159,-4.117473790534894,-3.4487739472783336,DOWN,SELL,0.4985873598684082,False,70429.67812612087,-0.011887966129290413,NONE,0.0,69103.212875,0.5
2026-03-06 17:35:00+00:00,2026-03-06 17:35:00+00:00,2026-03-06 17:40:00+00:00,2026-03-06 17:40:00+00:00,SHORT,SHORT,-4.25,"['delta_strong_negative', 'cvd_strong_negative', 'aggressive_sellers', 'below_vwap']",67823.3,67738.520875,24.560383635844563,WIN,1,1.0,0.6546422836989647,0.25183086048598097,0.5000000000000054,0.5,take_profit,3.2138265600407085,3.8323591763087945,-3.5026761318938595,-3.2617435914050206,DOWN,SELL,0.6306219922723294,False,69740.60083463731,-0.012978513615279564,NONE,0.0,67738.520875,0.5
2026-03-07 00:30:00+00:00,2026-03-07 00:30:00+00:00,2026-03-07 00:35:00+00:00,2026-03-07 02:20:00+00:00,LONG,LONG,4.25,"['delta_strong_positive', 'cvd_strong_positive', 'aggressive_buyers', 'above_vwap']",68282.9,68112.19274999999,-49.24356918986977,LOSS,22,105.0,0.287626916841586,1.2032295054837694,-1.0000000000000397,0.5,stop_loss,3.2138265600407085,3.5704755175929015,3.0549645018837657,3.4175045155513195,UP,BUY,2.0267598200335475,False,68206.64689876881,0.0016377169171875646,NONE,0.0,68368.253625,0.5
2026-03-07 04:00:00+00:00,2026-03-07 04:00:00+00:00,2026-03-07 04:05:00+00:00,2026-03-07 04:35:00+00:00,SHORT,SHORT,-4.25,"['delta_strong_negative', 'cvd_strong_negative', 'aggressive_sellers', 'below_vwap']",67875.8,68045.4895,-48.99735134391648,LOSS,7,30.0,0.2899413340247752,1.2982535749118413,-0.9999999999999594,0.5,stop_loss,3.2138265600407085,3.74507422560245,-3.4622240371636552,-2.498067450596599,DOWN,SELL,0.5075055861247552,False,68192.89109093769,-0.004680815883360119,NONE,0.0,67790.95525,0.5
2026-03-07 06:50:00+00:00,2026-03-07 06:50:00+00:00,2026-03-07 06:55:00+00:00,2026-03-07 07:00:00+00:00,SHORT,SHORT,-4.25,"['delta_strong_negative', 'cvd_strong_negative', 'aggressive_sellers', 'below_vwap']",67664.5,67579.919375,24.376182293600113,WIN,2,5.0,0.7714532731343615,0.3931160357351344,0.5000000000000138,0.5,take_profit,3.2138265600407085,4.024857350946707,-3.9321605414785354,-3.3586898194380743,DOWN,SELL,0.46313583045639906,False,68081.35126982722,-0.005255893207975691,NONE,0.0,67579.919375,0.5
2026-03-07 11:10:00+00:00,2026-03-07 11:10:00+00:00,2026-03-07 11:15:00+00:00,2026-03-07 11:55:00+00:00,LONG,LONG,4.25,"['delta_strong_positive', 'cvd_strong_positive', 'aggressive_buyers', 'above_vwap']",68160.0,67989.6,-48.87424549866521,LOSS,9,40.0,0.3262910798122407,1.1085680751173368,-0.9999999999999658,0.5,stop_loss,3.2192797535814353,3.9852014030719873,3.8249121054884054,2.323047777311183,UP,BUY,2.55949037313139,False,67963.3404468714,0.004267267846566353,NONE,0.0,68245.2,0.5
2026-03-07 14:35:00+00:00,2026-03-07 14:35:00+00:00,2026-03-07 14:40:00+00:00,2026-03-07 15:20:00+00:00,LONG,LONG,4.25,"['delta_strong_positive', 'cvd_strong_positive', 'aggressive_buyers', 'above_vwap']",68026.9,67856.83275,-48.62987427117148,LOSS,9,40.0,0.11701253474733514,1.216577559759414,-0.9999999999999575,0.5,stop_loss,3.703183354813507,1.3928002620171485,3.31324500347961,2.291261712057073,UP,BUY,2.0534573045115794,False,67955.64541279188,0.0013537523862667102,NONE,0.0,68111.93362499999,0.5
2026-03-07 18:00:00+00:00,2026-03-07 18:00:00+00:00,2026-03-07 18:05:00+00:00,2026-03-07 18:30:00+00:00,SHORT,SHORT,-4.25,"['delta_strong_negative', 'cvd_strong_negative', 'aggressive_sellers', 'below_vwap']",67573.1,67488.633625,24.193362449909877,WIN,6,25.0,0.7742726025593195,0.5386758932178632,0.5000000000000212,0.5,take_profit,3.703183354813507,4.182796239994617,-4.114911881627147,-3.904530301204878,DOWN,SELL,0.47795746469254274,False,67932.65271245227,-0.003232000747768696,NONE,0.0,67488.633625,0.5
2026-03-07 19:15:00+00:00,2026-03-07 19:15:00+00:00,2026-03-07 19:20:00+00:00,2026-03-07 19:25:00+00:00,SHORT,SHORT,-4.25,"['delta_strong_negative', 'cvd_strong_negative', 'aggressive_sellers', 'below_vwap']",67327.8,67243.64025,24.2538458560354,WIN,2,5.0,1.2113866783112397,0.6962948440317199,0.5000000000000366,0.5,take_profit,3.703183354813507,2.447788176951764,-2.570146788853789,-2.019627043130521,DOWN,SELL,0.45333227576424917,False,67898.4195401014,-0.004751628463434659,NONE,0.0,67243.64025,0.5
2026-03-08 02:40:00+00:00,2026-03-08 02:40:00+00:00,2026-03-08 02:45:00+00:00,2026-03-08 02:45:00+00:00,LONG,LONG,4.25,"['delta_strong_positive', 'cvd_strong_positive', 'aggressive_buyers', 'above_vwap']",67368.1,67199.67975000001,-48.628960941346136,LOSS,1,1.0,0.0,1.986103215023134,-0.9999999999999736,0.5,stop_loss,3.704991929401083,3.3693182468177585,3.1165492161547923,2.3499795719850267,UP,BUY,2.145826476305216,False,67244.79672809748,0.0017251352700730735,NONE,0.0,67452.310125,0.5
2026-03-08 04:50:00+00:00,2026-03-08 04:50:00+00:00,2026-03-08 04:55:00+00:00,2026-03-08 05:00:00+00:00,SHORT,SHORT,-4.25,"['delta_strong_negative', 'cvd_strong_negative', 'aggressive_sellers', 'below_vwap']",66583.5,66749.95875,-48.385816136642205,LOSS,2,5.0,0.45356582336464735,1.0441025178910865,-1.0000000000000315,0.5,stop_loss,4.186466969754095,4.0076006810054015,-3.8419012169879725,-3.3235520391414988,DOWN,SELL,0.3928063499384994,False,67052.1372091937,-0.006421051830690787,NONE,0.0,66500.270625,0.5
2026-03-08 12:10:00+00:00,2026-03-08 12:10:00+00:00,2026-03-08 12:15:00+00:00,2026-03-08 12:15:00+00:00,SHORT,SHORT,-3.5,"['delta_strong_negative', 'cvd_strong_negative', 'below_vwap']",67018.9,66935.12637499999,24.07194352797921,WIN,1,1.0,1.0003148365609777,0.7162158734327183,0.5000000000000098,0.5,take_profit,4.186466969754095,2.970436337798506,-2.2624570988970576,-2.605366585817562,DOWN,SELL,0.7030842089666423,False,67328.01740673157,-0.009002357298725346,NONE,0.0,66935.12637499999,0.5
2026-03-08 19:15:00+00:00,2026-03-08 19:15:00+00:00,2026-03-08 19:20:00+00:00,2026-03-08 19:20:00+00:00,LONG,LONG,3.75,"['delta_strong_positive', 'cvd_strong_positive', 'aggressive_buyers']",67116.8,67200.696,24.132123386796778,WIN,1,1.0,0.7938399923714903,0.2818966339277374,0.4999999999999605,0.5,take_profit,4.186466969754095,2.7332857261162364,2.3374253185196623,2.4860749800512307,UP,BUY,1.7571916454212053,False,67235.09903435774,0.0019266687464714392,NONE,0.0,67200.696,0.5
2026-03-08 21:05:00+00:00,2026-03-08 21:05:00+00:00,2026-03-08 21:10:00+00:00,2026-03-08 21:10:00+00:00,SHORT,SHORT,-4.25,"['delta_strong_negative', 'cvd_strong_negative', 'aggressive_sellers', 'below_vwap']",66883.3,66799.695875,24.1924536952651,WIN,1,1.0,1.295988684768826,0.2745079862984881,0.499999999999988,0.5,take_profit,4.186466969754095,1.8063231598317424,-2.340461605399237,-2.01091725750567,DOWN,SELL,0.45945245039812765,False,67233.75745381243,-0.003199964857478362,NONE,0.0,66799.695875,0.5
2026-03-08 22:00:00+00:00,2026-03-08 22:00:00+00:00,2026-03-08 22:05:00+00:00,2026-03-08 22:05:00+00:00,SHORT,SHORT,-4.75,"['delta_strong_negative', 'cvd_strong_negative', 'aggressive_sellers', 'big_trade_sell', 'below_vwap']",65727.6,65891.91900000001,-48.5058696590086,LOSS,1,1.0,0.34566909487036135,2.629032552535008,-1.000000000000019,0.5,stop_loss,4.186466969754095,4.197035132717735,-4.194878326115281,-3.9857060765163546,DOWN,SELL,0.44039745769836547,True,67137.7686637411,-0.01509380211509705,NONE,0.0,65645.44050000001,0.5
2026-03-09 01:55:00+00:00,2026-03-09 01:55:00+00:00,2026-03-09 02:00:00+00:00,2026-03-09 02:05:00+00:00,SHORT,SHORT,-4.25,"['delta_strong_negative', 'cvd_strong_negative', 'aggressive_sellers', 'below_vwap']",66150.1,66067.412375,24.131670155358044,WIN,2,5.0,0.8253955776332914,0.6409665291511274,0.5000000000000359,0.5,take_profit,4.186466969754095,2.082705412119789,-2.155424275050804,-2.1296517833751607,DOWN,SELL,0.6117268317979077,False,66315.55935608203,0.00038706785495652463,NONE,0.0,66067.412375,0.5
2026-03-09 03:05:00+00:00,2026-03-09 03:05:00+00:00,2026-03-09 03:10:00+00:00,2026-03-09 03:10:00+00:00,LONG,LONG,4.25,"['delta_strong_positive', 'cvd_strong_positive', 'aggressive_buyers', 'above_vwap']",67075.0,67158.84375,24.19199933074471,WIN,1,1.0,2.1062989191203703,0.04174431606410734,0.5,0.5,take_profit,4.186466969754095,2.673679953021594,2.8788131076287216,2.7327240269207294,UP,BUY,1.7957352670066982,False,66394.59165991066,0.010704391981448125,NONE,0.0,67158.84375,0.5
2026-03-09 07:30:00+00:00,2026-03-09 07:30:00+00:00,2026-03-09 07:35:00+00:00,2026-03-09 07:35:00+00:00,LONG,LONG,4.25,"['delta_strong_positive', 'cvd_strong_positive', 'aggressive_buyers', 'above_vwap']",67263.0,67347.07875,24.252479329071747,WIN,1,1.0,0.9901431693501628,0.0005946805822269049,0.5000000000000034,0.5,take_profit,4.186466969754095,1.1105890100690903,2.3182211171939513,2.45249050781835,UP,BUY,2.0399243822298243,False,67084.7473363012,-0.0035245140646602336,NONE,0.0,67347.07875,0.5
2026-03-09 09:30:00+00:00,2026-03-09 09:30:00+00:00,2026-03-09 09:35:00+00:00,2026-03-09 09:35:00+00:00,LONG,LONG,4.25,"['delta_strong_positive', 'cvd_strong_positive', 'aggressive_buyers', 'above_vwap']",68135.4,68220.56925,24.313110527396056,WIN,1,1.0,1.2492771745671292,0.08747288487332094,0.500000000000037,0.5,take_profit,4.186466969754095,3.690936496457107,3.5959459417278663,2.766904145290688,UP,BUY,1.846504807455695,False,67191.20190374058,0.007350294144451732,NONE,0.0,68220.56925,0.5
2026-03-09 12:35:00+00:00,2026-03-09 12:35:00+00:00,2026-03-09 12:40:00+00:00,2026-03-09 12:40:00+00:00,LONG,LONG,4.25,"['delta_strong_positive', 'cvd_strong_positive', 'aggressive_buyers', 'above_vwap']",68245.3,68074.68675000001,-48.74778660742403,LOSS,1,1.0,0.3850814634853804,1.0567760710261536,-0.9999999999999698,0.5,stop_loss,4.186466969754095,3.8411671509488277,3.42728900761922,3.29652210647588,UP,BUY,1.5049103038499823,False,67340.8193967007,0.0051268986738726196,NONE,0.0,68330.606625,0.5
2026-03-09 13:25:00+00:00,2026-03-09 13:25:00+00:00,2026-03-09 13:30:00+00:00,2026-03-09 13:30:00+00:00,LONG,LONG,4.25,"['delta_strong_positive', 'cvd_strong_positive', 'aggressive_buyers', 'above_vwap']",68734.8,68820.7185,24.252023837194116,WIN,1,1.0,1.4851283483766422,0.29795678462727515,0.49999999999999856,0.5,take_profit,4.186466969754095,3.0243942895217493,2.9666177081757676,2.410637150378247,UP,BUY,1.5767003699626916,False,67424.11477756656,0.010185223209932436,NONE,0.0,68820.7185,0.5
2026-03-09 17:35:00+00:00,2026-03-09 17:35:00+00:00,2026-03-09 17:40:00+00:00,2026-03-09 17:40:00+00:00,SHORT,SHORT,-3.75,"['delta_strong_negative', 'cvd_strong_negative', 'aggressive_sellers']",68393.0,68307.50875,24.312653896788994,WIN,1,1.0,1.029345108417528,0.33336744988522216,0.5000000000000374,0.5,take_profit,4.186466969754095,2.9371105452712545,-2.6900936160951163,-2.119335645543964,DOWN,SELL,0.6214013295415146,False,67899.83362059433,-0.008301697475373458,NONE,0.0,68307.50875,0.5
2026-03-09 19:15:00+00:00,2026-03-09 19:15:00+00:00,2026-03-09 19:20:00+00:00,2026-03-09 19:20:00+00:00,LONG,LONG,4.25,"['delta_strong_positive', 'cvd_strong_positive', 'aggressive_buyers', 'above_vwap']",68811.5,68897.514375,24.373435531528813,WIN,1,1.0,1.0643569752149324,0.8440449634145286,0.4999999999999932,0.5,take_profit,4.186466969754095,1.843527289119871,2.915672826247413,2.3421063860983313,UP,BUY,2.120056353461433,False,67930.69974345181,0.0015983702126274118,NONE,0.0,68897.514375,0.5
2026-03-09 22:00:00+00:00,2026-03-09 22:00:00+00:00,2026-03-09 22:05:00+00:00,2026-03-09 22:10:00+00:00,SHORT,SHORT,-4.25,"['delta_strong_negative', 'cvd_strong_negative', 'aggressive_sellers', 'big_trade_sell']",68759.8,68673.85025,24.434369120357893,WIN,2,5.0,0.685284134043455,0.4729507648364475,0.49999999999999856,0.5,take_profit,4.186466969754095,0.9273719887559122,-2.655618116599055,-2.259720486510337,DOWN,SELL,0.5570007021547374,True,68038.33386918911,-0.0016585531427449577,NONE,0.0,68673.85025,0.5
2026-03-10 00:25:00+00:00,2026-03-10 00:25:00+00:00,2026-03-10 00:30:00+00:00,2026-03-10 00:30:00+00:00,LONG,LONG,3.5,"['delta_strong_positive', 'cvd_strong_positive', 'above_vwap']",68943.4,69029.57925,24.495455043159158,WIN,1,1.0,0.6138368574802108,0.5488560181249621,0.5000000000000061,0.5,take_profit,4.186466969754095,3.653625948845386,2.481335115771491,2.5399634807358358,UP,BUY,1.2598250483260751,False,68649.41047753922,0.0032602322399530154,NONE,0.0,69029.57925,0.5
2026-03-10 02:30:00+00:00,2026-03-10 02:30:00+00:00,2026-03-10 02:35:00+00:00,2026-03-10 02:35:00+00:00,LONG,LONG,4.25,"['delta_strong_positive', 'cvd_strong_positive', 'aggressive_buyers', 'above_vwap']",69971.9,70059.364875,24.556693680768195,WIN,1,1.0,1.2353530488667928,0.2846857095490525,0.5000000000000293,0.5,take_profit,4.186466969754095,4.137028205887404,3.8973582717243325,3.4530264692381327,UP,BUY,1.9696672344383326,False,69159.26433376635,0.01329864519965561,NONE,0.0,70059.364875,0.5
2026-03-10 07:05:00+00:00,2026-03-10 07:05:00+00:00,2026-03-10 07:10:00+00:00,2026-03-10 07:10:00+00:00,LONG,LONG,4.25,"['delta_strong_positive', 'cvd_strong_positive', 'aggressive_buyers', 'above_vwap']",70108.3,70195.935375,24.618085414968117,WIN,1,1.0,1.664282260445608,0.04735530600515436,0.4999999999999886,0.5,take_profit,4.186466969754095,3.459538176015389,3.7186295160234963,2.425822771765079,UP,BUY,1.8792754926546704,False,69711.12727254294,0.0036888128255325447,NONE,0.0,70195.935375,0.5
2026-03-10 08:05:00+00:00,2026-03-10 08:05:00+00:00,2026-03-10 08:10:00+00:00,2026-03-10 08:15:00+00:00,LONG,LONG,4.25,"['delta_strong_positive', 'cvd_strong_positive', 'aggressive_buyers', 'above_vwap']",70892.6,70715.36850000001,-49.35926125701064,LOSS,2,5.0,0.22795044898900127,1.086714269190329,-0.9999999999999684,0.5,stop_loss,4.186466969754095,3.6841193267382106,3.8350398362874074,2.4594259729631447,UP,BUY,2.1380201222731046,False,69822.08630850719,0.010560910724984897,NONE,0.0,70981.21575,0.5
2026-03-10 13:35:00+00:00,2026-03-10 13:35:00+00:00,2026-03-10 13:40:00+00:00,2026-03-10 13:40:00+00:00,SHORT,SHORT,-3.5,"['delta_strong_negative', 'cvd_strong_negative', 'below_vwap']",69737.6,69911.944,-49.112464950726384,LOSS,1,1.0,0.3303813151012126,1.7276189602165664,-0.9999999999999846,0.5,stop_loss,4.186466969754095,3.853167714336747,-3.2243250023641994,-2.596726421060871,DOWN,SELL,0.7133376708258885,False,70136.56317513644,-0.010893653171898918,NONE,0.0,69650.428,0.5
2026-03-10 14:55:00+00:00,2026-03-10 14:55:00+00:00,2026-03-10 15:00:00+00:00,2026-03-10 15:00:00+00:00,LONG,LONG,4.25,"['delta_strong_positive', 'cvd_strong_positive', 'aggressive_buyers', 'above_vwap']",71435.6,71524.89450000001,24.433451312987746,WIN,1,1.0,1.7492678720413584,0.5980211547183919,0.5000000000000201,0.5,take_profit,4.186466969754095,1.935105545767012,2.3636186507875143,2.5311474607713684,UP,BUY,1.5255318743783834,False,70146.14717073356,0.01666370657138349,NONE,0.0,71524.89450000001,0.5
2026-03-10 21:35:00+00:00,2026-03-10 21:35:00+00:00,2026-03-10 21:40:00+00:00,2026-03-10 21:40:00+00:00,SHORT,SHORT,-4.25,"['delta_strong_negative', 'cvd_strong_negative', 'aggressive_sellers', 'below_vwap']",69743.7,69656.520375,24.494534941270434,WIN,1,1.0,1.3804831117362404,0.3148671492909538,0.5000000000000246,0.5,take_profit,4.186466969754095,3.6600831187190597,-3.5184438642276934,-2.9664346288995898,DOWN,SELL,0.4770458435240825,False,70320.95153689709,-0.00630040981329501,NONE,0.0,69656.520375,0.5
2026-03-10 23:45:00+00:00,2026-03-10 23:45:00+00:00,2026-03-10 23:50:00+00:00,2026-03-11 00:05:00+00:00,LONG,LONG,3.75,"['delta_strong_positive', 'cvd_strong_positive', 'aggressive_buyers']",69844.9,69932.206125,24.555771278623187,WIN,4,15.0,0.7278985294560137,0.7851682800032144,0.500000000000016,0.5,take_profit,4.186466969754095,0.8562808496303087,2.099264212159355,2.563621261419089,UP,BUY,2.6007691226901604,False,70286.35980475308,0.00016745350612130442,NONE,0.0,69932.206125,0.5
2026-03-11 02:35:00+00:00,2026-03-11 02:35:00+00:00,2026-03-11 02:40:00+00:00,2026-03-11 03:00:00+00:00,SHORT,SHORT,-4.25,"['delta_strong_negative', 'cvd_strong_negative', 'aggressive_sellers', 'below_vwap']",69667.0,69841.1675,-49.23432141363677,LOSS,5,20.0,0.4386581882383004,1.125353467208291,-0.9999999999999768,0.5,stop_loss,4.186466969754095,3.692628701966072,-3.404714525613266,-2.595134123520731,DOWN,SELL,0.4934989031812892,False,69921.16308293292,-0.0029579314231001296,NONE,0.0,69579.91625,0.5
2026-03-11 04:25:00+00:00,2026-03-11 04:25:00+00:00,2026-03-11 04:30:00+00:00,2026-03-11 04:45:00+00:00,LONG,LONG,4.25,"['delta_strong_positive', 'cvd_strong_positive', 'aggressive_buyers', 'above_vwap']",69942.5,70029.928125,24.494074903286496,WIN,4,15.0,0.5799049219000989,0.380312399470994,0.5000000000000333,0.5,take_profit,4.186466969754095,3.2938127822409813,2.7166593421993324,2.490036552983799,UP,BUY,1.6573799130840716,False,69814.25716408252,0.0021623237806276023,NONE,0.0,70029.928125,0.5
2026-03-11 05:40:00+00:00,2026-03-11 05:40:00+00:00,2026-03-11 05:45:00+00:00,2026-03-11 06:10:00+00:00,SHORT,SHORT,-4.25,"['delta_strong_negative', 'cvd_strong_negative', 'aggressive_sellers', 'below_vwap']",69494.9,69668.63725,-49.11062018108775,LOSS,6,25.0,0.281459502783624,1.1183554476659607,-1.0000000000000322,0.5,stop_loss,4.186466969754095,3.2220459415767495,-2.84979696012215,-2.113569673808204,DOWN,SELL,0.5887242900481865,False,69829.86653617118,-0.004075316852194756,NONE,0.0,69408.03137499999,0.5
2026-03-11 09:35:00+00:00,2026-03-11 09:35:00+00:00,2026-03-11 09:40:00+00:00,2026-03-11 09:45:00+00:00,SHORT,SHORT,-4.25,"['delta_strong_negative', 'cvd_strong_negative', 'aggressive_sellers', 'below_vwap']",69488.2,69661.9205,-48.86506708017956,LOSS,2,5.0,0.0949801549039981,1.3861346242959405,-0.9999999999999759,0.5,stop_loss,4.186466969754095,3.5743187188236973,-2.690558617881958,-2.7898680357420744,DOWN,SELL,0.5782434638695682,False,69748.44779923692,-0.0017465069581076166,NONE,0.0,69401.33975,0.5
2026-03-11 11:55:00+00:00,2026-03-11 11:55:00+00:00,2026-03-11 12:00:00+00:00,2026-03-11 12:00:00+00:00,SHORT,SHORT,-4.25,"['delta_strong_negative', 'cvd_strong_negative', 'aggressive_sellers', 'below_vwap']",69143.9,69057.47012499999,24.310370872390376,WIN,1,1.0,0.5779251676575616,0.586024219056217,0.5000000000000094,0.5,take_profit,4.186466969754095,3.2505314962663365,-3.4487433935481224,-3.2472493603224133,DOWN,SELL,0.44999591796322,False,69691.24326522839,-0.004939454237287866,NONE,0.0,69057.47012499999,0.5
2026-03-11 12:30:00+00:00,2026-03-11 12:30:00+00:00,2026-03-11 12:35:00+00:00,2026-03-11 12:35:00+00:00,LONG,LONG,3.0,"['delta_strong_positive', 'cvd_strong_positive']",69248.2,69334.76024999999,24.371146799569487,WIN,1,1.0,0.5574152107924827,0.2668661423690267,0.49999999999997113,0.5,take_profit,4.186466969754095,3.442866042513604,2.630810752720436,2.6476631313303427,UP,BUY,1.4110084482495482,False,69625.5892270786,-0.0020000340689436454,NONE,0.0,69334.76024999999,0.5
2026-03-11 17:00:00+00:00,2026-03-11 17:00:00+00:00,2026-03-11 17:05:00+00:00,2026-03-11 17:10:00+00:00,LONG,LONG,4.25,"['delta_strong_positive', 'cvd_strong_positive', 'aggressive_buyers', 'above_vwap']",70859.1,70947.67387500001,24.432074666570323,WIN,2,5.0,0.710706176059217,0.5475655208717016,0.5000000000000104,0.5,take_profit,4.186466969754095,1.6934848442375006,3.6281880216860896,2.3468983772368244,UP,BUY,3.6463055783023033,False,69986.8524548622,0.007238396085711749,NONE,0.0,70947.67387500001,0.5
2026-03-11 20:50:00+00:00,2026-03-11 20:50:00+00:00,2026-03-11 20:55:00+00:00,2026-03-11 20:55:00+00:00,LONG,LONG,4.25,"['delta_strong_positive', 'cvd_strong_positive', 'aggressive_buyers', 'above_vwap']",70558.6,70646.79825,24.493154853236593,WIN,1,1.0,0.7607860700183794,0.33504066123764253,0.5000000000000072,0.5,take_profit,4.186466969754095,3.2664339137103897,3.5152433753841787,2.0996708507728843,UP,BUY,3.020389446194661,False,70103.27254371837,-0.002535199547889309,NONE,0.0,70646.79825,0.5
2026-03-12 01:00:00+00:00,2026-03-12 01:00:00+00:00,2026-03-12 01:05:00+00:00,2026-03-12 01:05:00+00:00,SHORT,SHORT,-4.25,"['delta_strong_negative', 'cvd_strong_negative', 'aggressive_sellers', 'below_vwap']",69920.9,69833.49887499999,24.55438774037045,WIN,1,1.0,0.5560569157433448,0.2808888329526984,0.5000000000000228,0.5,take_profit,4.186466969754095,3.8596856166093008,-3.888193428179395,-3.572600563777888,DOWN,SELL,0.4539434178038737,False,70123.8979206393,-0.005711508170314431,NONE,0.0,69833.49887499999,0.5
2026-03-12 03:30:00+00:00,2026-03-12 03:30:00+00:00,2026-03-12 03:35:00+00:00,2026-03-12 03:45:00+00:00,LONG,LONG,3.75,"['delta_strong_positive', 'cvd_strong_positive', 'aggressive_buyers']",69545.2,69371.337,-49.23154741943983,LOSS,3,10.0,0.2864324209291391,1.8048693511558118,-0.9999999999999859,0.5,stop_loss,4.186466969754095,1.3569238363382727,2.4464818178901546,2.2492019515430384,UP,BUY,2.2445970356843,False,69690.69748292255,-0.0027344317248794558,NONE,0.0,69632.1315,0.5
2026-03-12 07:20:00+00:00,2026-03-12 07:20:00+00:00,2026-03-12 07:25:00+00:00,2026-03-12 07:30:00+00:00,LONG,LONG,3.75,"['delta_strong_positive', 'cvd_strong_positive', 'aggressive_buyers']",69544.5,69631.430625,24.492694841169854,WIN,2,5.0,1.12043367915509,0.15299556399143466,0.49999999999996314,0.5,take_profit,4.186466969754095,2.6136298698567586,3.3363302765208687,2.887251720099392,UP,BUY,2.6872619469596883,False,69578.86297349351,0.0018384950914903599,NONE,0.0,69631.430625,0.5
2026-03-12 23:00:00+00:00,2026-03-12 23:00:00+00:00,2026-03-12 23:05:00+00:00,2026-03-12 23:15:00+00:00,LONG,LONG,4.25,"['delta_strong_positive', 'cvd_strong_positive', 'aggressive_buyers', 'above_vwap']",70373.9,70461.86737499999,24.553926578272605,WIN,3,10.0,1.5602375312438277,0.3802546114397195,0.49999999999995964,0.5,take_profit,4.186466969754095,3.7315989247609593,2.9257888005081054,2.4738757900027593,UP,BUY,1.5942536380487866,False,69981.96738888469,0.0022227936702893867,NONE,0.0,70461.86737499999,0.5
2026-03-13 00:10:00+00:00,2026-03-13 00:10:00+00:00,2026-03-13 00:15:00+00:00,2026-03-13 00:15:00+00:00,LONG,LONG,4.75,"['delta_strong_positive', 'cvd_strong_positive', 'aggressive_buyers', 'big_trade_buy', 'above_vwap']",71085.0,71173.85625,24.615311394719456,WIN,1,1.0,3.1629739044805842,0.11197861714845145,0.49999999999998357,0.5,take_profit,4.186466969754095,3.922188691434255,3.9388213552303815,2.886261448688556,UP,BUY,2.3533118371137154,True,70817.15561575495,0.008551428081754346,NONE,0.0,71173.85625,0.5
2026-03-13 03:50:00+00:00,2026-03-13 03:50:00+00:00,2026-03-13 03:55:00+00:00,2026-03-13 04:20:00+00:00,LONG,LONG,4.25,"['delta_strong_positive', 'cvd_strong_positive', 'aggressive_buyers', 'above_vwap']",71436.3,71257.70925,-49.35369934641496,LOSS,6,25.0,0.2760501313758014,1.3231368365942966,-1.0000000000000169,0.5,stop_loss,4.186466969754095,2.525991982832994,3.4365506298706343,2.822718422778383,UP,BUY,2.5792404768619868,False,71348.38105640835,0.0012921078185079633,NONE,0.0,71525.595375,0.5
2026-03-13 06:25:00+00:00,2026-03-13 06:25:00+00:00,2026-03-13 06:30:00+00:00,2026-03-13 07:00:00+00:00,SHORT,SHORT,-4.25,"['delta_strong_negative', 'cvd_strong_negative', 'aggressive_sellers', 'below_vwap']",71209.5,71387.52375,-49.10693084968013,LOSS,7,30.0,0.33422506828442833,1.4851950933512756,-0.9999999999999608,0.5,stop_loss,4.186466969754095,2.8486155118083825,-3.2897220999553594,-2.1060798146118604,DOWN,SELL,0.38295515765204746,False,71357.56331789933,-0.0013223530105618512,NONE,0.0,71120.488125,0.5
2026-03-13 08:35:00+00:00,2026-03-13 08:35:00+00:00,2026-03-13 08:40:00+00:00,2026-03-13 08:45:00+00:00,LONG,LONG,4.25,"['delta_strong_positive', 'cvd_strong_positive', 'aggressive_buyers', 'above_vwap']",71996.7,71816.70825,-48.86139619543394,LOSS,2,5.0,0.2794572529018853,1.7834150731908547,-1.0000000000000058,0.5,stop_loss,4.186466969754095,4.077559350462526,3.69095469761468,2.2602937818453412,UP,BUY,2.1639637401210465,False,71412.21657770836,0.006548100545731769,NONE,0.0,72086.69587499999,0.5
2026-03-13 12:45:00+00:00,2026-03-13 12:45:00+00:00,2026-03-13 12:50:00+00:00,2026-03-13 12:55:00+00:00,LONG,LONG,4.25,"['delta_strong_positive', 'cvd_strong_positive', 'aggressive_buyers', 'above_vwap']",72705.0,72795.88125,24.3085446072298,WIN,2,5.0,0.7086170139605413,0.5446668042087889,0.500000000000032,0.5,take_profit,4.186466969754095,3.4843082181821554,3.26740337221221,2.4544253766018787,UP,BUY,1.5036806939628728,False,71694.99912046088,0.006398115570436316,NONE,0.0,72795.88125,0.5
2026-03-13 14:40:00+00:00,2026-03-13 14:40:00+00:00,2026-03-13 14:45:00+00:00,2026-03-13 14:45:00+00:00,SHORT,SHORT,-3.75,"['delta_strong_negative', 'cvd_strong_negative', 'aggressive_sellers']",72899.8,72808.67525,24.369315968747028,WIN,1,1.0,1.2164642427002383,0.29135882402964763,0.5000000000000147,0.5,take_profit,4.186466969754095,2.590569945986453,-2.627421079425166,-2.0560823131565154,DOWN,SELL,0.6628886352038428,False,72137.25206154646,-0.0016020281054450719,NONE,0.0,72808.67525,0.5
2026-03-13 22:00:00+00:00,2026-03-13 22:00:00+00:00,2026-03-13 22:05:00+00:00,2026-03-13 22:15:00+00:00,SHORT,SHORT,-4.25,"['delta_strong_negative', 'cvd_strong_negative', 'aggressive_sellers', 'below_vwap']",70763.5,70675.045625,24.430239258668504,WIN,3,10.0,1.1050894882248616,0.7037526408388506,0.5000000000000067,0.5,take_profit,4.186466969754095,4.110668467658321,-3.941263262490315,-3.7366872734315306,DOWN,SELL,0.5019422195481772,False,71963.53139280387,-0.004895778680504529,NONE,0.0,70675.045625,0.5
2026-03-14 06:25:00+00:00,2026-03-14 06:25:00+00:00,2026-03-14 06:30:00+00:00,2026-03-14 06:35:00+00:00,SHORT,SHORT,-4.25,"['delta_strong_negative', 'cvd_strong_negative', 'aggressive_sellers', 'below_vwap']",70669.8,70581.46275,24.49131485681398,WIN,2,5.0,1.0969324945026186,0.22300897979048576,0.4999999999999822,0.5,take_profit,4.186466969754095,2.689551035981999,-2.8078924710966744,-2.4789144731287363,DOWN,SELL,0.348425750461239,False,70858.01703900658,-0.0043385948186939645,NONE,0.0,70581.46275,0.5
2026-03-14 09:45:00+00:00,2026-03-14 09:45:00+00:00,2026-03-14 09:50:00+00:00,2026-03-14 11:00:00+00:00,SHORT,SHORT,-4.25,"['delta_strong_negative', 'cvd_strong_negative', 'aggressive_sellers', 'below_vwap']",70414.5,70590.53625,-49.105086287915064,LOSS,15,70.0,0.36640180644611553,1.2150906418422012,-1.0000000000000264,0.5,stop_loss,4.186466969754095,2.903338224658645,-2.1516017886905847,-2.526936651597796,DOWN,SELL,0.5532869827724325,False,70742.3448039713,-0.002490377399643474,NONE,0.0,70326.481875,0.5
2026-03-14 20:40:00+00:00,2026-03-14 20:40:00+00:00,2026-03-14 20:45:00+00:00,2026-03-14 21:10:00+00:00,LONG,LONG,4.25,"['delta_strong_positive', 'cvd_strong_positive', 'aggressive_buyers', 'above_vwap']",70806.9,70629.88274999999,-48.859560856475426,LOSS,6,25.0,0.08699717117969424,1.1015875571448546,-1.000000000000025,0.5,stop_loss,4.186466969754095,3.3748374759282918,3.321397188293202,2.8696887591060865,UP,BUY,1.98210707465994,False,70704.39169198132,0.002306327470070737,NONE,0.0,70895.408625,0.5
2026-03-14 23:05:00+00:00,2026-03-14 23:05:00+00:00,2026-03-14 23:10:00+00:00,2026-03-14 23:30:00+00:00,LONG,LONG,4.25,"['delta_strong_positive', 'cvd_strong_positive', 'aggressive_buyers', 'above_vwap']",70973.1,71061.81637500001,24.307631526096895,WIN,5,20.0,0.6960383581948653,0.6075541296632267,0.5000000000000202,0.5,take_profit,4.186466969754095,4.062528448638106,3.8987796578234017,3.6671810751585388,UP,BUY,1.7629392467804088,False,70710.87063428487,0.00284991319579144,NONE,0.0,71061.81637500001,0.5
2026-03-15 02:00:00+00:00,2026-03-15 02:00:00+00:00,2026-03-15 02:05:00+00:00,2026-03-15 02:05:00+00:00,LONG,LONG,4.25,"['delta_strong_positive', 'cvd_strong_positive', 'aggressive_buyers', 'above_vwap']",71159.8,71248.74975,24.368400604911088,WIN,1,1.0,0.776843105236367,0.23046720198763906,0.4999999999999986,0.5,take_profit,4.186466969754095,4.132109657434574,3.9256016088101258,3.728841604758375,UP,BUY,1.9557330299145916,False,71030.38718146842,0.0021700147069911757,NONE,0.0,71248.74975,0.5
2026-03-15 02:45:00+00:00,2026-03-15 02:45:00+00:00,2026-03-15 02:50:00+00:00,2026-03-15 02:50:00+00:00,LONG,LONG,4.25,"['delta_strong_positive', 'cvd_strong_positive', 'aggressive_buyers', 'above_vwap']",71576.2,71397.2595,-48.85864321284604,LOSS,1,1.0,0.08215021194194211,1.2361650939837383,-0.9999999999999832,0.5,stop_loss,4.186466969754095,3.195873978559621,3.1563766481006232,2.0541675109525084,UP,BUY,2.0663049222656817,False,71168.20883012355,0.0065128811772776655,NONE,0.0,71665.67025,0.5
2026-03-15 09:00:00+00:00,2026-03-15 09:00:00+00:00,2026-03-15 09:05:00+00:00,2026-03-15 11:25:00+00:00,LONG,LONG,4.25,"['delta_strong_positive', 'cvd_strong_positive', 'aggressive_buyers', 'above_vwap']",71815.6,71636.061,-48.614349996783794,LOSS,29,140.0,0.4583962258895747,1.131787522488215,-1.0000000000000238,0.5,stop_loss,4.186466969754095,3.9961138031665637,3.662526120378421,3.422225450429548,UP,BUY,1.8793403472126846,False,71403.99265051528,0.003631421271489898,NONE,0.0,71905.3695,0.5
2026-03-15 11:40:00+00:00,2026-03-15 11:40:00+00:00,2026-03-15 11:45:00+00:00,2026-03-15 11:50:00+00:00,LONG,LONG,4.25,"['delta_strong_positive', 'cvd_strong_positive', 'aggressive_buyers', 'above_vwap']",71717.0,71806.64625,24.185639123400772,WIN,2,5.0,0.741804593053251,0.11824253663704333,0.5000000000000292,0.5,take_profit,4.186466969754095,1.8706564205869702,2.82854432232904,2.1346559049435063,UP,BUY,3.432118886738424,False,71469.94488499517,0.00011654902053706899,NONE,0.0,71806.64625,0.5
2026-03-15 13:05:00+00:00,2026-03-15 13:05:00+00:00,2026-03-15 13:10:00+00:00,2026-03-15 13:10:00+00:00,SHORT,SHORT,-4.25,"['delta_strong_negative', 'cvd_strong_negative', 'aggressive_sellers', 'below_vwap']",71382.8,71293.5715,24.24610322120716,WIN,1,1.0,0.9117042200642007,0.21069501336451507,0.49999999999998557,0.5,take_profit,4.186466969754095,3.7713629977000034,-3.5255326465398102,-2.2259658843163925,DOWN,SELL,0.4347908055681355,False,71483.87467044701,-0.004349600952215547,NONE,0.0,71293.5715,0.5
2026-03-15 17:50:00+00:00,2026-03-15 17:50:00+00:00,2026-03-15 17:55:00+00:00,2026-03-15 17:55:00+00:00,LONG,LONG,4.25,"['delta_strong_positive', 'cvd_strong_positive', 'aggressive_buyers', 'above_vwap']",71934.2,71754.3645,-48.61343695852204,LOSS,1,1.0,0.07173222194732815,1.0181527006625015,-1.0000000000000058,0.5,stop_loss,4.186466969754095,3.9034564062385124,4.130227626902223,3.9526647613030077,UP,BUY,3.1787085857014383,False,71480.38553074452,0.005728760481834815,NONE,0.0,72024.11774999999,0.5
2026-03-15 20:40:00+00:00,2026-03-15 20:40:00+00:00,2026-03-15 20:45:00+00:00,2026-03-15 21:00:00+00:00,LONG,LONG,4.25,"['delta_strong_positive', 'cvd_strong_positive', 'aggressive_buyers', 'above_vwap']",71810.0,71630.475,-48.370369773727575,LOSS,4,15.0,0.22281019356635565,1.0293830942765794,-0.9999999999999676,0.5,stop_loss,4.217053838410836,2.397847986125224,2.4004094222060655,2.0250611257623627,UP,BUY,1.656400659731033,False,71493.20079327413,0.0029123075147170275,NONE,0.0,71899.7625,0.5
2026-03-15 21:35:00+00:00,2026-03-15 21:35:00+00:00,2026-03-15 21:40:00+00:00,2026-03-15 21:45:00+00:00,LONG,LONG,4.25,"['delta_strong_positive', 'cvd_strong_positive', 'aggressive_buyers', 'above_vwap']",72050.1,72140.16262500001,24.064258962431836,WIN,2,5.0,0.814988459419145,0.4058287219587804,0.5000000000000329,0.5,take_profit,4.217053838410836,3.686562216542023,3.555360950996796,3.2753076842211013,UP,BUY,2.2072188007476177,False,71516.7457184173,0.004946469494940916,NONE,0.0,72140.16262500001,0.5
2026-03-15 22:50:00+00:00,2026-03-15 22:50:00+00:00,2026-03-15 22:55:00+00:00,2026-03-15 22:55:00+00:00,LONG,LONG,4.25,"['delta_strong_positive', 'cvd_strong_positive', 'aggressive_buyers', 'above_vwap']",72658.2,72749.02275,24.124419609838096,WIN,1,1.0,0.8720282087913476,0.1640558120074701,0.5000000000000365,0.5,take_profit,4.217053838410836,3.5992323371654718,3.7305576058580514,3.1357552471504255,UP,BUY,2.1750547359634163,False,71649.70377018691,0.007897149058216308,NONE,0.0,72749.02275,0.5
2026-03-16 03:20:00+00:00,2026-03-16 03:20:00+00:00,2026-03-16 03:25:00+00:00,2026-03-16 03:30:00+00:00,LONG,LONG,4.25,"['delta_strong_positive', 'cvd_strong_positive', 'aggressive_buyers', 'above_vwap']",72808.6,72899.61075,24.184730658861262,WIN,2,5.0,5.243336638803625,0.5960834297047326,0.5000000000000069,0.5,take_profit,4.217053838410836,3.275311552357701,3.3942565950963086,2.485923993482755,UP,BUY,2.5980062322477457,False,72593.55414988217,0.0030247189339962337,NONE,0.0,72899.61075,0.5
2026-03-16 08:40:00+00:00,2026-03-16 08:40:00+00:00,2026-03-16 08:45:00+00:00,2026-03-16 08:45:00+00:00,SHORT,SHORT,-4.25,"['delta_strong_negative', 'cvd_strong_negative', 'aggressive_sellers', 'below_vwap']",72871.5,73053.67875,-48.49038497101786,LOSS,1,1.0,0.09496167912011093,1.3964307033613643,-1.000000000000035,0.5,stop_loss,4.217053838410836,3.5770293150294292,-3.253173189097184,-2.428194110945924,DOWN,SELL,0.5779401291638845,False,73563.36105431049,-0.012155098056912958,NONE,0.0,72780.410625,0.5
2026-03-16 10:55:00+00:00,2026-03-16 10:55:00+00:00,2026-03-16 11:00:00+00:00,2026-03-16 11:00:00+00:00,LONG,LONG,4.25,"['delta_strong_positive', 'cvd_strong_positive', 'aggressive_buyers', 'above_vwap']",73745.5,73837.681875,24.123966523079165,WIN,1,1.0,0.6026130407957411,0.4859957556732591,0.4999999999999716,0.5,take_profit,4.217053838410836,2.851307491264269,3.3092593643667887,3.3831916281574155,UP,BUY,1.9628099112393191,False,73525.88141587313,0.005455582003173682,NONE,0.0,73837.681875,0.5
2026-03-16 14:30:00+00:00,2026-03-16 14:30:00+00:00,2026-03-16 14:35:00+00:00,2026-03-16 14:35:00+00:00,SHORT,SHORT,-4.25,"['delta_strong_negative', 'cvd_strong_negative', 'aggressive_sellers', 'below_vwap']",73405.6,73313.84300000001,24.184276439387645,WIN,1,1.0,1.715945377464437,0.5372887082183989,0.4999999999999879,0.5,take_profit,4.217053838410836,3.2353325581991603,-2.8978961352295753,-3.09541544901405,DOWN,SELL,0.5728517816061136,False,73614.38445413079,-0.0057492985389536455,NONE,0.0,73313.84300000001,0.5
2026-03-16 21:00:00+00:00,2026-03-16 21:00:00+00:00,2026-03-16 21:05:00+00:00,2026-03-16 21:05:00+00:00,LONG,LONG,4.25,"['delta_strong_positive', 'cvd_strong_positive', 'aggressive_buyers', 'above_vwap']",74417.2,74231.15699999999,-48.48947426097473,LOSS,1,1.0,0.08170154211659181,1.735620259832373,-1.0000000000000273,0.5,stop_loss,4.217053838410836,3.1227365446367736,3.383832959475099,2.6327377064479824,UP,BUY,1.9988730788030196,False,73638.38502453089,0.005188232912856501,NONE,0.0,74510.2215,0.5
2026-03-17 00:05:00+00:00,2026-03-17 00:05:00+00:00,2026-03-17 00:10:00+00:00,2026-03-17 00:10:00+00:00,LONG,LONG,4.25,"['delta_strong_positive', 'cvd_strong_positive', 'aggressive_buyers', 'above_vwap']",74989.3,75083.03662500001,24.123513444835552,WIN,1,1.0,2.4142110941160473,0.0005334094331101678,0.5000000000000266,0.5,take_profit,4.217053838410836,3.7968468585244852,4.075156098331277,3.2920547254740056,UP,BUY,2.619194956983629,False,74879.12542439223,0.005779651894176409,NONE,0.0,75083.03662500001,0.5
2026-03-17 03:30:00+00:00,2026-03-17 03:30:00+00:00,2026-03-17 03:35:00+00:00,2026-03-17 03:40:00+00:00,SHORT,SHORT,-4.25,"['delta_strong_negative', 'cvd_strong_negative', 'aggressive_sellers', 'below_vwap']",74556.9,74463.70387499999,24.18382222844693,WIN,2,5.0,1.4195869195204804,0.3755520951112506,0.5000000000000119,0.5,take_profit,4.217053838410836,2.1080824920240193,-2.5798097572421543,-2.1042984703444154,DOWN,SELL,0.5164771443808175,False,75269.28103401943,-0.009147923655333385,NONE,0.0,74463.70387499999,0.5
2026-03-17 05:35:00+00:00,2026-03-17 05:35:00+00:00,2026-03-17 05:40:00+00:00,2026-03-17 05:40:00+00:00,SHORT,SHORT,-4.25,"['delta_strong_negative', 'cvd_strong_negative', 'aggressive_sellers', 'below_vwap']",74091.8,73999.18525000001,24.24428178401574,WIN,1,1.0,1.450092992746867,0.24456147643870393,0.4999999999999642,0.5,take_profit,4.217053838410836,0.37634208598981733,-2.822596269877821,-2.2302759230836187,DOWN,SELL,0.487342435226966,False,74935.35369135959,-0.007586954463593141,NONE,0.0,73999.18525000001,0.5
2026-03-17 09:25:00+00:00,2026-03-17 09:25:00+00:00,2026-03-17 09:30:00+00:00,2026-03-17 09:45:00+00:00,LONG,LONG,3.0,"['delta_strong_positive', 'cvd_strong_positive']",74264.8,74079.138,-48.609784976954145,LOSS,4,15.0,0.1395008133058686,1.027673945126105,-0.9999999999999817,0.5,stop_loss,4.217053838410836,3.625485397783668,2.4085321668037984,2.456174812205138,UP,BUY,1.3719431029715323,False,74742.89257945598,0.0019126341610958973,NONE,0.0,74357.63100000001,0.5
2026-03-17 10:05:00+00:00,2026-03-17 10:05:00+00:00,2026-03-17 10:10:00+00:00,2026-03-17 10:25:00+00:00,SHORT,SHORT,-4.25,"['delta_strong_negative', 'cvd_strong_negative', 'aggressive_sellers', 'below_vwap']",73623.1,73807.15775000001,-48.366736052072156,LOSS,4,15.0,0.4514887311183898,1.030111473165304,-1.000000000000039,0.5,stop_loss,4.224249329527579,3.679257253534507,-3.6137892717725784,-3.1977817796176824,DOWN,SELL,0.571257168111656,False,74692.52122379982,-0.0064143509170465525,NONE,0.0,73531.071125,0.5
2026-03-17 13:30:00+00:00,2026-03-17 13:30:00+00:00,2026-03-17 13:35:00+00:00,2026-03-17 13:35:00+00:00,LONG,LONG,3.75,"['delta_strong_positive', 'cvd_strong_positive', 'aggressive_buyers']",73870.8,73963.1385,24.062451185904436,WIN,1,1.0,0.7504995207848907,0.5631453835615696,0.4999999999999893,0.5,take_profit,4.224249329527579,3.956691795250082,3.01254022919729,2.003444027298779,UP,BUY,1.5235488209101193,False,74508.25557248452,0.000531118170179068,NONE,0.0,73963.1385,0.5
2026-03-17 17:20:00+00:00,2026-03-17 17:20:00+00:00,2026-03-17 17:25:00+00:00,2026-03-17 17:40:00+00:00,LONG,LONG,4.25,"['delta_strong_positive', 'cvd_strong_positive', 'aggressive_buyers', 'big_trade_buy']",74316.0,74408.895,24.12260731387077,WIN,4,15.0,0.7201679315356204,0.8638785725819474,0.500000000000022,0.5,take_profit,4.224249329527579,3.7601707956536745,3.9497464147433385,3.63160697353398,UP,BUY,5.404784743722721,True,74383.29002333805,0.004016344031920178,NONE,0.0,74408.895,0.5
2026-03-17 22:35:00+00:00,2026-03-17 22:35:00+00:00,2026-03-17 22:40:00+00:00,2026-03-17 22:40:00+00:00,SHORT,SHORT,-3.5,"['delta_strong_negative', 'cvd_strong_negative', 'below_vwap']",73931.2,74116.02799999999,-48.365827664307226,LOSS,1,1.0,0.20397342394007992,1.2341203713723343,-0.9999999999999678,0.5,stop_loss,4.226048117844835,3.669120007871372,-2.495405568361916,-2.24694089360433,DOWN,SELL,0.7132739676549914,False,74397.69901388203,-0.007756172199662106,NONE,0.0,73838.786,0.5
2026-03-18 10:40:00+00:00,2026-03-18 10:40:00+00:00,2026-03-18 10:45:00+00:00,2026-03-18 11:05:00+00:00,SHORT,SHORT,-4.25,"['delta_strong_negative', 'cvd_strong_negative', 'aggressive_sellers', 'below_vwap']",73837.7,73745.402875,24.061999262992924,WIN,5,20.0,0.8515974901709945,0.37541797753723594,0.4999999999999855,0.5,take_profit,4.226048117844835,2.9132575374510368,-2.036223616395231,-2.2796667720340444,DOWN,SELL,0.5762110488525187,False,74034.4481543192,-0.0016710265025375957,NONE,0.0,73745.402875,0.5
2026-03-18 11:30:00+00:00,2026-03-18 11:30:00+00:00,2026-03-18 11:35:00+00:00,2026-03-18 11:35:00+00:00,SHORT,SHORT,-3.5,"['delta_strong_negative', 'cvd_strong_negative', 'below_vwap']",73153.1,73061.65862500001,24.122154261149753,WIN,1,1.0,2.297646989669674,0.058507431674103154,0.49999999999997197,0.5,take_profit,4.226048117844835,4.031247473899201,-2.932200346797738,-3.2374934461098652,DOWN,SELL,0.8581330033797483,False,73913.37528042436,-0.007879743944742338,NONE,0.0,73061.65862500001,0.5
2026-03-18 14:25:00+00:00,2026-03-18 14:25:00+00:00,2026-03-18 14:30:00+00:00,2026-03-18 14:30:00+00:00,SHORT,SHORT,-4.25,"['delta_strong_negative', 'cvd_strong_negative', 'aggressive_sellers', 'below_vwap']",71620.7,71531.17412499999,24.182459646805768,WIN,1,1.0,0.5707847033050338,0.8779584673146009,0.5000000000000371,0.5,take_profit,4.226048117844835,2.273261703981646,-3.46612414430432,-2.0209431882362647,DOWN,SELL,0.4540597565883871,False,73099.6539759854,-0.01364736354382209,NONE,0.0,71531.17412499999,0.5
2026-03-18 14:55:00+00:00,2026-03-18 14:55:00+00:00,2026-03-18 15:00:00+00:00,2026-03-18 15:00:00+00:00,SHORT,SHORT,-4.25,"['delta_strong_negative', 'cvd_strong_negative', 'aggressive_sellers', 'below_vwap']",71160.4,71338.30099999999,-48.485831591841446,LOSS,1,1.0,1.9066784335107567,1.0264135670963392,-0.9999999999999889,0.5,stop_loss,4.226048117844835,2.428389990732472,-2.956658590686011,-2.242982086779793,DOWN,SELL,0.39187022871744065,False,72922.32696383032,-0.016888479850191533,NONE,0.0,71071.44949999999,0.5
2026-03-18 17:35:00+00:00,2026-03-18 17:35:00+00:00,2026-03-18 17:40:00+00:00,2026-03-18 17:40:00+00:00,LONG,LONG,3.75,"['delta_strong_positive', 'cvd_strong_positive', 'aggressive_buyers']",71663.5,71484.34125,-48.2434024338834,LOSS,1,1.0,0.0,1.1375386354280934,-1.0000000000000129,0.5,stop_loss,4.468474407111786,2.0355462337564068,2.3425151675873455,2.032206248190298,UP,BUY,1.9465202509982886,False,72546.85213898358,0.002474478621168726,NONE,0.0,71753.079375,0.5
2026-03-18 18:00:00+00:00,2026-03-18 18:00:00+00:00,2026-03-18 18:05:00+00:00,2026-03-18 18:05:00+00:00,LONG,LONG,3.75,"['delta_strong_positive', 'cvd_strong_positive', 'aggressive_buyers']",71886.9,71976.75862499999,24.00109271085494,WIN,1,1.0,0.520818118461115,0.4835373343404386,0.49999999999996375,0.5,take_profit,4.468474407111786,3.6044360891255893,3.329608930349648,2.4087551839937973,UP,BUY,2.1375267171529364,False,72520.56360826541,0.006737746898230242,NONE,0.0,71976.75862499999,0.5
2026-03-18 18:50:00+00:00,2026-03-18 18:50:00+00:00,2026-03-18 18:55:00+00:00,2026-03-18 18:55:00+00:00,SHORT,SHORT,-4.25,"['delta_strong_negative', 'cvd_strong_negative', 'aggressive_sellers', 'below_vwap']",71049.1,70960.288625,24.061095442635104,WIN,1,1.0,0.8140849074795081,0.4999359597798612,0.5000000000000268,0.5,take_profit,4.468474407111786,1.9444252478044528,-2.255813735934837,-2.4559808765281828,DOWN,SELL,0.4982785867283718,False,72473.43935562343,-0.004123895041361011,NONE,0.0,70960.288625,0.5
2026-03-18 20:05:00+00:00,2026-03-18 20:05:00+00:00,2026-03-18 20:10:00+00:00,2026-03-18 20:10:00+00:00,SHORT,SHORT,-4.25,"['delta_strong_negative', 'cvd_strong_negative', 'aggressive_sellers', 'below_vwap']",70577.6,70489.37800000001,24.12124818123884,WIN,1,1.0,0.6891705016889541,0.9765137947450089,0.4999999999999677,0.5,take_profit,4.468474407111786,3.386639214938901,-3.398989864604189,-2.779281860977113,DOWN,SELL,0.5177514044717799,False,72367.6528009554,-0.010232800886179056,NONE,0.0,70489.37800000001,0.5
2026-03-19 03:15:00+00:00,2026-03-19 03:15:00+00:00,2026-03-19 03:20:00+00:00,2026-03-19 03:30:00+00:00,LONG,LONG,4.25,"['delta_strong_positive', 'cvd_strong_positive', 'aggressive_buyers', 'above_vwap']",71543.4,71364.54149999999,-48.36310260338757,LOSS,3,10.0,0.036900678469325314,1.2898464428584446,-1.0000000000000118,0.5,stop_loss,4.468474407111786,4.18937660269935,4.135505859417106,3.7589699963940144,UP,BUY,2.3530048190838637,False,71150.50406415865,0.005345268057808727,NONE,0.0,71632.82925,0.5
2026-03-19 06:55:00+00:00,2026-03-19 06:55:00+00:00,2026-03-19 07:00:00+00:00,2026-03-19 07:00:00+00:00,SHORT,SHORT,-4.75,"['delta_strong_negative', 'cvd_strong_negative', 'aggressive_sellers', 'big_trade_sell', 'below_vwap']",70552.4,70464.2095,24.060643545184202,WIN,1,1.0,1.4309931341810862,0.09978399033912848,0.4999999999999828,0.5,take_profit,4.468474407111786,3.161831906073457,-2.9312299641968536,-2.0502335048469007,DOWN,SELL,0.48895680784687295,True,70979.31115470616,-0.005388466435664341,NONE,0.0,70464.2095,0.5
2026-03-19 12:05:00+00:00,2026-03-19 12:05:00+00:00,2026-03-19 12:10:00+00:00,2026-03-19 12:10:00+00:00,SHORT,SHORT,-4.25,"['delta_strong_negative', 'cvd_strong_negative', 'aggressive_sellers', 'below_vwap']",69649.9,69824.02475,-48.24159030809673,LOSS,1,1.0,0.0,1.0681996671926308,-1.0000000000000155,0.5,stop_loss,4.472062776344562,4.117994623763171,-4.087150762455962,-3.9189018823796244,DOWN,SELL,0.4314207864507782,False,70359.56060786599,-0.006184513015603859,NONE,0.0,69562.837625,0.5
2026-03-19 19:10:00+00:00,2026-03-19 19:10:00+00:00,2026-03-19 19:15:00+00:00,2026-03-19 19:15:00+00:00,LONG,LONG,4.25,"['delta_strong_positive', 'cvd_strong_positive', 'aggressive_buyers', 'above_vwap']",70316.4,70404.2955,24.000191178277404,WIN,1,1.0,1.208252982234635,0.6194856391965128,0.4999999999999927,0.5,take_profit,4.472062776344562,3.5095968606821555,3.580646076412735,2.896101434366293,UP,BUY,1.8886981165172847,False,69914.85002955161,0.012247234735169515,NONE,0.0,70404.2955,0.5
2026-03-19 22:30:00+00:00,2026-03-19 22:30:00+00:00,2026-03-19 22:35:00+00:00,2026-03-19 22:35:00+00:00,SHORT,SHORT,-3.75,"['delta_strong_negative', 'cvd_strong_negative', 'aggressive_sellers']",70191.7,70103.960375,24.060191656223985,WIN,1,1.0,1.5443421373182298,0.04672917168267524,0.5000000000000112,0.5,take_profit,4.472062776344562,3.283205066578935,-3.1061684969491465,-2.1756366261914364,DOWN,SELL,0.4389268311711109,False,69953.90923716432,-0.0014222755080299588,NONE,0.0,70103.960375,0.5
2026-03-20 02:30:00+00:00,2026-03-20 02:30:00+00:00,2026-03-20 02:35:00+00:00,2026-03-20 02:40:00+00:00,SHORT,SHORT,-4.25,"['delta_strong_negative', 'cvd_strong_negative', 'aggressive_sellers', 'below_vwap']",70052.0,70227.13,-48.2406842707293,LOSS,2,5.0,0.011420087934677097,1.155712898989289,-1.0000000000000266,0.5,stop_loss,4.473856910415561,1.9310873357817644,-2.623652543043722,-2.640231309331311,DOWN,SELL,0.4128023567410247,False,70240.21623051736,-0.0010378617890830011,NONE,0.0,69964.435,0.5
2026-03-20 04:05:00+00:00,2026-03-20 04:05:00+00:00,2026-03-20 04:10:00+00:00,2026-03-20 04:30:00+00:00,LONG,LONG,4.25,"['delta_strong_positive', 'cvd_strong_positive', 'aggressive_buyers', 'above_vwap']",70888.7,70711.47825,-47.99948084937354,LOSS,5,20.0,0.3171168324429541,1.8146756817376608,-0.999999999999983,0.5,stop_loss,4.951487625863479,2.8169486451481154,3.48697517759583,2.6271513039192715,UP,BUY,2.7849536613767816,False,70403.44663977991,0.006562724205299479,NONE,0.0,70977.310875,0.5
2026-03-20 07:30:00+00:00,2026-03-20 07:30:00+00:00,2026-03-20 07:35:00+00:00,2026-03-20 07:35:00+00:00,LONG,LONG,4.25,"['delta_strong_positive', 'cvd_strong_positive', 'aggressive_buyers', 'above_vwap']",70608.0,70696.26,23.87974172256233,WIN,1,1.0,0.7081350555177883,0.10197144799456152,0.4999999999999703,0.5,take_profit,4.951487625863479,1.4371157012155602,2.7699848217293312,3.205447296161839,UP,BUY,3.014542655756299,False,70473.93534725715,0.00019844918022036065,NONE,0.0,70696.26,0.5
2026-03-20 13:30:00+00:00,2026-03-20 13:30:00+00:00,2026-03-20 13:35:00+00:00,2026-03-20 13:35:00+00:00,SHORT,SHORT,-4.25,"['delta_strong_negative', 'cvd_strong_negative', 'aggressive_sellers', 'below_vwap']",69990.0,70164.975,-47.87888215374189,LOSS,1,1.0,1.0401485926560938,1.2178882697528552,-1.0000000000000333,0.5,stop_loss,5.190297013203535,4.070676346591637,-3.9253006884941413,-2.8089933640241136,DOWN,SELL,0.6059324022873287,False,70565.77920999772,-0.005989130511733771,NONE,0.0,69902.5125,0.5
2026-03-20 14:30:00+00:00,2026-03-20 14:30:00+00:00,2026-03-20 14:35:00+00:00,2026-03-20 14:35:00+00:00,LONG,LONG,4.25,"['delta_strong_positive', 'cvd_strong_positive', 'aggressive_buyers', 'big_trade_buy']",70147.3,70234.984125,23.819743871485727,WIN,1,1.0,0.5286019561693583,0.9408772682626415,0.49999999999999867,0.5,take_profit,5.190297013203535,1.497223364171143,3.3069428246047035,3.3545366790551094,UP,BUY,2.750253389273494,True,70402.31521382809,0.0002842272163913122,NONE,0.0,70234.984125,0.5
2026-03-20 17:55:00+00:00,2026-03-20 17:55:00+00:00,2026-03-20 18:00:00+00:00,2026-03-20 18:20:00+00:00,LONG,LONG,3.75,"['delta_strong_positive', 'cvd_strong_positive', 'aggressive_buyers']",69970.9,69795.97275,-47.75858646232721,LOSS,5,20.0,0.4458996525698541,1.62010207100377,-0.9999999999999623,0.5,stop_loss,5.428506391957848,1.7787784268535143,3.1357323386042757,2.82451999697608,UP,BUY,2.0415061821359326,False,70259.10766892541,0.0024803182223493855,NONE,0.0,70058.363625,0.5
2026-03-20 21:15:00+00:00,2026-03-20 21:15:00+00:00,2026-03-20 21:20:00+00:00,2026-03-20 21:35:00+00:00,LONG,LONG,4.25,"['delta_strong_positive', 'cvd_strong_positive', 'aggressive_buyers', 'above_vwap']",70498.3,70586.422875,23.75989676500894,WIN,4,15.0,1.2613070102399797,0.8981776865541603,0.5000000000000052,0.5,take_profit,5.428506391957848,3.8330084755353084,3.877764387883938,2.9965809909119074,UP,BUY,2.0627174728032722,False,70219.94305383672,0.008965414400727428,NONE,0.0,70586.422875,0.5
2026-03-21 02:25:00+00:00,2026-03-21 02:25:00+00:00,2026-03-21 02:30:00+00:00,2026-03-21 02:40:00+00:00,LONG,LONG,3.5,"['delta_strong_positive', 'cvd_strong_positive', 'above_vwap']",70610.4,70698.663,23.819296506922907,WIN,3,10.0,0.5868823855976221,0.4344969013063067,0.5000000000000356,0.5,take_profit,5.428506391957848,2.9735330472601813,2.479694892926489,2.834480312006698,UP,BUY,1.494626025217285,False,70573.76201916634,0.0005657019435481689,NONE,0.0,70698.663,0.5
2026-03-21 08:15:00+00:00,2026-03-21 08:15:00+00:00,2026-03-21 08:20:00+00:00,2026-03-21 08:20:00+00:00,SHORT,SHORT,-4.75,"['delta_strong_negative', 'cvd_strong_negative', 'aggressive_sellers', 'big_trade_sell', 'below_vwap']",70585.9,70497.66762499999,23.87884474819038,WIN,1,1.0,0.6482881141984118,0.02323410199490732,0.500000000000039,0.5,take_profit,5.428506391957848,2.9619169668310548,-3.0531905625588016,-2.7795652766172547,DOWN,SELL,0.3618524675671717,True,70652.46983938596,-0.0016236050932543105,NONE,0.0,70497.66762499999,0.5
2026-03-21 11:10:00+00:00,2026-03-21 11:10:00+00:00,2026-03-21 11:15:00+00:00,2026-03-21 12:15:00+00:00,SHORT,SHORT,-4.25,"['delta_strong_negative', 'cvd_strong_negative', 'aggressive_sellers', 'below_vwap']",70525.1,70701.41275,-47.877083720117255,LOSS,13,60.0,0.0,1.0713916038403017,-0.9999999999999847,0.5,stop_loss,5.428506391957848,2.2568338251288718,-3.097099931147144,-2.468134925963638,DOWN,SELL,0.2465193344222816,False,70631.60134459325,-0.0013151046418988141,NONE,0.0,70436.943625,0.5
2026-03-21 14:10:00+00:00,2026-03-21 14:10:00+00:00,2026-03-21 14:15:00+00:00,2026-03-21 14:45:00+00:00,LONG,LONG,4.25,"['delta_strong_positive', 'cvd_strong_positive', 'aggressive_buyers', 'above_vwap']",70992.7,70815.21824999999,-47.63769830151909,LOSS,7,30.0,0.28904380309526423,1.572556051537644,-1.0000000000000355,0.5,stop_loss,5.667888977883061,4.234528874580326,4.1753624959627516,3.9829474079375213,UP,BUY,1.90544104074188,False,70664.38487195576,0.003546615497008464,NONE,0.0,71081.440875,0.5
2026-03-21 23:00:00+00:00,2026-03-21 23:00:00+00:00,2026-03-21 23:05:00+00:00,2026-03-21 23:10:00+00:00,SHORT,SHORT,-4.25,"['delta_strong_negative', 'cvd_strong_negative', 'aggressive_sellers', 'below_vwap']",70217.0,70129.22875,23.69975490500632,WIN,2,5.0,0.7804377857214065,0.11564151131494033,0.5000000000000299,0.5,take_profit,5.667888977883061,3.457235376379697,-3.291412060931295,-2.7982360955852688,DOWN,SELL,0.4965812660343847,False,70589.17083151164,-0.001773207810029165,NONE,0.0,70129.22875,0.5
2026-03-21 23:45:00+00:00,2026-03-21 23:45:00+00:00,2026-03-21 23:50:00+00:00,2026-03-21 23:50:00+00:00,SHORT,SHORT,-4.25,"['delta_strong_negative', 'cvd_strong_negative', 'aggressive_sellers', 'below_vwap']",69547.0,69460.06625,23.759004292266464,WIN,1,1.0,3.98981983406903,0.5619221533638954,0.4999999999999799,0.5,take_profit,5.667888977883061,4.178657144253644,-4.164925503455844,-3.9033161151979052,DOWN,SELL,0.4372712100297258,False,70517.1565753734,-0.007480302541982796,NONE,0.0,69460.06625,0.5
2026-03-22 02:25:00+00:00,2026-03-22 02:25:00+00:00,2026-03-22 02:30:00+00:00,2026-03-22 03:00:00+00:00,LONG,LONG,4.25,"['delta_strong_positive', 'cvd_strong_positive', 'aggressive_buyers', 'above_vwap']",69314.7,69141.41325,-47.63680360599597,LOSS,7,30.0,0.09464081933563145,1.3526712226987592,-0.9999999999999961,0.5,stop_loss,5.669660652843192,3.5513668455457488,3.616016645112833,3.104864175763102,UP,BUY,2.127324968842456,False,68806.51193696937,0.004033484747787083,NONE,0.0,69401.343375,0.5
2026-03-22 07:35:00+00:00,2026-03-22 07:35:00+00:00,2026-03-22 07:40:00+00:00,2026-03-22 07:40:00+00:00,SHORT,SHORT,-4.25,"['delta_strong_negative', 'cvd_strong_negative', 'aggressive_sellers', 'below_vwap']",68963.4,68877.19575,23.699309793981783,WIN,1,1.0,0.5283962217639576,0.21228651719611172,0.49999999999997236,0.5,take_profit,5.669660652843192,3.023368152485934,-3.606025120530995,-2.3199095485820123,DOWN,SELL,0.18489042196547809,False,68985.81404508287,-0.0036350414316996603,NONE,0.0,68877.19575,0.5
2026-03-22 11:25:00+00:00,2026-03-22 11:25:00+00:00,2026-03-22 11:30:00+00:00,2026-03-22 11:40:00+00:00,SHORT,SHORT,-4.25,"['delta_strong_negative', 'cvd_strong_negative', 'aggressive_sellers', 'below_vwap']",68374.1,68288.632375,23.75855806846937,WIN,3,10.0,0.7839225671709024,0.5937920937898999,0.5000000000000279,0.5,take_profit,5.669660652843192,4.162216201635669,-4.021189261939596,-3.0713835582190994,DOWN,SELL,0.4971088432578849,False,68904.9492660181,-0.00505747995028151,NONE,0.0,68288.632375,0.5
2026-03-22 20:10:00+00:00,2026-03-22 20:10:00+00:00,2026-03-22 20:15:00+00:00,2026-03-22 20:20:00+00:00,LONG,LONG,3.75,"['delta_strong_positive', 'cvd_strong_positive', 'aggressive_buyers']",68299.7,68385.074625,23.817954463638316,WIN,2,5.0,1.0008828735705062,0.0005856541097033741,0.49999999999998096,0.5,take_profit,5.669660652843192,0.40303033805296357,2.3431279289788507,2.8237252489881968,UP,BUY,3.1352178115108043,False,68772.47236525541,-0.002468764804761699,NONE,0.0,68385.074625,0.5
2026-03-22 21:05:00+00:00,2026-03-22 21:05:00+00:00,2026-03-22 21:10:00+00:00,2026-03-22 21:10:00+00:00,SHORT,SHORT,-4.25,"['delta_strong_negative', 'cvd_strong_negative', 'aggressive_sellers', 'below_vwap']",67816.9,67732.128875,23.87749934979812,WIN,1,1.0,0.9437175689245602,0.09968016821770816,0.49999999999999584,0.5,take_profit,5.669660652843192,4.198242134889416,-4.045184809732527,-3.632492762024082,DOWN,SELL,0.6307112083257808,False,68707.89601304125,-0.0056104535626479235,NONE,0.0,67732.128875,0.5
2026-03-23 04:50:00+00:00,2026-03-23 04:50:00+00:00,2026-03-23 04:55:00+00:00,2026-03-23 05:00:00+00:00,LONG,LONG,4.25,"['delta_strong_positive', 'cvd_strong_positive', 'aggressive_buyers', 'above_vwap']",68443.8,68529.35475,23.937193098171605,WIN,2,5.0,1.9472910621560877,0.23201517157140364,0.49999999999997474,0.5,take_profit,5.669660652843192,3.453030496908545,2.876210921512403,2.3342238739116077,UP,BUY,1.8523046538613714,False,68014.24962297858,0.0049273765977243585,NONE,0.0,68529.35475,0.5
2026-03-23 06:40:00+00:00,2026-03-23 06:40:00+00:00,2026-03-23 06:45:00+00:00,2026-03-23 06:45:00+00:00,SHORT,SHORT,-3.5,"['delta_strong_negative', 'cvd_strong_negative', 'below_vwap']",67786.9,67702.166375,23.9970360809164,WIN,1,1.0,0.7895330808754398,0.7854024892715603,0.4999999999999616,0.5,take_profit,5.669660652843192,3.502082044592401,-2.264179437839897,-2.080242412458556,DOWN,SELL,0.7269602321942763,False,68188.78549895776,-0.008807447242731135,NONE,0.0,67702.166375,0.5
2026-03-23 09:55:00+00:00,2026-03-23 09:55:00+00:00,2026-03-23 10:00:00+00:00,2026-03-23 10:00:00+00:00,LONG,LONG,4.25,"['delta_strong_positive', 'cvd_strong_positive', 'aggressive_buyers', 'above_vwap']",68304.9,68390.281125,24.057028671120502,WIN,1,1.0,0.6629099815680084,0.2201891811567912,0.4999999999999993,0.5,take_profit,5.669660652843192,-0.4520268010428184,2.52127428366966,2.757822790307754,UP,BUY,2.459872826963072,False,68160.33027395362,0.002392184939616235,NONE,0.0,68390.281125,0.5
2026-03-23 11:05:00+00:00,2026-03-23 11:05:00+00:00,2026-03-23 11:10:00+00:00,2026-03-23 11:10:00+00:00,LONG,LONG,4.75,"['delta_strong_positive', 'cvd_strong_positive', 'aggressive_buyers', 'big_trade_buy', 'above_vwap']",71194.0,71016.015,-48.23434248559683,LOSS,1,1.0,1.5394555720987722,2.21872629715984,-1.0000000000000033,0.5,stop_loss,5.669660652843192,4.242489979423901,4.2376010756077545,4.187527555808773,UP,BUY,1.5195619661296522,True,68735.73488875564,0.027601053630963386,NONE,0.0,71282.9925,0.5
2026-03-23 22:00:00+00:00,2026-03-23 22:00:00+00:00,2026-03-23 22:05:00+00:00,2026-03-23 22:30:00+00:00,SHORT,SHORT,-3.75,"['delta_strong_negative', 'cvd_strong_negative', 'aggressive_sellers']",70577.5,70489.278125,23.996585386585135,WIN,6,25.0,0.5690198717721324,0.8359604689879919,0.5000000000000165,0.5,take_profit,5.669660652843192,3.19129601770102,-3.0248866474874463,-2.4063837930330236,DOWN,SELL,0.6507213686853641,False,69962.62518326925,-0.004309192900880851,NONE,0.0,70489.278125,0.5
2026-03-24 00:30:00+00:00,2026-03-24 00:30:00+00:00,2026-03-24 00:35:00+00:00,2026-03-24 00:35:00+00:00,SHORT,SHORT,-4.25,"['delta_strong_negative', 'cvd_strong_negative', 'aggressive_sellers', 'below_vwap']",70623.9,70535.620125,24.056576850048874,WIN,1,1.0,1.3932960371772163,0.30414633006679975,0.4999999999999598,0.5,take_profit,5.669660652843192,1.369033635552972,-2.5146965036370896,-2.3229705307517694,DOWN,SELL,0.6501279091991709,False,70798.24049963753,-0.0016391677809120566,NONE,0.0,70535.620125,0.5
2026-03-24 04:30:00+00:00,2026-03-24 04:30:00+00:00,2026-03-24 04:35:00+00:00,2026-03-24 04:45:00+00:00,SHORT,SHORT,-4.25,"['delta_strong_negative', 'cvd_strong_negative', 'aggressive_sellers', 'below_vwap']",70352.7,70264.759125,24.116718292175992,WIN,3,10.0,0.5162559503757662,0.0,0.5000000000000014,0.5,take_profit,5.669660652843192,2.777877713600338,-2.6831380048522124,-3.3161441957074906,DOWN,SELL,0.4808831687991356,False,70581.78042765088,-0.0023597951325891376,NONE,0.0,70264.759125,0.5
2026-03-24 07:55:00+00:00,2026-03-24 07:55:00+00:00,2026-03-24 08:00:00+00:00,2026-03-24 08:05:00+00:00,LONG,LONG,4.25,"['delta_strong_positive', 'cvd_strong_positive', 'aggressive_buyers', 'above_vwap']",71255.2,71077.06199999999,-48.35402017581445,LOSS,2,5.0,0.3317652606406596,1.0671501869336766,-1.0000000000000353,0.5,stop_loss,5.669660652843192,3.397965420997988,3.5911329850824405,3.2919194848452564,UP,BUY,2.28912023724711,False,70613.03967293557,0.008881537448915731,NONE,0.0,71344.269,0.5
2026-03-24 13:40:00+00:00,2026-03-24 13:40:00+00:00,2026-03-24 13:45:00+00:00,2026-03-24 13:45:00+00:00,SHORT,SHORT,-3.5,"['delta_strong_negative', 'cvd_strong_negative', 'below_vwap']",70284.6,70196.74425,24.056125037467496,WIN,1,1.0,0.6635877560660844,0.7170845391451327,0.5000000000000138,0.5,take_profit,5.669660652843192,3.611038474126331,-3.0461780022005494,-2.8822775148585396,DOWN,SELL,0.6803826628914169,False,70746.89946481738,-0.008073722001417339,NONE,0.0,70196.74425,0.5
2026-03-24 16:35:00+00:00,2026-03-24 16:35:00+00:00,2026-03-24 16:40:00+00:00,2026-03-24 16:45:00+00:00,SHORT,SHORT,-4.25,"['delta_strong_negative', 'cvd_strong_negative', 'aggressive_sellers', 'below_vwap']",69371.9,69545.32974999999,-48.2325307001198,LOSS,2,5.0,0.2738861123884455,1.2806338012942176,-0.9999999999999752,0.5,stop_loss,5.669660652843192,2.8942423830721986,-2.9475170065998504,-2.352319548119053,DOWN,SELL,0.619389760624444,False,70413.35828996141,-0.00962234760187902,NONE,0.0,69285.18512499999,0.5
2026-03-24 20:20:00+00:00,2026-03-24 20:20:00+00:00,2026-03-24 20:25:00+00:00,2026-03-24 20:25:00+00:00,LONG,LONG,3.0,"['delta_strong_positive', 'cvd_strong_positive']",69926.7,70014.108375,23.99568402330995,WIN,1,1.0,1.9637706341068744,0.10582509971155511,0.4999999999999947,0.5,take_profit,5.669660652843192,4.043898825147021,2.650448557397526,2.4929566599106603,UP,BUY,1.2895803250325342,False,70189.52324472873,0.008070496598071675,NONE,0.0,70014.108375,0.5
2026-03-25 00:40:00+00:00,2026-03-25 00:40:00+00:00,2026-03-25 00:45:00+00:00,2026-03-25 01:05:00+00:00,LONG,LONG,4.25,"['delta_strong_positive', 'cvd_strong_positive', 'aggressive_buyers', 'above_vwap']",70893.7,70716.46575,-48.11134646673534,LOSS,5,20.0,0.3853656954003129,1.316336994683606,-0.9999999999999665,0.5,stop_loss,5.669660652843192,1.7905419686164632,2.1324407303509325,2.245324779817168,UP,BUY,1.9353322105373836,False,70751.1573529585,0.006615717446718414,NONE,0.0,70982.317125,0.5
2026-03-25 05:05:00+00:00,2026-03-25 05:05:00+00:00,2026-03-25 05:10:00+00:00,2026-03-25 05:10:00+00:00,LONG,LONG,3.5,"['delta_strong_positive', 'cvd_strong_positive', 'above_vwap']",71175.0,71263.96875,23.935394867201634,WIN,1,1.0,0.8143308746048145,0.08991921320688444,0.5,0.5,take_profit,5.669660652843192,4.112429477443959,2.854671118745546,2.545607522764179,UP,BUY,1.3528944565435856,False,70738.72609545986,0.006353507431489185,NONE,0.0,71263.96875,0.5
2026-03-25 06:55:00+00:00,2026-03-25 06:55:00+00:00,2026-03-25 07:00:00+00:00,2026-03-25 07:30:00+00:00,SHORT,SHORT,-3.75,"['delta_strong_negative', 'cvd_strong_negative', 'aggressive_sellers']",70962.8,71140.20700000001,-47.99046670874104,LOSS,7,30.0,0.2632365126516828,1.1701905787257056,-1.0000000000000366,0.5,stop_loss,5.669660652843192,2.3520570748609533,-2.0856004270189237,-2.3431625316073035,DOWN,SELL,0.440730026302988,False,70839.44679399424,0.0003737075018255081,NONE,0.0,70874.0965,0.5
2026-03-25 08:30:00+00:00,2026-03-25 08:30:00+00:00,2026-03-25 08:35:00+00:00,2026-03-25 08:35:00+00:00,LONG,LONG,4.25,"['delta_strong_positive', 'cvd_strong_positive', 'aggressive_buyers', 'above_vwap']",71458.8,71280.153,-47.750514375194825,LOSS,1,1.0,0.07276920407283637,1.113928585422649,-0.9999999999999843,0.5,stop_loss,5.669660652843192,3.749127494867392,3.2966334177363157,3.2237350100657984,UP,BUY,1.9515004805983605,False,70892.29196997291,0.005307736564039584,NONE,0.0,71548.1235,0.5
2026-03-25 11:25:00+00:00,2026-03-25 11:25:00+00:00,2026-03-25 11:30:00+00:00,2026-03-25 11:30:00+00:00,LONG,LONG,4.25,"['delta_strong_positive', 'cvd_strong_positive', 'aggressive_buyers', 'above_vwap']",71832.9,71922.691125,23.755880901660692,WIN,1,1.0,0.6515120508847617,0.2116022045608628,0.5000000000000189,0.5,take_profit,5.669660652843192,2.931461151120148,3.3253918661668216,2.9199447772126947,UP,BUY,2.1351459854014596,False,71043.71009030915,0.007242118740035956,NONE,0.0,71922.691125,0.5
2026-03-25 15:10:00+00:00,2026-03-25 15:10:00+00:00,2026-03-25 15:15:00+00:00,2026-03-25 15:15:00+00:00,SHORT,SHORT,-4.25,"['delta_strong_negative', 'cvd_strong_negative', 'aggressive_sellers', 'below_vwap']",70788.2,70699.71475,23.81527060391339,WIN,1,1.0,1.451089305844776,0.2955294809022007,0.49999999999998823,0.5,take_profit,5.669660652843192,1.9213120792834812,-2.5545566411513705,-2.0114285060723143,DOWN,SELL,0.6656642472679823,False,71221.93304175246,-0.00975099258407889,NONE,0.0,70699.71475,0.5
2026-03-25 22:35:00+00:00,2026-03-25 22:35:00+00:00,2026-03-25 22:40:00+00:00,2026-03-25 22:40:00+00:00,LONG,LONG,4.25,"['delta_strong_positive', 'cvd_strong_positive', 'aggressive_buyers', 'above_vwap']",71201.9,71290.90237499999,23.87480878042276,WIN,1,1.0,2.270164138878349,0.06685214860836118,0.4999999999999797,0.5,take_profit,5.669660652843192,3.486491432852717,3.4299939898247094,3.2972084500682795,UP,BUY,2.3077141001368138,False,71154.0759440731,0.004112097409090515,NONE,0.0,71290.90237499999,0.5
2026-03-26 02:30:00+00:00,2026-03-26 02:30:00+00:00,2026-03-26 02:35:00+00:00,2026-03-26 03:20:00+00:00,SHORT,SHORT,-4.25,"['delta_strong_negative', 'cvd_strong_negative', 'aggressive_sellers', 'below_vwap']",70770.7,70682.23662499999,23.93449580237659,WIN,10,45.0,0.5578579836005414,0.9845882547438253,0.5000000000000375,0.5,take_profit,5.669660652843192,3.7580516381708473,-3.44695221279822,-2.698634692704705,DOWN,SELL,0.6476051184674345,False,71111.84915928994,-0.005824456681524639,NONE,0.0,70682.23662499999,0.5
2026-03-26 05:05:00+00:00,2026-03-26 05:05:00+00:00,2026-03-26 05:10:00+00:00,2026-03-26 05:40:00+00:00,SHORT,SHORT,-4.25,"['delta_strong_negative', 'cvd_strong_negative', 'aggressive_sellers', 'below_vwap']",70521.5,70433.348125,23.99433204187962,WIN,7,30.0,1.522939812681239,0.49516814021257577,0.49999999999997685,0.5,take_profit,5.669660652843192,4.195354316893235,-3.9589007855696043,-3.68603665863813,DOWN,SELL,0.49692910268799323,False,70936.08373171095,-0.004670234196911153,NONE,0.0,70433.348125,0.5
2026-03-26 09:30:00+00:00,2026-03-26 09:30:00+00:00,2026-03-26 09:35:00+00:00,2026-03-26 10:15:00+00:00,SHORT,SHORT,-4.25,"['delta_strong_negative', 'cvd_strong_negative', 'aggressive_sellers', 'below_vwap']",69428.0,69601.57,-48.10863574397279,LOSS,9,40.0,0.3572045860459757,1.209886501123466,-1.0000000000000402,0.5,stop_loss,5.669660652843192,4.150121238596498,-4.184527507048447,-4.0165374441966915,DOWN,SELL,0.5318774727254846,False,70334.53018416047,-0.0077794316220039135,NONE,0.0,69341.215,0.5
2026-03-26 11:25:00+00:00,2026-03-26 11:25:00+00:00,2026-03-26 11:30:00+00:00,2026-03-26 12:00:00+00:00,SHORT,SHORT,-4.25,"['delta_strong_negative', 'cvd_strong_negative', 'aggressive_sellers', 'below_vwap']",69282.0,69195.3975,23.934046282623722,WIN,7,30.0,0.5461736093069243,0.7973210935019532,0.499999999999963,0.5,take_profit,5.669660652843192,4.049935784731337,-3.733849198913626,-2.111627866771509,DOWN,SELL,0.5619296642042646,False,70143.5176524751,-0.005267438831976611,NONE,0.0,69195.3975,0.5
2026-03-26 13:25:00+00:00,2026-03-26 13:25:00+00:00,2026-03-26 13:30:00+00:00,2026-03-26 13:30:00+00:00,SHORT,SHORT,-4.25,"['delta_strong_negative', 'cvd_strong_negative', 'aggressive_sellers', 'below_vwap']",69360.0,69273.3,23.99388139833125,WIN,1,1.0,0.9653979238753989,0.22376009227221977,0.4999999999999832,0.5,take_profit,5.669660652843192,0.35380371642212977,-2.3349639903841473,-3.3584797619508255,DOWN,SELL,0.5770672318054044,False,70040.8919361583,-0.0011077548642584815,NONE,0.0,69273.3,0.5
2026-03-26 13:45:00+00:00,2026-03-26 13:45:00+00:00,2026-03-26 13:50:00+00:00,2026-03-26 13:50:00+00:00,LONG,LONG,3.0,"['delta_strong_positive', 'cvd_strong_positive']",69614.7,69701.718375,24.05386610182779,WIN,1,1.0,1.479572561542318,0.3125776596034699,0.499999999999998,0.5,take_profit,5.669660652843192,4.11521057078886,4.008561630660345,2.6255905227956977,UP,BUY,1.488247785315405,False,69995.6139377397,0.002597224620968458,NONE,0.0,69701.718375,0.5
2026-03-26 15:15:00+00:00,2026-03-26 15:15:00+00:00,2026-03-26 15:20:00+00:00,2026-03-26 15:25:00+00:00,SHORT,SHORT,-4.75,"['delta_strong_negative', 'cvd_strong_negative', 'aggressive_sellers', 'big_trade_sell', 'below_vwap']",68854.4,69026.536,-48.22800153416452,LOSS,2,5.0,0.2149463215132221,1.1729097922573357,-0.999999999999992,0.5,stop_loss,5.669660652843192,2.710029786519552,-2.2408903177300465,-2.47114009271472,DOWN,SELL,0.6608656490347822,True,69835.85295189354,-0.006954089286017724,NONE,0.0,68768.332,0.5
2026-03-26 17:55:00+00:00,2026-03-26 17:55:00+00:00,2026-03-26 18:00:00+00:00,2026-03-26 18:00:00+00:00,SHORT,SHORT,-4.75,"['delta_strong_negative', 'cvd_strong_negative', 'aggressive_sellers', 'big_trade_sell', 'below_vwap']",68456.2,68370.62975,23.993430763248252,WIN,1,1.0,0.776554935856762,0.7309783481993205,0.5000000000000252,0.5,take_profit,5.669660652843192,3.788871075977853,-3.8438651600789764,-3.8674495111242293,DOWN,SELL,0.5813249394950991,True,69674.99123977975,-0.0082297190989291,NONE,0.0,68370.62975,0.5
2026-03-26 20:10:00+00:00,2026-03-26 20:10:00+00:00,2026-03-26 20:15:00+00:00,2026-03-26 20:15:00+00:00,LONG,LONG,3.75,"['delta_strong_positive', 'cvd_strong_positive', 'aggressive_buyers']",69169.1,69255.561375,24.05341434015487,WIN,1,1.0,0.5869673018732353,0.5262465465070385,0.4999999999999939,0.5,take_profit,5.669660652843192,4.224178376688666,3.978994321597887,2.4846985855126875,UP,BUY,1.5025130046368431,False,69511.48810315167,0.007137748303662963,NONE,0.0,69255.561375,0.5
2026-03-27 03:05:00+00:00,2026-03-27 03:05:00+00:00,2026-03-27 03:10:00+00:00,2026-03-27 03:35:00+00:00,SHORT,SHORT,-4.25,"['delta_strong_negative', 'cvd_strong_negative', 'aggressive_sellers', 'below_vwap']",68680.4,68852.101,-48.227095752011365,LOSS,6,25.0,0.293533526304414,1.121717404092031,-1.0000000000000056,0.5,stop_loss,5.669660652843192,3.554853282535542,-3.5733786317841623,-2.4106503262414614,DOWN,SELL,0.5248585304356547,False,68812.7724120445,-0.0017076584340363983,NONE,0.0,68594.5495,0.5
2026-03-27 04:00:00+00:00,2026-03-27 04:00:00+00:00,2026-03-27 04:05:00+00:00,2026-03-27 04:05:00+00:00,SHORT,SHORT,-3.5,"['delta_strong_negative', 'cvd_strong_negative', 'below_vwap']",68499.9,68414.275125,23.99298013662386,WIN,1,1.0,1.417228346318737,0.21313899728320773,0.4999999999999654,0.5,take_profit,5.669660652843192,3.8620746690353047,-2.72048891426356,-2.6009167664116055,DOWN,SELL,0.7214654329541113,False,68766.0803730183,-0.003908349178331391,NONE,0.0,68414.275125,0.5
2026-03-27 07:10:00+00:00,2026-03-27 07:10:00+00:00,2026-03-27 07:15:00+00:00,2026-03-27 07:20:00+00:00,LONG,LONG,4.25,"['delta_strong_positive', 'cvd_strong_positive', 'aggressive_buyers', 'above_vwap']",68830.5,68916.538125,24.052962586968867,WIN,2,5.0,0.5491751476453025,0.3515883220374688,0.5000000000000372,0.5,take_profit,5.669660652843192,3.8342868206353473,3.756666971768319,2.806394407261618,UP,BUY,2.249666047633011,False,68691.67331585953,0.0033879318624987216,NONE,0.0,68916.538125,0.5
2026-03-27 08:25:00+00:00,2026-03-27 08:25:00+00:00,2026-03-27 08:30:00+00:00,2026-03-27 08:35:00+00:00,SHORT,SHORT,-4.25,"['delta_strong_negative', 'cvd_strong_negative', 'aggressive_sellers', 'below_vwap']",68201.0,68115.74875,24.11309499343483,WIN,2,5.0,3.7594756675122065,0.3976481283265812,0.5000000000000069,0.5,take_profit,5.669660652843192,1.0265724319613272,-2.140639489008248,-3.154906812483099,DOWN,SELL,0.40464010917260457,False,68652.23037679274,-0.005734325156814047,NONE,0.0,68115.74875,0.5
2026-03-27 10:35:00+00:00,2026-03-27 10:35:00+00:00,2026-03-27 10:40:00+00:00,2026-03-27 10:40:00+00:00,SHORT,SHORT,-4.25,"['delta_strong_negative', 'cvd_strong_negative', 'aggressive_sellers', 'below_vwap']",66942.8,66859.12150000001,24.173377730916506,WIN,1,1.0,1.3288957139528597,0.36867295661368865,0.4999999999999673,0.5,take_profit,5.669660652843192,4.189518593685443,-4.194223022214162,-4.126364282264331,DOWN,SELL,0.5027064380413822,False,68165.05571077544,-0.013417983343083084,NONE,0.0,66859.12150000001,0.5
2026-03-27 13:30:00+00:00,2026-03-27 13:30:00+00:00,2026-03-27 13:35:00+00:00,2026-03-27 13:35:00+00:00,SHORT,SHORT,-4.25,"['delta_strong_negative', 'cvd_strong_negative', 'aggressive_sellers', 'below_vwap']",66319.7,66236.80037499999,24.233811175246977,WIN,1,1.0,1.775038186240305,0.8443946519661578,0.500000000000033,0.5,take_profit,5.669660652843192,3.8624735344724708,-3.4433922633858365,-2.132217985861561,DOWN,SELL,0.5928496918700659,False,67665.10329162279,-0.0072919045269615,NONE,0.0,66236.80037499999,0.5
2026-03-27 23:20:00+00:00,2026-03-27 23:20:00+00:00,2026-03-27 23:25:00+00:00,2026-03-27 23:45:00+00:00,LONG,LONG,3.75,"['delta_strong_positive', 'cvd_strong_positive', 'aggressive_buyers']",66183.9,66266.629875,24.29439570318483,WIN,5,20.0,1.0032651445442171,0.39707542166597676,0.5000000000000274,0.5,take_profit,5.669660652843192,1.9189864553422982,2.6346556103171603,2.1548737705594707,UP,BUY,3.3306917917442695,False,66927.6487725334,0.002932987863117079,NONE,0.0,66266.629875,0.5
2026-03-28 01:10:00+00:00,2026-03-28 01:10:00+00:00,2026-03-28 01:15:00+00:00,2026-03-28 01:35:00+00:00,SHORT,SHORT,-4.25,"['delta_strong_negative', 'cvd_strong_negative', 'aggressive_sellers', 'below_vwap']",66115.7,66033.055375,24.3551316924417,WIN,5,20.0,0.663080024865448,0.8052550301970988,0.5000000000000049,0.5,take_profit,5.669660652843192,3.081371500095049,-3.0417308552213003,-2.280421048442001,DOWN,SELL,0.47312567932481653,False,66317.36373572778,-0.0010193713384683797,NONE,0.0,66033.055375,0.5
2026-03-28 06:15:00+00:00,2026-03-28 06:15:00+00:00,2026-03-28 06:20:00+00:00,2026-03-28 07:55:00+00:00,LONG,LONG,4.25,"['delta_strong_positive', 'cvd_strong_positive', 'aggressive_buyers', 'above_vwap']",66445.4,66528.45675,24.41601952167356,WIN,20,95.0,0.5327682578477969,0.785005433032199,0.5000000000000203,0.5,take_profit,5.669660652843192,2.385191729941739,2.4321356736122866,2.1599775007218827,UP,BUY,2.7189858554334134,False,66194.23530504371,0.004313487128535793,NONE,0.0,66528.45675,0.5
2026-03-28 13:35:00+00:00,2026-03-28 13:35:00+00:00,2026-03-28 13:40:00+00:00,2026-03-28 13:40:00+00:00,LONG,LONG,4.75,"['delta_strong_positive', 'cvd_strong_positive', 'aggressive_buyers', 'big_trade_buy', 'above_vwap']",66634.5,66717.793125,24.477059570475724,WIN,1,1.0,3.0866893276005496,0.005402606757725678,0.499999999999979,0.5,take_profit,5.669660652843192,2.2853220965041965,2.8266917942655994,3.407872424385241,UP,BUY,2.294375501383409,True,66300.159930233,0.003906878205556578,NONE,0.0,66717.793125,0.5
2026-03-28 21:50:00+00:00,2026-03-28 21:50:00+00:00,2026-03-28 21:55:00+00:00,2026-03-28 22:10:00+00:00,SHORT,SHORT,-3.75,"['delta_strong_negative', 'cvd_strong_negative', 'aggressive_sellers']",66663.4,66580.07075,24.53825221940154,WIN,4,15.0,0.5994293720391951,0.18300896743940456,0.4999999999999714,0.5,take_profit,5.669660652843192,3.996013373959226,-3.7846867904052934,-2.4834976376029703,DOWN,SELL,0.4029299529453476,False,66587.48267292132,-0.0026528248447366654,NONE,0.0,66580.07075,0.5
2026-03-28 23:30:00+00:00,2026-03-28 23:30:00+00:00,2026-03-28 23:35:00+00:00,2026-03-29 00:20:00+00:00,LONG,LONG,3.75,"['delta_strong_positive', 'cvd_strong_positive', 'aggressive_buyers']",66421.8,66255.7455,-49.199195699902404,LOSS,10,45.0,0.20294541852221462,1.121318603229645,-0.9999999999999902,0.5,stop_loss,5.669660652843192,0.9089837253077147,2.614633377589204,2.221315458783894,UP,BUY,5.218192926691569,False,66578.16590099505,-0.002757138089264574,NONE,0.0,66504.82725,0.5
2026-03-29 04:20:00+00:00,2026-03-29 04:20:00+00:00,2026-03-29 04:25:00+00:00,2026-03-29 04:55:00+00:00,SHORT,SHORT,-4.25,"['delta_strong_negative', 'cvd_strong_negative', 'aggressive_sellers', 'big_trade_sell']",66791.3,66707.81087500001,24.47659986069957,WIN,7,30.0,0.6467908245534972,0.17127979242800345,0.49999999999995676,0.5,take_profit,5.669660652843192,0.9529490194795058,-3.282024087786042,-2.9154979125562726,DOWN,SELL,0.21639968821583103,True,66684.41666026846,0.0011658056935142892,NONE,0.0,66707.81087500001,0.5
2026-03-29 05:50:00+00:00,2026-03-29 05:50:00+00:00,2026-03-29 05:55:00+00:00,2026-03-29 06:00:00+00:00,LONG,LONG,4.25,"['delta_strong_positive', 'cvd_strong_positive', 'aggressive_buyers', 'above_vwap']",66752.1,66835.540125,24.53779136035158,WIN,2,5.0,0.5518927494415382,0.08688865219221567,0.4999999999999623,0.5,take_profit,5.669660652843192,2.053606118937486,2.286462215165857,2.596862391804493,UP,BUY,2.8350087319504196,False,66685.9757233791,-0.00037707813960094586,NONE,0.0,66835.540125,0.5
2026-03-29 11:00:00+00:00,2026-03-29 11:00:00+00:00,2026-03-29 11:05:00+00:00,2026-03-29 11:05:00+00:00,LONG,LONG,3.75,"['delta_strong_positive', 'cvd_strong_positive', 'aggressive_buyers']",66655.4,66738.71925,24.599135838754453,WIN,1,1.0,1.0591790012512114,0.12482109476494543,0.5000000000000028,0.5,take_profit,5.669660652843192,1.7680480308055289,3.22267384345099,2.274109160583268,UP,BUY,3.491049177398056,False,66656.04200206656,0.0010567347620177828,NONE,0.0,66738.71925,0.5
2026-03-29 15:25:00+00:00,2026-03-29 15:25:00+00:00,2026-03-29 15:30:00+00:00,2026-03-29 15:30:00+00:00,SHORT,SHORT,-4.25,"['delta_strong_negative', 'cvd_strong_negative', 'aggressive_sellers', 'below_vwap']",66392.5,66309.509375,24.660633678352927,WIN,1,1.0,0.6289867078359404,0.08073201039270507,0.500000000000035,0.5,take_profit,5.669660652843192,2.4682120233037788,-2.2049526152273837,-2.6544755317102733,DOWN,SELL,0.6366040342636088,False,66650.11096963708,-0.003488887147676642,NONE,0.0,66309.509375,0.5
2026-03-29 17:20:00+00:00,2026-03-29 17:20:00+00:00,2026-03-29 17:25:00+00:00,2026-03-29 17:40:00+00:00,SHORT,SHORT,-4.75,"['delta_strong_negative', 'cvd_strong_negative', 'aggressive_sellers', 'big_trade_sell', 'below_vwap']",66173.8,66339.2345,-49.444570525095074,LOSS,4,15.0,0.10517757783297153,1.3679129806660817,-1.0000000000000182,0.5,stop_loss,5.669660652843192,4.0260710444089,-3.9093839961976737,-3.595055484124219,DOWN,SELL,0.38986295205288246,True,66613.93641627794,-0.004383524418048023,NONE,0.0,66091.08275,0.5
2026-03-29 20:15:00+00:00,2026-03-29 20:15:00+00:00,2026-03-29 20:20:00+00:00,2026-03-29 20:20:00+00:00,LONG,LONG,3.75,"['delta_strong_positive', 'cvd_strong_positive', 'aggressive_buyers']",66516.9,66600.046125,24.59867383623414,WIN,1,1.0,1.509390846536745,0.00962161495795065,0.49999999999999584,0.5,take_profit,5.669660652843192,3.4319663726488177,3.409956559041236,2.8464436435259155,UP,BUY,2.6912023474244844,False,66587.10523366337,0.0022913757046273135,NONE,0.0,66600.046125,0.5
2026-03-29 22:40:00+00:00,2026-03-29 22:40:00+00:00,2026-03-29 22:45:00+00:00,2026-03-29 22:45:00+00:00,SHORT,SHORT,-4.25,"['delta_strong_negative', 'cvd_strong_negative', 'aggressive_sellers', 'below_vwap']",65645.8,65563.74275,24.66017052082433,WIN,1,1.0,4.433490032873425,0.018279920421413097,0.49999999999998784,0.5,take_profit,5.669660652843192,4.1041644022755595,-4.120520980155157,-4.052515310093984,DOWN,SELL,0.46885510701783323,False,66521.51895815012,-0.009579348010416832,NONE,0.0,65563.74275,0.5
2026-03-30 02:40:00+00:00,2026-03-30 02:40:00+00:00,2026-03-30 02:45:00+00:00,2026-03-30 02:45:00+00:00,LONG,LONG,4.25,"['delta_strong_positive', 'cvd_strong_positive', 'aggressive_buyers', 'above_vwap']",67020.9,67104.676125,24.721820947128165,WIN,1,1.0,2.7859966070285713,0.2799126839537767,0.5000000000000238,0.5,take_profit,5.669660652843192,2.99052182115446,2.566292122997702,2.2580549335211555,UP,BUY,1.6605445762363182,False,66528.32416993457,0.014018508910258146,NONE,0.0,67104.676125,0.5
2026-03-30 08:00:00+00:00,2026-03-30 08:00:00+00:00,2026-03-30 08:05:00+00:00,2026-03-30 08:05:00+00:00,LONG,LONG,3.5,"['delta_strong_positive', 'cvd_strong_positive', 'above_vwap']",67750.2,67834.88775,24.783625499494033,WIN,1,1.0,0.8165289548960913,0.34597683844470584,0.49999999999998423,0.5,take_profit,5.669660652843192,3.4274197234835895,2.5349175148280474,2.1397050609064925,UP,BUY,1.3305914804866814,False,67025.52036033153,0.004167957970415672,NONE,0.0,67834.88775,0.5
2026-03-30 11:25:00+00:00,2026-03-30 11:25:00+00:00,2026-03-30 11:30:00+00:00,2026-03-30 11:35:00+00:00,LONG,LONG,3.5,"['delta_strong_positive', 'cvd_strong_positive', 'above_vwap']",67655.9,67486.76024999999,-49.69116912648772,LOSS,2,5.0,0.3772028751372928,1.0695297823249366,-1.0000000000000124,0.5,stop_loss,5.669660652843192,4.19615533305149,3.6857704166747975,2.8912667859021517,UP,BUY,1.3298203521885934,False,67162.9765197307,0.00044408868226929253,NONE,0.0,67740.469875,0.5
2026-03-30 13:20:00+00:00,2026-03-30 13:20:00+00:00,2026-03-30 13:25:00+00:00,2026-03-30 13:30:00+00:00,LONG,LONG,4.75,"['delta_strong_positive', 'cvd_strong_positive', 'aggressive_buyers', 'big_trade_buy', 'above_vwap']",68002.3,67832.29425,-49.442713280853674,LOSS,2,5.0,0.036469354712985236,1.5864169300155853,-0.99999999999998,0.5,stop_loss,5.669660652843192,3.9977906986712988,3.9762091578452408,3.3706836848333723,UP,BUY,2.253188836793704,True,67239.79239842776,0.0044326270142644895,NONE,0.0,68087.30287500001,0.5
2026-03-30 17:20:00+00:00,2026-03-30 17:20:00+00:00,2026-03-30 17:25:00+00:00,2026-03-30 17:25:00+00:00,SHORT,SHORT,-4.75,"['delta_strong_negative', 'cvd_strong_negative', 'aggressive_sellers', 'big_trade_sell', 'below_vwap']",66817.8,66734.27775000001,24.597749857223587,WIN,1,1.0,1.200278967580495,0.0,0.4999999999999673,0.5,take_profit,5.669660652843192,3.8684101079047437,-4.020986632440142,-4.01867846063029,DOWN,SELL,0.3524256174067258,True,67309.76520297966,-0.009714444788130081,NONE,0.0,66734.27775000001,0.5
2026-03-31 00:45:00+00:00,2026-03-31 00:45:00+00:00,2026-03-31 00:50:00+00:00,2026-03-31 00:50:00+00:00,LONG,LONG,4.25,"['delta_strong_positive', 'cvd_strong_positive', 'aggressive_buyers', 'above_vwap']",67222.2,67054.1445,-49.318488463737154,LOSS,1,1.0,0.06366944253533559,1.500694710973441,-1.000000000000013,0.5,stop_loss,5.669660652843192,4.112254997188621,3.869742479266737,3.045571486171873,UP,BUY,1.9838427186488377,False,66899.39716344199,0.006731432562932429,NONE,0.0,67306.22774999999,0.5
2026-03-31 01:30:00+00:00,2026-03-31 01:30:00+00:00,2026-03-31 01:35:00+00:00,2026-03-31 01:35:00+00:00,LONG,LONG,4.25,"['delta_strong_positive', 'cvd_strong_positive', 'aggressive_buyers', 'above_vwap']",68297.5,68126.75625,-49.07189602141614,LOSS,1,1.0,0.3080639847725367,1.3365057286137683,-0.9999999999999658,0.5,stop_loss,5.669660652843192,3.4815054782245873,3.12741834787541,2.6048779722069915,UP,BUY,1.5800625762678346,False,67461.3476487413,0.016069690072507616,NONE,0.0,68382.871875,0.5
2026-03-31 07:15:00+00:00,2026-03-31 07:15:00+00:00,2026-03-31 07:20:00+00:00,2026-03-31 07:25:00+00:00,SHORT,SHORT,-4.25,"['delta_strong_negative', 'cvd_strong_negative', 'aggressive_sellers', 'below_vwap']",67121.4,67289.20349999999,-48.82653654130915,LOSS,2,5.0,0.18771956484817065,1.0428864713787258,-0.9999999999999676,0.5,stop_loss,5.669660652843192,3.4574357142419374,-3.274161234612338,-3.2746366101398103,DOWN,SELL,0.4801611261391849,False,67619.27344364203,-0.00614338131228172,NONE,0.0,67037.49824999999,0.5
2026-03-31 08:40:00+00:00,2026-03-31 08:40:00+00:00,2026-03-31 08:45:00+00:00,2026-03-31 08:45:00+00:00,SHORT,SHORT,-4.75,"['delta_strong_negative', 'cvd_strong_negative', 'aggressive_sellers', 'big_trade_sell', 'below_vwap']",66818.9,66735.37637499999,24.29120192930257,WIN,1,1.0,0.9811595222309507,0.5459533156038884,0.5000000000000098,0.5,take_profit,5.669660652843192,3.7729981089655587,-3.583657413703654,-2.421348478598084,DOWN,SELL,0.48544189325615683,True,67540.72082284339,-0.007384545464703247,NONE,0.0,66735.37637499999,0.5
2026-03-31 13:50:00+00:00,2026-03-31 13:50:00+00:00,2026-03-31 13:55:00+00:00,2026-03-31 14:00:00+00:00,LONG,LONG,4.25,"['delta_strong_positive', 'cvd_strong_positive', 'aggressive_buyers', 'above_vwap']",67307.6,67391.7345,24.35192993412538,WIN,2,5.0,1.1434072823870955,0.9354069971296479,0.5000000000000007,0.5,take_profit,5.669660652843192,1.8481599946602323,3.066370081391301,2.8899146063660743,UP,BUY,1.5864697645641344,False,67120.6628921956,0.010119955673617047,NONE,0.0,67391.7345,0.5
2026-03-31 14:45:00+00:00,2026-03-31 14:45:00+00:00,2026-03-31 14:50:00+00:00,2026-03-31 14:50:00+00:00,SHORT,SHORT,-4.25,"['delta_strong_negative', 'cvd_strong_negative', 'aggressive_sellers', 'below_vwap']",66878.1,66794.50237500001,24.412809758959167,WIN,1,1.0,2.687277300042931,0.29845345486785163,0.4999999999999693,0.5,take_profit,5.669660652843192,0.5902024718999657,-2.1485833063695146,-3.0826619603142387,DOWN,SELL,0.5369687100253421,False,67152.68849297834,-0.0019175610731365306,NONE,0.0,66794.50237500001,0.5
2026-03-31 16:40:00+00:00,2026-03-31 16:40:00+00:00,2026-03-31 16:45:00+00:00,2026-03-31 16:45:00+00:00,LONG,LONG,3.5,"['delta_strong_positive', 'cvd_strong_positive', 'above_vwap']",67742.1,67572.74475000001,-48.94768356671417,LOSS,1,1.0,0.8615026696839583,1.683443530684793,-0.99999999999996,0.5,stop_loss,5.669660652843192,3.7063461711805483,3.1381954156396508,2.0732725850802516,UP,BUY,1.3710861880029832,False,67136.34794093794,0.00898007145258743,NONE,0.0,67826.777625,0.5
2026-03-31 17:10:00+00:00,2026-03-31 17:10:00+00:00,2026-03-31 17:15:00+00:00,2026-03-31 17:15:00+00:00,LONG,LONG,4.75,"['delta_strong_positive', 'cvd_strong_positive', 'aggressive_buyers', 'big_trade_buy', 'above_vwap']",68432.8,68261.71800000001,-48.70294514888109,LOSS,1,1.0,0.9773091266176283,1.316327842788821,-0.9999999999999699,0.5,stop_loss,5.669660652843192,3.3663045158172205,3.8311466080519163,2.585631874344556,UP,BUY,1.766234459395981,True,67213.15395593381,0.01637033505173505,NONE,0.0,68518.341,0.5
2026-04-01 03:05:00+00:00,2026-04-01 03:05:00+00:00,2026-04-01 03:10:00+00:00,2026-04-01 03:45:00+00:00,LONG,LONG,4.25,"['delta_strong_positive', 'cvd_strong_positive', 'aggressive_buyers', 'above_vwap']",68032.3,68117.340375,24.229715211568173,WIN,8,35.0,1.0712558593491448,0.9395537119868232,0.49999999999998146,0.5,take_profit,5.669660652843192,2.4728468583216143,3.136897734812848,2.7022778323738694,UP,BUY,2.482267321980273,False,67934.01896061897,0.0008412648917093124,NONE,0.0,68117.340375,0.5
2026-04-01 05:25:00+00:00,2026-04-01 05:25:00+00:00,2026-04-01 05:30:00+00:00,2026-04-01 06:05:00+00:00,LONG,LONG,4.25,"['delta_strong_positive', 'cvd_strong_positive', 'aggressive_buyers', 'above_vwap']",68553.0,68638.69125,24.290289499598984,WIN,8,35.0,0.5659854419208495,0.8694003180021298,0.5000000000000203,0.5,take_profit,5.669660652843192,3.2508799099732095,2.2015002888147652,2.2393633347133446,UP,BUY,1.5740100440070388,False,68080.04800227698,0.0069914755100013715,NONE,0.0,68638.69125,0.5
2026-04-01 06:35:00+00:00,2026-04-01 06:35:00+00:00,2026-04-01 06:40:00+00:00,2026-04-01 06:40:00+00:00,LONG,LONG,4.75,"['delta_strong_positive', 'cvd_strong_positive', 'aggressive_buyers', 'big_trade_buy', 'above_vwap']",68940.0,69026.175,24.35101522334781,WIN,1,1.0,1.624601102407891,0.0,0.5000000000000169,0.5,take_profit,5.669660652843192,2.404462830206952,2.5273173503716504,2.0318414224868997,UP,BUY,1.9347759563843578,True,68248.84069370378,0.007909988183569068,NONE,0.0,69026.175,0.5
2026-04-01 12:00:00+00:00,2026-04-01 12:00:00+00:00,2026-04-01 12:05:00+00:00,2026-04-01 12:30:00+00:00,SHORT,SHORT,-4.25,"['delta_strong_negative', 'cvd_strong_negative', 'aggressive_sellers', 'below_vwap']",68468.8,68383.214,24.411892761404136,WIN,6,25.0,0.6344495595074301,0.9832215549272247,0.4999999999999749,0.5,take_profit,5.669660652843192,3.060644159229845,-2.916694669707228,-2.0027086770010207,DOWN,SELL,0.6367815494896502,False,68471.37514197263,-0.0013350701472628708,NONE,0.0,68383.214,0.5
2026-04-01 13:40:00+00:00,2026-04-01 13:40:00+00:00,2026-04-01 13:45:00+00:00,2026-04-01 13:45:00+00:00,SHORT,SHORT,-4.25,"['delta_strong_negative', 'cvd_strong_negative', 'aggressive_sellers', 'below_vwap']",68076.7,67991.604125,24.472922493308605,WIN,1,1.0,1.0165005060468562,0.21270126195892042,0.49999999999999456,0.5,take_profit,5.669660652843192,3.0920186851214995,-3.4053181962554264,-2.1231175040794255,DOWN,SELL,0.6436533626020893,False,68452.40882065738,-0.005059103148979725,NONE,0.0,67991.604125,0.5
2026-04-02 00:10:00+00:00,2026-04-02 00:10:00+00:00,2026-04-02 00:15:00+00:00,2026-04-02 00:30:00+00:00,LONG,LONG,4.25,"['delta_strong_positive', 'cvd_strong_positive', 'aggressive_buyers', 'above_vwap']",68177.3,68262.52162500001,24.534104799543748,WIN,4,15.0,0.5321419299385401,0.4535233868164501,0.5000000000000328,0.5,take_profit,5.669660652843192,2.1458309514430063,2.9570002640078843,2.3176517678641133,UP,BUY,2.8566336555455725,False,68123.36600099734,-0.00019732518507527182,NONE,0.0,68262.52162500001,0.5
2026-04-02 01:05:00+00:00,2026-04-02 01:05:00+00:00,2026-04-02 01:10:00+00:00,2026-04-02 01:10:00+00:00,SHORT,SHORT,-3.5,"['delta_strong_negative', 'cvd_strong_negative', 'below_vwap']",68135.1,68305.43775000001,-49.19088012308375,LOSS,1,1.0,0.49607324271924447,1.7418335043171407,-1.0000000000000353,0.5,stop_loss,5.669660652843192,4.0965492495362374,-2.7742770651919133,-2.859396864765986,DOWN,SELL,0.8537853928568413,False,68183.63373275269,-0.0009189935483389829,NONE,0.0,68049.931125,0.5
2026-04-02 12:20:00+00:00,2026-04-02 12:20:00+00:00,2026-04-02 12:25:00+00:00,2026-04-02 12:55:00+00:00,SHORT,SHORT,-3.5,"['delta_strong_negative', 'cvd_strong_negative', 'below_vwap']",66103.0,66020.37125,24.47246286123433,WIN,7,30.0,0.8520036912091912,0.6432385822126252,0.5000000000000212,0.5,take_profit,5.669660652843192,3.0444874369568797,-3.537654843933777,-2.9339557255644437,DOWN,SELL,0.7441846990422883,False,66917.70551797867,-0.0028984618910665835,NONE,0.0,66020.37125,0.5
2026-04-02 13:15:00+00:00,2026-04-02 13:15:00+00:00,2026-04-02 13:20:00+00:00,2026-04-02 13:25:00+00:00,SHORT,SHORT,-4.25,"['delta_strong_negative', 'cvd_strong_negative', 'aggressive_sellers', 'below_vwap']",65881.0,66045.7025,-49.06728803677258,LOSS,2,5.0,0.18578952960644687,1.6860703389444427,-0.9999999999999963,0.5,stop_loss,5.669660652843192,1.2309558635874873,-3.1895929541676225,-3.0391160219390345,DOWN,SELL,0.3268972135989535,False,66863.13030747013,-0.004676761658879381,NONE,0.0,65798.64875,0.5
2026-04-02 16:35:00+00:00,2026-04-02 16:35:00+00:00,2026-04-02 16:40:00+00:00,2026-04-02 16:40:00+00:00,LONG,LONG,4.25,"['delta_strong_positive', 'cvd_strong_positive', 'aggressive_buyers', 'above_vwap']",67074.7,67158.543375,24.4109757982935,WIN,1,1.0,0.9523710132136087,0.028624801899988585,0.49999999999998057,0.5,take_profit,5.669660652843192,2.472902003098836,2.6095962758954436,2.1706767720126554,UP,BUY,1.6297654279363651,False,66758.64810665537,0.009216740236619057,NONE,0.0,67158.543375,0.5
2026-04-02 19:55:00+00:00,2026-04-02 19:55:00+00:00,2026-04-02 20:00:00+00:00,2026-04-02 20:00:00+00:00,SHORT,SHORT,-3.75,"['delta_strong_negative', 'cvd_strong_negative', 'aggressive_sellers']",66943.2,66859.521,24.47200323779127,WIN,1,1.0,1.1209502981631667,0.012547951098876783,0.5000000000000223,0.5,take_profit,5.669660652843192,1.4978674306482926,-2.3926049987014304,-2.046089108442332,DOWN,SELL,0.4704964996675662,False,66785.29821012779,-7.420671673473012e-05,NONE,0.0,66859.521,0.5
2026-04-03 00:45:00+00:00,2026-04-03 00:45:00+00:00,2026-04-03 00:50:00+00:00,2026-04-03 01:30:00+00:00,SHORT,SHORT,-4.25,"['delta_strong_negative', 'cvd_strong_negative', 'aggressive_sellers', 'below_vwap']",66706.2,66872.96549999999,-49.066366491767575,LOSS,9,40.0,0.21107483262423637,1.0499773634235248,-0.9999999999999644,0.5,stop_loss,5.669660652843192,3.021282370514997,-3.2179129259101042,-3.2437693475471927,DOWN,SELL,0.36116472667301625,False,66819.35775313886,-0.002452299374490204,NONE,0.0,66622.81725,0.5
2026-04-03 07:30:00+00:00,2026-04-03 07:30:00+00:00,2026-04-03 07:35:00+00:00,2026-04-03 07:35:00+00:00,LONG,LONG,4.25,"['delta_strong_positive', 'cvd_strong_positive', 'aggressive_buyers', 'above_vwap']",67038.3,67122.097875,24.41051732965636,WIN,1,1.0,1.1635139912557448,0.04833058117527336,0.5000000000000229,0.5,take_profit,5.669660652843192,3.6278868596457134,3.6209625398142906,2.6188669880576647,UP,BUY,2.06971780133445,False,66615.23373342946,0.005436570676559941,NONE,0.0,67122.097875,0.5
2026-04-03 13:00:00+00:00,2026-04-03 13:00:00+00:00,2026-04-03 13:05:00+00:00,2026-04-03 13:45:00+00:00,SHORT,SHORT,-4.25,"['delta_strong_negative', 'cvd_strong_negative', 'aggressive_sellers', 'below_vwap']",66594.5,66511.256875,24.471543622977496,WIN,9,40.0,0.6967542364609689,0.6679230266763596,0.49999999999996153,0.5,take_profit,5.669660652843192,0.1161031932348499,-2.1095767722003838,-2.771664311115771,DOWN,SELL,0.4637979885082756,False,66767.38746220309,-0.004240386727554332,NONE,0.0,66511.256875,0.5
2026-04-03 16:45:00+00:00,2026-04-03 16:45:00+00:00,2026-04-03 16:50:00+00:00,2026-04-03 17:15:00+00:00,LONG,LONG,4.25,"['delta_strong_positive', 'cvd_strong_positive', 'aggressive_buyers', 'above_vwap']",66999.8,66832.3005,-49.06544496407522,LOSS,6,25.0,0.24000071642003162,1.7056767333633658,-1.0000000000000318,0.5,stop_loss,5.669660652843192,2.1627916085060352,2.0100122787071157,2.943470499381645,UP,BUY,2.1030928610657615,False,66765.52498245928,0.003751881125028295,NONE,0.0,67083.54975,0.5
2026-04-03 21:10:00+00:00,2026-04-03 21:10:00+00:00,2026-04-03 21:15:00+00:00,2026-04-04 06:45:00+00:00,LONG,LONG,4.25,"['delta_strong_positive', 'cvd_strong_positive', 'aggressive_buyers', 'above_vwap']",66878.7,66962.298375,24.410058869627047,WIN,115,570.0,0.6423569836136691,0.7966662031408929,0.5000000000000083,0.5,take_profit,5.669660652843192,3.343777786863262,3.4751533373132903,2.6509402977826566,UP,BUY,4.060378883102891,False,66773.2382361331,0.0008316280381277069,NONE,0.0,66962.298375,0.5
2026-04-04 10:10:00+00:00,2026-04-04 10:10:00+00:00,2026-04-04 10:15:00+00:00,2026-04-04 10:45:00+00:00,SHORT,SHORT,-4.25,"['delta_strong_negative', 'cvd_strong_negative', 'aggressive_sellers', 'below_vwap']",66880.9,67048.10225,-48.94216803360203,LOSS,7,30.0,0.0,1.6112223370200385,-1.0000000000000127,0.5,stop_loss,5.669660652843192,2.1353271693160614,-3.1541335360309,-2.357666697624855,DOWN,SELL,0.35759202453987726,False,66897.65638664537,-0.001052727603246658,NONE,0.0,66797.298875,0.5
2026-04-04 11:00:00+00:00,2026-04-04 11:00:00+00:00,2026-04-04 11:05:00+00:00,2026-04-04 13:35:00+00:00,LONG,LONG,4.25,"['delta_strong_positive', 'cvd_strong_positive', 'aggressive_buyers', 'above_vwap']",67149.9,67233.83737499999,24.348728596714984,WIN,31,150.0,0.5682808165016403,0.7428157003956647,0.4999999999999647,0.5,take_profit,5.669660652843192,2.884605580687609,2.259932488686163,2.4262174155588108,UP,BUY,1.8048243875366685,False,66932.93794538324,0.0022235133579902333,NONE,0.0,67233.83737499999,0.5
2026-04-04 14:35:00+00:00,2026-04-04 14:35:00+00:00,2026-04-04 14:40:00+00:00,2026-04-04 15:05:00+00:00,SHORT,SHORT,-4.25,"['delta_strong_negative', 'cvd_strong_negative', 'aggressive_sellers', 'big_trade_sell']",67045.6,67213.214,-48.81920083641739,LOSS,6,25.0,0.24997911868942171,1.3930817234837185,-1.0000000000000082,0.5,stop_loss,5.669660652843192,3.4266852208226464,-3.739401828220052,-3.339999626771762,DOWN,SELL,0.23658157235237182,True,66994.559047056,-0.0010973437206659546,NONE,0.0,66961.793,0.5
2026-04-04 20:00:00+00:00,2026-04-04 20:00:00+00:00,2026-04-04 20:05:00+00:00,2026-04-04 21:45:00+00:00,SHORT,SHORT,-3.75,"['delta_strong_negative', 'cvd_strong_negative', 'aggressive_sellers']",67162.9,67330.80725,-48.575104832236015,LOSS,21,100.0,0.0,1.0368819690633122,-1.0000000000000229,0.5,stop_loss,5.669660652843192,2.4398858845344673,-2.7765218774591687,-2.1559331946681715,DOWN,SELL,0.5242655678918695,False,67149.86895265247,-0.002808384095007501,NONE,0.0,67078.946375,0.5
2026-04-05 02:00:00+00:00,2026-04-05 02:00:00+00:00,2026-04-05 02:05:00+00:00,2026-04-05 05:50:00+00:00,SHORT,SHORT,-4.25,"['delta_strong_negative', 'cvd_strong_negative', 'aggressive_sellers', 'below_vwap']",67010.3,66926.537125,24.166114654036953,WIN,46,225.0,0.6070708532867161,0.9347816678927942,0.500000000000002,0.5,take_profit,5.669660652843192,4.162328434918128,-3.934585471182569,-2.1734910904772753,DOWN,SELL,0.5180988702889451,False,67105.8167604494,-0.0025856548143435255,NONE,0.0,66926.537125,0.5
2026-04-05 06:05:00+00:00,2026-04-05 06:05:00+00:00,2026-04-05 06:10:00+00:00,2026-04-05 06:15:00+00:00,SHORT,SHORT,-4.75,"['delta_strong_negative', 'cvd_strong_negative', 'aggressive_sellers', 'big_trade_sell', 'below_vwap']",66668.6,66585.26425000001,24.226529940671472,WIN,2,5.0,0.5585838010698039,0.18839453655840488,0.4999999999999902,0.5,take_profit,5.669660652843192,3.9149123873872758,-3.9592800777867687,-3.8083901528563495,DOWN,SELL,0.5264399334918786,True,67017.78258258238,-0.004524824624013389,NONE,0.0,66585.26425000001,0.5
2026-04-05 10:35:00+00:00,2026-04-05 10:35:00+00:00,2026-04-05 10:40:00+00:00,2026-04-05 12:00:00+00:00,LONG,LONG,4.25,"['delta_strong_positive', 'cvd_strong_positive', 'aggressive_buyers', 'above_vwap']",67084.6,66916.8885,-48.574192531048666,LOSS,17,80.0,0.04412339046513911,1.1764249917268814,-1.000000000000029,0.5,stop_loss,5.669660652843192,3.194197965893016,3.2728334505806806,2.130616796973282,UP,BUY,2.9735647548630553,False,66908.6620734555,0.0031719049146767585,NONE,0.0,67168.45575000001,0.5
2026-04-05 15:25:00+00:00,2026-04-05 15:25:00+00:00,2026-04-05 15:30:00+00:00,2026-04-05 15:30:00+00:00,LONG,LONG,4.75,"['delta_strong_positive', 'cvd_strong_positive', 'aggressive_buyers', 'big_trade_buy', 'above_vwap']",67478.2,67562.54775,24.16566078419624,WIN,1,1.0,2.0771152757483673,0.6882222703035425,0.5000000000000048,0.5,take_profit,5.669660652843192,4.23498181157173,4.197590951119242,3.9992124336951185,UP,BUY,1.9088976518187466,True,66940.37270566079,0.007440308964166609,NONE,0.0,67562.54775,0.5
2026-04-05 20:35:00+00:00,2026-04-05 20:35:00+00:00,2026-04-05 20:40:00+00:00,2026-04-05 21:10:00+00:00,LONG,LONG,4.25,"['delta_strong_positive', 'cvd_strong_positive', 'aggressive_buyers', 'above_vwap']",67658.7,67489.55325,-48.45214987231296,LOSS,7,30.0,0.13538539759119658,1.586196601471816,-0.9999999999999994,0.5,stop_loss,5.669660652843192,3.896179959286512,4.0087742192068605,3.340118586313972,UP,BUY,3.9705625897697097,False,67100.37907161449,0.004389884854120099,NONE,0.0,67743.273375,0.5
2026-04-05 22:40:00+00:00,2026-04-05 22:40:00+00:00,2026-04-05 22:45:00+00:00,2026-04-05 22:45:00+00:00,LONG,LONG,4.25,"['delta_strong_positive', 'cvd_strong_positive', 'aggressive_buyers', 'above_vwap']",67937.4,68022.32174999999,24.104944561474035,WIN,1,1.0,1.7539676231354675,0.045924630615763094,0.49999999999996514,0.5,take_profit,5.669660652843192,3.6134208646687855,4.014815071153001,3.2390425654713377,UP,BUY,2.180245229800704,False,67175.84479437802,0.005442076007720331,NONE,0.0,68022.32174999999,0.5
2026-04-06 02:10:00+00:00,2026-04-06 02:10:00+00:00,2026-04-06 02:15:00+00:00,2026-04-06 02:15:00+00:00,LONG,LONG,3.75,"['delta_strong_positive', 'cvd_strong_positive', 'aggressive_buyers']",69089.5,69175.861875,24.165206922880053,WIN,1,1.0,1.0525477822245228,0.10421265170539662,0.5000000000000135,0.5,take_profit,5.669660652843192,2.6508495093138507,3.2527075441756206,2.395938966240638,UP,BUY,1.892822672771978,False,69124.38968637296,0.005116125926056841,NONE,0.0,69175.861875,0.5
2026-04-06 06:25:00+00:00,2026-04-06 06:25:00+00:00,2026-04-06 06:30:00+00:00,2026-04-06 06:50:00+00:00,SHORT,SHORT,-4.25,"['delta_strong_negative', 'cvd_strong_negative', 'aggressive_sellers', 'below_vwap']",68813.8,68985.8345,-48.45123988037159,LOSS,5,20.0,0.0511525304517577,1.5444576523894746,-0.9999999999999667,0.5,stop_loss,5.669660652843192,3.184981968549398,-3.6795373696558746,-2.5759541223058666,DOWN,SELL,0.5504484089534865,False,69123.2711957863,-0.004368753637325458,NONE,0.0,68727.78275,0.5
2026-04-06 09:10:00+00:00,2026-04-06 09:10:00+00:00,2026-04-06 09:15:00+00:00,2026-04-06 09:15:00+00:00,LONG,LONG,4.25,"['delta_strong_positive', 'cvd_strong_positive', 'aggressive_buyers', 'above_vwap']",69604.0,69691.005,24.104491840486965,WIN,1,1.0,2.1176943853801506,0.085627262800955,0.5000000000000269,0.5,take_profit,5.669660652843192,4.078511718902898,4.085407324338212,3.279552739768315,UP,BUY,2.682544538304636,False,69140.56247229215,0.006447555532913897,NONE,0.0,69691.005,0.5
2026-04-06 12:35:00+00:00,2026-04-06 12:35:00+00:00,2026-04-06 12:40:00+00:00,2026-04-06 12:55:00+00:00,LONG,LONG,4.25,"['delta_strong_positive', 'cvd_strong_positive', 'aggressive_buyers', 'above_vwap']",69478.2,69304.5045,-48.32950614017423,LOSS,4,15.0,0.2423781848119601,1.123805740505638,-1.0000000000000093,0.5,stop_loss,5.669660652843192,-0.5629137560736488,2.3428562179334493,2.2155643953982826,UP,BUY,2.2540584851905607,False,69344.54931490318,-0.003618492376198156,NONE,0.0,69565.04775,0.5
2026-04-06 14:00:00+00:00,2026-04-06 14:00:00+00:00,2026-04-06 14:05:00+00:00,2026-04-06 14:15:00+00:00,SHORT,SHORT,-4.25,"['delta_strong_negative', 'cvd_strong_negative', 'aggressive_sellers', 'below_vwap']",69164.9,69337.81224999999,-48.087858609471226,LOSS,3,10.0,0.025446433089582603,1.7245741698463333,-0.999999999999965,0.5,stop_loss,5.669660652843192,3.4290388387539323,-3.5422385770646057,-2.5963572899082257,DOWN,SELL,0.6129309608505165,False,69345.18282394327,-0.004951076661694919,NONE,0.0,69078.443875,0.5
2026-04-06 16:10:00+00:00,2026-04-06 16:10:00+00:00,2026-04-06 16:15:00+00:00,2026-04-06 16:30:00+00:00,LONG,LONG,4.25,"['delta_strong_positive', 'cvd_strong_positive', 'aggressive_buyers', 'above_vwap']",70029.4,69854.3265,-47.84741931642517,LOSS,4,15.0,0.14393954539100232,1.258899833498469,-0.999999999999992,0.5,stop_loss,5.669660652843192,0.8838003928678733,2.1951567874072615,2.0339325879802095,UP,BUY,1.9595121840437855,False,69392.77563631041,0.007368166185747489,NONE,0.0,70116.93675,0.5
2026-04-06 17:00:00+00:00,2026-04-06 17:00:00+00:00,2026-04-06 17:05:00+00:00,2026-04-06 17:10:00+00:00,SHORT,SHORT,-3.75,"['delta_strong_negative', 'cvd_strong_negative', 'aggressive_sellers']",69554.9,69467.956375,23.80409110992168,WIN,2,5.0,1.653370215470082,0.45719280740824875,0.49999999999999933,0.5,take_profit,5.669660652843192,2.474393572694791,-2.381402787340276,-2.8590866928874004,DOWN,SELL,0.6237472179440893,False,69436.89604112689,-0.0011134504162534507,NONE,0.0,69467.956375,0.5
2026-04-06 22:50:00+00:00,2026-04-06 22:50:00+00:00,2026-04-06 22:55:00+00:00,2026-04-06 22:55:00+00:00,SHORT,SHORT,-4.25,"['delta_strong_negative', 'cvd_strong_negative', 'aggressive_sellers', 'below_vwap']",68909.1,68822.963625,23.86360133769703,WIN,1,1.0,0.7668072867009194,0.18981527838846876,0.5000000000000108,0.5,take_profit,5.669660652843192,4.057694513297955,-4.039565115007877,-4.0272988488146035,DOWN,SELL,0.4447749708167918,False,69450.3067637741,-0.008190179735985733,NONE,0.0,68822.963625,0.5
2026-04-07 04:45:00+00:00,2026-04-07 04:45:00+00:00,2026-04-07 04:50:00+00:00,2026-04-07 05:00:00+00:00,LONG,LONG,4.25,"['delta_strong_positive', 'cvd_strong_positive', 'aggressive_buyers', 'above_vwap']",68932.2,68759.8695,-47.84652068208051,LOSS,3,10.0,0.0,1.0218736671685584,-0.999999999999979,0.5,stop_loss,5.669660652843192,2.985491320923848,2.716769639212508,2.6987366729581956,UP,BUY,1.9448654601849806,False,68679.64080685608,0.004621911558462298,NONE,0.0,69018.36525,0.5
2026-04-07 08:20:00+00:00,2026-04-07 08:20:00+00:00,2026-04-07 08:25:00+00:00,2026-04-07 08:40:00+00:00,LONG,LONG,4.25,"['delta_strong_positive', 'cvd_strong_positive', 'aggressive_buyers', 'above_vwap']",68822.4,68908.428,23.803644039337136,WIN,4,15.0,0.5765564699865837,0.63002743292878,0.5000000000000332,0.5,take_profit,5.669660652843192,1.6712687793594596,2.2121364852654666,2.675374519890201,UP,BUY,1.883074898255164,False,68662.86353105475,0.002486928266973499,NONE,0.0,68908.428,0.5
2026-04-07 10:05:00+00:00,2026-04-07 10:05:00+00:00,2026-04-07 10:10:00+00:00,2026-04-07 10:10:00+00:00,SHORT,SHORT,-3.75,"['delta_strong_negative', 'cvd_strong_negative', 'aggressive_sellers']",68901.3,68815.173375,23.86315314943512,WIN,1,1.0,0.5091340801987602,0.2577600132362912,0.5000000000000256,0.5,take_profit,5.669660652843192,2.3916028764664126,-2.0275912074215108,-2.259177856600681,DOWN,SELL,0.6036094090965399,False,68739.93939473186,0.00086137842643137,NONE,0.0,68815.173375,0.5
2026-04-07 14:05:00+00:00,2026-04-07 14:05:00+00:00,2026-04-07 14:10:00+00:00,2026-04-07 14:15:00+00:00,SHORT,SHORT,-4.75,"['delta_strong_negative', 'cvd_strong_negative', 'aggressive_sellers', 'big_trade_sell', 'below_vwap']",67834.5,67749.706875,23.922811032306498,WIN,2,5.0,0.5513418688130671,0.7152702533371833,0.49999999999997935,0.5,take_profit,5.669660652843192,3.8116190650677435,-3.7766749959447616,-2.1678233772449804,DOWN,SELL,0.6085554755564038,True,68546.36913112145,-0.007229506428899075,NONE,0.0,67749.706875,0.5
2026-04-07 17:35:00+00:00,2026-04-07 17:35:00+00:00,2026-04-07 17:40:00+00:00,2026-04-07 17:50:00+00:00,LONG,LONG,4.25,"['delta_strong_positive', 'cvd_strong_positive', 'aggressive_buyers', 'above_vwap']",68684.3,68770.155375,23.982618059888022,WIN,3,10.0,0.6464359395087378,0.28652836237682894,0.4999999999999953,0.5,take_profit,5.669660652843192,3.7927146386357555,3.3564818586960437,2.787331950691373,UP,BUY,1.5411802931066916,False,68451.44601746427,0.007982120974555989,NONE,0.0,68770.155375,0.5
2026-04-07 19:45:00+00:00,2026-04-07 19:45:00+00:00,2026-04-07 19:50:00+00:00,2026-04-07 19:50:00+00:00,LONG,LONG,4.25,"['delta_strong_positive', 'cvd_strong_positive', 'aggressive_buyers', 'above_vwap']",68789.1,68875.086375,24.042574605036048,WIN,1,1.0,1.625257489922095,0.0,0.49999999999996003,0.5,take_profit,5.669660652843192,3.9495953883623827,3.220258829600479,2.0402083932046913,UP,BUY,1.557815701594549,False,68466.02044545455,0.004341150597664525,NONE,0.0,68875.086375,0.5
2026-04-08 02:30:00+00:00,2026-04-08 02:30:00+00:00,2026-04-08 02:35:00+00:00,2026-04-08 02:35:00+00:00,SHORT,SHORT,-4.25,"['delta_strong_negative', 'cvd_strong_negative', 'aggressive_sellers', 'below_vwap']",71323.7,71234.545375,24.10268104154937,WIN,1,1.0,0.5703573987328032,0.13571926302195253,0.49999999999997524,0.5,take_profit,5.669660652843192,2.4027141429830357,-3.3836468937412056,-2.4160178196685664,DOWN,SELL,0.36361344374842425,False,71695.32308376573,-0.00558937096484247,NONE,0.0,71234.545375,0.5
2026-04-08 11:50:00+00:00,2026-04-08 11:50:00+00:00,2026-04-08 11:55:00+00:00,2026-04-08 12:10:00+00:00,LONG,LONG,4.25,"['delta_strong_positive', 'cvd_strong_positive', 'aggressive_buyers', 'above_vwap']",71684.2,71773.80524999999,24.162937744152618,WIN,4,15.0,0.7834362383900985,0.24886934638311523,0.49999999999996236,0.5,take_profit,5.669660652843192,2.8846312837155383,2.9381925336973973,2.9489580857796525,UP,BUY,2.5098802427914464,False,71627.87330752659,0.0006948738676329186,NONE,0.0,71773.80524999999,0.5
2026-04-08 13:05:00+00:00,2026-04-08 13:05:00+00:00,2026-04-08 13:10:00+00:00,2026-04-08 13:10:00+00:00,LONG,LONG,4.25,"['delta_strong_positive', 'cvd_strong_positive', 'aggressive_buyers', 'above_vwap']",72604.8,72423.288,-48.4466901770303,LOSS,1,1.0,1.0754109921106985,1.3701573449689117,-1.0000000000000135,0.5,stop_loss,5.669660652843192,4.007753488001548,3.2256933093578635,2.221422800911909,UP,BUY,1.6555784653902228,False,71746.27942195298,0.00946265110182864,NONE,0.0,72695.556,0.5
2026-04-08 21:25:00+00:00,2026-04-08 21:25:00+00:00,2026-04-08 21:30:00+00:00,2026-04-08 22:00:00+00:00,LONG,LONG,3.75,"['delta_strong_positive', 'cvd_strong_positive', 'aggressive_buyers']",71627.2,71448.132,-48.204456726144315,LOSS,7,30.0,0.3925882904818444,1.3190519802532954,-0.9999999999999963,0.5,stop_loss,5.669660652843192,2.0125118280188543,2.5162525138171614,2.3913395286636545,UP,BUY,2.82960054919123,False,71644.96782092818,0.002773031965884692,NONE,0.0,71716.734,0.5
2026-04-09 00:30:00+00:00,2026-04-09 00:30:00+00:00,2026-04-09 00:35:00+00:00,2026-04-09 00:45:00+00:00,SHORT,SHORT,-4.25,"['delta_strong_negative', 'cvd_strong_negative', 'aggressive_sellers', 'below_vwap']",70795.0,70706.50625,23.981717221255305,WIN,3,10.0,0.9209689949855215,0.6740589024648798,0.499999999999967,0.5,take_profit,5.669660652843192,2.359277104654843,-2.9942729682156326,-3.0901720422301806,DOWN,SELL,0.4009670427388428,False,70897.67364761136,-0.005283641870365544,NONE,0.0,70706.50625,0.5
2026-04-09 01:05:00+00:00,2026-04-09 01:05:00+00:00,2026-04-09 01:10:00+00:00,2026-04-09 01:20:00+00:00,SHORT,SHORT,-4.75,"['delta_strong_negative', 'cvd_strong_negative', 'aggressive_sellers', 'big_trade_sell', 'below_vwap']",70553.9,70465.707625,24.041671514309677,WIN,3,10.0,0.7137805280784999,0.5624068974217535,0.4999999999999928,0.5,take_profit,5.669660652843192,3.744876809922543,-3.6636081119571235,-2.8662891151424597,DOWN,SELL,0.38150408590264895,True,70758.23648849108,-0.006595381774719138,NONE,0.0,70465.707625,0.5
2026-04-09 04:45:00+00:00,2026-04-09 04:45:00+00:00,2026-04-09 04:50:00+00:00,2026-04-09 05:20:00+00:00,SHORT,SHORT,-4.25,"['delta_strong_negative', 'cvd_strong_negative', 'aggressive_sellers', 'below_vwap']",70735.5,70912.33875,-48.20355138619033,LOSS,7,30.0,0.39301340910858057,1.1660340281753694,-0.9999999999999738,0.5,stop_loss,5.669660652843192,3.8852569796165355,-3.884904527581503,-2.9928352924785475,DOWN,SELL,0.27356722437569364,False,70822.21550595376,-0.0011628050080760505,NONE,0.0,70647.080625,0.5
2026-04-09 08:40:00+00:00,2026-04-09 08:40:00+00:00,2026-04-09 08:45:00+00:00,2026-04-09 09:00:00+00:00,LONG,LONG,4.25,"['delta_strong_positive', 'cvd_strong_positive', 'aggressive_buyers', 'above_vwap']",71294.2,71115.9645,-47.96253362925936,LOSS,4,15.0,0.26818450869777855,1.1950481245318694,-0.9999999999999731,0.5,stop_loss,5.669660652843192,4.10263056482912,3.6671780197415162,3.398095262572085,UP,BUY,1.7835897172406328,False,70875.22993446978,0.004726568434214515,NONE,0.0,71383.31775,0.5
2026-04-09 13:35:00+00:00,2026-04-09 13:35:00+00:00,2026-04-09 13:40:00+00:00,2026-04-09 13:40:00+00:00,SHORT,SHORT,-4.0,"['delta_strong_negative', 'cvd_strong_negative', 'big_trade_sell', 'below_vwap']",70913.7,70825.057875,23.86136048055677,WIN,1,1.0,0.7710780850526604,0.08630208267233504,0.4999999999999915,0.5,take_profit,5.669660652843192,3.1374674618593708,-2.1738313030284133,-2.4560541006607672,DOWN,SELL,0.7976922130869609,True,70998.72935690044,-0.0038099168734307444,NONE,0.0,70825.057875,0.5
2026-04-09 13:55:00+00:00,2026-04-09 13:55:00+00:00,2026-04-09 14:00:00+00:00,2026-04-09 14:00:00+00:00,SHORT,SHORT,-3.5,"['delta_strong_negative', 'cvd_strong_negative', 'below_vwap']",70765.2,70676.7435,23.92101388175863,WIN,1,1.0,0.5268126141097438,0.1695748757864035,0.5000000000000013,0.5,take_profit,5.669660652843192,2.567210455108169,-2.10023035699924,-2.448764340785914,DOWN,SELL,0.7723019350687156,False,70982.34543691004,-0.004226710264702602,NONE,0.0,70676.7435,0.5
2026-04-09 14:50:00+00:00,2026-04-09 14:50:00+00:00,2026-04-09 14:55:00+00:00,2026-04-09 15:05:00+00:00,LONG,LONG,3.5,"['delta_strong_positive', 'cvd_strong_positive', 'above_vwap']",71119.4,70941.60149999999,-47.96163283292711,LOSS,3,10.0,0.4533221596358002,1.3014732970187837,-1.0000000000000249,0.5,stop_loss,5.669660652843192,2.084269367412686,2.047472841314582,3.059961382221198,UP,BUY,1.418638048277418,False,70958.64925423669,0.0025980235018320157,NONE,0.0,71208.29925,0.5
2026-04-09 15:30:00+00:00,2026-04-09 15:30:00+00:00,2026-04-09 15:35:00+00:00,2026-04-09 15:35:00+00:00,LONG,LONG,4.25,"['delta_strong_positive', 'cvd_strong_positive', 'aggressive_buyers', 'above_vwap']",72185.8,72005.3355,-47.721824668761776,LOSS,1,1.0,0.20059346852149362,2.176605371139492,-1.0000000000000102,0.5,stop_loss,5.669660652843192,3.799164563225656,3.8456764509892656,3.3974404346021245,UP,BUY,2.183854538018839,False,71053.0967054098,0.01464018934997391,NONE,0.0,72276.03225,0.5
2026-04-09 22:15:00+00:00,2026-04-09 22:15:00+00:00,2026-04-09 22:20:00+00:00,2026-04-09 22:25:00+00:00,LONG,LONG,4.25,"['delta_strong_positive', 'cvd_strong_positive', 'aggressive_buyers', 'above_vwap']",72774.0,72592.065,-47.48321554541687,LOSS,2,5.0,0.01648940555692967,1.2400032978811433,-0.9999999999999872,0.5,stop_loss,5.973795539681744,4.0209238261060944,4.236473619819221,4.204760267858465,UP,BUY,2.3216640078067634,False,71566.55782372534,0.006950540551987504,NONE,0.0,72864.9675,0.5
2026-04-10 01:30:00+00:00,2026-04-10 01:30:00+00:00,2026-04-10 01:35:00+00:00,2026-04-10 01:35:00+00:00,LONG,LONG,4.25,"['delta_strong_positive', 'cvd_strong_positive', 'aggressive_buyers', 'above_vwap']",72138.5,72228.673125,23.6228997338455,WIN,1,1.0,1.0673911988743874,0.0654296942686799,0.5000000000000064,0.5,take_profit,5.973795539681744,3.209371285755466,3.1621375619565244,2.521837244310007,UP,BUY,3.0239138438880704,False,71838.51653378448,-0.00015047789432172997,NONE,0.0,72228.673125,0.5
2026-04-10 07:40:00+00:00,2026-04-10 07:40:00+00:00,2026-04-10 07:45:00+00:00,2026-04-10 07:50:00+00:00,SHORT,SHORT,-4.25,"['delta_strong_negative', 'cvd_strong_negative', 'aggressive_sellers', 'below_vwap']",71633.6,71544.058,23.681956983180143,WIN,2,5.0,1.4043688995108439,0.18259587679523065,0.5000000000000071,0.5,take_profit,5.973795539681744,2.880940673762875,-3.9476193881666135,-3.4943926334314486,DOWN,SELL,0.14432813211985368,False,71942.78647470321,-0.003855179715667793,NONE,0.0,71544.058,0.5
2026-04-10 10:50:00+00:00,2026-04-10 10:50:00+00:00,2026-04-10 10:55:00+00:00,2026-04-10 11:00:00+00:00,LONG,LONG,4.25,"['delta_strong_positive', 'cvd_strong_positive', 'aggressive_buyers', 'above_vwap']",71860.8,71950.626,23.741161875638,WIN,2,5.0,0.7598022844165386,0.0005566317102276666,0.5000000000000052,0.5,take_profit,5.973795539681744,3.223064751132579,3.4183334816705218,2.2733324934245114,UP,BUY,2.28602099155218,False,71848.36356519927,0.0029733133988657716,NONE,0.0,71950.626,0.5
2026-04-10 14:10:00+00:00,2026-04-10 14:10:00+00:00,2026-04-10 14:15:00+00:00,2026-04-10 14:15:00+00:00,LONG,LONG,4.25,"['delta_strong_positive', 'cvd_strong_positive', 'aggressive_buyers', 'above_vwap']",72667.3,72758.134125,23.80051478032527,WIN,1,1.0,0.801460904698489,0.42054679339955514,0.49999999999996664,0.5,take_profit,5.973795539681744,2.6439396491541753,2.485224361771228,2.1755339874135493,UP,BUY,1.6645993273705146,False,71992.35929773984,0.006674485036364442,NONE,0.0,72758.134125,0.5
2026-04-10 17:50:00+00:00,2026-04-10 17:50:00+00:00,2026-04-10 17:55:00+00:00,2026-04-10 18:05:00+00:00,LONG,LONG,4.25,"['delta_strong_positive', 'cvd_strong_positive', 'aggressive_buyers', 'above_vwap']",73027.1,72844.53225,-47.720032134555844,LOSS,3,10.0,0.3993038200886749,1.0757650242170849,-1.0000000000000107,0.5,stop_loss,5.973795539681744,2.042738601139226,2.6179495024358572,2.534934786415879,UP,BUY,2.224247064421883,False,72285.02480794558,0.0034651598393678337,NONE,0.0,73118.383875,0.5
2026-04-10 19:55:00+00:00,2026-04-10 19:55:00+00:00,2026-04-10 20:00:00+00:00,2026-04-10 20:30:00+00:00,LONG,LONG,4.25,"['delta_strong_positive', 'cvd_strong_positive', 'aggressive_buyers', 'above_vwap']",73187.4,73278.88424999999,23.740715986939744,WIN,7,30.0,1.4352197236136595,0.595184416989778,0.4999999999999676,0.5,take_profit,5.973795539681744,2.3648756918197695,3.734223442072097,2.950289888996584,UP,BUY,2.485963738778384,False,72340.30950963947,0.0042480367902465324,NONE,0.0,73278.88424999999,0.5
2026-04-10 22:40:00+00:00,2026-04-10 22:40:00+00:00,2026-04-10 22:45:00+00:00,2026-04-11 01:00:00+00:00,SHORT,SHORT,-3.75,"['delta_strong_negative', 'cvd_strong_negative', 'aggressive_sellers']",72821.1,72730.073625,23.80006777690896,WIN,28,135.0,0.5080944945901668,0.5707137079774635,0.500000000000007,0.5,take_profit,5.973795539681744,3.3648983072851815,-3.18813721749182,-2.3048602964629388,DOWN,SELL,0.5665425391991004,False,72415.81093301973,-0.0037008144097491844,NONE,0.0,72730.073625,0.5
2026-04-11 01:15:00+00:00,2026-04-11 01:15:00+00:00,2026-04-11 01:20:00+00:00,2026-04-11 01:30:00+00:00,SHORT,SHORT,-4.25,"['delta_strong_negative', 'cvd_strong_negative', 'aggressive_sellers', 'below_vwap']",72700.0,72881.75,-47.71913589270179,LOSS,3,10.0,0.14415405777164836,1.1609353507565336,-1.0,0.5,stop_loss,5.973795539681744,4.080757585401009,-4.094116194582062,-3.278535958083753,DOWN,SELL,0.38491178865570297,False,72771.8229606035,-0.0024963844358663794,NONE,0.0,72609.125,0.5
2026-04-11 06:30:00+00:00,2026-04-11 06:30:00+00:00,2026-04-11 06:35:00+00:00,2026-04-11 06:55:00+00:00,LONG,LONG,3.75,"['delta_strong_positive', 'cvd_strong_positive', 'aggressive_buyers']",72646.4,72737.208,23.740270106620336,WIN,5,20.0,0.504360849264414,0.0005506122808082375,0.5000000000000251,0.5,take_profit,5.973795539681744,0.6715620878195752,2.057788744963239,2.0882511820332916,UP,BUY,4.374330218068536,False,72800.13172469707,-0.0017409622560992863,NONE,0.0,72737.208,0.5
2026-04-11 12:00:00+00:00,2026-04-11 12:00:00+00:00,2026-04-11 12:05:00+00:00,2026-04-11 13:10:00+00:00,LONG,LONG,4.25,"['delta_strong_positive', 'cvd_strong_positive', 'aggressive_buyers', 'above_vwap']",72881.3,72699.09675,-47.59924156377294,LOSS,14,65.0,0.34960957063058473,2.3567087853812088,-1.0000000000000326,0.5,stop_loss,5.973795539681744,2.997692522882648,2.1148141185706395,2.504961050843206,UP,BUY,2.0781743362932734,False,72779.22347479852,0.0016529082844996617,NONE,0.0,72972.401625,0.5
2026-04-11 16:40:00+00:00,2026-04-11 16:40:00+00:00,2026-04-11 16:45:00+00:00,2026-04-11 18:20:00+00:00,LONG,LONG,4.25,"['delta_strong_positive', 'cvd_strong_positive', 'aggressive_buyers', 'above_vwap']",73074.1,73165.44262500001,23.680622677977496,WIN,20,95.0,0.7641558363359453,0.9524578475821117,0.5000000000000261,0.5,take_profit,5.973795539681744,4.005377861504576,3.959638554268159,3.646530413646793,UP,BUY,2.1795361408621075,False,72770.07180313669,0.004570935848130239,NONE,0.0,73165.44262500001,0.5
2026-04-11 18:35:00+00:00,2026-04-11 18:35:00+00:00,2026-04-11 18:40:00+00:00,2026-04-11 19:05:00+00:00,LONG,LONG,4.75,"['delta_strong_positive', 'cvd_strong_positive', 'aggressive_buyers', 'big_trade_buy', 'above_vwap']",73537.6,73629.52200000001,23.739824234672735,WIN,6,25.0,1.2826091686429164,0.8169970192120037,0.5000000000000322,0.5,take_profit,5.973795539681744,4.188858650988105,4.167752626382053,3.867532851335631,UP,BUY,2.051730799662043,True,72872.59076499373,0.005443808675236106,NONE,0.0,73629.52200000001,0.5
2026-04-11 22:30:00+00:00,2026-04-11 22:30:00+00:00,2026-04-11 22:35:00+00:00,2026-04-11 23:00:00+00:00,SHORT,SHORT,-3.75,"['delta_strong_negative', 'cvd_strong_negative', 'aggressive_sellers']",73272.5,73180.909375,23.799173795257133,WIN,6,25.0,1.2228325770241222,0.45692449418265835,0.4999999999999841,0.5,take_profit,5.973795539681744,3.5699449050730587,-3.072979542040922,-2.6942374371904267,DOWN,SELL,0.4051114071180539,False,73007.33898659727,-0.0027665382596263723,NONE,0.0,73180.909375,0.5
2026-04-12 01:30:00+00:00,2026-04-12 01:30:00+00:00,2026-04-12 01:35:00+00:00,2026-04-12 01:35:00+00:00,SHORT,SHORT,-4.25,"['delta_strong_negative', 'cvd_strong_negative', 'aggressive_sellers', 'below_vwap']",72557.4,72466.70324999999,23.85867172974677,WIN,1,1.0,3.4422402125764937,0.09757791762114763,0.5000000000000154,0.5,take_profit,5.973795539681744,4.080941480965302,-3.9402371891521137,-3.3969917081437355,DOWN,SELL,0.37884129453694815,False,72886.6966001056,-0.007009301032780829,NONE,0.0,72466.70324999999,0.5
2026-04-12 12:50:00+00:00,2026-04-12 12:50:00+00:00,2026-04-12 12:55:00+00:00,2026-04-12 12:55:00+00:00,SHORT,SHORT,-4.75,"['delta_strong_negative', 'cvd_strong_negative', 'aggressive_sellers', 'big_trade_sell', 'below_vwap']",71117.4,71028.50325,23.91831840907037,WIN,1,1.0,0.5000182796333622,0.40777643727132884,0.49999999999999933,0.5,take_profit,5.973795539681744,4.200329186458657,-4.144979362299941,-3.6649218137834647,DOWN,SELL,0.452306536388772,True,71737.2403173161,-0.0034082798887225653,NONE,0.0,71028.50325,0.5
2026-04-12 17:50:00+00:00,2026-04-12 17:50:00+00:00,2026-04-12 17:55:00+00:00,2026-04-12 18:15:00+00:00,LONG,LONG,3.75,"['delta_strong_positive', 'cvd_strong_positive', 'aggressive_buyers']",71078.8,71167.6485,23.978114205091128,WIN,5,20.0,0.5543143665903195,0.38717592306005677,0.4999999999999594,0.5,take_profit,5.973795539681744,4.08890763201718,3.789987434432106,3.394771804448037,UP,BUY,1.7154555344531925,False,71471.15739592702,0.0032839988187551,NONE,0.0,71167.6485,0.5
2026-04-12 19:55:00+00:00,2026-04-12 19:55:00+00:00,2026-04-12 20:00:00+00:00,2026-04-12 20:10:00+00:00,SHORT,SHORT,-4.25,"['delta_strong_negative', 'cvd_strong_negative', 'aggressive_sellers', 'below_vwap']",71055.2,70966.381,24.03805949060666,WIN,3,10.0,0.5753273511298094,0.103581440907963,0.5000000000000177,0.5,take_profit,5.973795539681744,0.9558869963008246,-3.0764921749617318,-2.4114042921141623,DOWN,SELL,0.2048294431066194,False,71453.41876431415,0.0006530336077130445,NONE,0.0,70966.381,0.5
2026-04-12 20:40:00+00:00,2026-04-12 20:40:00+00:00,2026-04-12 20:45:00+00:00,2026-04-12 21:00:00+00:00,LONG,LONG,3.75,"['delta_strong_positive', 'cvd_strong_positive', 'aggressive_buyers']",71284.0,71373.105,24.09815463933122,WIN,4,15.0,0.7850288984905122,0.5448628023119119,0.49999999999997713,0.5,take_profit,5.973795539681744,3.9722110040185004,4.028369437695123,3.5659032551250056,UP,BUY,2.6550855095954105,False,71442.47409884712,0.0029957963873134385,NONE,0.0,71373.105,0.5
2026-04-12 22:00:00+00:00,2026-04-12 22:00:00+00:00,2026-04-12 22:05:00+00:00,2026-04-12 22:05:00+00:00,SHORT,SHORT,-4.25,"['delta_strong_negative', 'cvd_strong_negative', 'aggressive_sellers', 'below_vwap']",70729.2,70906.023,-48.31680005186238,LOSS,1,1.0,0.12045944249335726,1.3425855233765331,-1.0000000000000224,0.5,stop_loss,5.973795539681744,3.9508077421895176,-3.713075251448584,-2.838507823002461,DOWN,SELL,0.5089953564777746,False,71416.05429215537,-0.005054192381244219,NONE,0.0,70640.7885,0.5
2026-04-13 11:40:00+00:00,2026-04-13 11:40:00+00:00,2026-04-13 11:45:00+00:00,2026-04-13 12:05:00+00:00,LONG,LONG,4.25,"['delta_strong_positive', 'cvd_strong_positive', 'aggressive_buyers', 'above_vwap']",70898.5,70987.123125,24.037608025800523,WIN,5,20.0,0.8457160588728629,0.5551598411813744,0.4999999999999902,0.5,take_profit,5.973795539681744,2.5536855299142234,2.9301716805108677,2.616384774879707,UP,BUY,2.31393475916355,False,70883.37129166648,0.002410083580925626,NONE,0.0,70987.123125,0.5
2026-04-13 12:50:00+00:00,2026-04-13 12:50:00+00:00,2026-04-13 12:55:00+00:00,2026-04-13 13:35:00+00:00,LONG,LONG,4.25,"['delta_strong_positive', 'cvd_strong_positive', 'aggressive_buyers', 'above_vwap']",71172.5,70994.56875,-48.19540409172942,LOSS,9,40.0,0.3484491903473954,2.2059081808282692,-0.9999999999999672,0.5,stop_loss,5.973795539681744,3.1865980547157555,2.8263723706688877,2.1580897049497234,UP,BUY,2.4709174450135585,False,70888.7671479481,0.0047855678613352125,NONE,0.0,71261.465625,0.5
2026-04-13 13:50:00+00:00,2026-04-13 13:50:00+00:00,2026-04-13 13:55:00+00:00,2026-04-13 13:55:00+00:00,SHORT,SHORT,-3.75,"['delta_strong_negative', 'cvd_strong_negative', 'aggressive_sellers']",71442.0,71620.605,-47.954427071271255,LOSS,1,1.0,0.23571568545116778,1.0475630581451014,-0.9999999999999771,0.5,stop_loss,5.973795539681744,2.593919926070273,-3.049361663193919,-3.0239313082874832,DOWN,SELL,0.5388031279061687,False,70986.84530597704,0.00484302813434965,NONE,0.0,71352.6975,0.5
2026-04-13 17:30:00+00:00,2026-04-13 17:30:00+00:00,2026-04-13 17:35:00+00:00,2026-04-13 17:50:00+00:00,LONG,LONG,4.25,"['delta_strong_positive', 'cvd_strong_positive', 'aggressive_buyers', 'above_vwap']",72435.9,72254.81025,-47.71465493591579,LOSS,4,15.0,0.077861944146512,2.1127645269817386,-0.9999999999999957,0.5,stop_loss,5.973795539681744,2.5963702914855715,3.253555374553534,2.9993283557289914,UP,BUY,2.220843266174902,False,71458.7837900502,0.008271371794633917,NONE,0.0,72526.444875,0.5
2026-04-13 19:30:00+00:00,2026-04-13 19:30:00+00:00,2026-04-13 19:35:00+00:00,2026-04-13 19:45:00+00:00,LONG,LONG,4.25,"['delta_strong_positive', 'cvd_strong_positive', 'aggressive_buyers', 'above_vwap']",73061.9,73153.22737499999,23.73804083061652,WIN,3,10.0,1.1721567602266343,0.7818028274654143,0.49999999999996436,0.5,take_profit,5.973795539681744,3.321698365273156,3.2489613384264033,2.7089628776468784,UP,BUY,1.9427008603709934,False,71631.23192604083,0.010497783240242612,NONE,0.0,73153.22737499999,0.5
2026-04-13 22:10:00+00:00,2026-04-13 22:10:00+00:00,2026-04-13 22:15:00+00:00,2026-04-13 22:15:00+00:00,LONG,LONG,4.25,"['delta_strong_positive', 'cvd_strong_positive', 'aggressive_buyers', 'above_vwap']",73720.4,73812.5505,23.79738593269563,WIN,1,1.0,3.991296845920564,0.009766631759938136,0.5000000000000183,0.5,take_profit,5.973795539681744,3.6738945107640513,4.019645314232935,3.9988010986232223,UP,BUY,3.0903189007261425,False,71925.60646936405,0.009793076965658596,NONE,0.0,73812.5505,0.5
2026-04-14 06:50:00+00:00,2026-04-14 06:50:00+00:00,2026-04-14 06:55:00+00:00,2026-04-14 07:00:00+00:00,LONG,LONG,4.25,"['delta_strong_positive', 'cvd_strong_positive', 'aggressive_buyers', 'above_vwap']",74464.8,74557.88100000001,23.856879397527923,WIN,2,5.0,0.6080725389714178,0.37171925527227406,0.50000000000003,0.5,take_profit,5.973795539681744,0.8865254587492236,2.311922812849809,2.6163351569118527,UP,BUY,2.5299983714759215,False,74302.15511186935,0.0018051988733088758,NONE,0.0,74557.88100000001,0.5
2026-04-14 13:00:00+00:00,2026-04-14 13:00:00+00:00,2026-04-14 13:05:00+00:00,2026-04-14 13:20:00+00:00,LONG,LONG,4.25,"['delta_strong_positive', 'cvd_strong_positive', 'aggressive_buyers', 'above_vwap']",74554.3,74647.492875,23.916521596018608,WIN,4,15.0,0.7811755995294236,0.3975625819034224,0.49999999999996436,0.5,take_profit,5.973795539681744,2.9597606159613528,2.8089161919914867,2.015442806683589,UP,BUY,2.046514867730601,False,74419.95379019435,0.0016726926630647211,NONE,0.0,74647.492875,0.5
2026-04-14 13:40:00+00:00,2026-04-14 13:40:00+00:00,2026-04-14 13:45:00+00:00,2026-04-14 13:45:00+00:00,LONG,LONG,4.25,"['delta_strong_positive', 'cvd_strong_positive', 'aggressive_buyers', 'above_vwap']",75136.0,75229.92,23.976312900009912,WIN,1,1.0,1.21912265758092,0.7394591141396624,0.49999999999999073,0.5,take_profit,5.973795539681744,3.613035027364734,3.1884780214572994,3.3459859557427123,UP,BUY,1.6289393439273196,False,74485.28942351446,0.007426730214496211,NONE,0.0,75229.92,0.5
2026-04-14 15:05:00+00:00,2026-04-14 15:05:00+00:00,2026-04-14 15:10:00+00:00,2026-04-14 15:10:00+00:00,SHORT,SHORT,-4.25,"['delta_strong_negative', 'cvd_strong_negative', 'aggressive_sellers', 'below_vwap']",74648.8,74555.489,24.03625368226077,WIN,1,1.0,0.5856758581517876,0.8975361961612243,0.5000000000000081,0.5,take_profit,5.973795539681744,0.6787094163232015,-2.12288557253326,-2.4704909568413718,DOWN,SELL,0.6264403333020577,False,74833.47512755037,-0.0065135822694670055,NONE,0.0,74555.489,0.5
2026-04-14 18:45:00+00:00,2026-04-14 18:45:00+00:00,2026-04-14 18:50:00+00:00,2026-04-14 18:50:00+00:00,SHORT,SHORT,-4.25,"['delta_strong_negative', 'cvd_strong_negative', 'aggressive_sellers', 'below_vwap']",73811.0,73995.5275,-48.19268863293116,LOSS,1,1.0,0.1154299494655426,1.5672460744333343,-0.9999999999999811,0.5,stop_loss,5.973795539681744,3.191833700687279,-3.055144432779221,-2.623059144927702,DOWN,SELL,0.5759059116116909,False,74815.17000841431,-0.013147410486777115,NONE,0.0,73718.73625,0.5
2026-04-14 21:35:00+00:00,2026-04-14 21:35:00+00:00,2026-04-14 21:40:00+00:00,2026-04-14 21:40:00+00:00,SHORT,SHORT,-4.25,"['delta_strong_negative', 'cvd_strong_negative', 'aggressive_sellers', 'below_vwap']",74003.1,73910.59612500001,23.97586259488238,WIN,1,1.0,0.5367342719426775,0.07026732663901918,0.4999999999999723,0.5,take_profit,5.973795539681744,0.913282807112234,-2.429296816135718,-2.117564331234121,DOWN,SELL,0.3241325576563474,False,74755.77172233407,-0.0024851980534095065,NONE,0.0,73910.59612500001,0.5
2026-04-15 00:00:00+00:00,2026-04-15 00:00:00+00:00,2026-04-15 00:05:00+00:00,2026-04-15 00:05:00+00:00,LONG,LONG,4.25,"['delta_strong_positive', 'cvd_strong_positive', 'aggressive_buyers', 'above_vwap']",74502.6,74595.72825,24.035802251369436,WIN,1,1.0,0.7108476751146626,0.42307248337643466,0.4999999999999693,0.5,take_profit,5.973795539681744,3.4589119036757587,3.456047347770075,2.803832613117072,UP,BUY,2.035433915623232,False,74392.09999999999,0.005055031717790748,NONE,0.0,74595.72825,0.5
2026-04-15 02:25:00+00:00,2026-04-15 02:25:00+00:00,2026-04-15 02:30:00+00:00,2026-04-15 02:30:00+00:00,SHORT,SHORT,-4.25,"['delta_strong_negative', 'cvd_strong_negative', 'aggressive_sellers', 'below_vwap']",74311.4,74218.51075,24.095891756997496,WIN,1,1.0,0.8687765268854802,0.0371410039375317,0.4999999999999618,0.5,take_profit,5.973795539681744,1.775902818193273,-2.2073204409256877,-2.5384390746005443,DOWN,SELL,0.6479006813578049,False,74511.71596679934,-0.0005789851335088198,NONE,0.0,74218.51075,0.5
2026-04-15 07:15:00+00:00,2026-04-15 07:15:00+00:00,2026-04-15 07:20:00+00:00,2026-04-15 07:45:00+00:00,SHORT,SHORT,-4.25,"['delta_strong_negative', 'cvd_strong_negative', 'aggressive_sellers', 'below_vwap']",73604.8,73512.79400000001,24.15613148639024,WIN,6,25.0,0.8466839119188038,0.7836445449209676,0.49999999999996714,0.5,take_profit,5.973795539681744,4.058471651032019,-4.063580327112818,-3.139823556059211,DOWN,SELL,0.4720721759130704,False,74220.00544745046,-0.00529081182914909,NONE,0.0,73512.79400000001,0.5
2026-04-15 12:35:00+00:00,2026-04-15 12:35:00+00:00,2026-04-15 12:40:00+00:00,2026-04-15 13:00:00+00:00,LONG,LONG,4.25,"['delta_strong_positive', 'cvd_strong_positive', 'aggressive_buyers', 'above_vwap']",74408.0,74221.98,-48.433043630216666,LOSS,5,20.0,0.05053220083858821,1.4944629609719384,-1.0000000000000218,0.5,stop_loss,5.973795539681744,3.247540657077368,3.795193871386495,2.6590963281759223,UP,BUY,1.8753726546952556,False,74087.56509357934,0.004894301726044211,NONE,0.0,74501.01,0.5
2026-04-15 15:30:00+00:00,2026-04-15 15:30:00+00:00,2026-04-15 15:35:00+00:00,2026-04-15 15:40:00+00:00,SHORT,SHORT,-4.75,"['delta_strong_negative', 'cvd_strong_negative', 'aggressive_sellers', 'big_trade_sell', 'below_vwap']",73613.3,73797.33325,-48.190878412062716,LOSS,2,5.0,0.02825576356444876,1.4464777424731514,-0.9999999999999626,0.5,stop_loss,5.973795539681744,3.917482232555148,-3.5708959881933313,-2.836199591813706,DOWN,SELL,0.5966492154314451,True,74076.90611970777,-0.00625931176352784,NONE,0.0,73521.283375,0.5
2026-04-15 19:00:00+00:00,2026-04-15 19:00:00+00:00,2026-04-15 19:05:00+00:00,2026-04-15 19:05:00+00:00,LONG,LONG,4.25,"['delta_strong_positive', 'cvd_strong_positive', 'aggressive_buyers', 'above_vwap']",74405.3,74498.306625,23.974962010000695,WIN,1,1.0,1.3273248007870093,0.0,0.4999999999999706,0.5,take_profit,5.973795539681744,2.5657044106623856,2.2949857337085398,2.6069161401835954,UP,BUY,1.819202504700856,False,74069.42017350461,0.005702558691622126,NONE,0.0,74498.306625,0.5
2026-04-15 19:35:00+00:00,2026-04-15 19:35:00+00:00,2026-04-15 19:40:00+00:00,2026-04-15 19:45:00+00:00,LONG,LONG,4.25,"['delta_strong_positive', 'cvd_strong_positive', 'aggressive_buyers', 'above_vwap']",75093.0,74905.2675,-48.06979883005377,LOSS,2,5.0,0.03728709733264086,1.1207436112553455,-0.9999999999999907,0.5,stop_loss,5.973795539681744,3.1641131426698634,2.4153341799413575,2.512954188104289,UP,BUY,1.6982198839192408,False,74127.02500385701,0.010439064115624095,NONE,0.0,75186.86625,0.5
2026-04-15 22:05:00+00:00,2026-04-15 22:05:00+00:00,2026-04-15 22:10:00+00:00,2026-04-15 22:15:00+00:00,LONG,LONG,4.25,"['delta_strong_positive', 'cvd_strong_positive', 'aggressive_buyers', 'above_vwap']",75098.6,74910.85350000001,-47.829449835902366,LOSS,2,5.0,0.06551387109740185,1.277254169851384,-0.9999999999999669,0.5,stop_loss,5.973795539681744,2.511717161142805,3.091183675835752,2.034694805232983,UP,BUY,1.879166456938642,False,74203.35021017372,0.004844462568226741,NONE,0.0,75192.47325000001,0.5
2026-04-15 22:35:00+00:00,2026-04-15 22:35:00+00:00,2026-04-15 22:40:00+00:00,2026-04-15 22:40:00+00:00,LONG,LONG,4.25,"['delta_strong_positive', 'cvd_strong_positive', 'aggressive_buyers', 'above_vwap']",75251.1,75062.97225,-47.590302586724334,LOSS,1,1.0,0.16106076854684306,1.2475565141241078,-0.9999999999999981,0.5,stop_loss,5.973795539681744,3.914033682958246,4.1142887191200606,3.429511461135742,UP,BUY,3.701622839102144,False,74231.2593096127,0.005842133675901849,NONE,0.0,75345.16387500001,0.5
2026-04-16 02:30:00+00:00,2026-04-16 02:30:00+00:00,2026-04-16 02:35:00+00:00,2026-04-16 02:35:00+00:00,LONG,LONG,3.5,"['delta_strong_positive', 'cvd_strong_positive', 'above_vwap']",74912.5,75006.140625,23.676175536895403,WIN,1,1.0,0.7053562489571478,0.10892708159516332,0.5,0.5,take_profit,5.973795539681744,3.2928038736646013,2.085375544987341,2.863684272741235,UP,BUY,1.3929772457278626,False,74669.50321168525,0.0014969133506052593,NONE,0.0,75006.140625,0.5
2026-04-16 04:30:00+00:00,2026-04-16 04:30:00+00:00,2026-04-16 04:35:00+00:00,2026-04-16 04:40:00+00:00,LONG,LONG,4.75,"['delta_strong_positive', 'cvd_strong_positive', 'aggressive_buyers', 'big_trade_buy', 'above_vwap']",74915.7,75009.344625,23.735365975737842,WIN,2,5.0,1.1442194359793896,0.0,0.5000000000000042,0.5,take_profit,5.973795539681744,2.8441879241827115,3.95045590104121,2.9527619623158348,UP,BUY,5.775731752920779,True,74804.41598710342,0.0009166393792350735,NONE,0.0,75009.344625,0.5
2026-04-16 06:40:00+00:00,2026-04-16 06:40:00+00:00,2026-04-16 06:45:00+00:00,2026-04-16 07:25:00+00:00,SHORT,SHORT,-3.75,"['delta_strong_negative', 'cvd_strong_negative', 'aggressive_sellers']",74907.3,74813.665875,23.794704390676184,WIN,9,40.0,0.525449455527078,0.7032692407815905,0.4999999999999832,0.5,take_profit,5.973795539681744,3.7998328836428388,-3.8035922232547894,-2.671982744803054,DOWN,SELL,0.28872161863248974,False,74857.37268772245,-0.0004050179818364564,NONE,0.0,74813.665875,0.5
2026-04-16 10:05:00+00:00,2026-04-16 10:05:00+00:00,2026-04-16 10:10:00+00:00,2026-04-16 10:10:00+00:00,SHORT,SHORT,-4.25,"['delta_strong_negative', 'cvd_strong_negative', 'aggressive_sellers', 'below_vwap']",74516.0,74422.855,23.85419115165472,WIN,1,1.0,0.9447635407160878,0.0005367974663472048,0.5000000000000219,0.5,take_profit,5.973795539681744,3.993317201470308,-3.427001456468352,-2.0706749680832823,DOWN,SELL,0.553688503885376,False,74794.12196849883,-0.0024433733914586806,NONE,0.0,74422.855,0.5
2026-04-16 13:50:00+00:00,2026-04-16 13:50:00+00:00,2026-04-16 13:55:00+00:00,2026-04-16 13:55:00+00:00,SHORT,SHORT,-4.25,"['delta_strong_negative', 'cvd_strong_negative', 'aggressive_sellers', 'below_vwap']",73377.7,73561.14425,-47.82765325906575,LOSS,1,1.0,0.6590558166854191,2.100365642422714,-1.0000000000000024,0.5,stop_loss,5.973795539681744,4.191646793651121,-4.194701997437587,-4.112682477930617,DOWN,SELL,0.5044264266566197,False,74593.51782079715,-0.012795723951427335,NONE,0.0,73285.977875,0.5
2026-04-16 18:50:00+00:00,2026-04-16 18:50:00+00:00,2026-04-16 18:55:00+00:00,2026-04-16 18:55:00+00:00,LONG,LONG,4.25,"['delta_strong_positive', 'cvd_strong_positive', 'aggressive_buyers', 'above_vwap']",74849.9,74943.46237499999,23.794257496383644,WIN,1,1.0,1.1457597137738795,0.0,0.49999999999996836,0.5,take_profit,5.973795539681744,3.792244633571854,3.8725665942433722,3.6784240581604437,UP,BUY,2.092152710137989,False,74390.88621954198,0.0061037242601638345,NONE,0.0,74943.46237499999,0.5
2026-04-16 23:30:00+00:00,2026-04-16 23:30:00+00:00,2026-04-16 23:35:00+00:00,2026-04-17 00:05:00+00:00,SHORT,SHORT,-3.75,"['delta_strong_negative', 'cvd_strong_negative', 'aggressive_sellers']",75006.6,74912.84175,23.853743140125843,WIN,7,30.0,0.5684833068023657,0.7599331258849221,0.4999999999999944,0.5,take_profit,5.973795539681744,0.6295005036470674,-2.1151385873572623,-2.011645837182241,DOWN,SELL,0.4498431349572017,False,74493.40067054002,-0.0012618102659337454,NONE,0.0,74912.84175,0.5
2026-04-17 00:20:00+00:00,2026-04-17 00:20:00+00:00,2026-04-17 00:25:00+00:00,2026-04-17 00:30:00+00:00,SHORT,SHORT,-4.75,"['delta_strong_negative', 'cvd_strong_negative', 'aggressive_sellers', 'big_trade_sell', 'below_vwap']",74870.2,75057.3755,-47.82675499595222,LOSS,2,5.0,0.11646823435761043,1.094160293414485,-0.9999999999999869,0.5,stop_loss,5.973795539681744,2.4215301058381886,-3.1462584315078352,-3.3482957537089373,DOWN,SELL,0.25398831898948326,True,74955.79416121845,-0.0015215697925283417,NONE,0.0,74776.61224999999,0.5
2026-04-17 07:05:00+00:00,2026-04-17 07:05:00+00:00,2026-04-17 07:10:00+00:00,2026-04-17 08:30:00+00:00,LONG,LONG,4.25,"['delta_strong_positive', 'cvd_strong_positive', 'aggressive_buyers', 'above_vwap']",75049.9,75143.71237499999,23.793810610485036,WIN,17,80.0,1.6261180894311964,0.812259576628319,0.4999999999999684,0.5,take_profit,5.973795539681744,2.764143125263527,2.7585446906336997,2.8139939583798297,UP,BUY,2.072008841963886,False,74738.86239006225,0.004296219303645589,NONE,0.0,75143.71237499999,0.5
2026-04-17 08:45:00+00:00,2026-04-17 08:45:00+00:00,2026-04-17 08:50:00+00:00,2026-04-17 08:50:00+00:00,LONG,LONG,4.25,"['delta_strong_positive', 'cvd_strong_positive', 'aggressive_buyers', 'above_vwap']",75506.7,75601.083375,23.853295137013983,WIN,1,1.0,1.3153799596592244,0.3898991745102952,0.5000000000000259,0.5,take_profit,5.973795539681744,3.5689162108007224,2.7196415395093325,2.986417767303219,UP,BUY,1.6910044102773885,False,74899.29170534661,0.006394387646347832,NONE,0.0,75601.083375,0.5
2026-04-17 13:00:00+00:00,2026-04-17 13:00:00+00:00,2026-04-17 13:05:00+00:00,2026-04-17 13:05:00+00:00,LONG,LONG,3.5,"['delta_strong_positive', 'cvd_strong_positive', 'above_vwap']",76139.9,76235.07487499999,23.912928374854527,WIN,1,1.0,2.6745503999874223,0.3729976004696618,0.4999999999999841,0.5,take_profit,5.973795539681744,2.7678747997583937,2.681920597905135,3.3096127939962847,UP,BUY,1.3722191509826864,False,75430.00803515392,0.005508459853857316,NONE,0.0,76235.07487499999,0.5
2026-04-17 16:20:00+00:00,2026-04-17 16:20:00+00:00,2026-04-17 16:25:00+00:00,2026-04-17 16:30:00+00:00,LONG,LONG,4.25,"['delta_strong_positive', 'cvd_strong_positive', 'aggressive_buyers', 'above_vwap']",78103.2,78200.829,23.972710695792625,WIN,2,5.0,0.6493972077968785,0.6960022124573343,0.5000000000000041,0.5,take_profit,5.973795539681744,3.517493028990294,3.7907879895326975,2.4829779704263992,UP,BUY,2.2194469712596843,False,76365.11626560273,0.013111609231571597,NONE,0.0,78200.829,0.5
2026-04-17 22:15:00+00:00,2026-04-17 22:15:00+00:00,2026-04-17 22:20:00+00:00,2026-04-17 23:00:00+00:00,SHORT,SHORT,-3.75,"['delta_strong_negative', 'cvd_strong_negative', 'aggressive_sellers']",77316.8,77220.15400000001,24.032642472530256,WIN,9,40.0,0.6016803592492338,0.6409991101545547,0.49999999999996564,0.5,take_profit,5.973795539681744,3.0641006014536587,-2.3369727874053585,-2.2322796374662484,DOWN,SELL,0.6335641689196027,False,76533.1293371448,0.0005127773848176617,NONE,0.0,77220.15400000001,0.5
2026-04-17 23:15:00+00:00,2026-04-17 23:15:00+00:00,2026-04-17 23:20:00+00:00,2026-04-17 23:30:00+00:00,SHORT,SHORT,-3.75,"['delta_strong_negative', 'cvd_strong_negative', 'aggressive_sellers']",76882.8,77075.007,-48.18544815742518,LOSS,3,10.0,0.13423028297618145,1.0982950672971912,-0.9999999999999734,0.5,stop_loss,5.973795539681744,3.718858625818386,-3.898319834390288,-2.462234914383764,DOWN,SELL,0.4573364651892696,False,76542.60190707214,-0.0053567846344840025,NONE,0.0,76786.6965,0.5
2026-04-18 04:35:00+00:00,2026-04-18 04:35:00+00:00,2026-04-18 04:40:00+00:00,2026-04-18 04:55:00+00:00,LONG,LONG,4.25,"['delta_strong_positive', 'cvd_strong_positive', 'aggressive_buyers', 'big_trade_buy']",77004.5,77100.755625,23.97226045832097,WIN,4,15.0,0.6612600562304951,0.3620567629164378,0.5000000000000271,0.5,take_profit,5.973795539681744,2.2243837533843807,3.836085184804595,2.7268847933412896,UP,BUY,8.990193730186686,True,77108.02785645892,-0.0014110168945378344,NONE,0.0,77100.755625,0.5
2026-04-18 07:50:00+00:00,2026-04-18 07:50:00+00:00,2026-04-18 07:55:00+00:00,2026-04-18 08:10:00+00:00,SHORT,SHORT,-4.25,"['delta_strong_negative', 'cvd_strong_negative', 'aggressive_sellers', 'below_vwap']",76905.2,76809.0685,24.032191109466257,WIN,4,15.0,0.83843485225965,0.5149196673306876,0.5000000000000163,0.5,take_profit,5.973795539681744,3.120187513693405,-2.8349909125939714,-3.0389978523438272,DOWN,SELL,0.5438708978106347,False,77083.10025248145,-0.0014864154113829289,NONE,0.0,76809.0685,0.5
2026-04-18 16:15:00+00:00,2026-04-18 16:15:00+00:00,2026-04-18 16:20:00+00:00,2026-04-18 16:50:00+00:00,SHORT,SHORT,-4.75,"['delta_strong_negative', 'cvd_strong_negative', 'aggressive_sellers', 'big_trade_sell', 'below_vwap']",75932.3,75837.384625,24.09227158723834,WIN,7,30.0,0.6595348751453444,0.848650705957761,0.4999999999999834,0.5,take_profit,5.973795539681744,4.151141035702818,-4.120942385702285,-3.4275659635710225,DOWN,SELL,0.470295718409782,True,76448.9022256659,-0.0014322715670292599,NONE,0.0,75837.384625,0.5
2026-04-18 18:15:00+00:00,2026-04-18 18:15:00+00:00,2026-04-18 18:20:00+00:00,2026-04-18 18:35:00+00:00,SHORT,SHORT,-4.25,"['delta_strong_negative', 'cvd_strong_negative', 'aggressive_sellers', 'below_vwap']",75576.3,75481.829625,24.152502266208366,WIN,4,15.0,0.5012153280856411,0.4197082947961353,0.5000000000000234,0.5,take_profit,5.973795539681744,2.9869899200902448,-3.6199773515573006,-3.569371714939128,DOWN,SELL,0.3241580739378096,False,76386.99488730919,-0.004828807206367771,NONE,0.0,75481.829625,0.5
2026-04-18 21:10:00+00:00,2026-04-18 21:10:00+00:00,2026-04-18 21:15:00+00:00,2026-04-18 21:15:00+00:00,SHORT,SHORT,-4.25,"['delta_strong_negative', 'cvd_strong_negative', 'aggressive_sellers', 'below_vwap']",75676.7,75582.104125,24.21288352187252,WIN,1,1.0,0.5597495662469119,0.16438348923780147,0.49999999999999506,0.5,take_profit,5.973795539681744,1.2697286165094568,-2.5118262755040686,-2.299842774712738,DOWN,SELL,0.3695882102015415,False,76303.55289696323,0.00042263222777006983,NONE,0.0,75582.104125,0.5
2026-04-19 00:20:00+00:00,2026-04-19 00:20:00+00:00,2026-04-19 00:25:00+00:00,2026-04-19 01:00:00+00:00,SHORT,SHORT,-3.5,"['delta_strong_negative', 'cvd_strong_negative', 'below_vwap']",75553.3,75742.18325,-48.5468314613546,LOSS,8,35.0,0.2498898128870458,1.0821499524176663,-0.9999999999999944,0.5,stop_loss,5.973795539681744,3.753450044295525,-2.7817100807325326,-2.01926468936553,DOWN,SELL,0.6998844297800637,False,75640.14603858885,-0.0019485329365054632,NONE,0.0,75458.858375,0.5
2026-04-19 01:30:00+00:00,2026-04-19 01:30:00+00:00,2026-04-19 01:35:00+00:00,2026-04-19 02:25:00+00:00,SHORT,SHORT,-4.25,"['delta_strong_negative', 'cvd_strong_negative', 'aggressive_sellers', 'below_vwap']",75490.0,75395.6375,24.15204865202479,WIN,11,50.0,0.7259239634388661,0.84779440985561,0.5000000000000153,0.5,take_profit,5.973795539681744,2.1449904308553895,-2.6153814230173156,-2.1469400775119114,DOWN,SELL,0.5083992935173677,False,75588.02756686274,-0.0021606322355919145,NONE,0.0,75395.6375,0.5
2026-04-19 07:15:00+00:00,2026-04-19 07:15:00+00:00,2026-04-19 07:20:00+00:00,2026-04-19 07:20:00+00:00,SHORT,SHORT,-4.25,"['delta_strong_negative', 'cvd_strong_negative', 'aggressive_sellers', 'below_vwap']",75072.0,74978.16,24.21242877365321,WIN,1,1.0,1.3197996589940169,0.14865728900252653,0.49999999999998135,0.5,take_profit,5.973795539681744,2.3421707224863173,-2.4083836984062708,-2.4831953241441056,DOWN,SELL,0.45978927109555323,False,75479.16102851537,-0.004889695356641473,NONE,0.0,74978.16,0.5
2026-04-19 11:05:00+00:00,2026-04-19 11:05:00+00:00,2026-04-19 11:10:00+00:00,2026-04-19 11:15:00+00:00,LONG,LONG,4.75,"['delta_strong_positive', 'cvd_strong_positive', 'aggressive_buyers', 'big_trade_buy', 'above_vwap']",75395.7,75489.944625,24.27295984558995,WIN,2,5.0,0.6254998627243131,0.6636983276234123,0.5000000000000352,0.5,take_profit,5.973795539681744,3.489322246605698,3.7109376127049702,3.126431962129551,UP,BUY,2.5131490958236844,True,75311.8631070382,0.004245116095552323,NONE,0.0,75489.944625,0.5
2026-04-19 13:05:00+00:00,2026-04-19 13:05:00+00:00,2026-04-19 13:10:00+00:00,2026-04-19 13:15:00+00:00,LONG,LONG,4.25,"['delta_strong_positive', 'cvd_strong_positive', 'aggressive_buyers', 'above_vwap']",75729.7,75824.362125,24.33364224520287,WIN,2,5.0,1.6653967994063248,0.5963314261115212,0.5000000000000135,0.5,take_profit,5.973795539681744,2.541316589910462,3.3153924064247304,2.3617429210306464,UP,BUY,3.129460007339083,False,75357.17404355112,0.005032608223356746,NONE,0.0,75824.362125,0.5
2026-04-19 17:00:00+00:00,2026-04-19 17:00:00+00:00,2026-04-19 17:05:00+00:00,2026-04-19 17:05:00+00:00,SHORT,SHORT,-4.75,"['delta_strong_negative', 'cvd_strong_negative', 'aggressive_sellers', 'big_trade_sell', 'below_vwap']",75107.6,75013.7155,24.39447635081525,WIN,1,1.0,0.898444365150859,0.4596072834173285,0.5000000000000006,0.5,take_profit,5.973795539681744,2.8614764654147415,-3.2160187157737257,-2.872029846580281,DOWN,SELL,0.502908930735622,True,75502.48355569929,-0.008437486937508568,NONE,0.0,75013.7155,0.5
2026-04-19 22:00:00+00:00,2026-04-19 22:00:00+00:00,2026-04-19 22:05:00+00:00,2026-04-19 22:05:00+00:00,SHORT,SHORT,-3.5,"['delta_strong_negative', 'cvd_strong_negative', 'below_vwap']",73840.4,74025.00099999999,-48.91092508338322,LOSS,1,1.0,0.4068233649871413,1.7237176396661538,-0.9999999999999735,0.5,stop_loss,5.973795539681744,4.113380921493732,-3.330087002207844,-3.110997420061054,DOWN,SELL,0.7264325758993229,False,75229.88434203599,-0.008341935080331554,NONE,0.0,73748.0995,0.5
2026-04-20 00:00:00+00:00,2026-04-20 00:00:00+00:00,2026-04-20 00:05:00+00:00,2026-04-20 00:05:00+00:00,LONG,LONG,4.25,"['delta_strong_positive', 'cvd_strong_positive', 'aggressive_buyers', 'above_vwap']",74029.1,73844.02725,-48.66637045796936,LOSS,1,1.0,0.29826108922030437,1.408094924833644,-1.0000000000000357,0.5,stop_loss,5.973795539681744,3.9507495662113907,3.5243542496267986,2.949761170391782,UP,BUY,1.8550492621415933,False,73966.03333333334,-0.0012189812214546524,NONE,0.0,74121.636375,0.5
2026-04-20 06:40:00+00:00,2026-04-20 06:40:00+00:00,2026-04-20 06:45:00+00:00,2026-04-20 07:15:00+00:00,LONG,LONG,4.25,"['delta_strong_positive', 'cvd_strong_positive', 'aggressive_buyers', 'above_vwap']",74740.0,74833.425,24.211519302839633,WIN,7,30.0,0.7920792079207921,0.6845062884666534,0.5000000000000157,0.5,take_profit,5.973795539681744,3.691732395898878,3.0985859798591195,2.4362552303649063,UP,BUY,1.71022560940707,False,74318.38860229962,0.004377851931780082,NONE,0.0,74833.425,0.5
2026-04-20 12:20:00+00:00,2026-04-20 12:20:00+00:00,2026-04-20 12:25:00+00:00,2026-04-20 12:35:00+00:00,LONG,LONG,4.25,"['delta_strong_positive', 'cvd_strong_positive', 'aggressive_buyers', 'above_vwap']",75472.6,75283.9185,-48.54409620219351,LOSS,3,10.0,0.14521826464170667,1.7139995177058094,-1.000000000000032,0.5,stop_loss,5.973795539681744,3.9201514901091405,3.7246466952110233,3.4166091648508736,UP,BUY,1.899926524854727,False,74710.43487681728,0.005051678763567336,NONE,0.0,75566.94075000001,0.5
2026-04-20 14:50:00+00:00,2026-04-20 14:50:00+00:00,2026-04-20 14:55:00+00:00,2026-04-20 14:55:00+00:00,SHORT,SHORT,-3.75,"['delta_strong_negative', 'cvd_strong_negative', 'aggressive_sellers']",74982.8,74889.0715,24.150687860589834,WIN,1,1.0,0.5852008727334647,0.09922275508511962,0.49999999999998623,0.5,take_profit,5.973795539681744,2.7713966555039065,-2.891442243046255,-2.954505567766691,DOWN,SELL,0.5741082742146971,False,74843.71221579451,-0.003281811995900959,NONE,0.0,74889.0715,0.5
2026-04-20 15:25:00+00:00,2026-04-20 15:25:00+00:00,2026-04-20 15:30:00+00:00,2026-04-20 15:30:00+00:00,LONG,LONG,4.75,"['delta_strong_positive', 'cvd_strong_positive', 'aggressive_buyers', 'big_trade_buy', 'above_vwap']",75708.1,75518.82975,-48.42212916048431,LOSS,1,1.0,0.0,1.2638013633944671,-1.0000000000000073,0.5,stop_loss,5.973795539681744,2.3591584108746986,2.4002916852820597,2.009830767403209,UP,BUY,1.6269256862008625,True,74876.8044003927,0.006474734552270306,NONE,0.0,75802.735125,0.5
2026-04-20 17:15:00+00:00,2026-04-20 17:15:00+00:00,2026-04-20 17:20:00+00:00,2026-04-20 17:30:00+00:00,LONG,LONG,4.25,"['delta_strong_positive', 'cvd_strong_positive', 'aggressive_buyers', 'above_vwap']",75811.8,75622.2705,-48.180018514682594,LOSS,3,10.0,0.009497202282509637,1.365486639283082,-1.000000000000022,0.5,stop_loss,5.973795539681744,2.6803205134036543,2.743703606959276,2.556111060939137,UP,BUY,2.202653215813949,False,74947.40783793999,0.006812343930413366,NONE,0.0,75906.56475,0.5
2026-04-20 18:00:00+00:00,2026-04-20 18:00:00+00:00,2026-04-20 18:05:00+00:00,2026-04-20 18:05:00+00:00,LONG,LONG,4.25,"['delta_strong_positive', 'cvd_strong_positive', 'aggressive_buyers', 'above_vwap']",76039.3,76134.34912500001,23.96955921105532,WIN,1,1.0,1.279338447355497,0.0794326091902783,0.5000000000000263,0.5,take_profit,5.973795539681744,3.9700156035564524,3.6562836191503783,2.551429037799566,UP,BUY,1.7210207097147912,False,75013.72018570073,0.007771895805531643,NONE,0.0,76134.34912500001,0.5
2026-04-21 01:05:00+00:00,2026-04-21 01:05:00+00:00,2026-04-21 01:10:00+00:00,2026-04-21 01:50:00+00:00,LONG,LONG,4.25,"['delta_strong_positive', 'cvd_strong_positive', 'aggressive_buyers', 'above_vwap']",76125.7,75935.38575,-48.05896621816233,LOSS,9,40.0,0.3399640331714367,1.7187362480738635,-0.999999999999978,0.5,stop_loss,5.973795539681744,2.4871925078798616,2.206467845389472,2.3775934853846588,UP,BUY,1.6297912188477661,False,75917.43593342061,0.0033415872682233567,NONE,0.0,76220.857125,0.5
2026-04-21 05:25:00+00:00,2026-04-21 05:25:00+00:00,2026-04-21 05:30:00+00:00,2026-04-21 05:45:00+00:00,SHORT,SHORT,-3.75,"['delta_strong_negative', 'cvd_strong_negative', 'aggressive_sellers']",75859.6,75764.7755,23.9093356935369,WIN,4,15.0,0.6274749669125594,0.0,0.5000000000000129,0.5,take_profit,5.973795539681744,3.6570853326129846,-3.7549202271862874,-3.0779004270612513,DOWN,SELL,0.24468376936753872,False,75773.54288841835,0.0020862318074497187,NONE,0.0,75764.7755,0.5
2026-04-21 08:45:00+00:00,2026-04-21 08:45:00+00:00,2026-04-21 08:50:00+00:00,2026-04-21 08:55:00+00:00,LONG,LONG,4.75,"['delta_strong_positive', 'cvd_strong_positive', 'aggressive_buyers', 'big_trade_buy', 'above_vwap']",76618.8,76427.253,-47.93821806554174,LOSS,2,5.0,0.03027977467672639,1.1213957931995953,-1.0000000000000309,0.5,stop_loss,5.973795539681744,4.132529707297429,4.058304952868385,3.7066256175016505,UP,BUY,2.1859868788171997,True,75996.43401190985,0.005763389612266294,NONE,0.0,76714.5735,0.5
2026-04-21 10:45:00+00:00,2026-04-21 10:45:00+00:00,2026-04-21 10:50:00+00:00,2026-04-21 10:50:00+00:00,LONG,LONG,4.25,"['delta_strong_positive', 'cvd_strong_positive', 'aggressive_buyers', 'above_vwap']",76685.8,76781.65725,23.849263487606507,WIN,1,1.0,0.8277934115572744,0.0005216089550129007,0.5000000000000049,0.5,take_profit,5.973795539681744,2.6848123674064297,3.42540739455045,2.058915655960123,UP,BUY,2.364873173815524,False,76089.0331104055,0.004268264853983592,NONE,0.0,76781.65725,0.5
2026-04-21 12:40:00+00:00,2026-04-21 12:40:00+00:00,2026-04-21 12:45:00+00:00,2026-04-21 12:55:00+00:00,SHORT,SHORT,-4.25,"['delta_strong_negative', 'cvd_strong_negative', 'aggressive_sellers', 'below_vwap']",75783.4,75972.85849999999,-47.817773292648916,LOSS,3,10.0,0.49562305201399875,1.2752133052885242,-0.999999999999965,0.5,stop_loss,5.973795539681744,3.8930272445680543,-3.601821899998926,-3.309404550485881,DOWN,SELL,0.6349615043962865,False,76143.7305439589,-0.007716545706681186,NONE,0.0,75688.67074999999,0.5
2026-04-21 14:45:00+00:00,2026-04-21 14:45:00+00:00,2026-04-21 14:50:00+00:00,2026-04-21 14:55:00+00:00,SHORT,SHORT,-3.75,"['delta_strong_negative', 'cvd_strong_negative', 'aggressive_sellers']",76184.9,76089.66887499999,23.789342213095097,WIN,2,5.0,3.219535629763888,0.3249987858486852,0.50000000000003,0.5,take_profit,5.973795539681744,1.2956261159732598,-3.121677683950835,-2.482104425035376,DOWN,SELL,0.2178576830026546,False,76116.45693372413,0.0005009876212787908,NONE,0.0,76089.66887499999,0.5
2026-04-21 17:15:00+00:00,2026-04-21 17:15:00+00:00,2026-04-21 17:20:00+00:00,2026-04-21 17:20:00+00:00,SHORT,SHORT,-4.25,"['delta_strong_negative', 'cvd_strong_negative', 'aggressive_sellers', 'below_vwap']",75064.5,75252.16125,-47.69763113725399,LOSS,1,1.0,0.24885265338474027,1.471268042816542,-1.0000000000000246,0.5,stop_loss,5.973795539681744,3.6188249778825847,-3.626793236507143,-3.180630001859989,DOWN,SELL,0.6198961399863351,False,76024.27587449999,-0.010521666523696469,NONE,0.0,74970.669375,0.5
2026-04-21 19:35:00+00:00,2026-04-21 19:35:00+00:00,2026-04-21 19:40:00+00:00,2026-04-21 19:40:00+00:00,SHORT,SHORT,-4.25,"['delta_strong_negative', 'cvd_strong_negative', 'aggressive_sellers', 'below_vwap']",75216.4,75122.3795,23.729571490782945,WIN,1,1.0,2.331938247509852,0.02658994580969044,0.49999999999999317,0.5,take_profit,5.973795539681744,3.7013404343478644,-3.737921619957377,-2.3379353611595755,DOWN,SELL,0.5593344301722768,False,75949.28509380257,-0.00466858103789164,NONE,0.0,75122.3795,0.5
2026-04-21 22:15:00+00:00,2026-04-21 22:15:00+00:00,2026-04-21 22:20:00+00:00,2026-04-21 22:40:00+00:00,SHORT,SHORT,-4.25,"['delta_strong_negative', 'cvd_strong_negative', 'aggressive_sellers', 'below_vwap']",75268.3,75456.47075000001,-47.57779083902165,LOSS,5,20.0,0.09725209683228084,1.2791573610669942,-1.0000000000000253,0.5,stop_loss,5.973795539681744,3.891389193986281,-3.8923130613393933,-3.1854118631792434,DOWN,SELL,0.24146692976766573,False,75860.09414381375,-0.0010571320505414243,NONE,0.0,75174.21462500001,0.5
2026-04-21 23:40:00+00:00,2026-04-21 23:40:00+00:00,2026-04-21 23:45:00+00:00,2026-04-21 23:45:00+00:00,LONG,LONG,4.25,"['delta_strong_positive', 'cvd_strong_positive', 'aggressive_buyers', 'above_vwap']",76040.6,76135.65075,23.669950942411397,WIN,1,1.0,1.7701070217752095,0.03524433000271771,0.49999999999997297,0.5,take_profit,5.973795539681744,3.4012026414596073,2.8293431662198643,2.157956987805087,UP,BUY,2.241357391543029,False,75856.11218246506,0.007776456794880443,NONE,0.0,76135.65075,0.5
2026-04-22 02:10:00+00:00,2026-04-22 02:10:00+00:00,2026-04-22 02:15:00+00:00,2026-04-22 02:15:00+00:00,LONG,LONG,4.25,"['delta_strong_positive', 'cvd_strong_positive', 'aggressive_buyers', 'above_vwap']",76696.4,76792.2705,23.729125819769827,WIN,1,1.0,2.2999775739148123,0.0005215368647877546,0.5000000000000238,0.5,take_profit,5.973795539681744,4.132941286347469,4.062539357128904,3.3567404156956187,UP,BUY,1.6222550121338373,False,76367.90607864442,0.006966256889689366,NONE,0.0,76792.2705,0.5
2026-04-22 05:15:00+00:00,2026-04-22 05:15:00+00:00,2026-04-22 05:20:00+00:00,2026-04-22 05:20:00+00:00,LONG,LONG,4.25,"['delta_strong_positive', 'cvd_strong_positive', 'aggressive_buyers', 'above_vwap']",77893.5,77990.866875,23.78844863431983,WIN,1,1.0,2.8449100374228915,0.2470039220217647,0.5000000000000359,0.5,take_profit,5.973795539681744,4.214369355786169,4.160008179545019,3.969346379118327,UP,BUY,1.9039109897539004,False,77124.46274290851,0.008261272142365573,NONE,0.0,77990.866875,0.5
2026-04-22 07:20:00+00:00,2026-04-22 07:20:00+00:00,2026-04-22 07:25:00+00:00,2026-04-22 07:45:00+00:00,SHORT,SHORT,-3.75,"['delta_strong_negative', 'cvd_strong_negative', 'aggressive_sellers']",77845.6,78040.214,-47.69583951180818,LOSS,5,20.0,0.2682232521813006,1.2044354465762697,-1.000000000000007,0.5,stop_loss,5.973795539681744,1.1017813946169464,-2.092944367612681,-2.017295255978548,DOWN,SELL,0.4943263130613119,False,77475.05245476044,-0.001126725830329887,NONE,0.0,77748.293,0.5
2026-04-22 13:30:00+00:00,2026-04-22 13:30:00+00:00,2026-04-22 13:35:00+00:00,2026-04-22 13:40:00+00:00,LONG,LONG,4.25,"['delta_strong_positive', 'cvd_strong_positive', 'aggressive_buyers', 'above_vwap']",78397.5,78495.496875,23.728680157123698,WIN,2,5.0,1.058707229184604,0.8398226984279132,0.4999999999999852,0.5,take_profit,5.973795539681744,3.827277660655175,3.411276573732387,2.2588684080825923,UP,BUY,1.5041432060180726,False,77670.6255943088,0.0020306318071056017,NONE,0.0,78495.496875,0.5
2026-04-22 14:10:00+00:00,2026-04-22 14:10:00+00:00,2026-04-22 14:15:00+00:00,2026-04-22 14:15:00+00:00,LONG,LONG,4.25,"['delta_strong_positive', 'cvd_strong_positive', 'aggressive_buyers', 'above_vwap']",79018.0,78820.455,-47.576003715034005,LOSS,1,1.0,0.0976992583968357,1.498392771267306,-0.9999999999999912,0.5,stop_loss,5.973795539681744,2.1756662274132683,3.4425815837029847,2.34057836082365,UP,BUY,2.463620767771349,False,77784.72631941436,0.00726327118069621,NONE,0.0,79116.7725,0.5
2026-04-23 00:10:00+00:00,2026-04-23 00:10:00+00:00,2026-04-23 00:15:00+00:00,2026-04-23 00:15:00+00:00,SHORT,SHORT,-4.25,"['delta_strong_negative', 'cvd_strong_negative', 'aggressive_sellers', 'below_vwap']",77839.1,78033.69775,-47.33812369645945,LOSS,1,1.0,1.6048489769280625,2.861800817326994,-1.000000000000004,0.5,stop_loss,6.261106238819686,3.797116564423778,-3.520474688403825,-2.259052777679709,DOWN,SELL,0.608236754271553,False,78018.37131243516,-0.006928428979102962,NONE,0.0,77741.80112500001,0.5
2026-04-23 06:20:00+00:00,2026-04-23 06:20:00+00:00,2026-04-23 06:25:00+00:00,2026-04-23 06:45:00+00:00,LONG,LONG,4.25,"['delta_strong_positive', 'cvd_strong_positive', 'aggressive_buyers', 'above_vwap']",78262.6,78066.94350000001,-47.1014330779763,LOSS,5,20.0,0.1911513289872515,1.073820701075639,-0.9999999999999861,0.5,stop_loss,6.72980070762558,2.2873106006763226,3.6045262007683068,2.727364943224447,UP,BUY,3.51259993189226,False,77991.40173431335,0.005367528443176226,NONE,0.0,78360.42825000001,0.5
2026-04-23 10:05:00+00:00,2026-04-23 10:05:00+00:00,2026-04-23 10:10:00+00:00,2026-04-23 10:10:00+00:00,SHORT,SHORT,-4.75,"['delta_strong_negative', 'cvd_strong_negative', 'aggressive_sellers', 'big_trade_sell', 'below_vwap']",77263.3,77166.720875,23.432962956294467,WIN,1,1.0,0.758963181743497,0.008801073730980113,0.5000000000000199,0.5,take_profit,6.72980070762558,4.1828054934910455,-4.195155137074735,-4.086343870020746,DOWN,SELL,0.39262073175236734,True,77825.04618989697,-0.004660854897033351,NONE,0.0,77166.720875,0.5
2026-04-23 14:25:00+00:00,2026-04-23 14:25:00+00:00,2026-04-23 14:30:00+00:00,2026-04-23 14:30:00+00:00,LONG,LONG,3.75,"['delta_strong_positive', 'cvd_strong_positive', 'aggressive_buyers']",77690.4,77787.51299999999,23.49154536368368,WIN,1,1.0,0.9432310813177002,0.0,0.4999999999999874,0.5,take_profit,6.72980070762558,3.6912220169986187,2.40332704360819,2.367214718205455,UP,BUY,1.530127790245802,False,77733.43218442777,0.001382461531387063,NONE,0.0,77787.51299999999,0.5
2026-04-23 15:45:00+00:00,2026-04-23 15:45:00+00:00,2026-04-23 15:50:00+00:00,2026-04-23 15:50:00+00:00,SHORT,SHORT,-3.75,"['delta_strong_negative', 'cvd_strong_negative', 'aggressive_sellers']",78331.6,78233.6855,23.55027422709323,WIN,1,1.0,0.5601826082960728,0.007149094362909371,0.49999999999999467,0.5,take_profit,6.72980070762558,0.584665470526868,-2.1115761857008324,-3.2256755389125678,DOWN,SELL,0.5019278290695565,False,77798.80805208052,0.005582810386373212,NONE,0.0,78233.6855,0.5
2026-04-23 17:05:00+00:00,2026-04-23 17:05:00+00:00,2026-04-23 17:10:00+00:00,2026-04-23 17:10:00+00:00,SHORT,SHORT,-4.25,"['delta_strong_negative', 'cvd_strong_negative', 'aggressive_sellers', 'below_vwap']",77684.1,77878.31025000001,-47.218299825323335,LOSS,1,1.0,0.32181617602572465,1.004581375081857,-1.000000000000019,0.5,stop_loss,6.72980070762558,2.2464975081856013,-2.716913547221257,-2.0514426059168995,DOWN,SELL,0.47171943595262117,False,77822.9334134928,-0.004277191395230785,NONE,0.0,77586.994875,0.5
2026-04-24 01:00:00+00:00,2026-04-24 01:00:00+00:00,2026-04-24 01:05:00+00:00,2026-04-24 01:05:00+00:00,SHORT,SHORT,-4.25,"['delta_strong_negative', 'cvd_strong_negative', 'aggressive_sellers', 'below_vwap']",78199.5,78101.750625,23.49110416309777,WIN,1,1.0,1.0025639550125,0.000511512221974927,0.49999999999999706,0.5,take_profit,6.72980070762558,2.4447968721081947,-2.732207874896952,-3.117424163328789,DOWN,SELL,0.4300925059166343,False,78313.56171183487,0.0006169999430108588,NONE,0.0,78101.750625,0.5
2026-04-24 05:55:00+00:00,2026-04-24 05:55:00+00:00,2026-04-24 06:00:00+00:00,2026-04-24 06:35:00+00:00,LONG,LONG,3.75,"['delta_strong_positive', 'cvd_strong_positive', 'aggressive_buyers']",77911.1,77716.32225000001,-47.09966384700981,LOSS,8,35.0,0.17404451997209217,1.0632631293872417,-0.9999999999999681,0.5,stop_loss,6.733304136586786,4.134765582317112,4.062922279803668,3.9153304183668314,UP,BUY,2.4848456184941767,False,77941.6632111786,0.0008273689894577961,NONE,0.0,78008.48887500001,0.5
2026-04-24 08:20:00+00:00,2026-04-24 08:20:00+00:00,2026-04-24 08:25:00+00:00,2026-04-24 09:00:00+00:00,LONG,LONG,3.75,"['delta_strong_positive', 'cvd_strong_positive', 'aggressive_buyers']",77875.2,77680.512,-46.86416552777497,LOSS,8,35.0,0.02465483234715499,1.2070595003287312,-0.9999999999999726,0.5,stop_loss,7.199637615903841,3.4356413851948377,2.9833336727555175,2.6660547519174296,UP,BUY,1.7448887818498604,False,77895.88570131402,0.002003077791725073,NONE,0.0,77972.544,0.5
2026-04-24 11:05:00+00:00,2026-04-24 11:05:00+00:00,2026-04-24 11:10:00+00:00,2026-04-24 11:10:00+00:00,LONG,LONG,4.25,"['delta_strong_positive', 'cvd_strong_positive', 'aggressive_buyers', 'above_vwap']",78081.1,78178.701375,23.3149223500683,WIN,1,1.0,0.6065488319196024,0.0,0.4999999999999916,0.5,take_profit,7.199637615903841,3.007615957452539,3.83253900538112,3.4983780828369277,UP,BUY,1.612141207580902,False,77848.48667348978,0.004759162887677561,NONE,0.0,78178.701375,0.5
2026-04-24 18:15:00+00:00,2026-04-24 18:15:00+00:00,2026-04-24 18:20:00+00:00,2026-04-24 18:30:00+00:00,SHORT,SHORT,-4.25,"['delta_strong_negative', 'cvd_strong_negative', 'aggressive_sellers', 'below_vwap']",77375.9,77569.33975,-46.74641931188893,LOSS,3,10.0,0.0454922010599598,1.0302949626434221,-1.0000000000000258,0.5,stop_loss,7.432798526393901,1.6389836124023804,-2.401455450690056,-3.313221658568588,DOWN,SELL,0.6129520803483052,False,77877.68713209323,-0.004596399537347941,NONE,0.0,77279.180125,0.5
2026-04-24 22:35:00+00:00,2026-04-24 22:35:00+00:00,2026-04-24 22:40:00+00:00,2026-04-25 00:00:00+00:00,SHORT,SHORT,-4.25,"['delta_strong_negative', 'cvd_strong_negative', 'aggressive_sellers', 'below_vwap']",77261.7,77454.85425,-46.51268721532993,LOSS,17,80.0,0.1615289334819042,1.0250874624814106,-1.0000000000000355,0.5,stop_loss,7.895634533761953,3.8553007102807575,-3.808433289387101,-3.0233501556255664,DOWN,SELL,0.3473288714238768,False,77844.52747870688,-0.0035383396501102835,NONE,0.0,77165.122875,0.5
2026-04-25 07:25:00+00:00,2026-04-25 07:25:00+00:00,2026-04-25 07:30:00+00:00,2026-04-25 08:30:00+00:00,LONG,LONG,4.25,"['delta_strong_positive', 'cvd_strong_positive', 'aggressive_buyers', 'above_vwap']",77500.2,77597.07525,23.140061889625176,WIN,13,60.0,0.5765146412525237,0.29006376757735897,0.49999999999998623,0.5,take_profit,7.895634533761953,2.634664416788794,2.7260863010174767,2.77454018924568,UP,BUY,2.8603893255117265,False,77489.34084246359,-0.0002457756528113901,NONE,0.0,77597.07525,0.5
2026-04-25 15:45:00+00:00,2026-04-25 15:45:00+00:00,2026-04-25 15:50:00+00:00,2026-04-25 15:50:00+00:00,SHORT,SHORT,-4.75,"['delta_strong_negative', 'cvd_strong_negative', 'aggressive_sellers', 'big_trade_sell', 'below_vwap']",77458.0,77361.1775,23.19791204434862,WIN,1,1.0,1.0069973404942032,0.14975857884272767,0.4999999999999729,0.5,take_profit,7.895634533761953,4.0587365515750085,-3.6494801467163795,-2.586875865885391,DOWN,SELL,0.4211918800423315,True,77574.2896102719,-0.0018556557736676214,NONE,0.0,77361.1775,0.5
2026-04-25 23:30:00+00:00,2026-04-25 23:30:00+00:00,2026-04-25 23:35:00+00:00,2026-04-26 03:25:00+00:00,LONG,LONG,4.25,"['delta_strong_positive', 'cvd_strong_positive', 'aggressive_buyers', 'above_vwap']",77579.4,77385.4515,-46.51181364892116,LOSS,47,230.0,0.18716308710819063,1.0791524554198066,-0.9999999999999928,0.5,stop_loss,7.897364368875882,1.831651840790861,3.3639398063495176,3.45224006719718,UP,BUY,5.536092968021037,False,77480.20153629144,0.0019818467831555246,NONE,0.0,77676.37425,0.5
2026-04-26 04:45:00+00:00,2026-04-26 04:45:00+00:00,2026-04-26 04:50:00+00:00,2026-04-26 05:10:00+00:00,LONG,LONG,4.25,"['delta_strong_positive', 'cvd_strong_positive', 'aggressive_buyers', 'above_vwap']",77700.8,77797.926,23.13962729033936,WIN,5,20.0,2.1559623581739333,0.26254555937648,0.5000000000000198,0.5,take_profit,7.897364368875882,4.0387461890203324,3.823937249112677,2.8907148004738907,UP,BUY,2.1131274711602295,False,77489.59642481737,0.0028094541105147994,NONE,0.0,77797.926,0.5
2026-04-26 07:55:00+00:00,2026-04-26 07:55:00+00:00,2026-04-26 08:00:00+00:00,2026-04-26 08:35:00+00:00,LONG,LONG,4.25,"['delta_strong_positive', 'cvd_strong_positive', 'aggressive_buyers', 'above_vwap']",78061.5,78159.076875,23.197476358564014,WIN,8,35.0,0.6215612049473961,0.4509265130698231,0.499999999999994,0.5,take_profit,7.897364368875882,2.1660742512391944,2.6172715403887277,2.711678442055846,UP,BUY,2.429068275442901,False,77766.43956290159,0.0021538752522911697,NONE,0.0,78159.076875,0.5
2026-04-26 12:45:00+00:00,2026-04-26 12:45:00+00:00,2026-04-26 12:50:00+00:00,2026-04-26 14:20:00+00:00,SHORT,SHORT,-4.25,"['delta_strong_negative', 'cvd_strong_negative', 'aggressive_sellers', 'below_vwap']",77798.9,77993.39725,-46.51094009892149,LOSS,19,90.0,0.28946424692373984,1.7357571893690316,-1.0000000000000018,0.5,stop_loss,7.89909417150134,4.123525085776614,-3.733604266254843,-2.910931788842531,DOWN,SELL,0.45659785876659087,False,77826.8380662646,-0.0019568621554396154,NONE,0.0,77701.651375,0.5
2026-04-26 15:20:00+00:00,2026-04-26 15:20:00+00:00,2026-04-26 15:25:00+00:00,2026-04-26 17:00:00+00:00,SHORT,SHORT,-3.75,"['delta_strong_negative', 'cvd_strong_negative', 'aggressive_sellers']",77957.3,77859.853375,23.13919269921265,WIN,20,95.0,0.730143296394323,0.5967369316279701,0.4999999999999839,0.5,take_profit,7.89909417150134,2.525315102663968,-3.361777929610214,-2.7740912637463757,DOWN,SELL,0.20853391714041067,False,77854.682997367,7.216786046907636e-05,NONE,0.0,77859.853375,0.5
2026-04-26 18:10:00+00:00,2026-04-26 18:10:00+00:00,2026-04-26 18:15:00+00:00,2026-04-26 18:15:00+00:00,LONG,LONG,4.25,"['delta_strong_positive', 'cvd_strong_positive', 'aggressive_buyers', 'above_vwap']",78063.1,78160.67887500001,23.197040680962974,WIN,1,1.0,1.3481401584102668,0.11836578357767405,0.5000000000000333,0.5,take_profit,7.89909417150134,3.201539941426646,2.3698790607647418,2.208950228792226,UP,BUY,1.5838024282560705,False,77870.92834531647,0.0007036076467019985,NONE,0.0,78160.67887500001,0.5
2026-04-26 21:30:00+00:00,2026-04-26 21:30:00+00:00,2026-04-26 21:35:00+00:00,2026-04-26 21:45:00+00:00,SHORT,SHORT,-3.75,"['delta_strong_negative', 'cvd_strong_negative', 'aggressive_sellers']",77989.2,77891.7135,23.255033282663614,WIN,3,10.0,0.8934570427700097,0.430828883999323,0.4999999999999953,0.5,take_profit,7.89909417150134,3.8650449389182424,-3.5940319152591536,-2.77349003362058,DOWN,SELL,0.5371113776625588,False,77950.09385421289,-0.002437584256071443,NONE,0.0,77891.7135,0.5
2026-04-27 00:25:00+00:00,2026-04-27 00:25:00+00:00,2026-04-27 00:30:00+00:00,2026-04-27 00:40:00+00:00,SHORT,SHORT,-4.25,"['delta_strong_negative', 'cvd_strong_negative', 'aggressive_sellers', 'below_vwap']",78443.3,78639.40825000001,-46.62634173174212,LOSS,3,10.0,0.4415928447681616,1.7577026973622838,-1.0000000000000244,0.5,stop_loss,7.89909417150134,1.4324797707799402,-3.033355822358123,-2.5452080652294837,DOWN,SELL,0.3174700806206062,False,78586.6290354409,0.00037944457887491165,NONE,0.0,78345.24587500001,0.5
2026-04-27 00:55:00+00:00,2026-04-27 00:55:00+00:00,2026-04-27 01:00:00+00:00,2026-04-27 01:00:00+00:00,LONG,LONG,4.25,"['delta_strong_positive', 'cvd_strong_positive', 'aggressive_buyers', 'above_vwap']",79264.1,79363.180125,23.19660501153953,WIN,1,1.0,0.9633617236554464,0.0,0.4999999999999653,0.5,take_profit,7.89909417150134,3.850703685144773,3.3635513594331203,2.460190453302938,UP,BUY,1.7123872775767903,False,78850.58906574172,0.009295728518509854,NONE,0.0,79363.180125,0.5
2026-04-27 05:10:00+00:00,2026-04-27 05:10:00+00:00,2026-04-27 05:15:00+00:00,2026-04-27 05:15:00+00:00,SHORT,SHORT,-4.25,"['delta_strong_negative', 'cvd_strong_negative', 'aggressive_sellers', 'below_vwap']",78351.6,78253.66050000001,23.25459652406835,WIN,1,1.0,2.085471132689058,0.07555684887092724,0.49999999999996486,0.5,take_profit,7.89909417150134,4.085892612828621,-4.184772425878673,-3.9497192303550928,DOWN,SELL,0.3348311042794165,False,78952.49225119609,-0.0074102168500318685,NONE,0.0,78253.66050000001,0.5
2026-04-27 09:20:00+00:00,2026-04-27 09:20:00+00:00,2026-04-27 09:25:00+00:00,2026-04-27 09:30:00+00:00,SHORT,SHORT,-4.25,"['delta_strong_negative', 'cvd_strong_negative', 'aggressive_sellers', 'below_vwap']",77661.1,77855.25275,-46.625466030758815,LOSS,2,5.0,0.020602335017145004,1.4622507278418366,-0.999999999999968,0.5,stop_loss,7.89909417150134,-0.04166158376930307,-2.2115140705298173,-2.733181400514042,DOWN,SELL,0.3991815876431261,False,78321.56069034185,-0.00041510491742541533,NONE,0.0,77564.023625,0.5
2026-04-27 13:35:00+00:00,2026-04-27 13:35:00+00:00,2026-04-27 13:40:00+00:00,2026-04-27 13:40:00+00:00,LONG,LONG,3.75,"['delta_strong_positive', 'cvd_strong_positive', 'aggressive_buyers']",77792.0,77889.24,23.196169350304505,WIN,1,1.0,0.7111271081859466,0.41598107774575366,0.5000000000000269,0.5,take_profit,7.89909417150134,2.3556630305385435,2.0619145185640297,2.0251976858813876,UP,BUY,2.0005991723234486,False,78228.20193932754,0.0005858735544714374,NONE,0.0,77889.24,0.5
2026-04-27 14:50:00+00:00,2026-04-27 14:50:00+00:00,2026-04-27 14:55:00+00:00,2026-04-27 14:55:00+00:00,SHORT,SHORT,-4.25,"['delta_strong_negative', 'cvd_strong_negative', 'aggressive_sellers', 'below_vwap']",77886.3,77788.942125,23.25415977367938,WIN,1,1.0,0.7261867619851435,0.0,0.5000000000000077,0.5,take_profit,7.89909417150134,0.9796040961496181,-3.1160618473215664,-2.4414468052065916,DOWN,SELL,0.3382393575299486,False,78188.30159492938,0.0010471816761609598,NONE,0.0,77788.942125,0.5
2026-04-27 15:15:00+00:00,2026-04-27 15:15:00+00:00,2026-04-27 15:20:00+00:00,2026-04-27 15:20:00+00:00,SHORT,SHORT,-4.25,"['delta_strong_negative', 'cvd_strong_negative', 'aggressive_sellers', 'below_vwap']",76949.9,76853.712625,23.312295173111785,WIN,1,1.0,2.0787551380833205,0.468356684024311,0.4999999999999692,0.5,take_profit,7.89909417150134,3.467783547317939,-3.1063098270950125,-2.545054972597419,DOWN,SELL,0.5672725160811445,False,78093.53326904282,-0.008470378020691885,NONE,0.0,76853.712625,0.5
2026-04-27 19:30:00+00:00,2026-04-27 19:30:00+00:00,2026-04-27 19:35:00+00:00,2026-04-27 19:40:00+00:00,SHORT,SHORT,-3.5,"['delta_strong_negative', 'cvd_strong_negative', 'below_vwap']",76547.3,76738.66825,-46.74115182209188,LOSS,2,5.0,0.23671638320360303,1.0597369208319714,-0.9999999999999974,0.5,stop_loss,7.89909417150134,4.1380357954231215,-3.423124612194958,-3.0612004852677797,DOWN,SELL,0.6955637156901113,False,77817.2530114721,-0.0022746232405099036,NONE,0.0,76451.615875,0.5
2026-04-27 23:15:00+00:00,2026-04-27 23:15:00+00:00,2026-04-27 23:20:00+00:00,2026-04-27 23:30:00+00:00,LONG,LONG,3.75,"['delta_strong_positive', 'cvd_strong_positive', 'aggressive_buyers']",77092.7,77189.065875,23.253723031491525,WIN,3,10.0,0.5972031074278411,0.029574784642369976,0.5000000000000163,0.5,take_profit,7.89909417150134,3.4759110731211753,3.170005734414843,2.002062817547342,UP,BUY,1.7924108950066728,False,77754.09718091766,0.003613293061225555,NONE,0.0,77189.065875,0.5
2026-04-28 02:35:00+00:00,2026-04-28 02:35:00+00:00,2026-04-28 02:40:00+00:00,2026-04-28 02:55:00+00:00,SHORT,SHORT,-4.25,"['delta_strong_negative', 'cvd_strong_negative', 'aggressive_sellers', 'below_vwap']",76669.9,76861.57475,-46.62371467814036,LOSS,4,15.0,0.1439939272125894,1.0496948606950662,-1.0000000000000293,0.5,stop_loss,7.89909417150134,3.140002023095262,-2.8146688346826956,-2.1910955344038205,DOWN,SELL,0.5546061559442873,False,77145.2149695954,-0.006303216757511038,NONE,0.0,76574.06262499999,0.5
2026-04-28 05:25:00+00:00,2026-04-28 05:25:00+00:00,2026-04-28 05:30:00+00:00,2026-04-28 05:35:00+00:00,SHORT,SHORT,-3.5,"['delta_strong_negative', 'cvd_strong_negative', 'big_trade_sell']",77025.8,76929.51775,23.19529805237507,WIN,2,5.0,1.0521150056215232,0.06283608868712182,0.5000000000000199,0.5,take_profit,7.89909417150134,3.0369218762143007,-2.4816333182710055,-2.0949667595527313,DOWN,SELL,0.7354603758902145,True,76988.16295123586,0.00195861031575833,NONE,0.0,76929.51775,0.5
2026-04-28 06:35:00+00:00,2026-04-28 06:35:00+00:00,2026-04-28 06:40:00+00:00,2026-04-28 06:40:00+00:00,SHORT,SHORT,-4.25,"['delta_strong_negative', 'cvd_strong_negative', 'aggressive_sellers', 'below_vwap']",76746.4,76650.46699999999,23.253286297506186,WIN,1,1.0,1.1508031647086423,0.060980058999570756,0.5000000000000236,0.5,take_profit,7.89909417150134,1.3364251978511075,-3.4411908643416136,-2.9036022174930025,DOWN,SELL,0.24707122313113494,False,76970.94135593007,-0.0010301779967325348,NONE,0.0,76650.46699999999,0.5
2026-04-28 11:15:00+00:00,2026-04-28 11:15:00+00:00,2026-04-28 11:20:00+00:00,2026-04-28 11:25:00+00:00,SHORT,SHORT,-3.5,"['delta_strong_negative', 'cvd_strong_negative', 'below_vwap']",76334.7,76239.281625,23.31141951324734,WIN,2,5.0,0.5643567080239896,0.5187680045903108,0.4999999999999677,0.5,take_profit,7.89909417150134,3.6588846436639244,-2.5893865630704878,-2.507881111629201,DOWN,SELL,0.6910962771405037,False,76817.40974806156,-0.003985000869772282,NONE,0.0,76239.281625,0.5
2026-04-28 20:00:00+00:00,2026-04-28 20:00:00+00:00,2026-04-28 20:05:00+00:00,2026-04-28 22:50:00+00:00,LONG,LONG,3.75,"['delta_strong_positive', 'cvd_strong_positive', 'aggressive_buyers']",76402.6,76211.5935,-46.7393961240647,LOSS,34,165.0,0.23768824621148588,1.175876213636739,-1.0000000000000162,0.5,stop_loss,7.89909417150134,3.1148142690889866,3.4330676319607956,3.2157656166455872,UP,BUY,3.327348935062682,False,76418.33264459464,0.003619642081997071,NONE,0.0,76498.10325,0.5
2026-04-29 01:20:00+00:00,2026-04-29 01:20:00+00:00,2026-04-29 01:25:00+00:00,2026-04-29 01:45:00+00:00,SHORT,SHORT,-4.25,"['delta_strong_negative', 'cvd_strong_negative', 'aggressive_sellers', 'below_vwap']",76202.7,76393.20675,-46.50569914344372,LOSS,5,20.0,0.335946101647317,1.9542614631765172,-1.0000000000000024,0.5,stop_loss,7.909472305030447,0.8393125216522048,-2.0074257036892,-2.932593119504228,DOWN,SELL,0.33483033350053076,False,76347.34917732236,-0.0014466601491095938,NONE,0.0,76107.446625,0.5
2026-04-29 09:30:00+00:00,2026-04-29 09:30:00+00:00,2026-04-29 09:35:00+00:00,2026-04-29 09:45:00+00:00,LONG,LONG,4.25,"['delta_strong_positive', 'cvd_strong_positive', 'aggressive_buyers', 'above_vwap']",77182.5,77278.978125,23.1365853238618,WIN,3,10.0,2.6197648430667573,0.08188384672692857,0.4999999999999698,0.5,take_profit,7.909472305030447,2.965402816614828,2.889113233461424,2.7636670876771645,UP,BUY,2.1992485460565323,False,76923.23221629605,0.0016833933507815987,NONE,0.0,77278.978125,0.5
2026-04-29 12:20:00+00:00,2026-04-29 12:20:00+00:00,2026-04-29 12:25:00+00:00,2026-04-29 12:30:00+00:00,SHORT,SHORT,-4.25,"['delta_strong_negative', 'cvd_strong_negative', 'aggressive_sellers', 'below_vwap']",77097.4,77001.02824999999,23.194426787174226,WIN,2,5.0,0.7901693182908288,0.2780897929113346,0.5000000000000296,0.5,take_profit,7.909472305030447,3.8401387434596974,-3.073355063499155,-2.6246553832140482,DOWN,SELL,0.6255608778974664,False,77158.98694663966,-0.005219841997236466,NONE,0.0,77001.02824999999,0.5
2026-04-29 15:50:00+00:00,2026-04-29 15:50:00+00:00,2026-04-29 15:55:00+00:00,2026-04-29 16:00:00+00:00,SHORT,SHORT,-4.25,"['delta_strong_negative', 'cvd_strong_negative', 'aggressive_sellers', 'below_vwap']",75751.2,75940.578,-46.50482570828084,LOSS,2,5.0,0.2492369757838666,1.411462788708313,-0.9999999999999841,0.5,stop_loss,7.91120188025371,2.4379603401404046,-2.028199687839197,-2.926707273512272,DOWN,SELL,0.6395036082194542,False,76932.00919648065,-0.011254106639942934,NONE,0.0,75656.511,0.5
2026-04-29 18:05:00+00:00,2026-04-29 18:05:00+00:00,2026-04-29 18:10:00+00:00,2026-04-29 18:10:00+00:00,SHORT,SHORT,-4.75,"['delta_strong_negative', 'cvd_strong_negative', 'aggressive_sellers', 'big_trade_sell', 'below_vwap']",74970.6,75158.0265,-46.272301579740514,LOSS,1,1.0,0.5474145865179461,1.2212787412665453,-1.0000000000000073,0.5,stop_loss,8.37164587085244,4.176753835107381,-4.159227453217649,-3.9092440704965887,DOWN,SELL,0.37563061597312786,True,76682.0319595672,-0.012791948513005922,NONE,0.0,74876.88675,0.5
2026-04-30 00:30:00+00:00,2026-04-30 00:30:00+00:00,2026-04-30 00:35:00+00:00,2026-04-30 00:35:00+00:00,LONG,LONG,4.25,"['delta_strong_positive', 'cvd_strong_positive', 'aggressive_buyers', 'above_vwap']",75905.1,75999.981375,23.020470035920052,WIN,1,1.0,1.2905588689033762,0.0,0.4999999999999852,0.5,take_profit,8.37164587085244,2.0408702957470877,2.0364776387159202,2.083865337230473,UP,BUY,1.6916085547634478,False,75766.65057828698,0.0012962198242929864,NONE,0.0,75999.981375,0.5
2026-04-30 02:30:00+00:00,2026-04-30 02:30:00+00:00,2026-04-30 02:35:00+00:00,2026-04-30 02:35:00+00:00,SHORT,SHORT,-4.25,"['delta_strong_negative', 'cvd_strong_negative', 'aggressive_sellers', 'below_vwap']",75724.0,75629.345,23.078021211010253,WIN,1,1.0,1.4531720458507518,0.2826052506470868,0.49999999999999384,0.5,take_profit,8.37164587085244,3.9528742742366454,-3.1732838061922357,-2.586554031970586,DOWN,SELL,0.6417997917759417,False,76076.90184897398,-0.004024788298839625,NONE,0.0,75629.345,0.5
2026-04-30 05:40:00+00:00,2026-04-30 05:40:00+00:00,2026-04-30 05:45:00+00:00,2026-04-30 06:30:00+00:00,LONG,LONG,3.75,"['delta_strong_positive', 'cvd_strong_positive', 'aggressive_buyers']",75675.1,75769.69387500001,23.13571626403951,WIN,10,45.0,0.7569200437131742,0.7135768568525181,0.5000000000000313,0.5,take_profit,8.37164587085244,1.1361386928501913,2.5194977239669036,2.7336409673034994,UP,BUY,2.8860517763395466,False,75866.56860029427,-0.0009837914597582023,NONE,0.0,75769.69387500001,0.5
2026-04-30 08:20:00+00:00,2026-04-30 08:20:00+00:00,2026-04-30 08:25:00+00:00,2026-04-30 09:25:00+00:00,SHORT,SHORT,-3.75,"['delta_strong_negative', 'cvd_strong_negative', 'aggressive_sellers']",75999.9,76189.89975,-46.38711110939698,LOSS,13,60.0,0.14000018421072277,1.0384224189768825,-1.0000000000000142,0.5,stop_loss,8.37164587085244,0.8892567675760495,-2.13891537686579,-2.2891030435324597,DOWN,SELL,0.3415900851933972,False,75873.68499434752,0.0032588062308642955,NONE,0.0,75904.900125,0.5
2026-04-30 12:20:00+00:00,2026-04-30 12:20:00+00:00,2026-04-30 12:25:00+00:00,2026-04-30 13:25:00+00:00,LONG,LONG,4.25,"['delta_strong_positive', 'cvd_strong_positive', 'aggressive_buyers', 'above_vwap']",76315.0,76124.2125,-46.15517555385074,LOSS,13,60.0,0.3150101552774989,1.0687282971892509,-1.0000000000000304,0.5,stop_loss,8.603578681879185,2.136289587822547,3.27930462175896,2.4917239359473737,UP,BUY,2.5701675285198533,False,75931.79619513183,0.003056565746751808,NONE,0.0,76410.39375,0.5
2026-04-30 13:40:00+00:00,2026-04-30 13:40:00+00:00,2026-04-30 13:45:00+00:00,2026-04-30 13:45:00+00:00,LONG,LONG,4.25,"['delta_strong_positive', 'cvd_strong_positive', 'aggressive_buyers', 'above_vwap']",76586.3,76394.83425,-45.9243996760808,LOSS,1,1.0,0.2298061141483529,1.0665092842975679,-1.0000000000000158,0.5,stop_loss,9.060560788469802,3.636979997869159,3.580810638673531,2.249643970560001,UP,BUY,2.169398103455211,False,75985.65419253161,0.005197554211094385,NONE,0.0,76682.032875,0.5
2026-05-01 01:45:00+00:00,2026-05-01 01:45:00+00:00,2026-05-01 01:50:00+00:00,2026-05-01 03:15:00+00:00,LONG,LONG,4.25,"['delta_strong_positive', 'cvd_strong_positive', 'aggressive_buyers', 'above_vwap']",76649.9,76745.71237499999,22.84738883884842,WIN,18,85.0,2.870192916102957,0.859492315058452,0.4999999999999691,0.5,take_profit,9.060560788469802,3.435769941019701,3.6869126309722393,2.084116843060908,UP,BUY,2.4036411048447435,False,76494.14976015608,0.003209621496942752,NONE,0.0,76745.71237499999,0.5
2026-05-01 06:45:00+00:00,2026-05-01 06:45:00+00:00,2026-05-01 06:50:00+00:00,2026-05-01 06:50:00+00:00,SHORT,SHORT,-4.25,"['delta_strong_negative', 'cvd_strong_negative', 'aggressive_sellers', 'below_vwap']",76933.2,76837.03349999999,22.90450731094854,WIN,1,1.0,0.5173319191194439,0.13882173106017734,0.5000000000000345,0.5,take_profit,9.060560788469802,1.087819574207128,-2.4609211829727062,-2.0398948284395546,DOWN,SELL,0.435306083830069,False,76949.90759696419,-0.002155745459797229,NONE,0.0,76837.03349999999,0.5
2026-05-01 09:00:00+00:00,2026-05-01 09:00:00+00:00,2026-05-01 09:05:00+00:00,2026-05-01 09:45:00+00:00,SHORT,SHORT,-4.25,"['delta_strong_negative', 'cvd_strong_negative', 'aggressive_sellers', 'big_trade_sell']",77286.3,77189.692125,22.961768579224685,WIN,9,40.0,0.6407345156903766,0.3296832685741048,0.5000000000000078,0.5,take_profit,9.060560788469802,0.8318899218982142,-3.2565264546944315,-2.022082745077426,DOWN,SELL,0.22881869157249765,True,77026.32010750195,0.0014096461072657036,NONE,0.0,77189.692125,0.5
2026-05-01 11:20:00+00:00,2026-05-01 11:20:00+00:00,2026-05-01 11:25:00+00:00,2026-05-01 12:00:00+00:00,LONG,LONG,4.25,"['delta_strong_positive', 'cvd_strong_positive', 'aggressive_buyers', 'above_vwap']",77391.9,77488.639875,23.01917300067223,WIN,8,35.0,0.6041975969061814,0.4796367578518597,0.49999999999999645,0.5,take_profit,9.060560788469802,3.8186115100969262,3.407529437462328,2.9220091981449876,UP,BUY,1.991284466811478,False,77071.3642386298,0.001426759390524948,NONE,0.0,77488.639875,0.5
2026-05-01 12:30:00+00:00,2026-05-01 12:30:00+00:00,2026-05-01 12:35:00+00:00,2026-05-01 12:35:00+00:00,LONG,LONG,4.25,"['delta_strong_positive', 'cvd_strong_positive', 'aggressive_buyers', 'above_vwap']",77901.7,77999.077125,23.07672093317385,WIN,1,1.0,1.2508071069052709,0.03337539488868664,0.4999999999999952,0.5,take_profit,9.060560788469802,3.9392915435284492,3.6568753708725334,3.2951742427755257,UP,BUY,1.6195788178721138,False,77204.87421494053,0.004779763256170815,NONE,0.0,77999.077125,0.5
2026-05-01 20:15:00+00:00,2026-05-01 20:15:00+00:00,2026-05-01 20:20:00+00:00,2026-05-01 20:20:00+00:00,SHORT,SHORT,-3.75,"['delta_strong_negative', 'cvd_strong_negative', 'aggressive_sellers']",78156.6,78058.90425,23.134412735506753,WIN,1,1.0,0.5169109198711305,0.02251889155871253,0.4999999999999946,0.5,take_profit,9.060560788469802,1.5673987842554344,-2.080700480627849,-3.0134351289012473,DOWN,SELL,0.6475747283342758,False,77827.74276001174,-0.0024294893498399083,NONE,0.0,78058.90425,0.5
2026-05-01 20:40:00+00:00,2026-05-01 20:40:00+00:00,2026-05-01 20:45:00+00:00,2026-05-01 20:50:00+00:00,SHORT,SHORT,-3.0,"['delta_strong_negative', 'cvd_strong_negative']",77955.9,77858.455125,23.19224876734602,WIN,2,5.0,1.222229491289291,0.22628178239238247,0.5000000000000053,0.5,take_profit,9.060560788469802,3.57263257165784,-2.864486536508381,-2.6322909626627293,DOWN,SELL,0.6952982029249993,False,77831.93062385946,-0.0045241219727906075,NONE,0.0,77858.455125,0.5
2026-05-02 01:30:00+00:00,2026-05-02 01:30:00+00:00,2026-05-02 01:35:00+00:00,2026-05-02 02:50:00+00:00,LONG,LONG,4.25,"['delta_strong_positive', 'cvd_strong_positive', 'aggressive_buyers', 'above_vwap']",78380.9,78478.876125,23.25022938926438,WIN,16,75.0,0.5057354534076839,0.870620265906573,0.5000000000000053,0.5,take_profit,9.060560788469802,2.6855370925645268,2.2302679891615216,2.1509785899381892,UP,BUY,1.726260402964275,False,78268.74367918618,0.002373311436437436,NONE,0.0,78478.876125,0.5
2026-05-02 12:25:00+00:00,2026-05-02 12:25:00+00:00,2026-05-02 12:30:00+00:00,2026-05-02 13:10:00+00:00,LONG,LONG,3.75,"['delta_strong_positive', 'cvd_strong_positive', 'aggressive_buyers']",78208.0,78305.76,23.308354962736043,WIN,9,40.0,0.9978518821604225,0.3687602291325993,0.4999999999999732,0.5,take_profit,9.060560788469802,2.4968715112601063,2.322944299153803,2.9504583369001374,UP,BUY,2.735619041732977,False,78219.98582061044,0.00028818375122500653,NONE,0.0,78305.76,0.5
2026-05-02 21:35:00+00:00,2026-05-02 21:35:00+00:00,2026-05-02 21:40:00+00:00,2026-05-02 22:00:00+00:00,LONG,LONG,4.75,"['delta_strong_positive', 'cvd_strong_positive', 'aggressive_buyers', 'big_trade_buy', 'above_vwap']",78863.0,78665.8425,-46.73325170028854,LOSS,5,20.0,0.08622547962923044,1.2122288018462397,-1.000000000000006,0.5,stop_loss,9.060560788469802,4.246474822611451,4.234018041826666,4.230996885957568,UP,BUY,1.7987955562116729,True,78351.11576709844,0.002404102068964122,NONE,0.0,78961.57875,0.5
2026-05-03 01:00:00+00:00,2026-05-03 01:00:00+00:00,2026-05-03 01:05:00+00:00,2026-05-03 01:15:00+00:00,SHORT,SHORT,-4.25,"['delta_strong_negative', 'cvd_strong_negative', 'aggressive_sellers', 'below_vwap']",78331.1,78233.18612500001,23.249792720893023,WIN,3,10.0,0.6184006097195408,0.2083463656197263,0.4999999999999917,0.5,take_profit,9.060560788469802,3.886571450788023,-3.4228732679843192,-3.4752719330487527,DOWN,SELL,0.4957712030355905,False,78488.0358480788,-0.004467978337507992,NONE,0.0,78233.18612500001,0.5
2026-05-03 09:35:00+00:00,2026-05-03 09:35:00+00:00,2026-05-03 09:40:00+00:00,2026-05-03 10:45:00+00:00,LONG,LONG,4.25,"['delta_strong_positive', 'cvd_strong_positive', 'aggressive_buyers', 'above_vwap']",78561.0,78364.5975,-46.61583440539046,LOSS,14,65.0,0.0,1.0320642558012096,-0.9999999999999821,0.5,stop_loss,9.060560788469802,3.072842380646998,2.9462338155604972,2.692509147259243,UP,BUY,2.370022870932306,False,78283.21400968796,0.0031094096425884855,NONE,0.0,78659.20125,0.5
2026-05-03 11:40:00+00:00,2026-05-03 11:40:00+00:00,2026-05-03 11:45:00+00:00,2026-05-03 11:45:00+00:00,LONG,LONG,4.25,"['delta_strong_positive', 'cvd_strong_positive', 'aggressive_buyers', 'above_vwap']",78679.1,78777.448875,23.191377616681233,WIN,1,1.0,0.6893825679246014,0.2658901792216886,0.49999999999997985,0.5,take_profit,9.060560788469802,3.8510805895649804,3.839796748642519,3.2568275654998433,UP,BUY,2.455174639397449,False,78318.2355248401,0.0026948732262819784,NONE,0.0,78777.448875,0.5
2026-05-03 19:25:00+00:00,2026-05-03 19:25:00+00:00,2026-05-03 19:30:00+00:00,2026-05-03 20:20:00+00:00,SHORT,SHORT,-3.75,"['delta_strong_negative', 'cvd_strong_negative', 'aggressive_sellers']",78645.8,78842.4145,-46.49871212144681,LOSS,11,50.0,0.0066119233322207175,1.8014948032825506,-0.9999999999999798,0.5,stop_loss,9.060560788469802,0.7774581433164901,-2.6307938652103093,-2.5995951743598007,DOWN,SELL,0.11576742794454972,False,78455.22667278424,-0.00020916769145376999,NONE,0.0,78547.49275,0.5
2026-05-03 20:35:00+00:00,2026-05-03 20:35:00+00:00,2026-05-03 20:40:00+00:00,2026-05-03 21:35:00+00:00,LONG,LONG,4.25,"['delta_strong_positive', 'cvd_strong_positive', 'aggressive_buyers', 'above_vwap']",78989.6,78792.126,-46.26621856084097,LOSS,12,55.0,0.18432806344123365,1.1009044228607752,-1.00000000000001,0.5,stop_loss,9.060560788469802,3.8365726637143247,3.0041772067410406,3.287420485553512,UP,BUY,1.7221466021375276,False,78517.29195697735,0.0018742966871989287,NONE,0.0,79088.337,0.5
2026-05-04 01:55:00+00:00,2026-05-04 01:55:00+00:00,2026-05-04 02:00:00+00:00,2026-05-04 02:00:00+00:00,LONG,LONG,4.25,"['delta_strong_positive', 'cvd_strong_positive', 'aggressive_buyers', 'above_vwap']",79756.0,79556.61,-46.03488746803616,LOSS,1,1.0,2.1485530869150615,1.3190230202116455,-0.9999999999999969,0.5,stop_loss,9.060560788469802,4.043201719015753,4.082208966493189,3.7501105486821102,UP,BUY,1.5396028996130684,False,79067.66608763015,0.009139166677424815,NONE,0.0,79855.695,0.5
2026-05-04 10:00:00+00:00,2026-05-04 10:00:00+00:00,2026-05-04 10:05:00+00:00,2026-05-04 10:05:00+00:00,SHORT,SHORT,-4.25,"['delta_strong_negative', 'cvd_strong_negative', 'aggressive_sellers', 'below_vwap']",79179.9,79080.925125,22.902356515348032,WIN,1,1.0,3.1316028436509478,0.09800467037724843,0.4999999999999994,0.5,take_profit,9.060560788469802,4.192102384550443,-4.052351167965079,-2.5203208982259895,DOWN,SELL,0.6381748832782764,False,79749.01257008938,-0.006148970098893121,NONE,0.0,79080.925125,0.5
2026-05-04 10:20:00+00:00,2026-05-04 10:20:00+00:00,2026-05-04 10:25:00+00:00,2026-05-04 10:25:00+00:00,SHORT,SHORT,-4.25,"['delta_strong_negative', 'cvd_strong_negative', 'aggressive_sellers', 'below_vwap']",78214.2,78409.7355,-45.91922481327243,LOSS,1,1.0,0.43930641750472005,1.5127687811164874,-0.9999999999999906,0.5,stop_loss,9.070808045374708,2.3201083101842395,-2.9283192448641353,-3.2101245104775074,DOWN,SELL,0.5344175957185064,False,79525.76606798478,-0.01091890478528268,NONE,0.0,78116.43225,0.5
2026-05-04 13:45:00+00:00,2026-05-04 13:45:00+00:00,2026-05-04 13:50:00+00:00,2026-05-04 13:55:00+00:00,SHORT,SHORT,-4.25,"['delta_strong_negative', 'cvd_strong_negative', 'aggressive_sellers', 'below_vwap']",78795.3,78696.805875,22.84481434460265,WIN,2,5.0,0.558408940634784,0.2665133580302378,0.49999999999998695,0.5,take_profit,9.070808045374708,0.5779638011798386,-3.0055910122808713,-2.796269285393625,DOWN,SELL,0.31655265710347646,False,79333.83738449159,0.0004856736908567485,NONE,0.0,78696.805875,0.5
2026-05-04 14:45:00+00:00,2026-05-04 14:45:00+00:00,2026-05-04 14:50:00+00:00,2026-05-04 14:50:00+00:00,LONG,LONG,3.5,"['delta_strong_positive', 'cvd_strong_positive', 'above_vwap']",79993.6,80093.592,22.901926380464374,WIN,1,1.0,2.255680454436311,0.008000640051233202,0.4999999999999918,0.5,take_profit,9.070808045374708,3.978125678823349,3.1943014735901545,2.527761064214039,UP,BUY,1.3431019942867999,False,79337.92847466122,0.011691174210768995,NONE,0.0,80093.592,0.5
2026-05-04 15:10:00+00:00,2026-05-04 15:10:00+00:00,2026-05-04 15:15:00+00:00,2026-05-04 15:15:00+00:00,SHORT,SHORT,-3.75,"['delta_strong_negative', 'cvd_strong_negative', 'aggressive_sellers']",80065.9,79965.817625,22.959181196415486,WIN,1,1.0,3.285293739282223,0.6099975145474207,0.49999999999999073,0.5,take_profit,9.070808045374708,0.9056165054865306,-2.083276248000078,-2.055268495788223,DOWN,SELL,0.6228460876352482,False,79419.78877266248,0.007713061341178133,NONE,0.0,79965.817625,0.5
2026-05-04 21:20:00+00:00,2026-05-04 21:20:00+00:00,2026-05-04 21:25:00+00:00,2026-05-04 21:50:00+00:00,LONG,LONG,4.25,"['delta_strong_positive', 'cvd_strong_positive', 'aggressive_buyers', 'above_vwap']",80234.1,80334.39262500001,23.01657914940737,WIN,6,25.0,0.5758150212939386,0.41927310208505264,0.5000000000000092,0.5,take_profit,9.070808045374708,2.2112911251658507,2.3862822869728264,2.4115514810920007,UP,BUY,3.019260116489051,False,79556.62883607182,0.0001355024813834289,NONE,0.0,80334.39262500001,0.5
2026-05-04 22:30:00+00:00,2026-05-04 22:30:00+00:00,2026-05-04 22:35:00+00:00,2026-05-04 22:55:00+00:00,SHORT,SHORT,-3.75,"['delta_strong_negative', 'cvd_strong_negative', 'aggressive_sellers']",80117.2,80017.0535,23.074120597281055,WIN,5,20.0,0.5671690972724522,0.22966354290963736,0.5000000000000128,0.5,take_profit,9.070808045374708,2.2331162970452825,-2.362455510590183,-2.303561417784919,DOWN,SELL,0.45804297404019284,False,79563.25205439299,0.0008102760406278846,NONE,0.0,80017.0535,0.5
2026-05-05 00:00:00+00:00,2026-05-05 00:00:00+00:00,2026-05-05 00:05:00+00:00,2026-05-05 00:30:00+00:00,LONG,LONG,4.25,"['delta_strong_positive', 'cvd_strong_positive', 'aggressive_buyers', 'above_vwap']",79949.1,80049.03637500001,23.131805898774772,WIN,6,25.0,0.749977172976277,0.6874373820343629,0.5000000000000238,0.5,take_profit,9.070808045374708,2.931046386652589,2.214816211624185,3.083652206227854,UP,BUY,1.9914954335873583,False,79899.23333333332,-0.000769744889313437,NONE,0.0,80049.03637500001,0.5
2026-05-05 02:00:00+00:00,2026-05-05 02:00:00+00:00,2026-05-05 02:05:00+00:00,2026-05-05 02:35:00+00:00,LONG,LONG,4.25,"['delta_strong_positive', 'cvd_strong_positive', 'aggressive_buyers', 'above_vwap']",80451.0,80551.56375,23.18963541352087,WIN,7,30.0,1.357347950926651,0.5807261562939077,0.5000000000000058,0.5,take_profit,9.070808045374708,3.433848492599139,2.7852609713616214,2.5769232678055927,UP,BUY,1.7710480202649332,False,80126.13743194939,0.004891105754680957,NONE,0.0,80551.56375,0.5
2026-05-05 03:35:00+00:00,2026-05-05 03:35:00+00:00,2026-05-05 03:40:00+00:00,2026-05-05 03:40:00+00:00,LONG,LONG,4.25,"['delta_strong_positive', 'cvd_strong_positive', 'aggressive_buyers', 'above_vwap']",80817.8,80918.82225,23.247609502053148,WIN,1,1.0,0.678563385788731,0.0004949404710636556,0.49999999999997297,0.5,take_profit,9.070808045374708,3.225017877717246,3.5738984605939685,2.589111571330594,UP,BUY,2.5096518163371577,False,80491.85498010206,0.004453749736112003,NONE,0.0,80918.82225,0.5
2026-05-05 05:20:00+00:00,2026-05-05 05:20:00+00:00,2026-05-05 05:25:00+00:00,2026-05-05 05:35:00+00:00,LONG,LONG,4.75,"['delta_strong_positive', 'cvd_strong_positive', 'aggressive_buyers', 'big_trade_buy', 'above_vwap']",81124.5,81225.905625,23.30572852580941,WIN,3,10.0,0.7578475059938593,0.7775702777828996,0.49999999999999717,0.5,take_profit,9.070808045374708,3.851696761866498,3.9215632373513998,2.1967931333577506,UP,BUY,3.582366849877409,True,80614.46903320271,0.0050954417784145264,NONE,0.0,81225.905625,0.5
2026-05-05 07:45:00+00:00,2026-05-05 07:45:00+00:00,2026-05-05 07:50:00+00:00,2026-05-05 07:55:00+00:00,SHORT,SHORT,-3.75,"['delta_strong_negative', 'cvd_strong_negative', 'aggressive_sellers']",80925.0,80823.84375,23.363992847124063,WIN,2,5.0,0.6489959839357573,0.0004942848316630004,0.5,0.5,take_profit,9.070808045374708,3.240960777234616,-3.2550487464214752,-3.3470712203492545,DOWN,SELL,0.332322491279832,False,80749.50387537736,-0.00040694719000050844,NONE,0.0,80823.84375,0.5
2026-05-05 11:10:00+00:00,2026-05-05 11:10:00+00:00,2026-05-05 11:15:00+00:00,2026-05-05 11:35:00+00:00,LONG,LONG,4.75,"['delta_strong_positive', 'cvd_strong_positive', 'aggressive_buyers', 'big_trade_buy', 'above_vwap']",80905.6,81006.732,23.422402829241364,WIN,5,20.0,0.8177431475694843,0.6540956373848184,0.49999999999998906,0.5,take_profit,9.070808045374708,4.003879767212795,4.081504331108042,4.051156132983556,UP,BUY,7.976657205087663,True,80745.5579128646,0.0016460034278661315,NONE,0.0,81006.732,0.5
2026-05-05 13:05:00+00:00,2026-05-05 13:05:00+00:00,2026-05-05 13:10:00+00:00,2026-05-05 13:20:00+00:00,LONG,LONG,4.25,"['delta_strong_positive', 'cvd_strong_positive', 'aggressive_buyers', 'above_vwap']",81537.9,81639.82237499999,23.480958836313746,WIN,3,10.0,0.5823058970123668,0.5921172853360075,0.4999999999999738,0.5,take_profit,9.070808045374708,3.5082364223119535,3.811450197766723,3.0233216586717635,UP,BUY,2.57778096129195,False,80849.02360831143,0.006315155812556368,NONE,0.0,81639.82237499999,0.5
2026-05-05 16:35:00+00:00,2026-05-05 16:35:00+00:00,2026-05-05 16:40:00+00:00,2026-05-05 17:00:00+00:00,SHORT,SHORT,-3.0,"['delta_strong_negative', 'cvd_strong_negative']",81083.6,81286.30900000001,-47.07932246681211,LOSS,5,20.0,0.41241385434295375,1.2155355706949083,-1.0000000000000124,0.5,stop_loss,9.070808045374708,3.2717084542451125,-2.3206235998517326,-2.7358248650620074,DOWN,SELL,0.7171718744710384,False,81011.5651809288,-0.003499007479079183,NONE,0.0,80982.2455,0.5
2026-05-05 19:30:00+00:00,2026-05-05 19:30:00+00:00,2026-05-05 19:35:00+00:00,2026-05-05 20:00:00+00:00,LONG,LONG,4.25,"['delta_strong_positive', 'cvd_strong_positive', 'aggressive_buyers', 'above_vwap']",81545.6,81647.532,23.421962927238884,WIN,6,25.0,0.7652160263705214,0.35268610446184084,0.5000000000000033,0.5,take_profit,9.070808045374708,3.162333053755355,3.4373418739484904,2.426321685291742,UP,BUY,2.671807248890476,False,81037.44246203071,0.002507821119365891,NONE,0.0,81647.532,0.5
2026-05-05 22:35:00+00:00,2026-05-05 22:35:00+00:00,2026-05-05 22:40:00+00:00,2026-05-05 22:40:00+00:00,SHORT,SHORT,-3.5,"['delta_strong_negative', 'cvd_strong_negative', 'below_vwap']",80956.1,80854.90487500001,23.480517834556448,WIN,1,1.0,1.0044950287872212,0.3488310331154355,0.4999999999999919,0.5,take_profit,9.070808045374708,2.836574855836032,-2.3212552532421746,-2.374197970278644,DOWN,SELL,0.7550013635905877,False,81088.5525449447,-0.006038207158877638,NONE,0.0,80854.90487500001,0.5
2026-05-06 00:00:00+00:00,2026-05-06 00:00:00+00:00,2026-05-06 00:05:00+00:00,2026-05-06 00:10:00+00:00,LONG,LONG,4.25,"['delta_strong_positive', 'cvd_strong_positive', 'aggressive_buyers', 'above_vwap']",81011.3,81112.564125,23.539219129143564,WIN,2,5.0,1.028498493420068,0.19305948676298648,0.5000000000000074,0.5,take_profit,9.070808045374708,0.5997701126783809,3.005502084060572,2.488632379966373,UP,BUY,3.159669812902923,False,80980.06666666667,-0.00289703752940824,NONE,0.0,81112.564125,0.5
2026-05-06 05:35:00+00:00,2026-05-06 05:35:00+00:00,2026-05-06 05:40:00+00:00,2026-05-06 05:50:00+00:00,SHORT,SHORT,-4.25,"['delta_strong_negative', 'cvd_strong_negative', 'aggressive_sellers', 'below_vwap']",81027.8,81230.3695,-47.19613435393164,LOSS,3,10.0,0.0004936577323132098,1.0411241573879295,-0.9999999999999891,0.5,stop_loss,9.070808045374708,3.6320363586735995,-3.7369142808561118,-2.2926753436482747,DOWN,SELL,0.4424747105816052,False,81238.38463285474,-0.004132246342867162,NONE,0.0,80926.51525,0.5
2026-05-06 08:30:00+00:00,2026-05-06 08:30:00+00:00,2026-05-06 08:35:00+00:00,2026-05-06 08:35:00+00:00,LONG,LONG,4.25,"['delta_strong_positive', 'cvd_strong_positive', 'aggressive_buyers', 'above_vwap']",81683.6,81785.7045,23.480076841081537,WIN,1,1.0,0.5352359592377826,0.5220142109309864,0.5000000000000062,0.5,take_profit,9.070808045374708,4.121250730541502,4.118908100572681,3.560797171954152,UP,BUY,2.0292870326604424,False,81308.38456783837,0.0034665215362122753,NONE,0.0,81785.7045,0.5
2026-05-06 08:50:00+00:00,2026-05-06 08:50:00+00:00,2026-05-06 08:55:00+00:00,2026-05-06 09:20:00+00:00,LONG,LONG,4.25,"['delta_strong_positive', 'cvd_strong_positive', 'aggressive_buyers', 'above_vwap']",81877.8,81673.1055,-47.07755406636739,LOSS,6,25.0,0.32829411635386924,1.265788773025195,-0.9999999999999891,0.5,stop_loss,9.070808045374708,3.086587677438724,2.9821161062430708,2.7640121428223843,UP,BUY,1.8860272376709877,False,81361.61647755031,0.004711785858641773,NONE,0.0,81980.14725000001,0.5
2026-05-06 14:00:00+00:00,2026-05-06 14:00:00+00:00,2026-05-06 14:05:00+00:00,2026-05-06 14:05:00+00:00,SHORT,SHORT,-4.25,"['delta_strong_negative', 'cvd_strong_negative', 'aggressive_sellers', 'below_vwap']",81350.6,81248.91175,23.421083148019534,WIN,1,1.0,1.3644644292728019,0.20405504077413072,0.500000000000032,0.5,take_profit,9.070808045374708,1.5920647155988787,-3.5166740746932277,-2.629984463340035,DOWN,SELL,0.46224694314616677,False,81826.56561178098,-0.010080242210898344,NONE,0.0,81248.91175,0.5
2026-05-06 16:20:00+00:00,2026-05-06 16:20:00+00:00,2026-05-06 16:25:00+00:00,2026-05-06 16:30:00+00:00,SHORT,SHORT,-4.25,"['delta_strong_negative', 'cvd_strong_negative', 'aggressive_sellers', 'below_vwap']",81542.0,81440.0725,23.47963585588929,WIN,2,5.0,0.8309828064064858,0.2364425694733859,0.5000000000000256,0.5,take_profit,9.070808045374708,1.2948021967395162,-2.198959430975331,-2.3183190684640977,DOWN,SELL,0.5650939360321361,False,81773.66218109368,-0.0017962359009767734,NONE,0.0,81440.0725,0.5
2026-05-06 23:00:00+00:00,2026-05-06 23:00:00+00:00,2026-05-06 23:05:00+00:00,2026-05-06 23:10:00+00:00,SHORT,SHORT,-4.25,"['delta_strong_negative', 'cvd_strong_negative', 'aggressive_sellers', 'below_vwap']",81045.2,81247.813,-47.07666989105504,LOSS,2,5.0,0.0996974527794223,1.0483039094234265,-0.9999999999999879,0.5,stop_loss,9.070808045374708,4.212810771896546,-4.2263391552504075,-4.155358784423689,DOWN,SELL,0.43301059289106153,False,81721.8269944055,-0.003448269895138428,NONE,0.0,80943.89349999999,0.5
2026-05-07 04:25:00+00:00,2026-05-07 04:25:00+00:00,2026-05-07 04:30:00+00:00,2026-05-07 05:00:00+00:00,LONG,LONG,3.75,"['delta_strong_positive', 'cvd_strong_positive', 'aggressive_buyers']",80899.9,81001.02487499999,23.420643270798795,WIN,7,30.0,0.761434810178999,0.39307835980019756,0.49999999999997075,0.5,take_profit,9.070808045374708,0.39471172895012835,2.0098075762288565,2.927914207507514,UP,BUY,2.6342731006733913,False,80992.78817697876,-0.000895473037499176,NONE,0.0,81001.02487499999,0.5
2026-05-07 06:05:00+00:00,2026-05-07 06:05:00+00:00,2026-05-07 06:10:00+00:00,2026-05-07 06:30:00+00:00,SHORT,SHORT,-4.25,"['delta_strong_negative', 'cvd_strong_negative', 'aggressive_sellers', 'below_vwap']",80942.2,81144.5555,-46.958389757955516,LOSS,5,20.0,0.493191437840844,1.461783840814818,-1.0000000000000253,0.5,stop_loss,9.070808045374708,2.516653341696004,-2.369511242478302,-2.5334962129866385,DOWN,SELL,0.540558009505172,False,80993.23214889047,0.0001504615861033292,NONE,0.0,80841.02225,0.5
2026-05-07 09:35:00+00:00,2026-05-07 09:35:00+00:00,2026-05-07 09:40:00+00:00,2026-05-07 10:10:00+00:00,SHORT,SHORT,-4.75,"['delta_strong_negative', 'cvd_strong_negative', 'aggressive_sellers', 'big_trade_sell', 'below_vwap']",80879.3,80778.20087500001,23.36179890458074,WIN,7,30.0,0.5158303793430601,0.4520316075930142,0.49999999999996714,0.5,take_profit,9.070808045374708,3.503347229047552,-2.426113577890639,-2.882574548104674,DOWN,SELL,0.5387975350185176,True,81127.69815720929,-0.004942056772905177,NONE,0.0,80778.20087500001,0.5
2026-05-07 13:10:00+00:00,2026-05-07 13:10:00+00:00,2026-05-07 13:15:00+00:00,2026-05-07 13:20:00+00:00,SHORT,SHORT,-4.25,"['delta_strong_negative', 'cvd_strong_negative', 'aggressive_sellers', 'below_vwap']",80888.5,81090.72125,-46.840406803688,LOSS,2,5.0,0.3961008054297252,1.0958294442349943,-1.0000000000000115,0.5,stop_loss,9.070808045374708,0.8920626047282596,-2.964359213545423,-2.4179686474450826,DOWN,SELL,0.38371312320454354,False,81061.82484478991,3.5016198067697794e-06,NONE,0.0,80787.389375,0.5
2026-05-07 13:35:00+00:00,2026-05-07 13:35:00+00:00,2026-05-07 13:40:00+00:00,2026-05-07 13:40:00+00:00,SHORT,SHORT,-4.25,"['delta_strong_negative', 'cvd_strong_negative', 'aggressive_sellers', 'below_vwap']",80645.5,80544.693125,23.303102384833295,WIN,1,1.0,0.6423173022673304,0.15623934379475604,0.499999999999974,0.5,take_profit,9.070808045374708,3.3483385685046616,-2.669719222586926,-2.353722787408435,DOWN,SELL,0.556970442253333,False,81051.18165598101,-0.002623758924921465,NONE,0.0,80544.693125,0.5
2026-05-07 17:25:00+00:00,2026-05-07 17:25:00+00:00,2026-05-07 17:30:00+00:00,2026-05-07 17:40:00+00:00,SHORT,SHORT,-3.5,"['delta_strong_negative', 'cvd_strong_negative', 'below_vwap']",79654.6,79853.7365,-46.72272028159159,LOSS,3,10.0,0.18881520966776968,1.1318869217847767,-0.9999999999999661,0.5,stop_loss,9.070808045374708,3.8701114385428133,-3.6382140806052004,-2.414516660457822,DOWN,SELL,0.7178002864361498,False,80649.55297252005,-0.005536892949683871,NONE,0.0,79555.03175000001,0.5
2026-05-07 21:05:00+00:00,2026-05-07 21:05:00+00:00,2026-05-07 21:10:00+00:00,2026-05-07 21:15:00+00:00,SHORT,SHORT,-4.25,"['delta_strong_negative', 'cvd_strong_negative', 'aggressive_sellers', 'below_vwap']",79624.7,79823.76174999999,-46.489106680183696,LOSS,2,5.0,0.0005023566807348416,1.0343524057233935,-0.9999999999999672,0.5,stop_loss,9.070808045374708,2.640297357744627,-3.808675565436778,-3.8238434911133696,DOWN,SELL,0.29590805129216446,False,80563.95877611137,-0.003911372078738904,NONE,0.0,79525.169125,0.5
2026-05-08 00:25:00+00:00,2026-05-08 00:25:00+00:00,2026-05-08 00:30:00+00:00,2026-05-08 00:35:00+00:00,SHORT,SHORT,-4.25,"['delta_strong_negative', 'cvd_strong_negative', 'aggressive_sellers', 'below_vwap']",79976.0,79876.03,23.12833057339242,WIN,2,5.0,0.64219265779731,0.10053015904774343,0.5000000000000059,0.5,take_profit,9.070808045374708,3.77404147027662,-3.9546073507618433,-3.0204229830695972,DOWN,SELL,0.2622540379645185,False,80011.55602750607,0.0017937180483414735,NONE,0.0,79876.03,0.5
2026-05-08 02:15:00+00:00,2026-05-08 02:15:00+00:00,2026-05-08 02:20:00+00:00,2026-05-08 02:30:00+00:00,SHORT,SHORT,-4.25,"['delta_strong_negative', 'cvd_strong_negative', 'aggressive_sellers', 'below_vwap']",79346.4,79544.76599999999,-46.37230279964998,LOSS,3,10.0,0.031759474909956134,1.493703558069442,-0.9999999999999725,0.5,stop_loss,9.070808045374708,3.6842678811445437,-3.5818171182791576,-2.4271627745966473,DOWN,SELL,0.5574040644129532,False,79701.76372742289,-0.005036143489907255,NONE,0.0,79247.21699999999,0.5
2026-05-08 07:30:00+00:00,2026-05-08 07:30:00+00:00,2026-05-08 07:35:00+00:00,2026-05-08 07:40:00+00:00,LONG,LONG,3.75,"['delta_strong_positive', 'cvd_strong_positive', 'aggressive_buyers']",79454.1,79553.417625,23.07022064282559,WIN,2,5.0,0.5411929654983191,0.034737036855284904,0.49999999999998007,0.5,take_profit,9.070808045374708,0.8592601837042262,2.495420849505736,2.5632459890585135,UP,BUY,2.4538687265351915,False,79550.28313469456,-0.0006201967671312742,NONE,0.0,79553.417625,0.5
2026-05-08 13:05:00+00:00,2026-05-08 13:05:00+00:00,2026-05-08 13:10:00+00:00,2026-05-08 13:10:00+00:00,SHORT,SHORT,-3.75,"['delta_strong_negative', 'cvd_strong_negative', 'aggressive_sellers']",79860.7,79760.874125,23.127896194432413,WIN,1,1.0,1.2326463454489693,0.15577123666587356,0.49999999999997496,0.5,take_profit,9.070808045374708,0.9550990721637267,-2.531992103455863,-2.884715194663906,DOWN,SELL,0.4181304948431884,False,79779.57150484422,-0.0027855711373639316,NONE,0.0,79760.874125,0.5
2026-05-08 22:00:00+00:00,2026-05-08 22:00:00+00:00,2026-05-08 22:05:00+00:00,2026-05-08 22:15:00+00:00,LONG,LONG,4.25,"['delta_strong_positive', 'cvd_strong_positive', 'aggressive_buyers', 'above_vwap']",80274.3,80374.642875,23.185715934920132,WIN,3,10.0,0.5067624382896996,0.11759679000629501,0.5000000000000104,0.5,take_profit,9.070808045374708,4.129290242179167,4.001062294983696,3.899768157370027,UP,BUY,3.1060084548037605,False,79854.73237061432,0.001670860228429845,NONE,0.0,80374.642875,0.5
2026-05-09 01:10:00+00:00,2026-05-09 01:10:00+00:00,2026-05-09 01:15:00+00:00,2026-05-09 01:50:00+00:00,LONG,LONG,4.25,"['delta_strong_positive', 'cvd_strong_positive', 'aggressive_buyers', 'above_vwap']",80287.4,80387.75924999999,23.24368022475558,WIN,8,35.0,0.5858951715960703,0.4444034804963025,0.4999999999999705,0.5,take_profit,9.070808045374708,1.5424897105844226,2.038914688234979,2.0118594418633395,UP,BUY,2.8802819865319864,False,80168.24773335176,0.0009578535913986776,NONE,0.0,80387.75924999999,0.5
2026-05-09 04:05:00+00:00,2026-05-09 04:05:00+00:00,2026-05-09 04:10:00+00:00,2026-05-09 04:50:00+00:00,LONG,LONG,4.75,"['delta_strong_positive', 'cvd_strong_positive', 'aggressive_buyers', 'big_trade_buy', 'above_vwap']",80550.2,80348.8245,-46.603578850636445,LOSS,9,40.0,0.0844194055384096,1.1148327378454679,-0.9999999999999735,0.5,stop_loss,9.070808045374708,4.073447231764583,3.6843444200459343,2.5000082763336136,UP,BUY,2.2442181135724764,True,80358.48245657698,0.002308169489741043,NONE,0.0,80650.88775,0.5
2026-05-09 06:35:00+00:00,2026-05-09 06:35:00+00:00,2026-05-09 06:40:00+00:00,2026-05-09 08:10:00+00:00,SHORT,SHORT,-4.25,"['delta_strong_negative', 'cvd_strong_negative', 'aggressive_sellers', 'below_vwap']",80180.1,80380.55025,-46.37056095638321,LOSS,19,90.0,0.4779240734297059,1.0037403295830116,-0.9999999999999721,0.5,stop_loss,9.070808045374708,3.642652750961463,-3.2195053726189955,-2.6790135580476417,DOWN,SELL,0.3117930795644114,False,80360.74410753862,-0.0026975721257097786,NONE,0.0,80079.87487500001,0.5
2026-05-09 10:35:00+00:00,2026-05-09 10:35:00+00:00,2026-05-09 10:40:00+00:00,2026-05-09 15:30:00+00:00,LONG,LONG,3.75,"['delta_strong_positive', 'cvd_strong_positive', 'aggressive_buyers']",80300.1,80400.47512500001,23.06935407580265,WIN,59,290.0,0.7432120258878735,0.5484426544923645,0.5000000000000295,0.5,take_profit,9.070808045374708,2.011288063974212,2.663957750942084,2.67488085705363,UP,BUY,4.118481697629422,False,80313.78310854676,0.0006753613678303861,NONE,0.0,80400.47512500001,0.5
2026-05-09 22:50:00+00:00,2026-05-09 22:50:00+00:00,2026-05-09 22:55:00+00:00,2026-05-09 23:25:00+00:00,SHORT,SHORT,-3.75,"['delta_strong_negative', 'cvd_strong_negative', 'aggressive_sellers']",80713.0,80612.10875,23.12702746099093,WIN,7,30.0,0.5074771102548248,0.5154064401025857,0.5000000000000029,0.5,take_profit,9.070808045374708,1.238277358957527,-2.514044152832707,-2.712396966953674,DOWN,SELL,0.16100431597478565,False,80478.17968679727,-0.0008278857129958772,NONE,0.0,80612.10875,0.5
2026-05-10 06:40:00+00:00,2026-05-10 06:40:00+00:00,2026-05-10 06:45:00+00:00,2026-05-10 08:10:00+00:00,LONG,LONG,4.25,"['delta_strong_positive', 'cvd_strong_positive', 'aggressive_buyers', 'above_vwap']",80676.3,80777.14537500001,23.184845029644286,WIN,18,85.0,0.5513391169401526,0.03421079052960401,0.5000000000000219,0.5,take_profit,9.070808045374708,3.183576130499354,2.6046718854484414,2.0289129907925196,UP,BUY,1.9652141006607864,False,80675.17133420963,-0.0005523414029216954,NONE,0.0,80777.14537500001,0.5
2026-05-10 08:25:00+00:00,2026-05-10 08:25:00+00:00,2026-05-10 08:30:00+00:00,2026-05-10 11:00:00+00:00,LONG,LONG,4.25,"['delta_strong_positive', 'cvd_strong_positive', 'aggressive_buyers', 'above_vwap']",80835.3,80936.344125,23.24280714221746,WIN,31,150.0,0.5156163210874313,0.9589869772240737,0.5000000000000017,0.5,take_profit,9.070808045374708,2.822260243438664,2.2801808610453307,2.377855225443427,UP,BUY,1.792020307548848,False,80688.61565434955,0.0014475030650226664,NONE,0.0,80936.344125,0.5
2026-05-10 13:25:00+00:00,2026-05-10 13:25:00+00:00,2026-05-10 13:30:00+00:00,2026-05-10 15:00:00+00:00,LONG,LONG,4.25,"['delta_strong_positive', 'cvd_strong_positive', 'aggressive_buyers', 'above_vwap']",80937.7,81038.872125,23.30091416007231,WIN,19,90.0,0.7556429204190815,0.8238435240932079,0.4999999999999868,0.5,take_profit,9.070808045374708,2.667835623635616,2.930852157881285,2.0731642012760307,UP,BUY,2.3611474091571596,False,80739.3987027503,0.001611673254208158,NONE,0.0,81038.872125,0.5
2026-05-10 15:45:00+00:00,2026-05-10 15:45:00+00:00,2026-05-10 15:50:00+00:00,2026-05-10 15:50:00+00:00,LONG,LONG,4.25,"['delta_strong_positive', 'cvd_strong_positive', 'aggressive_buyers', 'above_vwap']",81307.6,81409.2345,23.359166445473132,WIN,1,1.0,0.5687045245462479,0.13774850075515696,0.5000000000000006,0.5,take_profit,9.070808045374708,3.454323804412579,3.0224227498976575,2.975864963642385,UP,BUY,1.7409702276738026,False,80854.4323446259,0.0035360872260164276,NONE,0.0,81409.2345,0.5
2026-05-10 20:30:00+00:00,2026-05-10 20:30:00+00:00,2026-05-10 20:35:00+00:00,2026-05-10 20:40:00+00:00,SHORT,SHORT,-4.25,"['delta_strong_negative', 'cvd_strong_negative', 'aggressive_sellers', 'below_vwap']",80933.1,80831.933625,23.417564361586944,WIN,2,5.0,0.8703484729980974,0.6864929182250237,0.5000000000000033,0.5,take_profit,9.070808045374708,2.251070068734474,-2.520955536482036,-2.46825513733062,DOWN,SELL,0.4299050984671974,False,81039.42042995496,-0.004254395368573022,NONE,0.0,80831.933625,0.5
2026-05-11 00:15:00+00:00,2026-05-11 00:15:00+00:00,2026-05-11 00:20:00+00:00,2026-05-11 00:20:00+00:00,SHORT,SHORT,-4.25,"['delta_strong_negative', 'cvd_strong_negative', 'aggressive_sellers', 'below_vwap']",81541.2,81745.053,-46.95221654498215,LOSS,1,1.0,1.0949066238907306,1.0021927565451718,-1.0000000000000135,0.5,stop_loss,9.070808045374708,2.906666422068546,-3.688927494396194,-2.185620761014959,DOWN,SELL,0.32829331661592015,False,81807.9080389822,0.0013012112850900104,NONE,0.0,81439.2735,0.5
2026-05-11 03:10:00+00:00,2026-05-11 03:10:00+00:00,2026-05-11 03:15:00+00:00,2026-05-11 04:30:00+00:00,SHORT,SHORT,-4.25,"['delta_strong_negative', 'cvd_strong_negative', 'aggressive_sellers', 'below_vwap']",80569.7,80771.12425,-46.717455462255764,LOSS,16,75.0,0.494478693603135,1.0793139356358965,-0.999999999999982,0.5,stop_loss,9.070808045374708,3.802199749054686,-4.045951900814963,-3.2964686641608765,DOWN,SELL,0.5283352808859639,False,81405.86365006307,-0.012034418516674288,NONE,0.0,80468.98787499999,0.5
2026-05-11 05:40:00+00:00,2026-05-11 05:40:00+00:00,2026-05-11 05:45:00+00:00,2026-05-11 06:25:00+00:00,SHORT,SHORT,-4.25,"['delta_strong_negative', 'cvd_strong_negative', 'aggressive_sellers', 'below_vwap']",80750.9,80952.77725,-46.48386818494647,LOSS,9,40.0,0.2120100209408854,1.3988698577972938,-1.0000000000000249,0.5,stop_loss,9.070808045374708,1.885622078891197,-2.515610746363802,-3.282886826113251,DOWN,SELL,0.3950857435372408,False,81181.68127075849,-0.0013223899039620797,NONE,0.0,80649.961375,0.5
2026-05-11 13:30:00+00:00,2026-05-11 13:30:00+00:00,2026-05-11 13:35:00+00:00,2026-05-11 13:35:00+00:00,SHORT,SHORT,-4.25,"['delta_strong_negative', 'cvd_strong_negative', 'aggressive_sellers', 'below_vwap']",80863.1,80762.021125,23.125724422011782,WIN,1,1.0,0.727649570694202,0.13900035986743653,0.5000000000000322,0.5,take_profit,9.070808045374708,2.8713802835264413,-2.194518281580957,-2.2066783374419807,DOWN,SELL,0.584432603686636,False,81097.5959877274,-0.0027119266278472394,NONE,0.0,80762.021125,0.5
2026-05-11 16:25:00+00:00,2026-05-11 16:25:00+00:00,2026-05-11 16:30:00+00:00,2026-05-11 16:40:00+00:00,SHORT,SHORT,-3.75,"['delta_strong_negative', 'cvd_strong_negative', 'aggressive_sellers']",81732.9,81630.73387499999,23.183538733066094,WIN,3,10.0,1.1006583640125052,0.7199059375111164,0.5000000000000165,0.5,take_profit,9.070808045374708,-0.19085666946345511,-2.1156962911956168,-2.3077164455776593,DOWN,SELL,0.46120796535030906,False,81099.96391596958,0.007727137318028672,NONE,0.0,81630.73387499999,0.5
2026-05-11 19:20:00+00:00,2026-05-11 19:20:00+00:00,2026-05-11 19:25:00+00:00,2026-05-11 20:30:00+00:00,LONG,LONG,4.25,"['delta_strong_positive', 'cvd_strong_positive', 'aggressive_buyers', 'above_vwap']",82002.7,81797.69325,-46.48299515979609,LOSS,14,65.0,0.255113551139184,1.0028938071550877,-1.0000000000000022,0.5,stop_loss,9.070808045374708,2.1682225447435113,3.781813158601276,2.7138593056365323,UP,BUY,2.866346386728988,False,81216.28492353276,0.004009835731306653,NONE,0.0,82105.203375,0.5
2026-05-12 01:15:00+00:00,2026-05-12 01:15:00+00:00,2026-05-12 01:20:00+00:00,2026-05-12 01:20:00+00:00,SHORT,SHORT,-4.25,"['delta_strong_negative', 'cvd_strong_negative', 'aggressive_sellers', 'below_vwap']",81337.3,81235.628375,23.12529009199911,WIN,1,1.0,0.612757000785646,0.15195980196044953,0.5000000000000131,0.5,take_profit,9.070808045374708,2.5183443241926335,-2.167091501646886,-2.076273877074372,DOWN,SELL,0.6261174715754744,False,81502.0350857503,-0.0034614255228631622,NONE,0.0,81235.628375,0.5
2026-05-12 01:35:00+00:00,2026-05-12 01:35:00+00:00,2026-05-12 01:40:00+00:00,2026-05-12 01:40:00+00:00,SHORT,SHORT,-4.0,"['delta_strong_negative', 'cvd_strong_negative', 'big_trade_sell', 'below_vwap']",80817.3,81019.34325,-46.366206634457555,LOSS,1,1.0,0.7726068552154344,1.1126330624754992,-1.0000000000000122,0.5,stop_loss,9.070808045374708,3.9336835904703635,-2.639135419163791,-3.2967472216933693,DOWN,SELL,0.7990782640999481,True,81254.11266207624,-0.007234586511765545,NONE,0.0,80716.27837500001,0.5
2026-05-12 04:35:00+00:00,2026-05-12 04:35:00+00:00,2026-05-12 04:40:00+00:00,2026-05-12 06:40:00+00:00,LONG,LONG,4.25,"['delta_strong_positive', 'cvd_strong_positive', 'aggressive_buyers', 'above_vwap']",81256.0,81052.86,-46.134375601284574,LOSS,25,120.0,0.06990253027467308,1.0347543566013442,-0.9999999999999971,0.5,stop_loss,9.070808045374708,0.9308387497375705,2.378928151752178,2.3075390312992194,UP,BUY,2.8005517977928087,False,81160.97645330727,0.0018059791748694471,NONE,0.0,81357.57,0.5
2026-05-12 07:45:00+00:00,2026-05-12 07:45:00+00:00,2026-05-12 07:50:00+00:00,2026-05-12 08:15:00+00:00,SHORT,SHORT,-4.25,"['delta_strong_negative', 'cvd_strong_negative', 'aggressive_sellers', 'below_vwap']",80835.6,80734.5555,22.95185186163996,WIN,6,25.0,0.5754890172152017,0.43545170692120794,0.5000000000000178,0.5,take_profit,9.070808045374708,3.277213656883164,-3.0740425622617926,-2.212401764406375,DOWN,SELL,0.5644629548253864,False,81123.82092536126,-0.0026981311425650733,NONE,0.0,80734.5555,0.5
2026-05-12 16:45:00+00:00,2026-05-12 16:45:00+00:00,2026-05-12 16:50:00+00:00,2026-05-12 16:50:00+00:00,SHORT,SHORT,-3.5,"['delta_strong_negative', 'cvd_strong_negative', 'below_vwap']",79944.3,79844.369625,23.009231491292386,WIN,1,1.0,0.7169992107004647,0.03152194715572172,0.4999999999999813,0.5,take_profit,9.070808045374708,3.503966652742631,-2.550041190333716,-2.0582007303103342,DOWN,SELL,0.7169999700876869,False,80758.86050382152,-0.0060919449305974396,NONE,0.0,79844.369625,0.5
2026-05-13 01:20:00+00:00,2026-05-13 01:20:00+00:00,2026-05-13 01:25:00+00:00,2026-05-13 01:30:00+00:00,LONG,LONG,4.25,"['delta_strong_positive', 'cvd_strong_positive', 'aggressive_buyers', 'above_vwap']",80993.8,81095.04225,23.066754570020493,WIN,2,5.0,0.7294385496173637,0.1743343317636802,0.4999999999999787,0.5,take_profit,9.070808045374708,3.075963319947508,3.299869631446751,2.50727951801403,UP,BUY,1.7398494626371823,False,80762.86554500139,0.004021483611969041,NONE,0.0,81095.04225,0.5
2026-05-13 03:45:00+00:00,2026-05-13 03:45:00+00:00,2026-05-13 03:50:00+00:00,2026-05-13 05:30:00+00:00,LONG,LONG,4.25,"['delta_strong_positive', 'cvd_strong_positive', 'aggressive_buyers', 'above_vwap']",81236.1,81033.00975000001,-46.24884291289164,LOSS,21,100.0,0.15707302541601173,1.0103882387264362,-0.9999999999999695,0.5,stop_loss,9.070808045374708,2.19617218801656,2.4373824126532506,2.3295610887899985,UP,BUY,2.4674021788997162,False,80933.47955774618,0.003867895304341618,NONE,0.0,81337.64512500001,0.5
2026-05-13 06:25:00+00:00,2026-05-13 06:25:00+00:00,2026-05-13 06:30:00+00:00,2026-05-13 07:20:00+00:00,LONG,LONG,4.25,"['delta_strong_positive', 'cvd_strong_positive', 'aggressive_buyers', 'above_vwap']",81070.1,80867.42475,-46.01759869832864,LOSS,11,50.0,0.04884661545992507,1.0583433349656655,-1.000000000000001,0.5,stop_loss,9.070808045374708,2.211828584807351,3.290849285265234,3.1261210595195768,UP,BUY,4.215579611002266,False,80994.10008733826,-0.00034036660141131527,NONE,0.0,81171.437625,0.5
2026-05-13 09:00:00+00:00,2026-05-13 09:00:00+00:00,2026-05-13 09:05:00+00:00,2026-05-13 10:10:00+00:00,LONG,LONG,4.75,"['delta_strong_positive', 'cvd_strong_positive', 'aggressive_buyers', 'big_trade_buy', 'above_vwap']",81270.1,81066.92475,-45.78751070483701,LOSS,14,65.0,0.0004921859330369661,1.0025827456838943,-1.0000000000000013,0.5,stop_loss,9.331628159342289,3.9907170643142336,4.0970316516647225,3.562176196365741,UP,BUY,5.5195414347708285,True,81004.83104611866,0.0028241980245208953,NONE,0.0,81371.687625,0.5
2026-05-13 15:55:00+00:00,2026-05-13 15:55:00+00:00,2026-05-13 16:00:00+00:00,2026-05-13 16:00:00+00:00,SHORT,SHORT,-4.25,"['delta_strong_negative', 'cvd_strong_negative', 'aggressive_sellers', 'below_vwap']",78794.7,78991.68675,-45.55857315131193,LOSS,1,1.0,0.1314809244783935,1.0213884944037968,-0.9999999999999818,0.5,stop_loss,9.784970018545561,3.3937729827244874,-3.032890867351503,-2.5550827174196438,DOWN,SELL,0.6330390929752849,False,80214.42602379095,-0.011211605906254555,NONE,0.0,78696.20662499999,0.5
2026-05-14 02:30:00+00:00,2026-05-14 02:30:00+00:00,2026-05-14 02:35:00+00:00,2026-05-14 02:40:00+00:00,SHORT,SHORT,-3.75,"['delta_strong_negative', 'cvd_strong_negative', 'aggressive_sellers']",79623.4,79523.87074999999,22.66539014277967,WIN,2,5.0,0.5641557632554669,0.0,0.5000000000000345,0.5,take_profit,9.784970018545561,0.1621660935255865,-2.356403482930143,-2.2291047337097547,DOWN,SELL,0.2309574678349914,False,79530.7352257867,0.001956779082857678,NONE,0.0,79523.87074999999,0.5
2026-05-14 05:30:00+00:00,2026-05-14 05:30:00+00:00,2026-05-14 05:35:00+00:00,2026-05-14 05:45:00+00:00,LONG,LONG,3.5,"['delta_strong_positive', 'cvd_strong_positive', 'above_vwap']",79643.6,79743.1545,22.722053618134684,WIN,3,10.0,0.8985028301081025,0.0005022374679488158,0.4999999999999918,0.5,take_profit,9.784970018545561,3.140379080600982,2.624838911885758,2.644419402767378,UP,BUY,1.4868422945312212,False,79366.62059705191,0.003925325186961809,NONE,0.0,79743.1545,0.5
2026-05-14 13:00:00+00:00,2026-05-14 13:00:00+00:00,2026-05-14 13:05:00+00:00,2026-05-14 13:15:00+00:00,LONG,LONG,4.75,"['delta_strong_positive', 'cvd_strong_positive', 'aggressive_buyers', 'big_trade_buy', 'above_vwap']",79807.1,79906.858875,22.778858752180284,WIN,3,10.0,0.6766315277713386,0.40547770812375705,0.49999999999999767,0.5,take_profit,9.784970018545561,2.6824620094179292,3.9312866528372976,3.433003335633752,UP,BUY,3.707869815144121,True,79518.28930628311,0.003636117620092534,NONE,0.0,79906.858875,0.5
2026-05-14 23:00:00+00:00,2026-05-14 23:00:00+00:00,2026-05-14 23:05:00+00:00,2026-05-14 23:05:00+00:00,SHORT,SHORT,-3.75,"['delta_strong_negative', 'cvd_strong_negative', 'aggressive_sellers']",81289.5,81187.888125,22.835805899061366,WIN,1,1.0,0.7395789124056756,0.01968273885311141,0.5000000000000114,0.5,take_profit,9.784970018545561,2.5848598842720736,-3.166736766012697,-2.0711079934672387,DOWN,SELL,0.44331277889041143,False,80533.0948132761,-0.0010053281358345934,NONE,0.0,81187.888125,0.5
2026-05-15 02:10:00+00:00,2026-05-15 02:10:00+00:00,2026-05-15 02:15:00+00:00,2026-05-15 02:30:00+00:00,SHORT,SHORT,-4.25,"['delta_strong_negative', 'cvd_strong_negative', 'aggressive_sellers', 'below_vwap']",80907.0,80805.86625,22.892895413807047,WIN,4,15.0,0.9892839927324252,0.4672030850235455,0.49999999999996836,0.5,take_profit,9.784970018545561,2.1987586592675226,-2.468246135366964,-2.979933902910527,DOWN,SELL,0.5964602148391557,False,81261.59946680529,-0.004299483162298185,NONE,0.0,80805.86625,0.5
2026-05-15 05:35:00+00:00,2026-05-15 05:35:00+00:00,2026-05-15 05:40:00+00:00,2026-05-15 05:55:00+00:00,SHORT,SHORT,-4.0,"['delta_strong_negative', 'cvd_strong_negative', 'big_trade_sell', 'below_vwap']",80376.1,80275.629875,22.950127652344634,WIN,4,15.0,0.5041299590301241,0.7325560707722673,0.5000000000000353,0.5,take_profit,9.784970018545561,3.7339415648968415,-3.1044157033728035,-2.772174854524038,DOWN,SELL,0.7490995567651431,True,80960.22052646404,-0.005789700095728788,NONE,0.0,80275.629875,0.5
2026-05-15 12:50:00+00:00,2026-05-15 12:50:00+00:00,2026-05-15 12:55:00+00:00,2026-05-15 13:00:00+00:00,SHORT,SHORT,-4.25,"['delta_strong_negative', 'cvd_strong_negative', 'aggressive_sellers', 'below_vwap']",80321.9,80221.49762499999,23.00750297147505,WIN,2,5.0,1.4187911391538008,0.139438932594971,0.5000000000000255,0.5,take_profit,9.784970018545561,1.2006331161088055,-2.729904313603373,-2.961427952603143,DOWN,SELL,0.37000821595650096,False,80744.77176591364,-0.0021313542903941274,NONE,0.0,80221.49762499999,0.5
2026-05-15 13:35:00+00:00,2026-05-15 13:35:00+00:00,2026-05-15 13:40:00+00:00,2026-05-15 13:40:00+00:00,SHORT,SHORT,-4.25,"['delta_strong_negative', 'cvd_strong_negative', 'aggressive_sellers', 'below_vwap']",79268.5,79169.414375,23.065021728904185,WIN,1,1.0,1.0773510284665408,0.3063007373672876,0.5000000000000352,0.5,take_profit,9.784970018545561,2.439524955999848,-2.8966292434196372,-2.8916620973212854,DOWN,SELL,0.6619909296096087,False,80550.4311869759,-0.010572368404497412,NONE,0.0,79169.414375,0.5
2026-05-15 14:00:00+00:00,2026-05-15 14:00:00+00:00,2026-05-15 14:05:00+00:00,2026-05-15 14:05:00+00:00,LONG,LONG,3.75,"['delta_strong_positive', 'cvd_strong_positive', 'aggressive_buyers']",78927.5,79026.159375,23.122684283225503,WIN,1,1.0,1.2345506952583363,0.6035919039625267,0.5000000000000148,0.5,take_profit,9.784970018545561,0.9812794284763136,2.4134136599568126,2.1295260726215344,UP,BUY,1.5316883222160458,False,80212.03513592362,-0.008510565958056621,NONE,0.0,79026.159375,0.5
2026-05-16 00:25:00+00:00,2026-05-16 00:25:00+00:00,2026-05-16 00:30:00+00:00,2026-05-16 04:30:00+00:00,LONG,LONG,4.25,"['delta_strong_positive', 'cvd_strong_positive', 'aggressive_buyers', 'above_vwap']",79142.9,78945.04275,-46.36098198786599,LOSS,49,240.0,0.2870756568182511,1.6774720158093483,-1.0000000000000047,0.5,stop_loss,9.784970018545561,0.7646473304980835,2.0990167896946055,2.7325850030219034,UP,BUY,2.673801116524964,False,79125.2907223829,0.0010783585944350235,NONE,0.0,79241.828625,0.5
2026-05-16 06:40:00+00:00,2026-05-16 06:40:00+00:00,2026-05-16 06:45:00+00:00,2026-05-16 06:45:00+00:00,SHORT,SHORT,-4.25,"['delta_strong_negative', 'cvd_strong_negative', 'aggressive_sellers', 'below_vwap']",78705.6,78607.21800000001,23.064588538962703,WIN,1,1.0,0.8649956292818383,0.20532211176838333,0.49999999999998873,0.5,take_profit,9.784970018545561,2.5416626727928584,-2.311908826572158,-2.141342479190969,DOWN,SELL,0.577639142324194,False,78983.57252353306,-0.0027977366514408603,NONE,0.0,78607.21800000001,0.5
2026-05-16 09:10:00+00:00,2026-05-16 09:10:00+00:00,2026-05-16 09:15:00+00:00,2026-05-16 09:15:00+00:00,SHORT,SHORT,-4.25,"['delta_strong_negative', 'cvd_strong_negative', 'aggressive_sellers', 'below_vwap']",78228.0,78130.215,23.122250010311454,WIN,1,1.0,1.9328117809479983,0.061359104157079306,0.5000000000000179,0.5,take_profit,9.784970018545561,1.3596661659184779,-2.6525344372213775,-2.43136083506793,DOWN,SELL,0.36074568252897404,False,78620.74974288707,-0.003082347144524313,NONE,0.0,78130.215,0.5
2026-05-16 14:30:00+00:00,2026-05-16 14:30:00+00:00,2026-05-16 14:35:00+00:00,2026-05-16 14:40:00+00:00,LONG,LONG,3.75,"['delta_strong_positive', 'cvd_strong_positive', 'aggressive_buyers']",78075.2,78172.794,23.180055635335776,WIN,2,5.0,0.6373342623522386,0.12910629751827515,0.49999999999998634,0.5,take_profit,9.784970018545561,2.0387064374180186,2.3188391583266057,2.240992760189962,UP,BUY,2.9445261918775754,False,78324.51804368813,0.0012644590430824585,NONE,0.0,78172.794,0.5
2026-05-16 16:40:00+00:00,2026-05-16 16:40:00+00:00,2026-05-16 16:45:00+00:00,2026-05-16 18:50:00+00:00,SHORT,SHORT,-4.25,"['delta_strong_negative', 'cvd_strong_negative', 'aggressive_sellers', 'below_vwap']",78107.9,78303.16975,-46.4760115488511,LOSS,26,125.0,0.03175094964784402,1.0175667250048288,-1.0000000000000346,0.5,stop_loss,9.784970018545561,1.4036947462303273,-2.3104006213288852,-2.661871313952615,DOWN,SELL,0.3969253989805235,False,78308.80846584668,0.0003106919655469501,NONE,0.0,78010.26512499999,0.5
2026-05-17 00:55:00+00:00,2026-05-17 00:55:00+00:00,2026-05-17 01:00:00+00:00,2026-05-17 01:00:00+00:00,SHORT,SHORT,-4.75,"['delta_strong_negative', 'cvd_strong_negative', 'aggressive_sellers', 'big_trade_sell', 'below_vwap']",77915.3,77817.905875,23.12181574555408,WIN,1,1.0,0.7028144664783873,0.3562843241314308,0.5000000000000316,0.5,take_profit,9.784970018545561,4.141533630645598,-3.8086580570910322,-3.749807979696576,DOWN,SELL,0.5983258106237345,True,78031.9895141569,-0.002474587235146494,NONE,0.0,77817.905875,0.5
2026-05-17 10:00:00+00:00,2026-05-17 10:00:00+00:00,2026-05-17 10:05:00+00:00,2026-05-17 10:10:00+00:00,LONG,LONG,4.25,"['delta_strong_positive', 'cvd_strong_positive', 'aggressive_buyers', 'above_vwap']",78280.4,78378.2505,23.17962028491661,WIN,2,5.0,1.1011696414428134,0.2181899939192804,0.5000000000000023,0.5,take_profit,9.784970018545561,2.06290406934987,3.0739684198841055,2.867261074202902,UP,BUY,2.2794262347453835,False,78011.34007512424,0.0021268360023461706,NONE,0.0,78378.2505,0.5
2026-05-17 13:10:00+00:00,2026-05-17 13:10:00+00:00,2026-05-17 13:15:00+00:00,2026-05-17 14:00:00+00:00,SHORT,SHORT,-3.75,"['delta_strong_negative', 'cvd_strong_negative', 'aggressive_sellers']",78220.0,78122.225,23.237569335627406,WIN,10,45.0,0.6647916133981079,0.47302480184096135,0.4999999999999702,0.5,take_profit,9.784970018545561,1.788661310785694,-3.3184480789067923,-2.859444230603019,DOWN,SELL,0.20741410936492985,False,78123.00710347056,-0.00170245557230046,NONE,0.0,78122.225,0.5
2026-05-17 14:15:00+00:00,2026-05-17 14:15:00+00:00,2026-05-17 14:20:00+00:00,2026-05-17 16:30:00+00:00,SHORT,SHORT,-4.25,"['delta_strong_negative', 'cvd_strong_negative', 'aggressive_sellers', 'below_vwap']",77934.9,78129.73724999999,-46.591326517934974,LOSS,27,130.0,0.31821430450286076,1.0008353125493201,-0.999999999999984,0.5,stop_loss,9.784970018545561,3.9304581449904035,-3.5716883562338233,-2.789019636766915,DOWN,SELL,0.4680956261615368,False,78116.15327122402,-0.004201075346997438,NONE,0.0,77837.48137499999,0.5
2026-05-17 19:50:00+00:00,2026-05-17 19:50:00+00:00,2026-05-17 19:55:00+00:00,2026-05-17 22:00:00+00:00,LONG,LONG,4.25,"['delta_strong_positive', 'cvd_strong_positive', 'aggressive_buyers', 'above_vwap']",78374.2,78178.26449999999,-46.35836988534768,LOSS,26,125.0,0.40217316412800597,1.8531608616100261,-1.000000000000035,0.5,stop_loss,9.784970018545561,2.5269658757731883,2.125050313648162,2.664216978482911,UP,BUY,1.9798785390694966,False,78101.56966042431,0.0036626622010750487,NONE,0.0,78472.16775,0.5
2026-05-17 23:40:00+00:00,2026-05-17 23:40:00+00:00,2026-05-17 23:45:00+00:00,2026-05-17 23:45:00+00:00,SHORT,SHORT,-4.75,"['delta_strong_negative', 'cvd_strong_negative', 'aggressive_sellers', 'big_trade_sell', 'below_vwap']",77217.0,77120.47875,23.063289017960905,WIN,1,1.0,0.6801611044200262,0.3791911107657489,0.5000000000000271,0.5,take_profit,9.784970018545561,4.230502744299256,-4.227625615485278,-4.151337421835564,DOWN,SELL,0.5222716144558438,True,77919.32850475704,-0.004982653574499459,NONE,0.0,77120.47875,0.5
2026-05-18 05:40:00+00:00,2026-05-18 05:40:00+00:00,2026-05-18 05:45:00+00:00,2026-05-18 06:05:00+00:00,SHORT,SHORT,-4.25,"['delta_strong_negative', 'cvd_strong_negative', 'aggressive_sellers', 'below_vwap']",76865.8,76769.71775,23.12094724050618,WIN,5,20.0,1.027244886542565,0.43556432119354554,0.5000000000000351,0.5,take_profit,9.784970018545561,2.029621192726353,-3.025894873429152,-2.685187778933318,DOWN,SELL,0.31862104207381875,False,76988.6096694169,-0.0009105624396816401,NONE,0.0,76769.71775,0.5
2026-05-18 08:05:00+00:00,2026-05-18 08:05:00+00:00,2026-05-18 08:10:00+00:00,2026-05-18 08:30:00+00:00,LONG,LONG,4.25,"['delta_strong_positive', 'cvd_strong_positive', 'aggressive_buyers', 'above_vwap']",77077.9,76885.20525,-46.35749921721047,LOSS,5,20.0,0.0,1.0067736666411513,-0.9999999999999746,0.5,stop_loss,9.784970018545561,2.675948609880952,2.366883016933504,2.4348376733025923,UP,BUY,1.9203221089065285,False,76954.16858048685,0.002537110866663264,NONE,0.0,77174.24737499999,0.5
2026-05-18 11:40:00+00:00,2026-05-18 11:40:00+00:00,2026-05-18 11:45:00+00:00,2026-05-18 12:00:00+00:00,LONG,LONG,3.5,"['delta_strong_positive', 'cvd_strong_positive', 'above_vwap']",77328.6,77425.26075,23.06285586056171,WIN,4,15.0,0.6538331225445394,0.7764268330217063,0.4999999999999765,0.5,take_profit,9.784970018545561,3.941203762723497,2.988756494286648,2.6289706684144645,UP,BUY,1.221297128675595,False,76950.60700993925,0.00482733187034149,NONE,0.0,77425.26075,0.5
2026-05-18 14:15:00+00:00,2026-05-18 14:15:00+00:00,2026-05-18 14:20:00+00:00,2026-05-18 14:25:00+00:00,SHORT,SHORT,-4.25,"['delta_strong_negative', 'cvd_strong_negative', 'aggressive_sellers', 'below_vwap']",76588.7,76780.17175,-46.24102600042767,LOSS,2,5.0,0.20211858929579476,1.086844403939515,-0.9999999999999841,0.5,stop_loss,9.784970018545561,2.752436771433831,-3.9709831650663423,-3.0879909990652328,DOWN,SELL,0.5198101279002605,False,77017.00872986049,-0.006740218306508065,NONE,0.0,76492.964125,0.5
2026-05-19 00:20:00+00:00,2026-05-19 00:20:00+00:00,2026-05-19 00:25:00+00:00,2026-05-19 01:00:00+00:00,LONG,LONG,4.25,"['delta_strong_positive', 'cvd_strong_positive', 'aggressive_buyers', 'above_vwap']",77210.7,77017.67324999999,-46.009820870427355,LOSS,8,35.0,0.3362228292193115,1.085859861392223,-1.0000000000000235,0.5,stop_loss,9.784970018545561,2.9933242343200686,3.1375051987886056,3.130322323022592,UP,BUY,2.0775359812105707,False,77148.80227729572,0.002362597446095903,NONE,0.0,77307.21337499999,0.5
2026-05-19 02:20:00+00:00,2026-05-19 02:20:00+00:00,2026-05-19 02:25:00+00:00,2026-05-19 02:30:00+00:00,LONG,LONG,4.25,"['delta_strong_positive', 'cvd_strong_positive', 'aggressive_buyers', 'above_vwap']",76959.7,76767.30075,-45.77977176607465,LOSS,2,5.0,0.05145550203552629,1.1673642178958143,-1.0000000000000115,0.5,stop_loss,9.784970018545561,0.17020459268794774,2.092820263910783,2.039186314887691,UP,BUY,3.0257105610454826,False,76917.93494993729,0.0001595981614483519,NONE,0.0,77055.89962499999,0.5
2026-05-19 11:40:00+00:00,2026-05-19 11:40:00+00:00,2026-05-19 11:45:00+00:00,2026-05-19 12:20:00+00:00,SHORT,SHORT,-4.25,"['delta_strong_negative', 'cvd_strong_negative', 'aggressive_sellers', 'below_vwap']",76618.7,76810.24674999999,-45.55087290724234,LOSS,8,35.0,0.048030050105246316,1.0075869206864643,-0.9999999999999689,0.5,stop_loss,9.800218032289171,3.1635612065195007,-3.6988149144554012,-3.032549947307768,DOWN,SELL,0.36370717546916875,False,76899.06573434759,-0.003860592721055629,NONE,0.0,76522.926625,0.5
2026-05-19 14:15:00+00:00,2026-05-19 14:15:00+00:00,2026-05-19 14:20:00+00:00,2026-05-19 14:20:00+00:00,SHORT,SHORT,-4.25,"['delta_strong_negative', 'cvd_strong_negative', 'aggressive_sellers', 'below_vwap']",76443.4,76347.84575,22.661559271354026,WIN,1,1.0,0.9701295337465062,0.0816290222570206,0.5000000000000056,0.5,take_profit,9.800218032289171,3.0884087598374266,-3.207318797226746,-3.7163752295140347,DOWN,SELL,0.5293971945788793,False,76854.2592269787,-0.004118445811005888,NONE,0.0,76347.84575,0.5
2026-05-19 19:10:00+00:00,2026-05-19 19:10:00+00:00,2026-05-19 19:15:00+00:00,2026-05-19 19:25:00+00:00,LONG,LONG,4.25,"['delta_strong_positive', 'cvd_strong_positive', 'aggressive_buyers', 'above_vwap']",77021.5,76828.94625,-45.436426339065825,LOSS,3,10.0,0.10802178612466862,1.5611225437053593,-1.0000000000000333,0.5,stop_loss,10.02684498448306,1.6653654682856056,2.7249415089704954,2.289285251991885,UP,BUY,3.2914667989928508,False,76761.90630803714,0.004380827465992891,NONE,0.0,77117.776875,0.5
2026-05-19 22:00:00+00:00,2026-05-19 22:00:00+00:00,2026-05-19 22:05:00+00:00,2026-05-19 22:15:00+00:00,SHORT,SHORT,-3.75,"['delta_strong_negative', 'cvd_strong_negative', 'aggressive_sellers']",76804.7,76708.694125,22.604622103685095,WIN,3,10.0,0.795263831510296,0.17082287932901455,0.5000000000000133,0.5,take_profit,10.02684498448306,4.1425023258347045,-4.012766226095247,-3.847944150950588,DOWN,SELL,0.33164290568436744,False,76767.60014316978,-0.0009271394158736849,NONE,0.0,76708.694125,0.5
2026-05-20 00:10:00+00:00,2026-05-20 00:10:00+00:00,2026-05-20 00:15:00+00:00,2026-05-20 00:30:00+00:00,SHORT,SHORT,-4.25,"['delta_strong_negative', 'cvd_strong_negative', 'aggressive_sellers', 'below_vwap']",76543.1,76734.45775,-45.32226731788636,LOSS,4,15.0,0.3036197906800525,1.465840813868265,-0.9999999999999768,0.5,stop_loss,10.252902536459528,3.9034910912129233,-3.6253841821749266,-2.604523178939353,DOWN,SELL,0.3891068543734133,False,76637.57677154451,-0.003158652954415623,NONE,0.0,76447.42112500001,0.5
2026-05-20 05:05:00+00:00,2026-05-20 05:05:00+00:00,2026-05-20 05:10:00+00:00,2026-05-20 05:10:00+00:00,LONG,LONG,4.25,"['delta_strong_positive', 'cvd_strong_positive', 'aggressive_buyers', 'above_vwap']",77008.0,77104.26,22.54782799064776,WIN,1,1.0,1.2570122584666528,0.14543943486391023,0.49999999999997274,0.5,take_profit,10.252902536459528,3.986700379446834,3.9546371575309194,3.745133143388484,UP,BUY,3.7870978651447893,False,76703.58878581639,0.0037924466040112487,NONE,0.0,77104.26,0.5
2026-05-20 08:35:00+00:00,2026-05-20 08:35:00+00:00,2026-05-20 08:40:00+00:00,2026-05-20 09:15:00+00:00,LONG,LONG,4.25,"['delta_strong_positive', 'cvd_strong_positive', 'aggressive_buyers', 'above_vwap']",77550.1,77356.22475000001,-45.20839512125058,LOSS,8,35.0,0.31927747352998476,1.115150077175976,-0.999999999999986,0.5,stop_loss,10.478392118836675,4.012752491136822,3.6354801783693382,3.2379895969266888,UP,BUY,2.600389504537689,False,76989.75567945678,0.004181898946664599,NONE,0.0,77647.03762500001,0.5
2026-05-20 12:55:00+00:00,2026-05-20 12:55:00+00:00,2026-05-20 13:00:00+00:00,2026-05-20 13:15:00+00:00,LONG,LONG,4.25,"['delta_strong_positive', 'cvd_strong_positive', 'aggressive_buyers', 'above_vwap']",77590.2,77396.2245,-44.98235314564507,LOSS,4,15.0,0.13919283620869646,1.1351949086353539,-1.0000000000000024,0.5,stop_loss,10.9260001582425,4.045679342084674,4.0452408561008735,3.3350039602056443,UP,BUY,2.2939344683395584,False,77137.78586913519,0.0014184472401535292,NONE,0.0,77687.18775,0.5
2026-05-20 13:35:00+00:00,2026-05-20 13:35:00+00:00,2026-05-20 13:40:00+00:00,2026-05-20 13:40:00+00:00,SHORT,SHORT,-3.5,"['delta_strong_negative', 'cvd_strong_negative', 'below_vwap']",77055.2,76958.881,22.3787206899591,WIN,1,1.0,0.5097644286173916,0.19155099201615844,0.5000000000000163,0.5,take_profit,10.9260001582425,3.1165556183644383,-2.0056378338783176,-2.0661098476919237,DOWN,SELL,0.7615475213389209,False,77148.43207516472,-0.004308385302061375,NONE,0.0,76958.881,0.5
2026-05-20 15:15:00+00:00,2026-05-20 15:15:00+00:00,2026-05-20 15:20:00+00:00,2026-05-20 15:20:00+00:00,LONG,LONG,4.0,"['delta_strong_positive', 'cvd_strong_positive', 'big_trade_buy', 'above_vwap']",77585.6,77682.58200000001,22.4346674916841,WIN,1,1.0,0.7032232785465043,0.0005155595884072341,0.5000000000000185,0.5,take_profit,10.9260001582425,3.3181993641792737,3.046274676695896,2.19362079011977,UP,BUY,1.4933052943495873,True,77188.28725639045,0.0033188204694817062,NONE,0.0,77682.58200000001,0.5
2026-05-20 19:35:00+00:00,2026-05-20 19:35:00+00:00,2026-05-20 19:40:00+00:00,2026-05-20 19:50:00+00:00,LONG,LONG,3.25,"['delta_strong_positive', 'cvd_strong_positive', 'aggressive_buyers', 'big_trade_buy', 'above_vwap', 'buy_absorption']",77550.8,77647.7385,22.490754160413367,WIN,3,10.0,0.5013487933070817,0.0,0.5000000000000199,0.5,take_profit,10.9260001582425,1.5913237932221176,2.6764548139466,2.2641898008261667,UP,BUY,2.187352504151735,True,77228.8885055669,0.0021935496433928624,BUY_ABSORPTION,-1.0,77647.7385,0.5
2026-05-20 22:25:00+00:00,2026-05-20 22:25:00+00:00,2026-05-20 22:30:00+00:00,2026-05-20 23:45:00+00:00,LONG,LONG,4.25,"['delta_strong_positive', 'cvd_strong_positive', 'aggressive_buyers', 'above_vwap']",77400.1,77496.85012500001,22.546981045814892,WIN,16,75.0,0.5591724041700054,0.31111070915935063,0.5000000000000306,0.5,take_profit,10.9260001582425,0.4791300094638305,2.1138474527284554,2.2150573684370194,UP,BUY,2.6993131587895274,False,77254.33951699182,-0.0015435251178628122,NONE,0.0,77496.85012500001,0.5
2026-05-21 00:45:00+00:00,2026-05-21 00:45:00+00:00,2026-05-21 00:50:00+00:00,2026-05-21 00:50:00+00:00,LONG,LONG,4.25,"['delta_strong_positive', 'cvd_strong_positive', 'aggressive_buyers', 'above_vwap']",77918.3,78015.697875,22.60334849842691,WIN,1,1.0,0.6812263614580765,0.2767000820090209,0.4999999999999749,0.5,take_profit,10.9260001582425,3.8834120256010376,3.829761241129323,3.204099877060647,UP,BUY,3.1980772361132344,False,77715.72389688753,0.004726971645455831,NONE,0.0,78015.697875,0.5
2026-05-21 06:05:00+00:00,2026-05-21 06:05:00+00:00,2026-05-21 06:10:00+00:00,2026-05-21 06:45:00+00:00,SHORT,SHORT,-4.25,"['delta_strong_negative', 'cvd_strong_negative', 'aggressive_sellers', 'below_vwap']",77710.1,77612.962375,22.659856869674815,WIN,8,35.0,1.0747637694456853,0.602238319085936,0.5000000000000155,0.5,take_profit,10.9260001582425,1.338431830034994,-2.3779774635235067,-2.005564690497585,DOWN,SELL,0.3307453616078901,False,77890.46502849123,-0.0028132815466420063,NONE,0.0,77612.962375,0.5
2026-05-21 08:05:00+00:00,2026-05-21 08:05:00+00:00,2026-05-21 08:10:00+00:00,2026-05-21 08:35:00+00:00,LONG,LONG,4.25,"['delta_strong_positive', 'cvd_strong_positive', 'aggressive_buyers', 'above_vwap']",78076.2,77881.0095,-45.433013023695906,LOSS,6,25.0,0.33966817032592733,1.1588678752295687,-0.9999999999999847,0.5,stop_loss,10.9260001582425,3.663485786755652,3.0487023322880082,2.4254198754674876,UP,BUY,1.5671181785552661,False,77849.86137878308,0.0036364525019634175,NONE,0.0,78173.79525,0.5
2026-05-21 13:35:00+00:00,2026-05-21 13:35:00+00:00,2026-05-21 13:40:00+00:00,2026-05-21 13:40:00+00:00,SHORT,SHORT,-4.25,"['delta_strong_negative', 'cvd_strong_negative', 'aggressive_sellers', 'below_vwap']",76855.1,76759.03112500001,22.602923979288406,WIN,1,1.0,0.8244085298178454,0.5136939513447882,0.49999999999998546,0.5,take_profit,10.9260001582425,4.062865192532059,-3.5424294128554443,-2.7952153161095317,DOWN,SELL,0.6405347375319409,False,77624.8147295859,-0.005333251400674661,NONE,0.0,76759.03112500001,0.5
2026-05-21 17:10:00+00:00,2026-05-21 17:10:00+00:00,2026-05-21 17:15:00+00:00,2026-05-21 17:15:00+00:00,LONG,LONG,4.25,"['delta_strong_positive', 'cvd_strong_positive', 'aggressive_buyers', 'above_vwap']",77484.9,77581.756125,22.65943128923862,WIN,1,1.0,1.8367449657933503,0.12389510730477811,0.5000000000000294,0.5,take_profit,10.9260001582425,3.838922235045439,3.2494487674987633,2.076831238640685,UP,BUY,1.5000810190120555,False,77474.46400294088,0.0054869877661293575,NONE,0.0,77581.756125,0.5
2026-05-22 01:15:00+00:00,2026-05-22 01:15:00+00:00,2026-05-22 01:20:00+00:00,2026-05-22 01:35:00+00:00,LONG,LONG,4.25,"['delta_strong_positive', 'cvd_strong_positive', 'aggressive_buyers', 'above_vwap']",77509.5,77315.72625,-45.432159734919125,LOSS,4,15.0,0.0,1.021810229713777,-0.999999999999964,0.5,stop_loss,10.9260001582425,1.413635834796132,2.973627216675152,2.2980722894384087,UP,BUY,3.604106595441163,False,77432.70538482486,-0.0006020305765365432,NONE,0.0,77606.386875,0.5
2026-05-22 04:45:00+00:00,2026-05-22 04:45:00+00:00,2026-05-22 04:50:00+00:00,2026-05-22 05:40:00+00:00,SHORT,SHORT,-3.75,"['delta_strong_negative', 'cvd_strong_negative', 'aggressive_sellers']",77604.1,77507.09487500001,22.602499468122158,WIN,11,50.0,0.575742776477076,0.4520379722205249,0.49999999999997957,0.5,take_profit,10.9260001582425,1.2217157675610857,-2.455842219034298,-2.0822122237114833,DOWN,SELL,0.2992727430246382,False,77596.25469116938,-0.00027302640132685174,NONE,0.0,77507.09487500001,0.5
2026-05-22 11:15:00+00:00,2026-05-22 11:15:00+00:00,2026-05-22 11:20:00+00:00,2026-05-22 11:45:00+00:00,SHORT,SHORT,-4.25,"['delta_strong_negative', 'cvd_strong_negative', 'aggressive_sellers', 'below_vwap']",77174.5,77367.43625,-45.31801143358651,LOSS,6,25.0,0.1876267419937782,1.115394333620546,-0.999999999999994,0.5,stop_loss,10.9260001582425,1.3392465501449904,-2.001484037617097,-2.048506314577984,DOWN,SELL,0.527336313050015,False,77455.0960025141,-0.001768619941727797,NONE,0.0,77078.031875,0.5
2026-05-22 12:10:00+00:00,2026-05-22 12:10:00+00:00,2026-05-22 12:15:00+00:00,2026-05-22 13:25:00+00:00,LONG,LONG,4.25,"['delta_strong_positive', 'cvd_strong_positive', 'aggressive_buyers', 'above_vwap']",77494.8,77301.06300000001,-45.09142137641738,LOSS,15,70.0,0.2771798881989351,1.1334954087242282,-0.9999999999999674,0.5,stop_loss,10.9260001582425,3.7401672349087876,3.780748514840273,2.3371597978444787,UP,BUY,2.244647399596904,False,77447.31707873999,0.0024452204183201816,NONE,0.0,77591.6685,0.5
2026-05-22 14:20:00+00:00,2026-05-22 14:20:00+00:00,2026-05-22 14:25:00+00:00,2026-05-22 15:00:00+00:00,SHORT,SHORT,-4.25,"['delta_strong_negative', 'cvd_strong_negative', 'aggressive_sellers', 'below_vwap']",76783.0,76687.02125,22.432982134767155,WIN,8,35.0,0.7934047901228287,0.4464529908964072,0.4999999999999727,0.5,take_profit,10.9260001582425,2.665193011160627,-2.76450137904077,-2.849503499070409,DOWN,SELL,0.6375604431641353,False,77356.35696045199,-0.005331027117768223,NONE,0.0,76687.02125,0.5
2026-05-22 18:45:00+00:00,2026-05-22 18:45:00+00:00,2026-05-22 18:50:00+00:00,2026-05-22 18:50:00+00:00,SHORT,SHORT,-3.5,"['delta_strong_negative', 'cvd_strong_negative', 'below_vwap']",76304.1,76494.86025000001,-44.978129180212164,LOSS,1,1.0,0.07024524239200111,1.2261464324983542,-1.0000000000000349,0.5,stop_loss,10.93436444935049,4.173139517075749,-3.9255538762706164,-3.6239038209644368,DOWN,SELL,0.7135305180217405,False,77059.69142788327,-0.004823818298794391,NONE,0.0,76208.71987500001,0.5
2026-05-22 22:40:00+00:00,2026-05-22 22:40:00+00:00,2026-05-22 22:45:00+00:00,2026-05-22 23:05:00+00:00,SHORT,SHORT,-4.25,"['delta_strong_negative', 'cvd_strong_negative', 'aggressive_sellers', 'below_vwap']",75618.4,75807.446,-44.753238534310036,LOSS,5,20.0,0.09733080837465051,1.0515959078742894,-1.000000000000011,0.5,stop_loss,11.379692627103735,4.1562628520762726,-4.174865231942989,-3.854805798481985,DOWN,SELL,0.3726195147384489,False,76746.57666492822,-0.005128771837275684,NONE,0.0,75523.877,0.5
2026-05-23 04:15:00+00:00,2026-05-23 04:15:00+00:00,2026-05-23 04:20:00+00:00,2026-05-23 05:20:00+00:00,SHORT,SHORT,-3.75,"['delta_strong_negative', 'cvd_strong_negative', 'aggressive_sellers']",75543.1,75448.67112500001,22.264736170818473,WIN,13,60.0,0.5342645456700015,0.407184772666169,0.4999999999999883,0.5,take_profit,11.379692627103735,1.096970907985038,-2.9521918143338297,-2.5843184478971595,DOWN,SELL,0.19106119458412377,False,75437.40199786413,0.0015908385588518168,NONE,0.0,75448.67112500001,0.5
2026-05-23 07:45:00+00:00,2026-05-23 07:45:00+00:00,2026-05-23 07:50:00+00:00,2026-05-23 07:50:00+00:00,SHORT,SHORT,-3.5,"['delta_strong_negative', 'cvd_strong_negative', 'below_vwap']",74993.7,74899.957875,22.32039801124707,WIN,1,1.0,4.214220661202161,0.014934587838727309,0.500000000000023,0.5,take_profit,11.379692627103735,4.117655184648031,-3.0234645768591677,-2.1456527100668414,DOWN,SELL,0.7802965803620076,False,75354.47297581729,-0.0038023650150052647,NONE,0.0,74899.957875,0.5
2026-05-23 10:50:00+00:00,2026-05-23 10:50:00+00:00,2026-05-23 10:55:00+00:00,2026-05-23 13:00:00+00:00,SHORT,SHORT,-4.25,"['delta_strong_negative', 'cvd_strong_negative', 'aggressive_sellers', 'below_vwap']",74682.6,74869.3065,-44.75239801254837,LOSS,26,125.0,0.3304651953735496,1.3786343806990875,-1.000000000000001,0.5,stop_loss,11.381357027251576,0.08843778116864863,-2.15772906302911,-2.233836325123981,DOWN,SELL,0.27104763997916853,False,74947.96129907426,-0.0003721541591143927,NONE,0.0,74589.24675,0.5
2026-05-23 18:10:00+00:00,2026-05-23 18:10:00+00:00,2026-05-23 18:15:00+00:00,2026-05-23 18:15:00+00:00,LONG,LONG,4.25,"['delta_strong_positive', 'cvd_strong_positive', 'aggressive_buyers', 'above_vwap']",75659.7,75754.27462499999,22.264318011241336,WIN,1,1.0,0.603227345601454,0.24425156324964065,0.49999999999996736,0.5,take_profit,11.381357027251576,3.79082848443296,3.673320165042862,3.624884704143773,UP,BUY,2.498325090099478,False,75060.16058299718,0.0027206355768177397,NONE,0.0,75754.27462499999,0.5
2026-05-23 18:30:00+00:00,2026-05-23 18:30:00+00:00,2026-05-23 18:35:00+00:00,2026-05-23 19:15:00+00:00,LONG,LONG,4.25,"['delta_strong_positive', 'cvd_strong_positive', 'aggressive_buyers', 'above_vwap']",75846.0,75940.8075,22.319978806269795,WIN,9,40.0,0.8132268016770671,0.6476280884951239,0.4999999999999754,0.5,take_profit,11.381357027251576,1.7127740420736852,2.3099037611993514,2.5011407762329534,UP,BUY,2.7986354522768906,False,75082.00869753948,0.004196373932634455,NONE,0.0,75940.8075,0.5
2026-05-23 20:10:00+00:00,2026-05-23 20:10:00+00:00,2026-05-23 20:15:00+00:00,2026-05-23 20:15:00+00:00,LONG,LONG,4.25,"['delta_strong_positive', 'cvd_strong_positive', 'aggressive_buyers', 'above_vwap']",76057.6,76152.672,22.375778753286596,WIN,1,1.0,0.630574722315688,0.18459693705826016,0.5000000000000007,0.5,take_profit,11.381357027251576,3.481958260714974,2.8115766124244486,2.0435375000045743,UP,BUY,2.4182276264417624,False,75134.42367487251,0.004308385214326135,NONE,0.0,76152.672,0.5
2026-05-23 20:30:00+00:00,2026-05-23 20:30:00+00:00,2026-05-23 20:35:00+00:00,2026-05-23 20:35:00+00:00,LONG,LONG,4.25,"['delta_strong_positive', 'cvd_strong_positive', 'aggressive_buyers', 'above_vwap']",76251.3,76346.61412500001,22.431718200170828,WIN,1,1.0,2.998506254975279,0.0005245812202851402,0.5000000000000232,0.5,take_profit,11.381357027251576,3.077029429301539,2.544545787274199,2.031215094488925,UP,BUY,2.30278669007929,False,75168.8295433263,0.0056176892784174,NONE,0.0,76346.61412500001,0.5
2026-05-23 23:05:00+00:00,2026-05-23 23:05:00+00:00,2026-05-23 23:10:00+00:00,2026-05-23 23:55:00+00:00,LONG,LONG,4.25,"['delta_strong_positive', 'cvd_strong_positive', 'aggressive_buyers', 'above_vwap']",76695.7,76791.569625,22.487797495671767,WIN,10,45.0,0.5387524985103619,0.7677092718366066,0.5000000000000346,0.5,take_profit,11.381357027251576,1.6504660413969614,2.5484744709058242,2.599643446935234,UP,BUY,2.398662821597381,False,75520.294337984,0.0009440105175122441,NONE,0.0,76791.569625,0.5
2026-05-24 03:40:00+00:00,2026-05-24 03:40:00+00:00,2026-05-24 03:45:00+00:00,2026-05-24 05:40:00+00:00,SHORT,SHORT,-4.25,"['delta_strong_negative', 'cvd_strong_negative', 'aggressive_sellers', 'below_vwap']",76724.2,76628.29475,22.54401698940849,WIN,24,115.0,0.5901658146973033,0.5197838491636125,0.49999999999997996,0.5,take_profit,11.381357027251576,1.3219881028351712,-2.781954235072074,-2.6769828157920905,DOWN,SELL,0.33420861481590103,False,76800.35570557122,-0.000912133978019239,NONE,0.0,76628.29475,0.5
2026-05-24 06:45:00+00:00,2026-05-24 06:45:00+00:00,2026-05-24 06:50:00+00:00,2026-05-24 06:50:00+00:00,LONG,LONG,4.25,"['delta_strong_positive', 'cvd_strong_positive', 'aggressive_buyers', 'above_vwap']",76866.9,76962.983625,22.60037703188275,WIN,1,1.0,0.900777838055162,0.0,0.4999999999999964,0.5,take_profit,11.381357027251576,3.0622459201009407,3.391242721167844,2.9723712840527505,UP,BUY,2.4553493803931747,False,76777.3906451301,0.0012479163751969303,NONE,0.0,76962.983625,0.5
2026-05-24 10:25:00+00:00,2026-05-24 10:25:00+00:00,2026-05-24 10:30:00+00:00,2026-05-24 11:05:00+00:00,LONG,LONG,4.25,"['delta_strong_positive', 'cvd_strong_positive', 'aggressive_buyers', 'above_vwap']",77201.0,77297.50125,22.65687797446289,WIN,8,35.0,0.5129467234880377,0.7823732853201384,0.500000000000006,0.5,take_profit,11.381357027251576,4.234075206287086,4.227635908975751,4.185561216913755,UP,BUY,2.8387270664864155,False,76896.69078179201,0.002467613330414183,NONE,0.0,77297.50125,0.5
2026-05-24 14:10:00+00:00,2026-05-24 14:10:00+00:00,2026-05-24 14:15:00+00:00,2026-05-24 14:15:00+00:00,SHORT,SHORT,-3.5,"['delta_strong_negative', 'cvd_strong_negative', 'below_vwap']",76480.3,76384.69962500001,22.713520169397476,WIN,1,1.0,1.6767716653831422,0.10303306864642053,0.49999999999997136,0.5,take_profit,11.381357027251576,3.806931567774393,-3.1785108466865055,-2.764633525808425,DOWN,SELL,0.7463107034640897,False,76914.96722967089,-0.007048952375048739,NONE,0.0,76384.69962500001,0.5
2026-05-24 20:30:00+00:00,2026-05-24 20:30:00+00:00,2026-05-24 20:35:00+00:00,2026-05-24 21:25:00+00:00,SHORT,SHORT,-4.25,"['delta_strong_negative', 'cvd_strong_negative', 'aggressive_sellers', 'below_vwap']",76624.9,76529.118875,22.770303969820862,WIN,11,50.0,1.0174238400310824,0.4870479439451297,0.499999999999969,0.5,take_profit,11.381357027251576,2.182165676820718,-3.3182170202458905,-3.0259598251937216,DOWN,SELL,0.21035275827803956,False,76789.61595137921,-0.00013835988873903558,NONE,0.0,76529.118875,0.5
2026-05-25 02:05:00+00:00,2026-05-25 02:05:00+00:00,2026-05-25 02:10:00+00:00,2026-05-25 02:25:00+00:00,LONG,LONG,4.25,"['delta_strong_positive', 'cvd_strong_positive', 'aggressive_buyers', 'above_vwap']",77360.7,77167.29824999999,-45.65445945949472,LOSS,4,15.0,0.34229266281198123,1.9265596097242723,-1.0000000000000235,0.5,stop_loss,11.381357027251576,3.8468472451649767,4.155653562358099,3.7620144716125243,UP,BUY,2.595560771657009,False,77144.2801875075,0.004259729312937777,NONE,0.0,77457.40087499999,0.5
2026-05-25 04:50:00+00:00,2026-05-25 04:50:00+00:00,2026-05-25 04:55:00+00:00,2026-05-25 05:15:00+00:00,LONG,LONG,3.5,"['delta_strong_positive', 'cvd_strong_positive', 'above_vwap']",77341.3,77437.976625,22.713093581096395,WIN,5,20.0,0.5859741173215496,0.2875565836105978,0.4999999999999627,0.5,take_profit,11.381357027251576,3.706643702865465,2.6354145441408954,2.2333650233673477,UP,BUY,1.3941725029970342,False,77142.05234448312,0.0025802832446868533,NONE,0.0,77437.976625,0.5
2026-05-25 06:05:00+00:00,2026-05-25 06:05:00+00:00,2026-05-25 06:10:00+00:00,2026-05-25 06:10:00+00:00,LONG,LONG,4.25,"['delta_strong_positive', 'cvd_strong_positive', 'aggressive_buyers', 'above_vwap']",77540.8,77346.948,-45.53975263010141,LOSS,1,1.0,0.0,1.3417452489528394,-0.9999999999999946,0.5,stop_loss,11.381357027251576,3.9002875319718386,3.963362099570446,2.8090568511494443,UP,BUY,2.4941753732143788,False,77215.59180109396,0.0035328866427038917,NONE,0.0,77637.72600000001,0.5
2026-05-25 09:30:00+00:00,2026-05-25 09:30:00+00:00,2026-05-25 09:35:00+00:00,2026-05-25 11:00:00+00:00,LONG,LONG,4.75,"['delta_strong_positive', 'cvd_strong_positive', 'aggressive_buyers', 'big_trade_buy', 'above_vwap']",77586.2,77392.23449999999,-45.31205386695248,LOSS,18,85.0,0.32892447368219047,1.0842134297078754,-1.0000000000000295,0.5,stop_loss,11.381357027251576,4.116707362891584,3.9835262947497174,3.276295794135002,UP,BUY,2.470229074285429,True,77272.47417669542,0.002357168223352922,NONE,0.0,77683.18274999999,0.5
2026-05-25 14:45:00+00:00,2026-05-25 14:45:00+00:00,2026-05-25 14:50:00+00:00,2026-05-25 15:10:00+00:00,LONG,LONG,4.25,"['delta_strong_positive', 'cvd_strong_positive', 'aggressive_buyers', 'above_vwap']",77667.6,77764.6845,22.542746798807542,WIN,5,20.0,1.1345786402566236,0.2219715814574202,0.49999999999998557,0.5,take_profit,11.381357027251576,3.8506586970098633,3.1349938868483997,2.297068740450742,UP,BUY,1.6365477683550067,False,77331.84234536283,0.0031221458661636298,NONE,0.0,77764.6845,0.5
2026-05-25 19:00:00+00:00,2026-05-25 19:00:00+00:00,2026-05-25 19:05:00+00:00,2026-05-25 20:35:00+00:00,SHORT,SHORT,-3.75,"['delta_strong_negative', 'cvd_strong_negative', 'aggressive_sellers']",77409.3,77312.538375,22.59910366580502,WIN,19,90.0,0.8045544915145704,0.4252718988545454,0.4999999999999958,0.5,take_profit,11.381357027251576,4.006441853481437,-3.6450243866193413,-2.7171219968723688,DOWN,SELL,0.5106644742843377,False,77391.3740329449,-0.0027014939888707875,NONE,0.0,77312.538375,0.5
2026-05-26 00:15:00+00:00,2026-05-26 00:15:00+00:00,2026-05-26 00:20:00+00:00,2026-05-26 00:35:00+00:00,SHORT,SHORT,-4.25,"['delta_strong_negative', 'cvd_strong_negative', 'aggressive_sellers', 'below_vwap']",77121.2,77024.79849999999,22.655601424971422,WIN,4,15.0,1.0954186397514412,0.2448094687323179,0.5000000000000374,0.5,take_profit,11.381357027251576,2.064803645821417,-3.2558512646791846,-2.6776022826301045,DOWN,SELL,0.3803560152749797,False,77202.10257254902,-0.001553774271914898,NONE,0.0,77024.79849999999,0.5
2026-05-26 00:50:00+00:00,2026-05-26 00:50:00+00:00,2026-05-26 00:55:00+00:00,2026-05-26 01:00:00+00:00,SHORT,SHORT,-3.5,"['delta_strong_negative', 'cvd_strong_negative', 'below_vwap']",76685.3,76589.443375,22.712240428532237,WIN,2,5.0,0.5362175019202006,0.7099144164526513,0.5000000000000018,0.5,take_profit,11.381357027251576,3.418219030725045,-2.2162997934562543,-2.512264650882323,DOWN,SELL,0.6868751425267285,False,76903.61519290676,-0.004961390843249665,NONE,0.0,76589.443375,0.5
2026-05-26 04:00:00+00:00,2026-05-26 04:00:00+00:00,2026-05-26 04:05:00+00:00,2026-05-26 04:25:00+00:00,LONG,LONG,3.75,"['delta_strong_positive', 'cvd_strong_positive', 'aggressive_buyers']",76614.9,76710.66862499999,22.769021029602765,WIN,5,20.0,0.6390401867000217,0.2354633367660404,0.4999999999999842,0.5,take_profit,11.381357027251576,0.5090382851411781,2.077898707130439,2.1556219959930196,UP,BUY,2.0976112576369643,False,76748.90484641935,-0.0016011891874175362,NONE,0.0,76710.66862499999,0.5
2026-05-26 06:00:00+00:00,2026-05-26 06:00:00+00:00,2026-05-26 06:05:00+00:00,2026-05-26 06:25:00+00:00,SHORT,SHORT,-3.75,"['delta_strong_negative', 'cvd_strong_negative', 'aggressive_sellers']",76834.9,76738.85637499999,22.82594358217885,WIN,5,20.0,0.5190349697858504,0.21604765542741647,0.5000000000000298,0.5,take_profit,11.381357027251576,2.85566229193328,-2.6692995662996455,-2.9323668386320367,DOWN,SELL,0.6175365208829983,False,76753.69929274297,0.0019196063562908299,NONE,0.0,76738.85637499999,0.5
2026-05-26 10:15:00+00:00,2026-05-26 10:15:00+00:00,2026-05-26 10:20:00+00:00,2026-05-26 10:25:00+00:00,LONG,LONG,4.25,"['delta_strong_positive', 'cvd_strong_positive', 'aggressive_buyers', 'above_vwap']",76860.2,76956.27524999999,22.883008441131608,WIN,2,5.0,1.9895862878316888,0.05256296496751905,0.4999999999999709,0.5,take_profit,11.381357027251576,2.155143531906008,2.6639816140523314,2.486111940120344,UP,BUY,2.2955950878362823,False,76747.1301455121,0.001723442208227333,NONE,0.0,76956.27524999999,0.5
2026-05-26 14:25:00+00:00,2026-05-26 14:25:00+00:00,2026-05-26 14:30:00+00:00,2026-05-26 14:30:00+00:00,LONG,LONG,4.0,"['delta_strong_positive', 'cvd_strong_positive', 'big_trade_buy', 'above_vwap']",77923.1,77728.29225,-45.88043192447322,LOSS,1,1.0,0.25820327990025216,2.171884845443807,-1.0000000000000369,0.5,stop_loss,11.381357027251576,3.084802612945196,2.0745233272650525,3.0869352534073378,UP,BUY,1.327997150543306,True,77058.12579532783,0.007786250654023062,NONE,0.0,78020.50387500001,0.5
2026-05-26 17:30:00+00:00,2026-05-26 17:30:00+00:00,2026-05-26 17:35:00+00:00,2026-05-26 17:45:00+00:00,SHORT,SHORT,-4.25,"['delta_strong_negative', 'cvd_strong_negative', 'aggressive_sellers', 'below_vwap']",75865.1,76054.76275000001,-45.651029764849916,LOSS,3,10.0,0.19191960466675048,1.4378152800167512,-1.0000000000000164,0.5,stop_loss,11.381357027251576,3.5286830821443034,-3.201539683137294,-3.4434277226595773,DOWN,SELL,0.6472907015270134,False,76885.36475683091,-0.012952139451836646,NONE,0.0,75770.26862500001,0.5
2026-05-27 00:50:00+00:00,2026-05-27 00:50:00+00:00,2026-05-27 00:55:00+00:00,2026-05-27 01:20:00+00:00,LONG,LONG,4.25,"['delta_strong_positive', 'cvd_strong_positive', 'aggressive_buyers', 'above_vwap']",76010.1,75820.07475,-45.42277461602635,LOSS,6,25.0,0.3883694403769412,1.1324810781725672,-1.0000000000000315,0.5,stop_loss,11.381357027251576,1.619491946350614,2.1721010671121013,3.3098522721133925,UP,BUY,1.9534306448952663,False,75938.64843770352,0.0019023136569731945,NONE,0.0,76105.11262500001,0.5
2026-05-27 04:15:00+00:00,2026-05-27 04:15:00+00:00,2026-05-27 04:20:00+00:00,2026-05-27 04:30:00+00:00,SHORT,SHORT,-4.25,"['delta_strong_negative', 'cvd_strong_negative', 'aggressive_sellers', 'below_vwap']",75508.3,75413.914625,22.597830371471915,WIN,3,10.0,1.2210578174849651,0.06939634450777606,0.49999999999998945,0.5,take_profit,11.381357027251576,3.408711238625027,-3.41682747563781,-2.3958480631528416,DOWN,SELL,0.38820663845205355,False,75800.08954872725,-0.0037199106592201757,NONE,0.0,75413.914625,0.5
2026-05-27 12:15:00+00:00,2026-05-27 12:15:00+00:00,2026-05-27 12:20:00+00:00,2026-05-27 12:20:00+00:00,LONG,LONG,4.25,"['delta_strong_positive', 'cvd_strong_positive', 'aggressive_buyers', 'above_vwap']",75808.1,75902.860125,22.654324947401243,WIN,1,1.0,1.8330495026256781,0.17201328090273107,0.5000000000000037,0.5,take_profit,11.381357027251576,3.5003363579252573,3.718379905643109,2.493737767963882,UP,BUY,1.887977612635171,False,75743.13361367388,-0.00034749616361872624,NONE,0.0,75902.860125,0.5
2026-05-27 13:05:00+00:00,2026-05-27 13:05:00+00:00,2026-05-27 13:10:00+00:00,2026-05-27 13:10:00+00:00,SHORT,SHORT,-4.25,"['delta_strong_negative', 'cvd_strong_negative', 'aggressive_sellers', 'below_vwap']",75474.7,75380.356625,22.710960759768795,WIN,1,1.0,0.6131856105423253,0.1870825587912395,0.4999999999999828,0.5,take_profit,11.381357027251576,1.3050628258220893,-2.967541585583065,-3.2399798322189173,DOWN,SELL,0.40451526152725414,False,75749.48306225064,-0.004342454752781146,NONE,0.0,75380.356625,0.5
2026-05-27 13:25:00+00:00,2026-05-27 13:25:00+00:00,2026-05-27 13:30:00+00:00,2026-05-27 13:30:00+00:00,SHORT,SHORT,-4.25,"['delta_strong_negative', 'cvd_strong_negative', 'aggressive_sellers', 'below_vwap']",75167.0,75073.04125,22.767738161670266,WIN,1,1.0,0.5459842750143324,0.7013716125427537,0.5000000000000279,0.5,take_profit,11.381357027251576,2.2928891227538704,-2.734977672302665,-3.0221463414650005,DOWN,SELL,0.5135448728660525,False,75711.41294971656,-0.006941114646944703,NONE,0.0,75073.04125,0.5
2026-05-27 21:40:00+00:00,2026-05-27 21:40:00+00:00,2026-05-27 21:45:00+00:00,2026-05-27 21:45:00+00:00,SHORT,SHORT,-4.25,"['delta_strong_negative', 'cvd_strong_negative', 'aggressive_sellers', 'below_vwap']",74599.9,74506.650125,22.824657507071727,WIN,1,1.0,1.4311011140765293,0.0005361937482802029,0.49999999999996825,0.5,take_profit,11.381357027251576,4.115875879781917,-4.0357494919631325,-3.5710211936408824,DOWN,SELL,0.4368522549836388,False,75344.36181012161,-0.004311465146792098,NONE,0.0,74506.650125,0.5
2026-05-28 01:15:00+00:00,2026-05-28 01:15:00+00:00,2026-05-28 01:20:00+00:00,2026-05-28 01:20:00+00:00,SHORT,SHORT,-4.25,"['delta_strong_negative', 'cvd_strong_negative', 'aggressive_sellers', 'below_vwap']",74325.1,74510.91275,-45.76343830168104,LOSS,1,1.0,0.5048092770813785,1.011233082767432,-0.9999999999999855,0.5,stop_loss,11.381357027251576,3.921009379503537,-4.054832327220219,-3.406521944249588,DOWN,SELL,0.39699032710625415,False,74417.10339365275,-0.001885076461173511,NONE,0.0,74232.193625,0.5
2026-05-28 03:15:00+00:00,2026-05-28 03:15:00+00:00,2026-05-28 03:20:00+00:00,2026-05-28 03:20:00+00:00,SHORT,SHORT,-4.25,"['delta_strong_negative', 'cvd_strong_negative', 'aggressive_sellers', 'below_vwap']",73692.8,73877.032,-45.53462111017419,LOSS,1,1.0,0.08576143123888852,1.1740631377828115,-1.0000000000000195,0.5,stop_loss,11.381357027251576,4.240334146674467,-4.2396598960440475,-4.205998116301787,DOWN,SELL,0.3983054511199784,False,74104.37553184954,-0.006031538906906621,NONE,0.0,73600.68400000001,0.5
2026-05-28 10:15:00+00:00,2026-05-28 10:15:00+00:00,2026-05-28 10:20:00+00:00,2026-05-28 10:20:00+00:00,SHORT,SHORT,-4.25,"['delta_strong_negative', 'cvd_strong_negative', 'aggressive_sellers', 'below_vwap']",73431.6,73339.8105,22.653474002310954,WIN,1,1.0,0.585034235942067,0.06863530142331785,0.4999999999999943,0.5,take_profit,11.381357027251576,1.6984674921772023,-2.862313621256666,-2.1927979497833023,DOWN,SELL,0.3726753092724068,False,73455.58167548219,0.0026173923403213324,NONE,0.0,73339.8105,0.5
2026-05-28 14:10:00+00:00,2026-05-28 14:10:00+00:00,2026-05-28 14:15:00+00:00,2026-05-28 14:15:00+00:00,LONG,LONG,4.25,"['delta_strong_positive', 'cvd_strong_positive', 'aggressive_buyers', 'big_trade_buy']",73283.6,73375.2045,22.710107687317308,WIN,1,1.0,1.4939222418112486,0.30074941733214966,0.500000000000007,0.5,take_profit,11.381357027251576,3.64828594366935,4.128140713383061,3.6285627593581213,UP,BUY,3.0136057610673768,True,73352.44720669926,0.0024498914924304446,NONE,0.0,73375.2045,0.5
2026-05-28 17:45:00+00:00,2026-05-28 17:45:00+00:00,2026-05-28 17:50:00+00:00,2026-05-28 18:05:00+00:00,LONG,LONG,4.25,"['delta_strong_positive', 'cvd_strong_positive', 'aggressive_buyers', 'above_vwap']",73618.0,73710.0225,22.766882956536865,WIN,4,15.0,0.5455187589991262,0.9084734711619282,0.5000000000000347,0.5,take_profit,11.381357027251576,3.438385030931313,3.6557537394508053,2.8692721775632855,UP,BUY,2.008261672336861,False,73304.55187268787,0.007269923479615619,NONE,0.0,73710.0225,0.5
2026-05-28 21:40:00+00:00,2026-05-28 21:40:00+00:00,2026-05-28 21:45:00+00:00,2026-05-28 22:05:00+00:00,LONG,LONG,4.25,"['delta_strong_positive', 'cvd_strong_positive', 'aggressive_buyers', 'above_vwap']",73877.8,73693.1055,-45.64760032785271,LOSS,5,20.0,0.29454044381394234,1.0980294486300508,-0.999999999999988,0.5,stop_loss,11.381357027251576,3.3845949082084825,3.427153535554079,2.7146065554261476,UP,BUY,3.635540284847957,False,73327.71853255207,0.004283221534610086,NONE,0.0,73970.14725000001,0.5
2026-05-29 00:45:00+00:00,2026-05-29 00:45:00+00:00,2026-05-29 00:50:00+00:00,2026-05-29 01:20:00+00:00,SHORT,SHORT,-4.25,"['delta_strong_negative', 'cvd_strong_negative', 'aggressive_sellers', 'below_vwap']",73725.3,73633.143375,22.709681163107795,WIN,7,30.0,0.8208850964323124,0.6440122997125659,0.5000000000000177,0.5,take_profit,11.381357027251576,0.9767589541720637,-3.0816087216353014,-2.161715291807583,DOWN,SELL,0.17660441641792718,False,73736.08522089785,0.000625095776378266,NONE,0.0,73633.143375,0.5
2026-05-29 02:40:00+00:00,2026-05-29 02:40:00+00:00,2026-05-29 02:45:00+00:00,2026-05-29 02:50:00+00:00,SHORT,SHORT,-4.25,"['delta_strong_negative', 'cvd_strong_negative', 'aggressive_sellers', 'below_vwap']",73316.0,73224.355,22.766455366015776,WIN,2,5.0,0.5521305035735561,0.34098968847182065,0.5000000000000223,0.5,take_profit,11.381357027251576,1.6627686919868776,-2.6918961794932987,-2.8235427868054224,DOWN,SELL,0.20706306725622525,False,73606.70442862198,-0.0037725421196755544,NONE,0.0,73224.355,0.5
2026-05-29 07:30:00+00:00,2026-05-29 07:30:00+00:00,2026-05-29 07:35:00+00:00,2026-05-29 07:40:00+00:00,SHORT,SHORT,-4.25,"['delta_strong_negative', 'cvd_strong_negative', 'aggressive_sellers', 'below_vwap']",73495.5,73403.630625,22.823371504428497,WIN,2,5.0,0.782088699308105,0.09197842044747871,0.4999999999999714,0.5,take_profit,11.381357027251576,3.2067750916876094,-2.5352836107148087,-2.072054375075423,DOWN,SELL,0.5542573069462822,False,73547.62403432508,-0.0008992073804818585,NONE,0.0,73403.630625,0.5
2026-05-29 11:50:00+00:00,2026-05-29 11:50:00+00:00,2026-05-29 11:55:00+00:00,2026-05-29 12:10:00+00:00,SHORT,SHORT,-4.25,"['delta_strong_negative', 'cvd_strong_negative', 'aggressive_sellers', 'below_vwap']",73393.1,73301.35862500001,22.880429933190317,WIN,4,15.0,0.5090396781169277,0.3013907301911943,0.4999999999999879,0.5,take_profit,11.381357027251576,3.9668330346659206,-2.744841685827694,-2.3994345188248962,DOWN,SELL,0.5952350211821666,False,73567.54828964287,-0.0034349096964940273,NONE,0.0,73301.35862500001,0.5
2026-05-29 12:45:00+00:00,2026-05-29 12:45:00+00:00,2026-05-29 12:50:00+00:00,2026-05-29 13:10:00+00:00,SHORT,SHORT,-4.25,"['delta_strong_negative', 'cvd_strong_negative', 'aggressive_sellers', 'below_vwap']",73216.4,73124.8795,22.937631008023526,WIN,5,20.0,0.9134565479865008,0.7063991127671009,0.49999999999999295,0.5,take_profit,11.381357027251576,1.9312147584980546,-2.876575144835697,-2.1869612607948983,DOWN,SELL,0.3594738215109556,False,73541.41045885932,-0.00428290444900169,NONE,0.0,73124.8795,0.5
2026-05-29 13:35:00+00:00,2026-05-29 13:35:00+00:00,2026-05-29 13:40:00+00:00,2026-05-29 13:45:00+00:00,LONG,LONG,3.75,"['delta_strong_positive', 'cvd_strong_positive', 'aggressive_buyers']",73187.0,73278.48375,22.994975085543757,WIN,2,5.0,0.7269050514435623,0.5979203956986578,0.49999999999999684,0.5,take_profit,11.381357027251576,2.3212633015151134,2.947675237655827,2.378739025759642,UP,BUY,1.9565722265651684,False,73465.47128963722,-0.001306516277369424,NONE,0.0,73278.48375,0.5
2026-05-29 14:25:00+00:00,2026-05-29 14:25:00+00:00,2026-05-29 14:30:00+00:00,2026-05-29 14:40:00+00:00,SHORT,SHORT,-3.5,"['delta_strong_negative', 'cvd_strong_negative', 'below_vwap']",72690.3,72599.437125,23.052462523259326,WIN,3,10.0,0.8485313721362937,0.9338247331486984,0.5000000000000339,0.5,take_profit,11.381357027251576,3.5790624783030722,-2.3434400380207805,-2.7708443233932383,DOWN,SELL,0.6846074351069292,False,73352.67694634726,-0.00522846343059494,NONE,0.0,72599.437125,0.5
2026-05-29 15:05:00+00:00,2026-05-29 15:05:00+00:00,2026-05-29 15:10:00+00:00,2026-05-29 15:25:00+00:00,LONG,LONG,4.25,"['delta_strong_positive', 'cvd_strong_positive', 'aggressive_buyers', 'above_vwap']",73640.7,73456.59825,-46.22018735913223,LOSS,4,15.0,0.5209075959354472,1.1097124280459196,-1.0000000000000087,0.5,stop_loss,11.381357027251576,2.5918498635303284,2.7871736350103906,2.54625373114938,UP,BUY,1.8739289307269775,False,73303.29595278997,0.007954362131148106,NONE,0.0,73732.750875,0.5
2026-05-29 18:25:00+00:00,2026-05-29 18:25:00+00:00,2026-05-29 18:30:00+00:00,2026-05-29 18:45:00+00:00,SHORT,SHORT,-3.75,"['delta_strong_negative', 'cvd_strong_negative', 'aggressive_sellers']",73758.0,73665.8025,22.99454321116677,WIN,4,15.0,1.254914721114966,0.3264730605493483,0.4999999999999716,0.5,take_profit,11.381357027251576,1.570105712903104,-2.0692378735151724,-2.398172448026619,DOWN,SELL,0.459425787087811,False,73520.89739170048,0.0007754816923822987,NONE,0.0,73665.8025,0.5
2026-05-29 21:20:00+00:00,2026-05-29 21:20:00+00:00,2026-05-29 21:25:00+00:00,2026-05-29 21:25:00+00:00,SHORT,SHORT,-3.75,"['delta_strong_negative', 'cvd_strong_negative', 'aggressive_sellers']",73593.1,73501.10862500001,23.052029569195444,WIN,1,1.0,0.5065692299958101,0.0,0.4999999999999879,0.5,take_profit,11.381357027251576,3.3715367974398798,-3.7607507807811245,-3.0447105124032836,DOWN,SELL,0.2160177510160763,False,73517.1732839053,-0.0006994472659538646,NONE,0.0,73501.10862500001,0.5
2026-05-30 05:05:00+00:00,2026-05-30 05:05:00+00:00,2026-05-30 05:10:00+00:00,2026-05-30 05:45:00+00:00,LONG,LONG,4.25,"['delta_strong_positive', 'cvd_strong_positive', 'aggressive_buyers', 'above_vwap']",73481.4,73573.25175,23.109659643119397,WIN,8,35.0,0.6826217246813955,0.17147196433383144,0.5000000000000089,0.5,take_profit,11.381357027251576,3.3937216457353085,3.546720957249352,3.8160096378426447,UP,BUY,4.275483498373079,False,73470.55191643124,0.0001355940589384018,NONE,0.0,73573.25175,0.5
2026-05-30 10:25:00+00:00,2026-05-30 10:25:00+00:00,2026-05-30 10:30:00+00:00,2026-05-30 13:20:00+00:00,SHORT,SHORT,-3.75,"['delta_strong_negative', 'cvd_strong_negative', 'aggressive_sellers']",73597.3,73781.29325,-46.33486758445345,LOSS,35,170.0,0.3706657717062832,1.178847593593755,-0.9999999999999974,0.5,stop_loss,11.381357027251576,1.3845536362796678,-2.5037672698759597,-2.168220205598001,DOWN,SELL,0.37828936397291796,False,73491.67739878704,0.0007001210577466141,NONE,0.0,73505.303375,0.5
2026-05-30 14:00:00+00:00,2026-05-30 14:00:00+00:00,2026-05-30 14:05:00+00:00,2026-05-30 14:10:00+00:00,LONG,LONG,4.25,"['delta_strong_positive', 'cvd_strong_positive', 'aggressive_buyers', 'above_vwap']",73883.3,73975.654125,23.051596623265155,WIN,2,5.0,0.5668398677373484,0.18569825657491154,0.4999999999999893,0.5,take_profit,11.381357027251576,1.690384514702429,2.3509657519670895,3.0909078834315964,UP,BUY,3.0713560719078465,False,73537.15369793486,0.0027411643630096344,NONE,0.0,73975.654125,0.5
2026-05-30 19:40:00+00:00,2026-05-30 19:40:00+00:00,2026-05-30 19:45:00+00:00,2026-05-30 20:00:00+00:00,SHORT,SHORT,-4.25,"['delta_strong_negative', 'cvd_strong_negative', 'aggressive_sellers', 'big_trade_sell']",73992.6,73900.10925000001,23.109225614823114,WIN,4,15.0,0.5184302214005656,0.2832715704002518,0.49999999999998485,0.5,take_profit,11.381357027251576,1.551316748334445,-3.0567942552861904,-2.2547016813271195,DOWN,SELL,0.11964581644872928,True,73681.12419164431,0.0006725702045855331,NONE,0.0,73900.10925000001,0.5
2026-05-31 01:00:00+00:00,2026-05-31 01:00:00+00:00,2026-05-31 01:05:00+00:00,2026-05-31 01:20:00+00:00,LONG,LONG,4.25,"['delta_strong_positive', 'cvd_strong_positive', 'aggressive_buyers', 'above_vwap']",74080.0,74172.6,23.166998678862324,WIN,4,15.0,0.91792656587473,0.25971922246223444,0.5000000000000313,0.5,take_profit,11.381357027251576,2.1609202247616115,2.85345688036882,2.0455505663625657,UP,BUY,2.3670527222238347,False,73944.67129799553,0.0024918384430757286,NONE,0.0,74172.6,0.5
2026-05-31 04:30:00+00:00,2026-05-31 04:30:00+00:00,2026-05-31 04:35:00+00:00,2026-05-31 05:50:00+00:00,SHORT,SHORT,-3.75,"['delta_strong_negative', 'cvd_strong_negative', 'aggressive_sellers']",74123.1,74030.446125,23.224916175558928,WIN,16,75.0,0.541801408737674,0.3858446287324734,0.5000000000000193,0.5,take_profit,11.381357027251576,1.4880035211126634,-2.8801825487581496,-3.1063825898595283,DOWN,SELL,0.19953527168732127,False,74058.4648219111,0.0006477819390003853,NONE,0.0,74030.446125,0.5
2026-05-31 06:30:00+00:00,2026-05-31 06:30:00+00:00,2026-05-31 06:35:00+00:00,2026-05-31 07:25:00+00:00,LONG,LONG,3.75,"['delta_strong_positive', 'cvd_strong_positive', 'aggressive_buyers']",74045.3,73860.18675000001,-46.56595693199255,LOSS,11,50.0,0.04537762693915308,1.0118130387749278,-0.9999999999999722,0.5,stop_loss,11.381357027251576,1.9814162852238337,2.5547749728193456,2.549144825118971,UP,BUY,2.9104192499748653,False,74059.65740622013,-0.00038583421483389394,NONE,0.0,74137.856625,0.5
2026-05-31 10:20:00+00:00,2026-05-31 10:20:00+00:00,2026-05-31 10:25:00+00:00,2026-05-31 11:25:00+00:00,SHORT,SHORT,-4.25,"['delta_strong_negative', 'cvd_strong_negative', 'aggressive_sellers', 'below_vwap']",73742.1,73926.45525,-46.333127147332185,LOSS,13,60.0,0.0,1.0957105913718215,-0.9999999999999634,0.5,stop_loss,11.381357027251576,3.724789572121819,-3.212747710517209,-2.622715176226627,DOWN,SELL,0.3749639069086989,False,73996.59966788253,-0.0018876533383992275,NONE,0.0,73649.92237500001,0.5
2026-05-31 13:45:00+00:00,2026-05-31 13:45:00+00:00,2026-05-31 13:50:00+00:00,2026-05-31 14:00:00+00:00,SHORT,SHORT,-4.25,"['delta_strong_negative', 'cvd_strong_negative', 'aggressive_sellers', 'below_vwap']",73830.3,73738.01212500001,23.05073075579724,WIN,3,10.0,0.5564111211792291,0.08776884287343863,0.49999999999997036,0.5,take_profit,11.381357027251576,1.4439068091598226,-2.1823179881702433,-2.739253746773076,DOWN,SELL,0.3242163897280967,False,73979.81739400455,-0.00037856880213066606,NONE,0.0,73738.01212500001,0.5
2026-05-31 14:15:00+00:00,2026-05-31 14:15:00+00:00,2026-05-31 14:20:00+00:00,2026-05-31 15:25:00+00:00,SHORT,SHORT,-4.25,"['delta_strong_negative', 'cvd_strong_negative', 'aggressive_sellers', 'below_vwap']",73542.5,73726.35625,-46.21671516537547,LOSS,14,65.0,0.21592956453749648,1.1046673692083124,-0.9999999999999841,0.5,stop_loss,11.381357027251576,4.105641875649141,-3.7325243563871484,-3.551398317269892,DOWN,SELL,0.5972586681645288,False,73913.12160957963,-0.0025195541973871546,NONE,0.0,73450.571875,0.5
2026-05-31 16:30:00+00:00,2026-05-31 16:30:00+00:00,2026-05-31 16:35:00+00:00,2026-05-31 17:30:00+00:00,SHORT,SHORT,-4.25,"['delta_strong_negative', 'cvd_strong_negative', 'aggressive_sellers', 'below_vwap']",73399.9,73583.39975,-45.98563158955,LOSS,12,55.0,0.32261624334636474,1.353680318365604,-1.0000000000000147,0.5,stop_loss,11.381357027251576,3.856675416294818,-3.7959265918537377,-2.9749705636916834,DOWN,SELL,0.4507254421137511,False,73841.68920856301,-0.0030638521947691563,NONE,0.0,73308.150125,0.5
2026-05-31 20:05:00+00:00,2026-05-31 20:05:00+00:00,2026-05-31 20:10:00+00:00,2026-05-31 21:45:00+00:00,LONG,LONG,3.75,"['delta_strong_positive', 'cvd_strong_positive', 'aggressive_buyers']",73653.3,73745.36662500001,22.87785171580246,WIN,20,95.0,1.3267565743829695,0.3426866141775362,0.5000000000000366,0.5,take_profit,11.381357027251576,4.099311777117734,4.06422712350684,3.7037880453473417,UP,BUY,4.034152581314191,False,73799.98974819327,0.0015890578183443338,NONE,0.0,73745.36662500001,0.5
