timestamp,signal_timestamp,entry_timestamp,exit_timestamp,signal,direction,score,reasons,entry,exit,pnl,outcome,duration_bars,duration_minutes,mfe_r,mae_r,rr_realized,rr_model,exit_reason,drawdown,volume_z,delta_z,cvd_slope_z,cvd_condition,delta_condition,buy_sell_ratio,big_trade,vwap,distance_to_poc,absorption,absorption_score,target_price,target_r
2026-06-18 01:40:00+00:00,2026-06-18 01:40:00+00:00,2026-06-18 01:45:00+00:00,2026-06-18 01:45:00+00:00,direction,direction,score,reasons,64585.7,64504.967874999995,25.000000000000707,WIN,1,1.0,0.6509180824857425,0.0,0.5000000000000141,0.5,take_profit,0.0,-0.6270596109033261,0.1453719853520114,0.14537198535201146,NEUTRAL,NEUTRAL,1.1352682910480276,False,64605.56025927835,-0.0003074078949032525,NONE,0.0,64504.967874999995,0.5
2026-06-18 02:00:00+00:00,2026-06-18 02:00:00+00:00,2026-06-18 02:05:00+00:00,2026-06-18 02:10:00+00:00,direction,direction,score,reasons,64610.1,64529.337374999996,25.06250000000094,WIN,2,5.0,0.6816271759368802,0.24702020272373176,0.5000000000000188,0.5,take_profit,0.0,-0.43673106332985895,1.0552664771357605,1.0552664771357607,UP,BUY,1.8627796571623505,False,64595.82015887431,0.0002210644758525651,NONE,0.0,64529.337374999996,0.5
2026-06-18 02:25:00+00:00,2026-06-18 02:25:00+00:00,2026-06-18 02:30:00+00:00,2026-06-18 03:00:00+00:00,direction,direction,score,reasons,64672.6,64591.759249999996,25.125156250000945,WIN,7,30.0,1.0563979181291343,0.4787189628992894,0.5000000000000188,0.5,take_profit,0.0,-0.15590011044032198,-0.027352133272395177,-0.02735213327239518,NEUTRAL,NEUTRAL,0.969583048530417,False,64594.15151199864,0.0012160309588827554,NONE,0.0,64591.759249999996,0.5
2026-06-18 03:15:00+00:00,2026-06-18 03:15:00+00:00,2026-06-18 03:20:00+00:00,2026-06-18 03:20:00+00:00,direction,direction,score,reasons,64472.6,64392.009249999996,25.187969140625952,WIN,1,1.0,0.7606331992195043,0.000620418596417981,0.5000000000000188,0.5,take_profit,0.0,0.7123662136236302,0.7849564987892459,0.7849564987892458,UP,NEUTRAL,1.435113271510825,False,64596.303704402526,-0.001913479523041152,NONE,0.0,64392.009249999996,0.5
2026-06-18 03:35:00+00:00,2026-06-18 03:35:00+00:00,2026-06-18 03:40:00+00:00,2026-06-18 04:00:00+00:00,direction,direction,score,reasons,64297.5,64217.128125,25.250939063475656,WIN,5,20.0,0.7919436992107184,0.5188382129942934,0.49999999999998185,0.5,take_profit,0.0,0.6505436919231772,-0.47484224833174327,-0.4748422483317433,NEUTRAL,NEUTRAL,0.646248336096775,False,64557.041723818205,-0.004018798211481227,NONE,0.0,64217.128125,0.5
2026-06-18 04:15:00+00:00,2026-06-18 04:15:00+00:00,2026-06-18 04:20:00+00:00,2026-06-18 05:00:00+00:00,direction,direction,score,reasons,63866.6,63786.766749999995,25.314066411136306,WIN,9,40.0,1.1304813470577735,0.8354914775485243,0.5000000000000207,0.5,take_profit,0.0,0.37990429360159134,0.5031600379150672,0.5031600379150675,UP,NEUTRAL,1.0241298997421382,False,64375.52500546961,-0.007622934579182077,NONE,0.0,63786.766749999995,0.5
2026-06-18 05:15:00+00:00,2026-06-18 05:15:00+00:00,2026-06-18 05:20:00+00:00,2026-06-18 05:35:00+00:00,direction,direction,score,reasons,63932.3,63852.384625000006,25.3773515771621,WIN,4,15.0,0.7001155910236387,0.4235730608784422,0.49999999999998024,0.5,take_profit,0.0,-0.47761950792660157,0.6247969760595191,0.6247969760595188,UP,NEUTRAL,1.5443781073609637,False,64226.30347208999,-0.0031956633028756352,NONE,0.0,63852.384625000006,0.5
2026-06-18 05:50:00+00:00,2026-06-18 05:50:00+00:00,2026-06-18 05:55:00+00:00,2026-06-18 06:15:00+00:00,direction,direction,score,reasons,63898.0,63818.1275,25.440794956105265,WIN,5,20.0,0.5427399918620118,0.947760493286184,0.4999999999999854,0.5,take_profit,0.0,-1.0061623451350363,0.1899194712168764,0.189919471216876,NEUTRAL,NEUTRAL,1.3921002762054573,False,64206.78818699072,-0.0029909461459784598,NONE,0.0,63818.1275,0.5
2026-06-18 06:30:00+00:00,2026-06-18 06:30:00+00:00,2026-06-18 06:35:00+00:00,2026-06-18 07:15:00+00:00,direction,direction,score,reasons,64014.7,64174.73675,-51.00879388699232,LOSS,9,40.0,0.18370780461359146,1.074128286159282,-0.9999999999999958,0.5,stop_loss,0.5000000000000032,-0.10612220262494616,0.2889971046148684,0.28899710461486855,NEUTRAL,NEUTRAL,1.160275736365515,False,64186.64981273112,-0.0003257759412872479,NONE,0.0,63934.681625,0.5
2026-06-18 07:30:00+00:00,2026-06-18 07:30:00+00:00,2026-06-18 07:35:00+00:00,2026-06-18 07:35:00+00:00,direction,direction,score,reasons,64264.6,64425.2615,-50.7537499175582,LOSS,1,1.0,0.0006224266547900076,1.0207797138704668,-1.0000000000000124,0.5,stop_loss,0.9975000000000055,-0.21601488822245246,-0.9135230003679973,-0.9135230003679967,DOWN,NEUTRAL,0.6679450516508773,False,64176.34348428569,0.0042383911574172825,NONE,0.0,64184.26925,0.5
2026-06-18 07:50:00+00:00,2026-06-18 07:50:00+00:00,2026-06-18 07:55:00+00:00,2026-06-18 08:00:00+00:00,direction,direction,score,reasons,64430.8,64350.2615,25.24999058398564,WIN,2,5.0,0.5065900159551383,0.3743551220844418,0.5000000000000148,0.5,take_profit,0.9975000000000055,0.056258354740357674,-1.1292392332013985,-1.1292392332013987,DOWN,SELL,0.6776008211496821,False,64190.98000381073,0.006619074016724982,NONE,0.0,64350.2615,0.5
2026-06-18 08:15:00+00:00,2026-06-18 08:15:00+00:00,2026-06-18 08:20:00+00:00,2026-06-18 08:45:00+00:00,direction,direction,score,reasons,64559.6,64478.900499999996,25.31311556044562,WIN,6,25.0,0.8488280596534056,0.10780735940124446,0.5000000000000152,0.5,take_profit,0.9975000000000055,-0.14555995924985568,0.1690118432172285,0.1690118432172285,NEUTRAL,NEUTRAL,1.5237745217348975,False,64215.411374559924,0.007516080688473023,NONE,0.0,64478.900499999996,0.5
2026-06-18 09:00:00+00:00,2026-06-18 09:00:00+00:00,2026-06-18 09:05:00+00:00,2026-06-18 09:25:00+00:00,direction,direction,score,reasons,64350.3,64269.862125,25.376398349346996,WIN,5,20.0,0.9038030902730924,0.6197329305379903,0.5000000000000202,0.5,take_profit,0.9975000000000055,0.5455750764689005,-0.686686653147861,-0.6866866531478611,DOWN,NEUTRAL,0.7071023648604824,False,64232.75693042302,0.0024472147056371326,NONE,0.0,64269.862125,0.5
2026-06-18 09:40:00+00:00,2026-06-18 09:40:00+00:00,2026-06-18 09:45:00+00:00,2026-06-18 09:55:00+00:00,direction,direction,score,reasons,64257.5,64177.178125,25.439839345219795,WIN,3,10.0,0.5913706571217368,0.2502431622767589,0.5000000000000091,0.5,take_profit,0.9975000000000055,-1.184916525835413,0.21387045097045107,0.21387045097045124,NEUTRAL,NEUTRAL,0.9978925337557956,False,64236.4161185344,-0.00022091528215263204,NONE,0.0,64177.178125,0.5
2026-06-18 10:10:00+00:00,2026-06-18 10:10:00+00:00,2026-06-18 10:15:00+00:00,2026-06-18 10:20:00+00:00,direction,direction,score,reasons,63985.7,63905.717874999995,25.503438943583106,WIN,2,5.0,0.6595223620277656,0.2625586654518119,0.5000000000000142,0.5,take_profit,0.9975000000000055,1.674885403425077,-0.27475284621256774,-0.2747528462125674,NEUTRAL,NEUTRAL,0.7383482785342632,False,64229.90906407144,-0.004603691486126884,NONE,0.0,63905.717874999995,0.5
2026-06-18 10:35:00+00:00,2026-06-18 10:35:00+00:00,2026-06-18 10:40:00+00:00,2026-06-18 10:50:00+00:00,direction,direction,score,reasons,64003.0,64163.0075,-51.13439508188259,LOSS,3,10.0,0.2112400981204188,1.2186928737715421,-0.9999999999999983,0.5,stop_loss,0.9975000000000055,0.14618421354436886,0.28880149117126747,0.28880149117126763,NEUTRAL,NEUTRAL,0.7878877833078248,False,64216.32431327246,-0.00403841905616818,NONE,0.0,63922.99625,0.5
2026-06-18 11:05:00+00:00,2026-06-18 11:05:00+00:00,2026-06-18 11:10:00+00:00,2026-06-18 11:15:00+00:00,direction,direction,score,reasons,64043.3,63963.245875,25.439361553237394,WIN,2,5.0,0.6120858856429947,0.03435175888812725,0.500000000000015,0.5,take_profit,0.9975000000000055,-0.6460948150241425,-0.2675990426831242,-0.2675990426831241,NEUTRAL,NEUTRAL,0.5746338268566664,False,64209.20329638838,-0.0033293062274084837,NONE,0.0,63963.245875,0.5
2026-06-18 11:30:00+00:00,2026-06-18 11:30:00+00:00,2026-06-18 11:35:00+00:00,2026-06-18 11:35:00+00:00,direction,direction,score,reasons,64018.7,63938.676625,25.502959957118776,WIN,1,1.0,0.6510597684738808,0.13308611390111272,0.4999999999999814,0.5,take_profit,0.9975000000000055,-1.1764596314627003,0.5283916753810033,0.5283916753810046,UP,NEUTRAL,1.1324980954589114,False,64202.22956702062,-0.003546752728738302,NONE,0.0,63938.676625,0.5
2026-06-18 11:50:00+00:00,2026-06-18 11:50:00+00:00,2026-06-18 11:55:00+00:00,2026-06-18 12:20:00+00:00,direction,direction,score,reasons,63930.6,64090.4265,-51.13343471402595,LOSS,6,25.0,0.23650646169437253,1.2038053764551024,-1.0000000000000178,0.5,stop_loss,0.9975000000000055,-0.6359108506360681,1.4822524527902825,1.4822524527902812,UP,BUY,3.066552652645368,False,64195.80947725741,-0.004276249658371421,NONE,0.0,63850.68675,0.5
2026-06-18 12:35:00+00:00,2026-06-18 12:35:00+00:00,2026-06-18 12:40:00+00:00,2026-06-18 12:45:00+00:00,direction,direction,score,reasons,64141.7,64302.054249999994,-50.87776754045386,LOSS,2,5.0,0.0,1.167415269629613,-0.9999999999999792,0.5,stop_loss,0.9993593907031278,0.21509108011469683,-0.4433838146247771,-0.44338381462477683,NEUTRAL,NEUTRAL,0.914545259033807,False,64189.677357322515,0.0005105439887073542,NONE,0.0,64061.522874999995,0.5
2026-06-18 13:00:00+00:00,2026-06-18 13:00:00+00:00,2026-06-18 13:05:00+00:00,2026-06-18 13:30:00+00:00,direction,direction,score,reasons,64294.8,64214.431500000006,25.31168935137533,WIN,6,25.0,1.2697760938676583,0.8000647019665573,0.4999999999999804,0.5,take_profit,0.9993593907031278,0.993629891934049,-0.7261195669397819,-0.7261195669397812,DOWN,NEUTRAL,1.010913176055208,False,64193.35573301635,0.0030503221332282907,NONE,0.0,64214.431500000006,0.5
2026-06-18 13:45:00+00:00,2026-06-18 13:45:00+00:00,2026-06-18 13:50:00+00:00,2026-06-18 13:55:00+00:00,direction,direction,score,reasons,64078.1,63998.002375,25.37496857475545,WIN,2,5.0,1.5006687152084814,0.3414583141510399,0.5000000000000135,0.5,take_profit,0.9993593907031278,3.208000458292358,-2.886446995389134,-2.886446995389133,DOWN,SELL,0.6387509157119001,True,64180.74231037456,1.5151219846907617e-05,SELL_ABSORPTION,1.0,63998.002375,0.5
2026-06-18 14:10:00+00:00,2026-06-18 14:10:00+00:00,2026-06-18 14:15:00+00:00,2026-06-18 14:15:00+00:00,direction,direction,score,reasons,63752.0,63911.38,-50.876811992382464,LOSS,1,1.0,0.4636717279457991,1.2360396536579246,-0.9999999999999836,0.5,stop_loss,1.0012187464845606,0.8442784670266041,-0.5865458919610859,-0.5865458919610856,DOWN,NEUTRAL,0.7987057338111402,False,64163.90189925714,-0.0045958341939233375,NONE,0.0,63672.31,0.5
2026-06-18 14:30:00+00:00,2026-06-18 14:30:00+00:00,2026-06-18 14:35:00+00:00,2026-06-18 14:35:00+00:00,direction,direction,score,reasons,63867.1,64026.76775,-50.62242793242155,LOSS,1,1.0,0.3576176153293232,1.0246277034654683,-1.0000000000000033,0.5,stop_loss,1.4962126527521387,-0.3614987108454456,0.727842920436568,0.7278429204365681,UP,NEUTRAL,1.3786614576623595,False,64152.11103143687,-0.0026344017221059425,NONE,0.0,63787.266125,0.5
2026-06-18 14:50:00+00:00,2026-06-18 14:50:00+00:00,2026-06-18 14:55:00+00:00,2026-06-18 14:55:00+00:00,direction,direction,score,reasons,63578.0,63736.945,-50.36931579275919,LOSS,1,1.0,0.0,1.8496964358740446,-0.9999999999999981,0.5,stop_loss,1.9887315894883768,2.4149403013536057,-2.588340020782909,-2.5883400207829075,DOWN,SELL,0.5784996366469461,False,64134.52800482846,-0.006641161585333622,NONE,0.0,63498.5275,0.5
2026-06-18 15:10:00+00:00,2026-06-18 15:10:00+00:00,2026-06-18 15:15:00+00:00,2026-06-18 15:15:00+00:00,direction,direction,score,reasons,63525.8,63446.392750000006,25.058734606896657,WIN,1,1.0,2.328502750063772,0.285868103982912,0.4999999999999783,0.5,take_profit,1.9887315894883768,-0.789211017524451,0.4710231979868471,0.4710231979868463,NEUTRAL,NEUTRAL,1.1775722616834312,False,64111.9803798439,-0.0067564777807138125,NONE,0.0,63446.392750000006,0.5
2026-06-18 15:30:00+00:00,2026-06-18 15:30:00+00:00,2026-06-18 15:35:00+00:00,2026-06-18 15:35:00+00:00,direction,direction,score,reasons,63263.2,63184.121,25.121381443414325,WIN,1,1.0,2.572743711984182,0.0006322791133285751,0.49999999999998684,0.5,take_profit,1.9887315894883768,0.38566083400420786,-0.07441861502980858,-0.07441861502980861,NEUTRAL,NEUTRAL,0.9275310341432713,False,64007.47728785335,-0.007987155411534396,NONE,0.0,63184.121,0.5
2026-06-18 15:50:00+00:00,2026-06-18 15:50:00+00:00,2026-06-18 15:55:00+00:00,2026-06-18 15:55:00+00:00,direction,direction,score,reasons,62500.7,62422.574125,25.18418489702285,WIN,1,1.0,1.7190207469676249,0.15807822952385728,0.4999999999999867,0.5,take_profit,1.9887315894883768,1.1368018879940047,-0.7192080806768043,-0.7192080806768036,DOWN,NEUTRAL,0.8103606929480572,False,63838.31144376294,-0.015825121542035997,NONE,0.0,62422.574125,0.5
2026-06-18 16:10:00+00:00,2026-06-18 16:10:00+00:00,2026-06-18 16:15:00+00:00,2026-06-18 16:15:00+00:00,direction,direction,score,reasons,62601.8,62523.547750000005,25.247145359265346,WIN,1,1.0,0.7590836046248057,0.1118178710516311,0.4999999999999855,0.5,take_profit,1.9887315894883768,-0.8982283119438021,0.3162558955810166,0.31625589558101685,NEUTRAL,NEUTRAL,1.2272622849986292,False,63724.77307108519,-0.011717488533640538,NONE,0.0,62523.547750000005,0.5
2026-06-18 16:30:00+00:00,2026-06-18 16:30:00+00:00,2026-06-18 16:35:00+00:00,2026-06-18 16:45:00+00:00,direction,direction,score,reasons,62605.8,62762.3145,-50.620526445327684,LOSS,3,10.0,0.48366125822210954,1.170498580003751,-0.9999999999999841,0.5,stop_loss,1.9887315894883768,-0.8866187362916564,-0.20106450130568584,-0.2010645013056854,NEUTRAL,NEUTRAL,0.7101293759512938,False,63696.65048993005,-0.010783601863347614,NONE,0.0,62527.54275,0.5
2026-06-18 17:00:00+00:00,2026-06-18 17:00:00+00:00,2026-06-18 17:05:00+00:00,2026-06-18 17:10:00+00:00,direction,direction,score,reasons,62539.3,62461.125875000005,25.183711906550194,WIN,2,5.0,1.0681283608866745,0.40358622498172214,0.49999999999998546,0.5,take_profit,1.9887315894883768,-0.7242674579333147,0.12600600309317425,0.12600600309317414,NEUTRAL,NEUTRAL,1.0373575308780492,False,63661.58562502692,-0.010681689845495057,NONE,0.0,62461.125875000005,0.5
2026-06-18 17:25:00+00:00,2026-06-18 17:25:00+00:00,2026-06-18 17:30:00+00:00,2026-06-18 17:30:00+00:00,direction,direction,score,reasons,62553.2,62709.583,-50.49334237263513,LOSS,1,1.0,0.019183670859364507,1.1305576693119002,-1.0000000000000104,0.5,stop_loss,1.9887315894883768,1.2220308927679069,2.444572879804383,2.4445728798043835,UP,BUY,2.1615428671274364,False,63610.390997589326,-0.009005891379569142,NONE,0.0,62475.008499999996,0.5
2026-06-18 17:45:00+00:00,2026-06-18 17:45:00+00:00,2026-06-18 17:50:00+00:00,2026-06-18 17:55:00+00:00,direction,direction,score,reasons,62623.3,62545.020875,25.120437830386013,WIN,2,5.0,0.8769898743758499,0.4899134986498449,0.5000000000000059,0.5,take_profit,1.9887315894883768,-0.7248316122933794,0.2556201149988164,0.25562011499881643,NEUTRAL,NEUTRAL,1.9159896568798258,False,63591.27399517891,-0.006316043098359775,NONE,0.0,62545.020875,0.5
2026-06-18 18:10:00+00:00,2026-06-18 18:10:00+00:00,2026-06-18 18:15:00+00:00,2026-06-18 18:15:00+00:00,direction,direction,score,reasons,62678.7,62835.39675,-50.366477849924244,LOSS,1,1.0,0.6043520366567723,1.0727727282155233,-1.0000000000000178,0.5,stop_loss,1.9942538081774326,-0.8479108330268355,-0.09683709801240822,-0.09683709801240802,NEUTRAL,NEUTRAL,0.9636700352096575,False,63577.3639613325,-0.004336111601912232,NONE,0.0,62600.351624999996,0.5
2026-06-18 18:30:00+00:00,2026-06-18 18:30:00+00:00,2026-06-18 18:35:00+00:00,2026-06-18 18:35:00+00:00,direction,direction,score,reasons,62778.9,62700.426375,25.057322730336463,WIN,1,1.0,0.5772640170503054,0.23893378189168654,0.4999999999999919,0.5,take_profit,1.9942538081774326,-0.12737559118310388,-0.1366279746983204,-0.13662797469832075,NEUTRAL,NEUTRAL,1.1309390667706862,False,63557.07273721363,-0.0018419069952440412,NONE,0.0,62700.426375,0.5
2026-06-18 18:50:00+00:00,2026-06-18 18:50:00+00:00,2026-06-18 18:55:00+00:00,2026-06-18 19:30:00+00:00,direction,direction,score,reasons,62633.9,62790.48475,-50.23993207432599,LOSS,8,35.0,0.2356551324442607,1.2842885402313988,-1.0000000000000115,0.5,stop_loss,2.240493245484405,-0.27158791620958467,-0.6696829537389212,-0.6696829537389212,DOWN,NEUTRAL,0.5097814219348761,False,63541.15019248888,-0.0032417625922065508,NONE,0.0,62555.607625000004,0.5
2026-06-18 19:45:00+00:00,2026-06-18 19:45:00+00:00,2026-06-18 19:50:00+00:00,2026-06-18 20:00:00+00:00,direction,direction,score,reasons,62887.0,63044.2175,-49.988732413953414,LOSS,3,10.0,0.049612797557542325,2.0010495014867846,-0.9999999999999926,0.5,stop_loss,2.729290779256972,0.003199327684374852,-0.11578165097141764,-0.11578165097141685,NEUTRAL,NEUTRAL,0.9564753093674967,False,63524.056460661974,0.004636589713907323,NONE,0.0,62808.39125,0.5
2026-06-18 20:15:00+00:00,2026-06-18 20:15:00+00:00,2026-06-18 20:20:00+00:00,2026-06-18 20:20:00+00:00,direction,direction,score,reasons,63166.2,63087.242249999996,24.86939437594245,WIN,1,1.0,0.6212183097922531,0.6370495613160571,0.5000000000000088,0.5,take_profit,2.729290779256972,-0.6590593285195764,-0.1787197020146032,-0.17871970201460302,NEUTRAL,NEUTRAL,0.8082373565586652,False,63511.79968805077,0.007385642450748962,NONE,0.0,63087.242249999996,0.5
2026-06-18 20:35:00+00:00,2026-06-18 20:35:00+00:00,2026-06-18 20:40:00+00:00,2026-06-18 20:45:00+00:00,direction,direction,score,reasons,63102.7,63023.821625,24.931567861881945,WIN,2,5.0,0.569864680909021,0.30553367763981176,0.5000000000000016,0.5,take_profit,2.729290779256972,-0.7583953894974262,-0.47826855264145923,-0.47826855264146056,NEUTRAL,NEUTRAL,0.7418494641233385,False,63507.28654514669,0.005858435792244623,NONE,0.0,63023.821625,0.5
2026-06-18 21:00:00+00:00,2026-06-18 21:00:00+00:00,2026-06-18 21:05:00+00:00,2026-06-18 21:10:00+00:00,direction,direction,score,reasons,63065.4,62986.568250000004,24.9938967815358,WIN,2,5.0,1.1936814798606168,0.2112093160433178,0.49999999999998446,0.5,take_profit,2.729290779256972,-0.7603134690193938,-0.5885700790952817,-0.588570079095284,DOWN,NEUTRAL,0.371434322521279,False,63505.04297700353,0.004904510452247444,NONE,0.0,62986.568250000004,0.5
2026-06-18 21:25:00+00:00,2026-06-18 21:25:00+00:00,2026-06-18 21:30:00+00:00,2026-06-18 21:40:00+00:00,direction,direction,score,reasons,62931.0,62852.33625,25.05638152349032,WIN,3,10.0,0.6044715640939984,0.18750695205860385,0.49999999999999817,0.5,take_profit,2.729290779256972,-0.589674162424491,-0.2798978201072659,-0.27989782010726644,NEUTRAL,NEUTRAL,0.5244020430663997,False,63499.796156592376,0.0013720283726301025,NONE,0.0,62852.33625,0.5
2026-06-18 21:55:00+00:00,2026-06-18 21:55:00+00:00,2026-06-18 22:00:00+00:00,2026-06-18 22:15:00+00:00,direction,direction,score,reasons,62936.0,62857.33,25.11902247729858,WIN,4,15.0,1.2507944578619734,0.16588280157619514,0.49999999999998884,0.5,take_profit,2.729290779256972,-0.2364643062019098,1.1031311178434646,1.1031311178434704,UP,BUY,1.376751948716976,False,63495.46931205661,0.0007198377310277643,NONE,0.0,62857.33,0.5
2026-06-18 22:30:00+00:00,2026-06-18 22:30:00+00:00,2026-06-18 22:35:00+00:00,2026-06-18 23:00:00+00:00,direction,direction,score,reasons,62732.2,62889.03049999999,-50.36364006698361,LOSS,6,25.0,0.0006376310730281725,1.0922620281131725,-0.9999999999999769,0.5,stop_loss,2.729290779256972,0.4722078600525882,-0.7400909359733405,-0.7400909359733414,DOWN,NEUTRAL,0.4893634924769098,False,63486.71104001715,-0.0029030403708863632,NONE,0.0,62653.78475,0.5
2026-06-18 23:15:00+00:00,2026-06-18 23:15:00+00:00,2026-06-18 23:20:00+00:00,2026-06-18 23:55:00+00:00,direction,direction,score,reasons,62791.2,62948.178,-50.11182186665074,LOSS,8,35.0,0.15352469772833482,1.0746728840984365,-1.0000000000000178,0.5,stop_loss,2.729290779256972,-0.8409861637587625,0.4142633411617216,0.4142633411617246,NEUTRAL,NEUTRAL,1.5152317315287236,False,63480.77852899646,-0.002678347470823172,NONE,0.0,62712.710999999996,0.5
2026-06-19 00:10:00+00:00,2026-06-19 00:10:00+00:00,2026-06-19 00:15:00+00:00,2026-06-19 00:30:00+00:00,direction,direction,score,reasons,62838.6,62995.6965,-49.861262757316496,LOSS,4,15.0,0.1183985639399894,1.140063591486752,-0.9999999999999979,0.5,stop_loss,2.977327952965404,-1.1927636679301659,-0.17172656503993583,-0.1717265650399394,NEUTRAL,NEUTRAL,1.0590037611228327,False,62895.25254723653,-0.0014767606609051877,NONE,0.0,62760.05175,0.5
2026-06-19 00:45:00+00:00,2026-06-19 00:45:00+00:00,2026-06-19 00:50:00+00:00,2026-06-19 00:55:00+00:00,direction,direction,score,reasons,63038.8,62960.001500000006,24.80597822176411,WIN,2,5.0,0.6015342931654974,0.0006345298451020311,0.4999999999999819,0.5,take_profit,2.977327952965404,0.7814872426387115,0.311465234401953,0.3114652344019521,NEUTRAL,NEUTRAL,1.4798836008636067,False,62952.14919419082,0.0022549171084733015,NONE,0.0,62960.001500000006,0.5
2026-06-19 01:10:00+00:00,2026-06-19 01:10:00+00:00,2026-06-19 01:15:00+00:00,2026-06-19 01:30:00+00:00,direction,direction,score,reasons,62940.0,62861.325,24.86799316732034,WIN,4,15.0,0.7988560533841569,0.8452494439148396,0.5000000000000185,0.5,take_profit,2.977327952965404,1.5534773825140016,-0.524623637893304,-0.5246236378933096,DOWN,NEUTRAL,0.9647289430491103,False,62955.75582779822,0.0008564044526298092,NONE,0.0,62861.325,0.5
2026-06-19 01:45:00+00:00,2026-06-19 01:45:00+00:00,2026-06-19 01:50:00+00:00,2026-06-19 02:00:00+00:00,direction,direction,score,reasons,62902.2,63059.4555,-49.860326300475215,LOSS,3,10.0,0.00063590780607702,1.0250833834111008,-0.9999999999999956,0.5,stop_loss,2.9791501600247914,-0.7611058805018764,-0.33352168540938765,-0.3335216854093865,NEUTRAL,NEUTRAL,0.9034818336067758,False,62943.48281408712,0.0003052903045068378,NONE,0.0,62823.57225,0.5
2026-06-19 02:15:00+00:00,2026-06-19 02:15:00+00:00,2026-06-19 02:20:00+00:00,2026-06-19 02:45:00+00:00,direction,direction,score,reasons,62938.1,62859.427375,24.80551233448629,WIN,6,25.0,0.5078005214647501,0.4410682877303348,0.4999999999999953,0.5,take_profit,2.9791501600247914,-0.8127159408376078,-0.39889586354046797,-0.3988958635404718,NEUTRAL,NEUTRAL,0.7670063444626803,False,62955.240482430156,0.0006092702150521568,NONE,0.0,62859.427375,0.5
2026-06-19 03:00:00+00:00,2026-06-19 03:00:00+00:00,2026-06-19 03:05:00+00:00,2026-06-19 03:10:00+00:00,direction,direction,score,reasons,62944.4,62865.7195,24.86752611532344,WIN,2,5.0,1.6687743468839071,0.021606370066289963,0.500000000000014,0.5,take_profit,2.9791501600247914,-0.9853722618195081,0.24312713557201937,0.24312713557202406,NEUTRAL,NEUTRAL,1.0425714786879494,False,62952.46108014956,0.0002748090915714769,NONE,0.0,62865.7195,0.5
2026-06-19 03:25:00+00:00,2026-06-19 03:25:00+00:00,2026-06-19 03:30:00+00:00,2026-06-19 03:30:00+00:00,direction,direction,score,reasons,62809.7,62731.187874999996,24.929694930611404,WIN,1,1.0,0.6463969737158433,0.0,0.5000000000000071,0.5,take_profit,2.9791501600247914,-0.05639141972087847,0.11723394763867791,0.11723394763867889,NEUTRAL,NEUTRAL,0.8856088164912167,False,62741.84606284387,0.0009146651512478649,NONE,0.0,62731.187874999996,0.5
2026-06-19 03:45:00+00:00,2026-06-19 03:45:00+00:00,2026-06-19 03:50:00+00:00,2026-06-19 04:10:00+00:00,direction,direction,score,reasons,62638.1,62794.69525,-49.98403833587469,LOSS,5,20.0,0.33909074508964065,1.394678318786818,-0.9999999999999905,0.5,stop_loss,2.9791501600247914,-0.25696969598154223,0.3451395906394598,0.3451395906394602,NEUTRAL,NEUTRAL,1.525181509443598,False,62735.20482513535,-0.0016260517366641204,NONE,0.0,62559.802375,0.5
2026-06-19 04:25:00+00:00,2026-06-19 04:25:00+00:00,2026-06-19 04:30:00+00:00,2026-06-19 04:30:00+00:00,direction,direction,score,reasons,62697.1,62618.728624999996,24.86705907209867,WIN,1,1.0,1.34679275436981,0.056142947600465794,0.5000000000000155,0.5,take_profit,2.9791501600247914,-0.4299486903940939,0.11287299564397757,0.1128729956439765,NEUTRAL,NEUTRAL,0.6423031057735941,False,62733.945417270195,-0.0004305182324685301,NONE,0.0,62618.728624999996,0.5
2026-06-19 04:45:00+00:00,2026-06-19 04:45:00+00:00,2026-06-19 04:50:00+00:00,2026-06-19 04:50:00+00:00,direction,direction,score,reasons,62636.5,62558.204375,24.92922671977777,WIN,1,1.0,1.0696638541425527,0.09834521405251861,0.4999999999999925,0.5,take_profit,2.9791501600247914,-0.4819186312865119,0.2526469382388052,0.2526469382388042,NEUTRAL,NEUTRAL,1.375591310604553,False,62721.893759835766,-0.000966800217029919,NONE,0.0,62558.204375,0.5
2026-06-19 05:05:00+00:00,2026-06-19 05:05:00+00:00,2026-06-19 05:10:00+00:00,2026-06-19 05:15:00+00:00,direction,direction,score,reasons,62638.0,62559.7025,24.991549786577774,WIN,2,5.0,0.5619591940994285,0.0006385899932855124,0.5000000000000037,0.5,take_profit,2.9791501600247914,-0.5102180192891664,0.4239521563545662,0.42395215635456424,NEUTRAL,NEUTRAL,1.3753734560102264,False,62700.71116649728,-0.00048150199219614925,NONE,0.0,62559.7025,0.5
2026-06-19 05:30:00+00:00,2026-06-19 05:30:00+00:00,2026-06-19 05:35:00+00:00,2026-06-19 06:00:00+00:00,direction,direction,score,reasons,62567.3,62723.718250000005,-50.10805732208886,LOSS,6,25.0,0.09525742680282803,1.526036763612923,-1.0000000000000158,0.5,stop_loss,2.9791501600247914,-0.2848003258472634,-0.12655953859834201,-0.12655953859833768,NEUTRAL,NEUTRAL,0.8855745045468365,False,62694.70389424137,-0.0012958279507845672,NONE,0.0,62489.090875,0.5
2026-06-19 06:15:00+00:00,2026-06-19 06:15:00+00:00,2026-06-19 06:20:00+00:00,2026-06-19 07:15:00+00:00,direction,direction,score,reasons,62763.0,62684.54625,24.928758517738995,WIN,12,55.0,0.5296113952487838,0.8527317049854399,0.5000000000000037,0.5,take_profit,2.9791501600247914,-0.3579190000806517,-0.21881119603362653,-0.2188111960336223,NEUTRAL,NEUTRAL,1.0312597131566092,False,62696.06309697032,0.0020776299924609295,NONE,0.0,62684.54625,0.5
2026-06-19 07:30:00+00:00,2026-06-19 07:30:00+00:00,2026-06-19 07:35:00+00:00,2026-06-19 07:35:00+00:00,direction,direction,score,reasons,62634.0,62555.7075,24.991080414034183,WIN,1,1.0,1.0754542261391669,0.07727432384965702,0.5000000000000204,0.5,take_profit,2.9791501600247914,1.8215542682767816,-0.7152103772788048,-0.7152103772787963,DOWN,NEUTRAL,0.8524521611133414,False,62704.372245152175,-0.000473960966237802,NONE,0.0,62555.7075,0.5
2026-06-19 07:50:00+00:00,2026-06-19 07:50:00+00:00,2026-06-19 07:55:00+00:00,2026-06-19 08:10:00+00:00,direction,direction,score,reasons,62585.5,62507.268125,25.0535581150675,WIN,4,15.0,0.516413546268723,0.39434054213833614,0.4999999999999851,0.5,take_profit,2.9791501600247914,1.2705253208176879,2.052523608404066,2.052523608404056,UP,BUY,1.344548216845962,False,62688.754238003276,-0.0008660512790287727,NONE,0.0,62507.268125,0.5
2026-06-19 08:25:00+00:00,2026-06-19 08:25:00+00:00,2026-06-19 08:30:00+00:00,2026-06-19 08:40:00+00:00,direction,direction,score,reasons,62637.7,62559.402875,25.116192010355057,WIN,3,10.0,0.5600461064183205,0.7688660343531226,0.49999999999998296,0.5,take_profit,2.9791501600247914,-0.6436023816851053,-0.5924282015463898,-0.5924282015463894,DOWN,NEUTRAL,0.6560655385826208,False,62684.78060530864,0.0002458145948232255,NONE,0.0,62559.402875,0.5
2026-06-19 08:55:00+00:00,2026-06-19 08:55:00+00:00,2026-06-19 09:00:00+00:00,2026-06-19 09:05:00+00:00,direction,direction,score,reasons,62575.7,62497.480375,25.178982490381124,WIN,2,5.0,0.8393034356786782,0.30363224063014876,0.4999999999999866,0.5,take_profit,2.9791501600247914,-0.8103840884185778,-0.40159912727920033,-0.40159912727919767,NEUTRAL,NEUTRAL,0.4843867454948091,False,62682.66314622558,-0.0011285204731887417,NONE,0.0,62497.480375,0.5
2026-06-19 09:20:00+00:00,2026-06-19 09:20:00+00:00,2026-06-19 09:25:00+00:00,2026-06-19 09:25:00+00:00,direction,direction,score,reasons,62394.0,62316.0075,25.241929946607844,WIN,1,1.0,0.5045356925345199,0.14616790075970706,0.5000000000000018,0.5,take_profit,2.9791501600247914,0.5901995172515282,-0.8596868426957422,-0.8596868426957445,DOWN,NEUTRAL,0.6422856586442494,False,62660.954151174556,-0.003374264890565505,NONE,0.0,62316.0075,0.5
2026-06-19 09:40:00+00:00,2026-06-19 09:40:00+00:00,2026-06-19 09:45:00+00:00,2026-06-19 09:45:00+00:00,direction,direction,score,reasons,62390.0,62312.0125,25.305034771475217,WIN,1,1.0,0.5250841481006665,0.055137041192489473,0.5000000000000187,0.5,take_profit,2.9791501600247914,-0.4106154287622587,0.5065658312726756,0.5065658312726761,UP,NEUTRAL,1.1630721694304704,False,62652.66477795376,-0.003186789237268627,NONE,0.0,62312.0125,0.5
2026-06-19 10:00:00+00:00,2026-06-19 10:00:00+00:00,2026-06-19 10:05:00+00:00,2026-06-19 10:50:00+00:00,direction,direction,score,reasons,62386.0,62541.965,-50.736594716804774,LOSS,10,45.0,0.176962780110913,1.0245888500625326,-0.9999999999999775,0.5,stop_loss,2.9791501600247914,-0.47905255667900426,0.26381236723556584,0.2638123672355686,NEUTRAL,NEUTRAL,0.9319054011906216,False,62641.909068836336,-0.0027388162069737817,NONE,0.0,62308.0175,0.5
2026-06-19 11:05:00+00:00,2026-06-19 11:05:00+00:00,2026-06-19 11:10:00+00:00,2026-06-19 11:20:00+00:00,direction,direction,score,reasons,62462.3,62618.45575,-50.48291174322126,LOSS,3,10.0,0.24334678678178676,1.293580287629498,-0.9999999999999876,0.5,stop_loss,2.9791501600247914,-0.7439653519369683,-1.1940282596692502,-1.194028259669246,DOWN,SELL,0.6513094930386247,False,62628.470788164486,-0.0006357257547425151,NONE,0.0,62384.222125,0.5
2026-06-19 11:35:00+00:00,2026-06-19 11:35:00+00:00,2026-06-19 11:40:00+00:00,2026-06-19 12:15:00+00:00,direction,direction,score,reasons,62616.8,62538.529,25.115248592253096,WIN,8,35.0,1.0118690191769715,0.28682398333989717,0.5000000000000041,0.5,take_profit,2.9791501600247914,-0.6319097841460286,0.13761559908667026,0.1376155990866672,NEUTRAL,NEUTRAL,1.757351558933319,False,62626.492390168765,0.0020135209755302833,NONE,0.0,62538.529,0.5
2026-06-19 12:30:00+00:00,2026-06-19 12:30:00+00:00,2026-06-19 12:35:00+00:00,2026-06-19 12:45:00+00:00,direction,direction,score,reasons,62432.2,62354.15975,25.17803671373294,WIN,3,10.0,0.7496131803780741,0.927726397596131,0.49999999999998845,0.5,take_profit,2.9791501600247914,0.6336790411269514,-0.9940025085614372,-0.9940025085614327,DOWN,NEUTRAL,0.7678116511314936,False,62623.803705252285,-0.0007957993554094617,NONE,0.0,62354.15975,0.5
2026-06-19 13:00:00+00:00,2026-06-19 13:00:00+00:00,2026-06-19 13:05:00+00:00,2026-06-19 13:10:00+00:00,direction,direction,score,reasons,62846.4,62767.842000000004,25.240981805516974,WIN,2,5.0,0.5982840703683902,0.817867053641895,0.49999999999998257,0.5,take_profit,2.9791501600247914,1.6490709231110263,2.0677856917501667,2.067785691750166,UP,BUY,1.5516105552517625,False,62626.10847008352,0.005249026610817182,NONE,0.0,62767.842000000004,0.5
2026-06-19 13:25:00+00:00,2026-06-19 13:25:00+00:00,2026-06-19 13:30:00+00:00,2026-06-19 13:35:00+00:00,direction,direction,score,reasons,62758.9,62915.79725,-50.60816852006388,LOSS,2,5.0,0.2957349475532646,1.1141049317307705,-1.0000000000000115,0.5,stop_loss,2.9791501600247914,-0.5714076461901121,0.44241082591372594,0.44241082591372527,NEUTRAL,NEUTRAL,2.2096955613512477,False,62634.22872054783,0.002809826907344485,NONE,0.0,62680.451375000004,0.5
2026-06-19 13:50:00+00:00,2026-06-19 13:50:00+00:00,2026-06-19 13:55:00+00:00,2026-06-19 14:05:00+00:00,direction,direction,score,reasons,63189.8,63110.812750000005,25.177563838730947,WIN,3,10.0,1.036243191147966,0.2721958290736796,0.4999999999999893,0.5,take_profit,2.9791501600247914,0.17554597334142305,-0.8535237168187763,-0.8535237168187763,DOWN,NEUTRAL,0.7228147903400216,True,62694.759335302886,0.006597010768718648,NONE,0.0,63110.812750000005,0.5
2026-06-19 14:20:00+00:00,2026-06-19 14:20:00+00:00,2026-06-19 14:25:00+00:00,2026-06-19 14:25:00+00:00,direction,direction,score,reasons,63060.3,63217.95075,-50.48101549665685,LOSS,1,1.0,0.0006343135063158326,1.31112601747849,-1.0000000000000044,0.5,stop_loss,2.9791501600247914,-0.6618631458289418,-0.42953210674733266,-0.4295321067473325,NEUTRAL,NEUTRAL,0.8271440243356398,False,62715.36466444568,0.0034109697647554484,NONE,0.0,62981.474625,0.5
2026-06-19 14:40:00+00:00,2026-06-19 14:40:00+00:00,2026-06-19 14:45:00+00:00,2026-06-19 14:55:00+00:00,direction,direction,score,reasons,63280.1,63200.999875,25.114305209585787,WIN,3,10.0,0.7471543186562416,0.3761056003388111,0.4999999999999823,0.5,take_profit,2.9791501600247914,-0.5769886024856641,-0.3537406860575279,-0.35374068605752823,NEUTRAL,NEUTRAL,0.8994717887154862,False,62737.4772596483,0.006035655401692097,NONE,0.0,63200.999875,0.5
2026-06-19 15:10:00+00:00,2026-06-19 15:10:00+00:00,2026-06-19 15:15:00+00:00,2026-06-19 15:15:00+00:00,direction,direction,score,reasons,63158.6,63079.65175,25.177090972611044,WIN,1,1.0,0.6548593540705554,0.189997878357025,0.5000000000000081,0.5,take_profit,2.9791501600247914,-0.7670263373866049,-0.25498254512601354,-0.25498254512601337,NEUTRAL,NEUTRAL,1.0191552261774595,False,62751.06728668178,0.003387005225536809,NONE,0.0,63079.65175,0.5
2026-06-19 15:30:00+00:00,2026-06-19 15:30:00+00:00,2026-06-19 15:35:00+00:00,2026-06-19 15:35:00+00:00,direction,direction,score,reasons,63180.5,63101.524375,25.240033700041884,WIN,1,1.0,0.7166768227538375,0.0,0.49999999999999445,0.5,take_profit,2.9791501600247914,-0.7008774780282476,0.6713327235228357,0.6713327235228354,UP,NEUTRAL,1.7910512112163264,False,62757.287379939495,0.003374322731263466,NONE,0.0,63101.524375,0.5
2026-06-19 15:50:00+00:00,2026-06-19 15:50:00+00:00,2026-06-19 15:55:00+00:00,2026-06-19 16:00:00+00:00,direction,direction,score,reasons,63210.7,63131.686624999995,25.303133784292996,WIN,2,5.0,0.5334539880114958,0.2550201152653137,0.5000000000000144,0.5,take_profit,2.9791501600247914,-0.7154737135490254,0.27141722018177494,0.27141722018177433,NEUTRAL,NEUTRAL,1.451116693623318,False,62764.50944747891,0.0035742751749637154,NONE,0.0,63131.686624999995,0.5
2026-06-19 16:15:00+00:00,2026-06-19 16:15:00+00:00,2026-06-19 16:20:00+00:00,2026-06-19 16:45:00+00:00,direction,direction,score,reasons,63241.8,63162.74775,25.366391618753205,WIN,6,25.0,0.609090822841873,0.7925138120673076,0.5000000000000041,0.5,take_profit,2.9791501600247914,0.997584241196639,-0.9523463735998576,-0.952346373599857,DOWN,NEUTRAL,0.5817668397568408,False,62780.3350212859,0.0035141815442669023,NONE,0.0,63162.74775,0.5
2026-06-19 17:00:00+00:00,2026-06-19 17:00:00+00:00,2026-06-19 17:05:00+00:00,2026-06-19 17:15:00+00:00,direction,direction,score,reasons,62892.3,63049.530750000005,-50.859615195600554,LOSS,3,10.0,0.20543055350179854,1.314628340830258,-1.0000000000000155,0.5,stop_loss,2.9791501600247914,0.7427050199277779,-1.347414126369765,-1.347414126369764,DOWN,SELL,0.47102061398026956,False,62795.56565258811,-0.0035905333604454993,NONE,0.0,62813.684625,0.5
2026-06-19 17:30:00+00:00,2026-06-19 17:30:00+00:00,2026-06-19 17:35:00+00:00,2026-06-19 17:45:00+00:00,direction,direction,score,reasons,63041.6,63199.204,-50.605317119621546,LOSS,3,10.0,0.4276541204538048,1.0875358493439344,-0.9999999999999959,0.5,stop_loss,2.9791501600247914,-0.7295302789725546,0.5044889007198919,0.5044889007198914,UP,NEUTRAL,1.8516034220332755,False,62799.70297891337,-0.0016674616600966723,NONE,0.0,62962.797999999995,0.5
2026-06-19 18:00:00+00:00,2026-06-19 18:00:00+00:00,2026-06-19 18:05:00+00:00,2026-06-19 18:30:00+00:00,direction,direction,score,reasons,63120.0,63041.1,25.176145267012288,WIN,6,25.0,0.532319391634981,0.1128010139417168,0.5000000000000092,0.5,take_profit,2.9791501600247914,-0.5907876494158871,-0.7361468779150921,-0.7361468779150927,DOWN,NEUTRAL,0.3804901261004045,False,62806.74406579966,-0.00026695780061369623,NONE,0.0,63041.1,0.5
2026-06-19 18:45:00+00:00,2026-06-19 18:45:00+00:00,2026-06-19 18:50:00+00:00,2026-06-19 19:25:00+00:00,direction,direction,score,reasons,63041.6,62962.797999999995,25.23908563018042,WIN,8,35.0,0.8515012309332065,0.4657242201974661,0.5000000000000211,0.5,take_profit,2.9791501600247914,-1.0300985215168565,0.07236359860834013,0.0723635986083411,NEUTRAL,NEUTRAL,1.2076290930656162,False,62811.07984077352,-0.001157022704469553,NONE,0.0,62962.797999999995,0.5
2026-06-19 19:40:00+00:00,2026-06-19 19:40:00+00:00,2026-06-19 19:45:00+00:00,2026-06-19 20:45:00+00:00,direction,direction,score,reasons,62973.8,63131.234500000006,-50.604366688510595,LOSS,13,60.0,0.3023479605804688,1.3910546925864407,-1.000000000000019,0.5,stop_loss,2.9791501600247914,-1.0609669334709078,0.37717970013872776,0.3771797001387286,NEUTRAL,NEUTRAL,1.8036380597014925,False,62813.76853546449,-0.0020093196098321356,NONE,0.0,62895.08275,0.5
2026-06-19 21:00:00+00:00,2026-06-19 21:00:00+00:00,2026-06-19 21:05:00+00:00,2026-06-19 21:40:00+00:00,direction,direction,score,reasons,63144.5,63065.569375,25.175672427533808,WIN,8,35.0,0.5333797876299414,0.6911132402663639,0.5000000000000056,0.5,take_profit,2.9791501600247914,2.0753946478773146,-1.5909452584942174,-1.5909452584942185,DOWN,SELL,0.6059602649006622,False,62820.440428376765,0.0014980277254623801,NONE,0.0,63065.569375,0.5
2026-06-19 21:55:00+00:00,2026-06-19 21:55:00+00:00,2026-06-19 22:00:00+00:00,2026-06-19 22:20:00+00:00,direction,direction,score,reasons,63048.0,63205.62,-50.47722321720558,LOSS,5,20.0,0.2087298566171898,1.3608679101636847,-1.0000000000000167,0.5,stop_loss,2.9791501600247914,-0.6480261267073965,0.37335684486837173,0.3733568448683719,NEUTRAL,NEUTRAL,2.113763545204593,False,62825.3244583767,-0.0004788238477910831,NONE,0.0,62969.19,0.5
2026-06-19 22:35:00+00:00,2026-06-19 22:35:00+00:00,2026-06-19 22:40:00+00:00,2026-06-19 23:55:00+00:00,direction,direction,score,reasons,63247.3,63405.41825,-50.22483710111855,LOSS,16,75.0,0.13787149807187285,2.5152061827145005,-0.9999999999999969,0.5,stop_loss,2.9791501600247914,0.21716935052436703,-1.1081643128114904,-1.108164312811491,DOWN,SELL,0.40000657397363837,False,62831.172296883706,0.0023326815746605987,NONE,0.0,63168.240875,0.5
2026-06-20 00:10:00+00:00,2026-06-20 00:10:00+00:00,2026-06-20 00:15:00+00:00,2026-06-20 00:30:00+00:00,direction,direction,score,reasons,63493.9,63652.634750000005,-49.97371291561413,LOSS,4,15.0,0.3332603604440833,1.6133833328870868,-1.0000000000000204,0.5,stop_loss,2.9791501600247914,-0.04075936559317808,-0.45495710345000395,-0.454957103450004,NEUTRAL,NEUTRAL,0.6945336453854387,False,63498.802319301874,0.0028773784045557182,NONE,0.0,63414.532625,0.5
2026-06-20 00:45:00+00:00,2026-06-20 00:45:00+00:00,2026-06-20 00:50:00+00:00,2026-06-20 00:50:00+00:00,direction,direction,score,reasons,63565.0,63485.54375,24.861922175518433,WIN,1,1.0,0.5323684417525276,0.08684024227170871,0.5000000000000183,0.5,take_profit,2.9791501600247914,-0.29611083704085717,-0.19232677261554595,-0.19232677261554607,NEUTRAL,NEUTRAL,1.41124005812175,False,63579.47022630258,0.002692772288829683,NONE,0.0,63485.54375,0.5
2026-06-20 01:05:00+00:00,2026-06-20 01:05:00+00:00,2026-06-20 01:10:00+00:00,2026-06-20 01:30:00+00:00,direction,direction,score,reasons,63415.9,63574.439750000005,-49.84815396191375,LOSS,5,20.0,0.2989786473108571,1.0987780666993425,-1.0000000000000224,0.5,stop_loss,3.002835737708073,-0.2468045178431566,-0.46186841012118207,-0.46186841012118235,NEUTRAL,NEUTRAL,0.7045693146028096,False,63563.745453308584,1.0148561546576005e-05,NONE,0.0,63336.630125,0.5
2026-06-20 01:45:00+00:00,2026-06-20 01:45:00+00:00,2026-06-20 01:50:00+00:00,2026-06-20 02:05:00+00:00,direction,direction,score,reasons,63550.9,63471.461375,24.799456596052313,WIN,4,15.0,0.5822104801033502,0.0497239220845115,0.5000000000000158,0.5,take_profit,3.002835737708073,-0.7888939529677824,-0.5427659385013618,-0.5427659385013636,DOWN,NEUTRAL,0.46320170024307367,False,63548.4195736088,0.0016566656802306924,NONE,0.0,63471.461375,0.5
2026-06-20 02:20:00+00:00,2026-06-20 02:20:00+00:00,2026-06-20 02:25:00+00:00,2026-06-20 03:00:00+00:00,direction,direction,score,reasons,63371.8,63292.585250000004,24.861455237541403,WIN,8,35.0,0.557345696350761,0.6173092763658007,0.4999999999999948,0.5,take_profit,3.002835737708073,-0.6037563339728258,0.03668038965385164,0.03668038965385357,NEUTRAL,NEUTRAL,0.8522448867233738,False,63538.63019616209,-0.0016012605383319378,NONE,0.0,63292.585250000004,0.5
2026-06-20 03:15:00+00:00,2026-06-20 03:15:00+00:00,2026-06-20 03:20:00+00:00,2026-06-20 04:25:00+00:00,direction,direction,score,reasons,63369.6,63528.024,-49.84721775127074,LOSS,14,65.0,0.09846992879865768,1.1197798313386953,-0.999999999999994,0.5,stop_loss,3.004657465699354,-0.23370741578375417,1.4316640502340137,1.431664050234018,UP,BUY,2.247637199614878,False,63497.48861607894,-0.0017858467830798703,NONE,0.0,63290.388,0.5
2026-06-20 04:40:00+00:00,2026-06-20 04:40:00+00:00,2026-06-20 04:45:00+00:00,2026-06-20 05:10:00+00:00,direction,direction,score,reasons,63578.2,63737.1455,-49.59798166251519,LOSS,6,25.0,0.4347402096945088,1.9868445473448628,-1.0000000000000102,0.5,stop_loss,3.4896341783708595,3.0402090086922366,2.6479608878649903,2.6479608878650107,UP,BUY,2.661497942386831,False,63491.774026287145,0.0020430739677001026,NONE,0.0,63498.727249999996,0.5
2026-06-20 05:25:00+00:00,2026-06-20 05:25:00+00:00,2026-06-20 05:30:00+00:00,2026-06-20 07:30:00+00:00,direction,direction,score,reasons,63604.5,63763.51125,-49.3499917542031,LOSS,25,120.0,0.3182164783938152,1.0672200866290724,-1.0000000000000202,0.5,stop_loss,3.972186007479015,-0.02116017434400284,-0.8900949543196872,-0.890094954319688,DOWN,NEUTRAL,0.4709723921020444,False,63549.78001398787,0.0008563339969860372,NONE,0.0,63524.994375,0.5
2026-06-20 07:45:00+00:00,2026-06-20 07:45:00+00:00,2026-06-20 07:50:00+00:00,2026-06-20 07:55:00+00:00,direction,direction,score,reasons,63699.4,63619.77575,24.55162089771578,WIN,2,5.0,0.5362687874611155,0.12684577876712866,0.5000000000000047,0.5,take_profit,3.972186007479015,1.9407224024811098,0.44996187263472276,0.4499618726347231,NEUTRAL,NEUTRAL,1.1218978765727854,False,63579.32275564363,0.0006072020382504576,NONE,0.0,63619.77575,0.5
2026-06-20 08:10:00+00:00,2026-06-20 08:10:00+00:00,2026-06-20 08:15:00+00:00,2026-06-20 08:25:00+00:00,direction,direction,score,reasons,63523.4,63443.99575,24.612999949959708,WIN,3,10.0,0.5440514833903818,0.19079583271673514,0.4999999999999974,0.5,take_profit,3.972186007479015,-0.29013920260777787,0.16713016618447388,0.16713016618447446,NEUTRAL,NEUTRAL,0.8102879280658122,False,63579.8235278157,-0.0020683071665866617,NONE,0.0,63443.99575,0.5
2026-06-20 08:40:00+00:00,2026-06-20 08:40:00+00:00,2026-06-20 08:45:00+00:00,2026-06-20 09:30:00+00:00,direction,direction,score,reasons,63422.8,63581.357,-49.34906489966968,LOSS,10,45.0,0.39607207502666486,1.041896605006383,-1.0000000000000042,0.5,stop_loss,3.9739895298605834,-0.4866485499500494,-0.08679626495710795,-0.08679626495710839,NEUTRAL,NEUTRAL,0.5310548305121248,False,63572.86004651476,-0.0034657847927077783,NONE,0.0,63343.5215,0.5
2026-06-20 09:45:00+00:00,2026-06-20 09:45:00+00:00,2026-06-20 09:50:00+00:00,2026-06-20 12:50:00+00:00,direction,direction,score,reasons,63624.4,63544.8695,24.551159787585792,WIN,37,180.0,0.7990645098421268,0.915372089952902,0.5000000000000048,0.5,take_profit,3.9739895298605834,-0.6011672198467027,0.34397749108911074,0.34397749108911096,NEUTRAL,NEUTRAL,1.0467186684018999,False,63564.897800680905,0.0007064491633830708,NONE,0.0,63544.8695,0.5
2026-06-20 13:05:00+00:00,2026-06-20 13:05:00+00:00,2026-06-20 13:10:00+00:00,2026-06-20 13:20:00+00:00,direction,direction,score,reasons,63590.9,63511.411375,24.612537687053948,WIN,3,10.0,2.0373984327946384,0.0685632692728139,0.4999999999999883,0.5,take_profit,3.9739895298605834,-0.36479264514662557,-0.9269149273477888,-0.926914927347791,DOWN,NEUTRAL,0.2995506417095012,False,63581.1380999024,-0.0006935869378812521,NONE,0.0,63511.411375,0.5
2026-06-20 13:35:00+00:00,2026-06-20 13:35:00+00:00,2026-06-20 13:40:00+00:00,2026-06-20 13:55:00+00:00,direction,direction,score,reasons,63418.4,63339.127,24.67406903127248,WIN,4,15.0,0.5298146910045034,0.31221222862765374,0.5000000000000064,0.5,take_profit,3.9739895298605834,0.07114625573964077,1.1447359760306437,1.144735976030644,UP,BUY,2.0980518972857336,False,63558.77254727478,-0.0020235391507187057,NONE,0.0,63339.127,0.5
2026-06-20 14:10:00+00:00,2026-06-20 14:10:00+00:00,2026-06-20 14:15:00+00:00,2026-06-20 14:20:00+00:00,direction,direction,score,reasons,63185.2,63343.163,-49.47150840770174,LOSS,2,5.0,0.0,1.0236574387673338,-1.0000000000000215,0.5,stop_loss,3.9739895298605834,1.8051997314625936,-0.6098040843391976,-0.6098040843391979,DOWN,NEUTRAL,0.7362351906151171,False,63536.28605618561,-0.0042826250647973255,NONE,0.0,63106.218499999995,0.5
2026-06-20 14:35:00+00:00,2026-06-20 14:35:00+00:00,2026-06-20 14:40:00+00:00,2026-06-20 14:45:00+00:00,direction,direction,score,reasons,63379.0,63537.4475,-49.2241508656628,LOSS,2,5.0,0.31997980403601883,4.865965067293583,-1.0000000000000129,0.5,stop_loss,4.217053838411081,-0.5831922775050459,0.0428223374975161,0.04282233749751598,NEUTRAL,NEUTRAL,0.6197211794922455,False,63529.68626828431,-0.0008625966976005125,NONE,0.0,63299.77625,0.5
2026-06-20 15:00:00+00:00,2026-06-20 15:00:00+00:00,2026-06-20 15:05:00+00:00,2026-06-20 15:05:00+00:00,direction,direction,score,reasons,63996.3,63916.304625000004,24.4890150556665,WIN,1,1.0,0.9144278653609843,0.0006250361348924535,0.4999999999999912,0.5,take_profit,4.217053838411081,0.1342323885957157,-0.011767244822044531,-0.011767244822044921,NEUTRAL,NEUTRAL,1.1609454236917993,False,63587.92427316395,0.006079976609575077,NONE,0.0,63916.304625000004,0.5
2026-06-20 15:20:00+00:00,2026-06-20 15:20:00+00:00,2026-06-20 15:25:00+00:00,2026-06-20 15:30:00+00:00,direction,direction,score,reasons,64194.7,64114.456625,24.550237593305543,WIN,2,5.0,0.7950812138696718,0.0006231043996206588,0.49999999999998873,0.5,take_profit,4.217053838411081,0.7848994464410807,-0.9385063594864529,-0.9385063594864529,DOWN,NEUTRAL,0.7056997583273612,True,63644.06987248846,0.007388592692389678,NONE,0.0,64114.456625,0.5
2026-06-20 15:45:00+00:00,2026-06-20 15:45:00+00:00,2026-06-20 15:50:00+00:00,2026-06-20 16:00:00+00:00,direction,direction,score,reasons,64120.9,64040.748875000005,24.611613187288334,WIN,3,10.0,0.9007983356440814,0.18153207456538223,0.4999999999999793,0.5,take_profit,4.217053838411081,-0.554150427682779,-0.2930154405578154,-0.29301544055781564,NEUTRAL,NEUTRAL,0.9747739629329247,False,63661.35675857973,0.005749178011581252,NONE,0.0,64040.748875000005,0.5
2026-06-20 16:15:00+00:00,2026-06-20 16:15:00+00:00,2026-06-20 16:20:00+00:00,2026-06-20 16:30:00+00:00,direction,direction,score,reasons,63995.2,63915.206,24.673142220257194,WIN,3,10.0,0.75130634797608,0.5112883466260152,0.4999999999999924,0.5,take_profit,4.217053838411081,-0.36972208073430435,0.4685502171978135,0.46855021719781326,NEUTRAL,NEUTRAL,6.214898969023466,False,63674.360383382824,0.0034271258452120306,NONE,0.0,63915.206,0.5
2026-06-20 16:45:00+00:00,2026-06-20 16:45:00+00:00,2026-06-20 16:50:00+00:00,2026-06-20 17:05:00+00:00,direction,direction,score,reasons,63993.5,63913.508125,24.734825075808125,WIN,4,15.0,0.8632126700367915,0.16314156906559912,0.4999999999999981,0.5,take_profit,4.217053838411081,-0.5976015797222427,-0.2218115573537742,-0.2218115573537748,NEUTRAL,NEUTRAL,0.8254099642229763,False,63682.187955385714,0.0031602842348409125,NONE,0.0,63913.508125,0.5
2026-06-20 17:20:00+00:00,2026-06-20 17:20:00+00:00,2026-06-20 17:25:00+00:00,2026-06-20 17:35:00+00:00,direction,direction,score,reasons,63882.5,63802.646875,24.796662138498185,WIN,3,10.0,1.3812859546824157,0.8296481822095252,0.500000000000009,0.5,take_profit,4.217053838411081,-0.9193377870079358,-0.281794788049607,-0.28179478804960756,NEUTRAL,NEUTRAL,0.7181762974727893,False,63686.95091102085,0.0008677932819177278,NONE,0.0,63802.646875,0.5
2026-06-20 17:50:00+00:00,2026-06-20 17:50:00+00:00,2026-06-20 17:55:00+00:00,2026-06-20 21:10:00+00:00,direction,direction,score,reasons,63807.6,63967.119,-49.71730758768804,LOSS,40,195.0,0.35920485960917276,1.3935644029864962,-1.0000000000000013,0.5,stop_loss,4.217053838411081,-0.5344248542248834,-0.005997093363155956,-0.005997093363155491,NEUTRAL,NEUTRAL,0.6664109637541121,False,63693.320734926885,-0.0010324681340551157,NONE,0.0,63727.8405,0.5
2026-06-20 21:25:00+00:00,2026-06-20 21:25:00+00:00,2026-06-20 21:30:00+00:00,2026-06-20 21:50:00+00:00,direction,direction,score,reasons,63902.9,64062.657250000004,-49.46872104975027,LOSS,5,20.0,0.10202979833467908,1.0246796311278337,-1.0000000000000149,0.5,stop_loss,4.217053838411081,0.13705824507190856,0.2261558733833039,0.22615587338330875,NEUTRAL,NEUTRAL,1.3847604118120578,False,63703.961458336176,0.000790894360701455,NONE,0.0,63823.021375000004,0.5
2026-06-20 22:05:00+00:00,2026-06-20 22:05:00+00:00,2026-06-20 22:10:00+00:00,2026-06-20 22:20:00+00:00,direction,direction,score,reasons,64005.1,64165.11275,-49.221377444501286,LOSS,3,10.0,0.1906098107807034,1.211778436405858,-1.0000000000000104,0.5,stop_loss,4.222450507426456,-0.3295674523957627,0.23757194649534788,0.23757194649535585,NEUTRAL,NEUTRAL,1.9581161116430827,False,63706.97092576114,0.001798542910051508,NONE,0.0,63925.093625,0.5
2026-06-20 22:35:00+00:00,2026-06-20 22:35:00+00:00,2026-06-20 22:40:00+00:00,2026-06-21 03:20:00+00:00,direction,direction,score,reasons,64231.4,64391.978500000005,-48.97527055727926,LOSS,57,280.0,0.20177047363128595,1.3613279486357048,-1.0000000000000202,0.5,stop_loss,4.701338254889332,-0.04385402602821272,-1.2355237204779612,-1.2355237204779725,DOWN,SELL,0.5588877200144452,False,63718.40508496235,0.003833740350905819,NONE,0.0,64151.11075,0.5
2026-06-21 03:35:00+00:00,2026-06-21 03:35:00+00:00,2026-06-21 03:40:00+00:00,2026-06-21 04:25:00+00:00,direction,direction,score,reasons,64386.0,64546.965,-48.73039420449082,LOSS,10,45.0,0.23359115335631064,1.096511664026341,-0.9999999999999782,0.5,stop_loss,5.177831563614877,0.5831546291547868,0.1960833030154833,0.19608330301548257,NEUTRAL,NEUTRAL,1.2964692729371032,False,64263.60026776359,0.0018899717202588186,NONE,0.0,64305.5175,0.5
2026-06-21 04:40:00+00:00,2026-06-21 04:40:00+00:00,2026-06-21 04:45:00+00:00,2026-06-21 04:50:00+00:00,direction,direction,score,reasons,64456.1,64375.529875,24.243371116734217,WIN,2,5.0,1.092836830028491,0.0006205774162479256,0.49999999999998984,0.5,take_profit,5.177831563614877,-0.5459226721244401,-0.49782918751536587,-0.49782918751536676,NEUTRAL,NEUTRAL,0.6996630290289672,False,64318.47914930896,0.0019406039781999704,NONE,0.0,64375.529875,0.5
2026-06-21 05:05:00+00:00,2026-06-21 05:05:00+00:00,2026-06-21 05:10:00+00:00,2026-06-21 07:25:00+00:00,direction,direction,score,reasons,64237.9,64157.602625,24.303979544527127,WIN,28,135.0,0.5896830375837588,0.6338936982684404,0.5000000000000119,0.5,take_profit,5.177831563614877,-0.04637980474590994,-0.46243563285182543,-0.4624356328518266,NEUTRAL,NEUTRAL,0.7201668937902724,False,64316.29821136422,-0.0014391178981727837,NONE,0.0,64157.602625,0.5
2026-06-21 07:40:00+00:00,2026-06-21 07:40:00+00:00,2026-06-21 07:45:00+00:00,2026-06-21 08:05:00+00:00,direction,direction,score,reasons,64222.7,64142.421624999995,24.36473949338838,WIN,5,20.0,0.8370871981401852,0.06602027009145253,0.5000000000000105,0.5,take_profit,5.177831563614877,0.07060918504467434,0.45790902188305316,0.4579090218830533,NEUTRAL,NEUTRAL,1.972946292788346,False,64285.435933850415,-0.0011897577036818615,NONE,0.0,64142.421624999995,0.5
2026-06-21 08:20:00+00:00,2026-06-21 08:20:00+00:00,2026-06-21 08:25:00+00:00,2026-06-21 08:30:00+00:00,direction,direction,score,reasons,64044.9,63964.843875,24.425651342122187,WIN,2,5.0,0.743853140531087,0.19861066220726792,0.5000000000000174,0.5,take_profit,5.177831563614877,-0.00852166022001901,-0.04908699250616083,-0.04908699250616091,NEUTRAL,NEUTRAL,0.4058861235470178,False,64267.55356102679,-0.003160051543335081,NONE,0.0,63964.843875,0.5
2026-06-21 08:45:00+00:00,2026-06-21 08:45:00+00:00,2026-06-21 08:50:00+00:00,2026-06-21 09:30:00+00:00,direction,direction,score,reasons,63925.0,64084.8125,-48.973430940953286,LOSS,9,40.0,0.13891278842391608,1.0099335158388827,-1.0,0.5,stop_loss,5.177831563614877,-0.15184320265132778,0.4532547555418152,0.4532547555418153,NEUTRAL,NEUTRAL,1.1192222892989319,False,64241.35205154024,-0.0036728030975648053,NONE,0.0,63845.09375,0.5
2026-06-21 09:45:00+00:00,2026-06-21 09:45:00+00:00,2026-06-21 09:50:00+00:00,2026-06-21 10:20:00+00:00,direction,direction,score,reasons,64113.4,64273.6835,-48.728563786247825,LOSS,7,30.0,0.0,1.5653513930005363,-0.9999999999999859,0.5,stop_loss,5.181393287869617,-0.6488686242694764,-0.5452902241651271,-0.5452902241651282,DOWN,NEUTRAL,0.7028804990282573,False,64215.38839577986,0.0002587095588332182,NONE,0.0,64033.25825,0.5
2026-06-21 10:35:00+00:00,2026-06-21 10:35:00+00:00,2026-06-21 10:40:00+00:00,2026-06-21 11:15:00+00:00,direction,direction,score,reasons,64322.4,64241.997,24.242460483658167,WIN,8,35.0,1.5241968583261727,0.814024352325171,0.49999999999999023,0.5,take_profit,5.181393287869617,-1.2834249041607038,-0.5965611514112286,-0.5965611514112311,DOWN,NEUTRAL,1.3061126373626373,False,64218.30011841754,0.0032501527548913227,NONE,0.0,64241.997,0.5
2026-06-21 11:30:00+00:00,2026-06-21 11:30:00+00:00,2026-06-21 11:35:00+00:00,2026-06-21 11:50:00+00:00,direction,direction,score,reasons,64233.7,64153.407875,24.303066634867765,WIN,4,15.0,0.9571299800571793,0.20300870104014448,0.4999999999999996,0.5,take_profit,5.181393287869617,0.04297864194055136,-0.7180797249913429,-0.7180797249913454,DOWN,NEUTRAL,0.8219976451227218,False,64230.21997344619,0.001157320796778359,NONE,0.0,64153.407875,0.5
2026-06-21 12:05:00+00:00,2026-06-21 12:05:00+00:00,2026-06-21 12:10:00+00:00,2026-06-21 12:10:00+00:00,direction,direction,score,reasons,64168.8,64088.589,24.363824301455853,WIN,1,1.0,0.8926456471057858,0.0,0.5000000000000185,0.5,take_profit,5.181393287869617,-0.6255715181595746,0.7015041239388594,0.7015041239388636,UP,NEUTRAL,2.0586033260451866,False,64227.79033652136,0.00011074074637303144,NONE,0.0,64088.589,0.5
2026-06-21 12:25:00+00:00,2026-06-21 12:25:00+00:00,2026-06-21 12:30:00+00:00,2026-06-21 12:50:00+00:00,direction,direction,score,reasons,63985.9,64145.86475,-48.84946772441693,LOSS,5,20.0,0.43697127023298227,1.0758620258525615,-0.9999999999999949,0.5,stop_loss,5.181393287869617,-0.24049664089247055,1.019362273433974,1.0193622734339776,UP,BUY,1.5971253974272963,False,64218.63028501264,-0.002603910115303234,NONE,0.0,63905.917625,0.5
2026-06-21 13:05:00+00:00,2026-06-21 13:05:00+00:00,2026-06-21 13:10:00+00:00,2026-06-21 13:30:00+00:00,direction,direction,score,reasons,64129.6,64049.438,24.302610192896527,WIN,5,20.0,0.9256256081435184,0.17527007809185488,0.49999999999997885,0.5,take_profit,5.181393287869617,-1.2258347040670197,0.7262676512494061,0.7262676512494093,UP,NEUTRAL,2.3070098576122673,False,64208.67394978669,-0.000731850399041715,NONE,0.0,64049.438,0.5
2026-06-21 13:45:00+00:00,2026-06-21 13:45:00+00:00,2026-06-21 13:50:00+00:00,2026-06-21 15:00:00+00:00,direction,direction,score,reasons,64022.5,64182.55625,-48.72673343676003,LOSS,15,70.0,0.32988402514742726,1.3726424303955458,-1.000000000000009,0.5,stop_loss,5.184954878338373,-0.7997944711718938,-0.46110338936948814,-0.46110338936948936,NEUTRAL,NEUTRAL,0.5142018970073811,False,64203.72400918697,-0.00247663474984383,NONE,0.0,63942.471875,0.5
2026-06-21 15:15:00+00:00,2026-06-21 15:15:00+00:00,2026-06-21 15:20:00+00:00,2026-06-21 16:10:00+00:00,direction,direction,score,reasons,64190.1,64109.862375,24.24154988478837,WIN,11,50.0,0.721606602887334,0.9172754053974328,0.5000000000000099,0.5,take_profit,5.184954878338373,-0.4951667154817715,-0.03639126831018034,-0.03639126831018045,NEUTRAL,NEUTRAL,1.5372768638431922,False,64196.744663382975,0.001378015111645437,NONE,0.0,64109.862375,0.5
2026-06-21 16:25:00+00:00,2026-06-21 16:25:00+00:00,2026-06-21 16:30:00+00:00,2026-06-21 16:30:00+00:00,direction,direction,score,reasons,64159.8,64079.60025,24.302153759499788,WIN,1,1.0,0.8971349661314495,0.06733188071032412,0.49999999999999845,0.5,take_profit,5.184954878338373,-0.7263862562934928,-0.6276073852979953,-0.6276073852979974,DOWN,NEUTRAL,0.38250387723965756,False,64196.98195498748,0.0007404648635202553,NONE,0.0,64079.60025,0.5
2026-06-21 16:45:00+00:00,2026-06-21 16:45:00+00:00,2026-06-21 16:50:00+00:00,2026-06-21 18:00:00+00:00,direction,direction,score,reasons,64121.1,64040.948625,24.362909143898996,WIN,15,70.0,1.0673553635230746,0.4741029084030062,0.500000000000008,0.5,take_profit,5.184954878338373,-0.5937447003282019,0.12471973818906569,0.12471973818906681,NEUTRAL,NEUTRAL,1.1711365452968487,False,64194.66646887834,-3.9988074690676825e-05,NONE,0.0,64040.948625,0.5
2026-06-21 18:15:00+00:00,2026-06-21 18:15:00+00:00,2026-06-21 18:20:00+00:00,2026-06-21 18:30:00+00:00,direction,direction,score,reasons,63985.4,64145.3635,-48.84763283351611,LOSS,3,10.0,0.022505133983680932,1.2127766646766294,-0.9999999999999875,0.5,stop_loss,5.184954878338373,-0.3424467553268961,0.9107448800432872,0.9107448800433019,UP,NEUTRAL,2.128184581376071,False,64188.58656825086,-0.002172025704767043,NONE,0.0,63905.41825,0.5
2026-06-21 18:45:00+00:00,2026-06-21 18:45:00+00:00,2026-06-21 18:50:00+00:00,2026-06-21 20:15:00+00:00,direction,direction,score,reasons,64161.0,64080.79875,24.30169733467404,WIN,18,85.0,0.8166955003818519,0.772431851124524,0.4999999999999891,0.5,take_profit,5.184954878338373,-0.19244904912884933,-0.4746123310854564,-0.4746123310854629,NEUTRAL,NEUTRAL,0.7514582903159199,False,64187.30434998113,0.0004343723274762593,NONE,0.0,64080.79875,0.5
2026-06-21 20:30:00+00:00,2026-06-21 20:30:00+00:00,2026-06-21 20:35:00+00:00,2026-06-21 20:40:00+00:00,direction,direction,score,reasons,64018.4,63938.377,24.362451578011573,WIN,2,5.0,0.5298476687952395,0.19744323506990827,0.5000000000000064,0.5,take_profit,5.184954878338373,-0.26938582929458704,-0.7304737586094806,-0.7304737586095028,DOWN,NEUTRAL,0.5923464022833108,False,64186.34326482804,-0.0013886598900163132,NONE,0.0,63938.377,0.5
2026-06-21 20:55:00+00:00,2026-06-21 20:55:00+00:00,2026-06-21 21:00:00+00:00,2026-06-21 21:05:00+00:00,direction,direction,score,reasons,63824.8,63745.019,24.423357706957102,WIN,2,5.0,1.93216429977064,0.15667890851205174,0.5000000000000168,0.5,take_profit,5.184954878338373,0.07429440255198107,0.3404124396159508,0.3404124396159512,NEUTRAL,NEUTRAL,1.3173015763539249,False,64162.74028775683,-0.0025284852466777074,NONE,0.0,63745.019,0.5
2026-06-21 21:20:00+00:00,2026-06-21 21:20:00+00:00,2026-06-21 21:25:00+00:00,2026-06-21 21:35:00+00:00,direction,direction,score,reasons,63677.7,63836.89425,-48.96883220244751,LOSS,3,10.0,0.4623282562027118,1.7104889152717697,-1.0000000000000029,0.5,stop_loss,5.184954878338373,0.5316202733078763,1.499979330160945,1.499979330160946,UP,BUY,2.2396001459913215,False,64126.03560735293,-0.0028163676147707675,NONE,0.0,63598.102875,0.5
2026-06-21 21:50:00+00:00,2026-06-21 21:50:00+00:00,2026-06-21 21:55:00+00:00,2026-06-21 22:00:00+00:00,direction,direction,score,reasons,63785.3,63705.568375,24.361994020717663,WIN,2,5.0,0.9826715559854973,0.2978742751072739,0.5000000000000021,0.5,take_profit,5.184954878338373,-0.36146975412484894,-0.3412938037853114,-0.3412938037853114,NEUTRAL,NEUTRAL,0.6111685039644659,False,64114.90000506021,-0.0008037782892007815,NONE,0.0,63705.568375,0.5
2026-06-21 22:15:00+00:00,2026-06-21 22:15:00+00:00,2026-06-21 22:20:00+00:00,2026-06-21 22:30:00+00:00,direction,direction,score,reasons,63669.0,63589.41375,24.42289900576944,WIN,3,10.0,0.732538598061842,0.5396660855361413,0.5000000000000018,0.5,take_profit,5.184954878338373,0.8979173896902327,1.876915481300678,1.8769154813006792,UP,BUY,2.6134606371190277,False,64096.793570928676,-0.001999995684055942,NONE,0.0,63589.41375,0.5
2026-06-21 22:45:00+00:00,2026-06-21 22:45:00+00:00,2026-06-21 22:50:00+00:00,2026-06-21 22:55:00+00:00,direction,direction,score,reasons,63675.0,63834.1875,-48.96791250656756,LOSS,2,5.0,0.0006281900274741723,1.0365135453474676,-1.0,0.5,stop_loss,5.184954878338373,-0.9897172186065855,-0.6115313903970031,-0.611531390397005,DOWN,NEUTRAL,0.759395989139237,False,64087.94375263176,-0.0014028112531170556,NONE,0.0,63595.40625,0.5
2026-06-21 23:10:00+00:00,2026-06-21 23:10:00+00:00,2026-06-21 23:15:00+00:00,2026-06-21 23:25:00+00:00,direction,direction,score,reasons,63681.8,63602.19775,24.361536472018443,WIN,3,10.0,0.5445825965974853,0.5634262850610194,0.5000000000000222,0.5,take_profit,5.184954878338373,-0.8439053706669393,-0.3467329735198458,-0.34673297351984483,NEUTRAL,NEUTRAL,0.9134921890895938,False,64080.79477050779,-0.0009086410610676662,NONE,0.0,63602.19775,0.5
2026-06-21 23:40:00+00:00,2026-06-21 23:40:00+00:00,2026-06-21 23:45:00+00:00,2026-06-22 00:05:00+00:00,direction,direction,score,reasons,63295.2,63453.437999999995,-48.844880626394065,LOSS,5,20.0,0.475233509018043,1.6418306601448636,-0.9999999999999846,0.5,stop_loss,5.184954878338373,0.11729407758548242,-0.05073150240266308,-0.050731502402662956,NEUTRAL,NEUTRAL,0.9015911465035654,False,64037.50276235217,-0.005766188966646983,NONE,0.0,63216.081,0.5
2026-06-22 00:20:00+00:00,2026-06-22 00:20:00+00:00,2026-06-22 00:25:00+00:00,2026-06-22 00:30:00+00:00,direction,direction,score,reasons,63628.0,63787.07,-48.60065622326277,LOSS,2,5.0,0.212485069466291,1.044823033884435,-0.9999999999999981,0.5,stop_loss,5.430282562822308,-0.13362999415959242,0.5969081452720295,0.5969081452720298,UP,NEUTRAL,1.2357592335801801,False,63506.33186771663,0.00032057633189105667,NONE,0.0,63548.465,0.5
2026-06-22 00:45:00+00:00,2026-06-22 00:45:00+00:00,2026-06-22 00:50:00+00:00,2026-06-22 00:50:00+00:00,direction,direction,score,reasons,63825.7,63745.917875,24.178826471072636,WIN,1,1.0,0.7739828940379816,0.0006267067968283671,0.49999999999998684,0.5,take_profit,5.430282562822308,-0.07199157033337707,0.5960045989908714,0.5960045989908718,UP,NEUTRAL,1.2956033953976138,False,63692.05469380598,0.0032371068653430086,NONE,0.0,63745.917875,0.5
2026-06-22 01:05:00+00:00,2026-06-22 01:05:00+00:00,2026-06-22 01:10:00+00:00,2026-06-22 01:15:00+00:00,direction,direction,score,reasons,63861.7,64021.35425,-48.478547074501776,LOSS,2,5.0,0.27371648421509037,1.7763385565996885,-0.9999999999999976,0.5,stop_loss,5.667888977883219,-0.5700785309849735,-0.17977542246939676,-0.1797754224693967,NEUTRAL,NEUTRAL,0.9128176695067596,False,63733.476799527714,0.003627177138120854,NONE,0.0,63781.872874999994,0.5
2026-06-22 01:30:00+00:00,2026-06-22 01:30:00+00:00,2026-06-22 01:35:00+00:00,2026-06-22 01:35:00+00:00,direction,direction,score,reasons,64434.9,64354.356375,24.118077169564224,WIN,1,1.0,0.5971918944547403,0.3718481754453034,0.49999999999999023,0.5,take_profit,5.667888977883219,1.0967847795972827,-1.8309539796718248,-1.830953979671826,DOWN,SELL,0.6458593155753819,False,64096.205795463306,0.008776283642492838,NONE,0.0,64354.356375,0.5
2026-06-22 01:50:00+00:00,2026-06-22 01:50:00+00:00,2026-06-22 01:55:00+00:00,2026-06-22 01:55:00+00:00,direction,direction,score,reasons,64641.0,64560.19875,24.178372362487647,WIN,1,1.0,0.6930585851085225,0.15841339088193898,0.49999999999998024,0.5,take_profit,5.667888977883219,-0.3226341682733411,-0.2146503155768665,-0.21465031557686592,NEUTRAL,NEUTRAL,1.126037345895502,False,64152.972938693245,0.011100309142275432,NONE,0.0,64560.19875,0.5
2026-06-22 02:10:00+00:00,2026-06-22 02:10:00+00:00,2026-06-22 02:15:00+00:00,2026-06-22 02:35:00+00:00,direction,direction,score,reasons,64520.0,64439.35,24.238818293395262,WIN,5,20.0,0.5393676379417235,0.5945443273403686,0.500000000000009,0.5,take_profit,5.667888977883219,-0.8013525918195221,-0.3418425313676318,-0.3418425313676322,NEUTRAL,NEUTRAL,1.063589864063985,False,64186.09065242229,0.008432257051976007,NONE,0.0,64439.35,0.5
2026-06-22 02:50:00+00:00,2026-06-22 02:50:00+00:00,2026-06-22 02:55:00+00:00,2026-06-22 03:00:00+00:00,direction,direction,score,reasons,64261.2,64180.873499999994,24.299415339129176,WIN,2,5.0,2.5153591903045607,0.24151431968281273,0.5000000000000178,0.5,take_profit,5.667888977883219,0.19246390782077355,-0.7741706289149493,-0.7741706289149494,DOWN,NEUTRAL,0.7214883826248103,False,64208.39756126125,0.003487919060669419,NONE,0.0,64180.873499999994,0.5
2026-06-22 03:15:00+00:00,2026-06-22 03:15:00+00:00,2026-06-22 03:20:00+00:00,2026-06-22 03:35:00+00:00,direction,direction,score,reasons,64276.4,64196.0545,24.360163877477074,WIN,4,15.0,0.7486418032123946,0.9844981984056176,0.5000000000000192,0.5,take_profit,5.667888977883219,0.07149755297832476,1.9552152025241862,1.9552152025241853,UP,BUY,2.078864681720959,False,64192.020836462085,0.0034399469601237675,NONE,0.0,64196.0545,0.5
2026-06-22 03:50:00+00:00,2026-06-22 03:50:00+00:00,2026-06-22 03:55:00+00:00,2026-06-22 03:55:00+00:00,direction,direction,score,reasons,64096.8,64016.679000000004,24.421064287169578,WIN,1,1.0,1.3454649842114164,0.0,0.49999999999999484,0.5,take_profit,5.667888977883219,0.019891012554654745,-1.3511144814955371,-1.351114481495538,DOWN,SELL,0.4409208567998787,False,64195.256199465446,-0.0013888806886852678,NONE,0.0,64016.679000000004,0.5
2026-06-22 04:10:00+00:00,2026-06-22 04:10:00+00:00,2026-06-22 04:15:00+00:00,2026-06-22 05:05:00+00:00,direction,direction,score,reasons,63935.1,64094.93775,-48.96423389577514,LOSS,11,50.0,0.4291852206377939,1.781806863522559,-0.9999999999999925,0.5,stop_loss,5.667888977883219,-0.5871145467650342,0.9909952764125005,0.9909952764125012,UP,NEUTRAL,1.6582729058085957,False,64179.20111757524,-0.004440513531541818,NONE,0.0,63855.181124999996,0.5
2026-06-22 05:20:00+00:00,2026-06-22 05:20:00+00:00,2026-06-22 05:25:00+00:00,2026-06-22 05:30:00+00:00,direction,direction,score,reasons,64224.2,64143.919749999994,24.35970636314936,WIN,2,5.0,0.5026142793526247,0.1557045475070145,0.5000000000000214,0.5,take_profit,5.667888977883219,-1.0344445245966176,-0.32389439991461555,-0.3238943999146168,NEUTRAL,NEUTRAL,0.5952348479284912,False,64167.796051636105,-0.0013043962743354365,NONE,0.0,64143.919749999994,0.5
2026-06-22 05:45:00+00:00,2026-06-22 05:45:00+00:00,2026-06-22 05:50:00+00:00,2026-06-22 06:00:00+00:00,direction,direction,score,reasons,64220.2,64139.92475,24.420605629055817,WIN,3,10.0,0.5400170039956094,0.11709711274647484,0.49999999999999234,0.5,take_profit,5.667888977883219,-0.5940968226102471,-0.6894230985429559,-0.6894230985429586,DOWN,NEUTRAL,0.6787275037348337,False,64169.45093165656,0.0002913389658180724,NONE,0.0,64139.92475,0.5
2026-06-22 06:15:00+00:00,2026-06-22 06:15:00+00:00,2026-06-22 06:20:00+00:00,2026-06-22 06:30:00+00:00,direction,direction,score,reasons,64126.1,64045.942375,24.481657143128775,WIN,3,10.0,0.5576512527660435,0.056763158838591746,0.4999999999999989,0.5,take_profit,5.667888977883219,-0.5154166895240246,-0.64767876611709,-0.6476787661170866,DOWN,NEUTRAL,0.7143841700615677,False,64170.10433990042,-0.00029954232182997285,NONE,0.0,64045.942375,0.5
2026-06-22 06:45:00+00:00,2026-06-22 06:45:00+00:00,2026-06-22 06:50:00+00:00,2026-06-22 07:10:00+00:00,direction,direction,score,reasons,63954.1,64113.98525,-49.0857225719731,LOSS,5,20.0,0.25831025688733406,1.7262380363416887,-0.9999999999999959,0.5,stop_loss,5.667888977883219,0.08146378821482235,1.3198126603338582,1.3198126603338558,UP,BUY,1.3167919229389584,False,64166.1812605581,-0.0024870804928807735,NONE,0.0,63874.157374999995,0.5
2026-06-22 07:25:00+00:00,2026-06-22 07:25:00+00:00,2026-06-22 07:30:00+00:00,2026-06-22 07:50:00+00:00,direction,direction,score,reasons,64232.5,64152.209375,24.420146979557156,WIN,5,20.0,0.5940917759701176,0.9453158447826436,0.500000000000009,0.5,take_profit,5.667888977883219,0.17904732770171244,0.7835871862879041,0.7835871862879037,UP,NEUTRAL,1.3271863831453892,False,64164.060441570466,0.0021848374791399203,NONE,0.0,64152.209375,0.5
2026-06-22 08:05:00+00:00,2026-06-22 08:05:00+00:00,2026-06-22 08:10:00+00:00,2026-06-22 08:30:00+00:00,direction,direction,score,reasons,64243.7,64163.395375,24.481197347004702,WIN,5,20.0,0.6350817278581402,0.5522720515786256,0.4999999999999815,0.5,take_profit,5.667888977883219,0.42641984421695633,1.9106427523104381,1.9106427523104401,UP,BUY,2.3258785942492013,False,64167.82159492134,0.0017423020172284644,NONE,0.0,64163.395375,0.5
2026-06-22 08:45:00+00:00,2026-06-22 08:45:00+00:00,2026-06-22 08:50:00+00:00,2026-06-22 09:25:00+00:00,direction,direction,score,reasons,64148.9,64068.713875,24.542400340373174,WIN,8,35.0,0.5169223478500891,0.5212871927655722,0.500000000000001,0.5,take_profit,5.667888977883219,0.22475082685163417,-2.2633654515976422,-2.2633654515976427,DOWN,SELL,0.37371667901477235,False,64168.391861102435,-0.0002952534825769192,NONE,0.0,64068.713875,0.5
2026-06-22 09:40:00+00:00,2026-06-22 09:40:00+00:00,2026-06-22 09:45:00+00:00,2026-06-22 11:05:00+00:00,direction,direction,score,reasons,64094.7,64254.93674999999,-49.207512682446996,LOSS,17,80.0,0.3157827402265619,1.7967164211705582,-0.9999999999999775,0.5,stop_loss,5.667888977883219,-0.5020062944564516,0.7423491069768623,0.7423491069768613,UP,NEUTRAL,2.0702733285209827,False,64166.88537387464,-0.0009903755198452755,NONE,0.0,64014.581625,0.5
2026-06-22 11:20:00+00:00,2026-06-22 11:20:00+00:00,2026-06-22 11:25:00+00:00,2026-06-22 11:30:00+00:00,direction,direction,score,reasons,64319.1,64479.89775,-48.96147511903523,LOSS,2,5.0,0.3774928442717456,1.8768919341222305,-0.9999999999999869,0.5,stop_loss,5.667888977883219,0.23990967182425277,2.111910461050683,2.1119104610506776,UP,BUY,1.5675687870556703,False,64169.96451914084,0.001891129001349784,NONE,0.0,64238.701125,0.5
2026-06-22 11:45:00+00:00,2026-06-22 11:45:00+00:00,2026-06-22 11:50:00+00:00,2026-06-22 11:50:00+00:00,direction,direction,score,reasons,64740.7,64659.774124999996,24.35833387172059,WIN,1,1.0,0.8612820065275425,0.0006178493590944847,0.500000000000005,0.5,take_profit,5.667888977883219,0.4824367666533155,2.146940249080013,2.146940249080015,UP,BUY,1.7323466199898079,False,64202.371523345995,0.00654828958486495,NONE,0.0,64659.774124999996,0.5
2026-06-22 12:05:00+00:00,2026-06-22 12:05:00+00:00,2026-06-22 12:10:00+00:00,2026-06-22 12:20:00+00:00,direction,direction,score,reasons,64680.0,64841.7,-48.838459412798414,LOSS,3,10.0,0.11440940012368582,1.7142857142856962,-0.999999999999982,0.5,stop_loss,5.667888977883219,-0.14047583410367007,-0.7719570897666119,-0.7719570897666135,DOWN,NEUTRAL,0.6101291729395818,False,64237.86306954754,0.003861909422489839,NONE,0.0,64599.15,0.5
2026-06-22 12:35:00+00:00,2026-06-22 12:35:00+00:00,2026-06-22 12:40:00+00:00,2026-06-22 12:45:00+00:00,direction,direction,score,reasons,65073.0,64991.65875,24.297133557866957,WIN,2,5.0,0.7247245401318608,0.5347840118021299,0.4999999999999857,0.5,take_profit,5.667888977883219,1.628850335975061,2.061308025411956,2.0613080254119565,UP,BUY,2.054911671668848,True,64292.28692437337,0.007745705854388723,NONE,0.0,64991.65875,0.5
2026-06-22 13:00:00+00:00,2026-06-22 13:00:00+00:00,2026-06-22 13:05:00+00:00,2026-06-22 13:05:00+00:00,direction,direction,score,reasons,65101.2,65019.8235,24.35787639176187,WIN,1,1.0,0.6113558582637494,0.09830847972080392,0.49999999999999073,0.5,take_profit,5.667888977883219,-0.18356101434769867,-0.5483166799962994,-0.5483166799962994,DOWN,NEUTRAL,0.8754343520706086,False,64341.180558731685,0.006485874921726888,NONE,0.0,65019.8235,0.5
2026-06-22 13:20:00+00:00,2026-06-22 13:20:00+00:00,2026-06-22 13:25:00+00:00,2026-06-22 13:25:00+00:00,direction,direction,score,reasons,65079.4,64998.05075,24.418771082741515,WIN,1,1.0,1.0067701914891836,0.0,0.4999999999999957,0.5,take_profit,5.667888977883219,-0.6913750611126518,-0.3776143485981656,-0.3776143485981648,NEUTRAL,NEUTRAL,0.9153808283505784,False,64359.86011000323,0.005571152534390165,NONE,0.0,64998.05075,0.5
2026-06-22 13:40:00+00:00,2026-06-22 13:40:00+00:00,2026-06-22 13:45:00+00:00,2026-06-22 13:45:00+00:00,direction,direction,score,reasons,65373.6,65537.034,-48.959636020897484,LOSS,1,1.0,0.24841832176902326,1.1276723325623532,-1.0000000000000069,0.5,stop_loss,5.667888977883219,2.0851680136672304,1.5463370805819328,1.546337080581934,UP,BUY,1.5869042874829302,False,64424.59442130499,0.008427021283599241,NONE,0.0,65291.883,0.5
2026-06-22 14:00:00+00:00,2026-06-22 14:00:00+00:00,2026-06-22 14:05:00+00:00,2026-06-22 14:05:00+00:00,direction,direction,score,reasons,65390.5,65308.761875,24.357418920397375,WIN,1,1.0,0.7389452596325332,0.15904450952355464,0.5000000000000214,0.5,take_profit,5.667888977883219,0.8539853939364189,-1.2259059121979443,-1.2259059121979452,DOWN,SELL,0.6953542045816156,False,64494.11544333636,0.006995345390265716,NONE,0.0,65308.761875,0.5
2026-06-22 14:20:00+00:00,2026-06-22 14:20:00+00:00,2026-06-22 14:25:00+00:00,2026-06-22 14:25:00+00:00,direction,direction,score,reasons,65027.5,64946.215625,24.418312467698197,WIN,1,1.0,0.5536119334127869,0.24666487255391056,0.5000000000000179,0.5,take_profit,5.667888977883219,0.7043898158405321,-0.9102321149331756,-0.9102321149331759,DOWN,NEUTRAL,0.7233606557377049,False,64526.889949503886,0.0008429282023014873,NONE,0.0,64946.215625,0.5
2026-06-22 14:40:00+00:00,2026-06-22 14:40:00+00:00,2026-06-22 14:45:00+00:00,2026-06-22 15:00:00+00:00,direction,direction,score,reasons,64880.1,65042.30025,-48.95871649773365,LOSS,4,15.0,0.4796540079315268,1.4617733326551503,-1.0000000000000102,0.5,stop_loss,5.667888977883219,-0.6795412008238607,-0.33379950432479366,-0.3337995043247932,NEUTRAL,NEUTRAL,0.853664759902561,False,64548.54960373734,-0.0015002254569961584,NONE,0.0,64798.999875,0.5
2026-06-22 15:15:00+00:00,2026-06-22 15:15:00+00:00,2026-06-22 15:20:00+00:00,2026-06-22 15:45:00+00:00,direction,direction,score,reasons,64949.9,64868.712625,24.35696145762264,WIN,6,25.0,0.7519642062574294,0.9145510616644521,0.5000000000000082,0.5,take_profit,5.667888977883219,-1.0711979974847117,-0.4823017772726375,-0.4823017772726369,NEUTRAL,NEUTRAL,0.6311110598209717,False,64564.27593946709,-0.0009633796208612413,NONE,0.0,64868.712625,0.5
2026-06-22 16:00:00+00:00,2026-06-22 16:00:00+00:00,2026-06-22 16:05:00+00:00,2026-06-22 16:05:00+00:00,direction,direction,score,reasons,64711.3,64630.410875,24.41785386126675,WIN,1,1.0,0.5328281150278505,0.04759601491546045,0.5000000000000093,0.5,take_profit,5.667888977883219,1.332134374479742,-1.37161873706806,-1.371618737068057,DOWN,SELL,0.7320605479553081,False,64579.16826883325,-0.0057212361624062675,NONE,0.0,64630.410875,0.5
2026-06-22 16:20:00+00:00,2026-06-22 16:20:00+00:00,2026-06-22 16:25:00+00:00,2026-06-22 16:35:00+00:00,direction,direction,score,reasons,64676.1,64595.254875,24.47889849591941,WIN,3,10.0,0.736593579390214,0.13544415943448326,0.499999999999999,0.5,take_profit,5.667888977883219,-0.3346907938679817,0.9558434080886524,0.9558434080886536,UP,NEUTRAL,1.597064418402574,False,64581.66381311577,-0.00616167345844712,NONE,0.0,64595.254875,0.5
2026-06-22 16:50:00+00:00,2026-06-22 16:50:00+00:00,2026-06-22 16:55:00+00:00,2026-06-22 17:00:00+00:00,direction,direction,score,reasons,64727.9,64646.990125000004,24.54009574215852,WIN,2,5.0,0.6056121085343414,0.31701939967152115,0.49999999999998485,0.5,take_profit,5.667888977883219,0.06724738491646212,2.043857109171839,2.0438571091718343,UP,BUY,2.0812561636523204,False,64582.52969332599,-0.00491623645932657,NONE,0.0,64646.990125000004,0.5
2026-06-22 17:15:00+00:00,2026-06-22 17:15:00+00:00,2026-06-22 17:20:00+00:00,2026-06-22 17:20:00+00:00,direction,direction,score,reasons,64604.6,64523.84425,24.601445981513628,WIN,1,1.0,0.6042913352919052,0.06686830349543475,0.49999999999997896,0.5,take_profit,5.667888977883219,-1.254369398326004,0.33213874784888425,0.33213874784888614,NEUTRAL,NEUTRAL,1.1424836445250943,False,64583.58378560006,-0.006583014618565844,NONE,0.0,64523.84425,0.5
2026-06-22 17:35:00+00:00,2026-06-22 17:35:00+00:00,2026-06-22 17:40:00+00:00,2026-06-22 17:50:00+00:00,direction,direction,score,reasons,64440.2,64601.3005,-49.32589919293704,LOSS,3,10.0,0.40719923277704634,1.1440063811099466,-1.000000000000003,0.5,stop_loss,5.667888977883219,-0.6322716964033405,0.560367035054121,0.5603670350541213,UP,NEUTRAL,1.3927972750070403,False,64581.014908817335,-0.008355679041398313,NONE,0.0,64359.64975,0.5
2026-06-22 18:05:00+00:00,2026-06-22 18:05:00+00:00,2026-06-22 18:10:00+00:00,2026-06-22 18:25:00+00:00,direction,direction,score,reasons,64640.3,64559.499625000004,24.53963484848576,WIN,4,15.0,0.5693042885011362,0.3533399442762397,0.4999999999999931,0.5,take_profit,5.667888977883219,-0.5325930090495508,0.3311724453458586,0.3311724453458588,NEUTRAL,NEUTRAL,1.254290808325994,False,64580.56735003264,-0.002650060087753367,NONE,0.0,64559.499625000004,0.5
2026-06-22 18:40:00+00:00,2026-06-22 18:40:00+00:00,2026-06-22 18:45:00+00:00,2026-06-22 18:45:00+00:00,direction,direction,score,reasons,64491.1,64410.486124999996,24.60098393560815,WIN,1,1.0,0.9365633397476552,0.055201415389109235,0.500000000000017,0.5,take_profit,5.667888977883219,-0.7362270423076889,-0.015416179305808832,-0.015416179305810082,NEUTRAL,NEUTRAL,0.5975345774375099,False,64580.68747287686,-0.0035581041004567058,NONE,0.0,64410.486124999996,0.5
2026-06-22 19:00:00+00:00,2026-06-22 19:00:00+00:00,2026-06-22 19:05:00+00:00,2026-06-22 19:45:00+00:00,direction,direction,score,reasons,64333.0,64252.58375,24.662486395446958,WIN,9,40.0,0.5782413380380209,0.5838372219545269,0.5000000000000127,0.5,take_profit,5.667888977883219,-0.03939693070450725,1.0194626739754793,1.0194626739754784,UP,BUY,1.733266896380875,False,64575.43220895165,-0.004827009063857826,NONE,0.0,64252.58375,0.5
2026-06-22 20:00:00+00:00,2026-06-22 20:00:00+00:00,2026-06-22 20:05:00+00:00,2026-06-22 20:05:00+00:00,direction,direction,score,reasons,64603.6,64522.845499999996,24.7241426114358,WIN,1,1.0,0.7764273198397703,0.2074187816158852,0.500000000000017,0.5,take_profit,5.667888977883219,1.4918784642313636,1.5141371183702224,1.5141371183702237,UP,BUY,1.5254140048378095,False,64569.10411568158,0.0013355394124624595,NONE,0.0,64522.845499999996,0.5
2026-06-22 20:20:00+00:00,2026-06-22 20:20:00+00:00,2026-06-22 20:25:00+00:00,2026-06-22 21:10:00+00:00,direction,direction,score,reasons,64399.3,64318.800875,24.78595296796419,WIN,10,45.0,0.5596334121644541,0.4677069471251745,0.500000000000013,0.5,take_profit,5.667888977883219,-1.0227781794254862,-0.22631816200369567,-0.22631816200369598,NEUTRAL,NEUTRAL,0.6418577385495128,False,64568.539814473865,-0.0014774154901411223,NONE,0.0,64318.800875,0.5
2026-06-22 21:25:00+00:00,2026-06-22 21:25:00+00:00,2026-06-22 21:30:00+00:00,2026-06-22 21:35:00+00:00,direction,direction,score,reasons,64272.9,64192.558875,24.84791785038315,WIN,2,5.0,1.000732812740691,0.19603907712270643,0.49999999999999384,0.5,take_profit,5.667888977883219,-0.43816995386818,0.12018603028080597,0.12018603028080165,NEUTRAL,NEUTRAL,1.1058225012807836,False,64565.40185911551,-0.0025860723066626744,NONE,0.0,64192.558875,0.5
2026-06-22 21:50:00+00:00,2026-06-22 21:50:00+00:00,2026-06-22 21:55:00+00:00,2026-06-22 22:25:00+00:00,direction,direction,score,reasons,64219.6,64139.3255,24.91003764500927,WIN,7,30.0,2.2211287519697946,0.9417685566400561,0.49999999999999706,0.5,take_profit,5.667888977883219,-0.36716360579577784,0.09469599686320734,0.09469599686320422,NEUTRAL,NEUTRAL,0.8090339322744702,False,64560.98958137134,-0.0029861625445098895,NONE,0.0,64139.3255,0.5
2026-06-22 22:40:00+00:00,2026-06-22 22:40:00+00:00,2026-06-22 22:45:00+00:00,2026-06-22 23:05:00+00:00,direction,direction,score,reasons,63817.4,63976.9435,-49.94462547824381,LOSS,5,20.0,0.10843437683141532,1.0780758852601329,-0.9999999999999986,0.5,stop_loss,5.667888977883219,0.6261486101811493,-0.21968954250650297,-0.21968954250650286,NEUTRAL,NEUTRAL,0.8030419167669343,False,64539.94405372401,-0.007030709364299896,NONE,0.0,63737.62825,0.5
2026-06-22 23:20:00+00:00,2026-06-22 23:20:00+00:00,2026-06-22 23:25:00+00:00,2026-06-23 00:10:00+00:00,direction,direction,score,reasons,63969.1,63889.138625,24.847451175426006,WIN,10,45.0,0.6653212254041495,0.38518597260238796,0.49999999999999345,0.5,take_profit,5.667888977883219,-0.4036818754307939,0.4693356294741084,0.4693356294741101,NEUTRAL,NEUTRAL,1.736622641509434,False,64527.399363726145,-0.003335480605713068,NONE,0.0,63889.138625,0.5
2026-06-23 00:25:00+00:00,2026-06-23 00:25:00+00:00,2026-06-23 00:30:00+00:00,2026-06-23 00:30:00+00:00,direction,direction,score,reasons,63831.2,63990.778,-49.81913960673022,LOSS,1,1.0,0.0,1.0176841419243345,-1.0000000000000084,0.5,stop_loss,5.667888977883219,0.3417284716233098,-1.5508036466797925,-1.5508036466797788,DOWN,SELL,0.5861016997476751,False,63899.76159354468,-0.0035079191728341784,NONE,0.0,63751.411,0.5
2026-06-23 00:45:00+00:00,2026-06-23 00:45:00+00:00,2026-06-23 00:50:00+00:00,2026-06-23 01:00:00+00:00,direction,direction,score,reasons,64075.3,64235.48825,-49.57004390869591,LOSS,3,10.0,0.1579391746897972,1.0456447336181023,-0.9999999999999952,0.5,stop_loss,5.667888977883219,2.6199065345952444,1.9270568226425475,1.9270568226425329,UP,BUY,1.5614631647193773,False,63954.33200381227,0.0005958447841755128,BUY_ABSORPTION,-1.0,63995.205875,0.5
2026-06-23 01:15:00+00:00,2026-06-23 01:15:00+00:00,2026-06-23 01:20:00+00:00,2026-06-23 01:35:00+00:00,direction,direction,score,reasons,64160.4,64080.1995,24.661096844576026,WIN,4,15.0,1.1994937687420992,0.4632140697376926,0.4999999999999938,0.5,take_profit,5.667888977883219,-0.510971250880387,-0.8011068175924395,-0.8011068175924312,DOWN,NEUTRAL,0.7988995016611296,False,64045.28399650397,0.0019105361156124495,NONE,0.0,64080.1995,0.5
2026-06-23 01:50:00+00:00,2026-06-23 01:50:00+00:00,2026-06-23 01:55:00+00:00,2026-06-23 02:55:00+00:00,direction,direction,score,reasons,64079.9,64240.09975,-49.445499173375474,LOSS,13,60.0,0.4644202004060647,1.0443212302141274,-0.9999999999999986,0.5,stop_loss,5.667888977883219,1.6375749549460286,2.5759507960319215,2.575950796031917,UP,BUY,2.2648314136396785,False,64045.23254120952,0.0009704768785149904,NONE,0.0,63999.800125,0.5
2026-06-23 03:10:00+00:00,2026-06-23 03:10:00+00:00,2026-06-23 03:15:00+00:00,2026-06-23 04:20:00+00:00,direction,direction,score,reasons,63990.2,63910.21225,24.59913583875441,WIN,14,65.0,0.7263612240624164,0.5369572215745627,0.5000000000000016,0.5,take_profit,5.667888977883219,0.14759676885241602,1.3386664650031381,1.3386664650031366,UP,BUY,2.350790903012484,False,64064.02942709511,-0.0009184469645520415,NONE,0.0,63910.21225,0.5
2026-06-23 04:35:00+00:00,2026-06-23 04:35:00+00:00,2026-06-23 04:40:00+00:00,2026-06-23 04:50:00+00:00,direction,direction,score,reasons,63826.2,63746.41725,24.66063367835076,WIN,3,10.0,1.14811785755691,0.08773826422378271,0.49999999999999056,0.5,take_profit,5.667888977883219,2.5331748632483686,-2.277385944962798,-2.2773859449627922,DOWN,SELL,0.5209581416921114,False,64037.87394182056,-0.0035948565587665135,NONE,0.0,63746.41725,0.5
2026-06-23 05:05:00+00:00,2026-06-23 05:05:00+00:00,2026-06-23 05:10:00+00:00,2026-06-23 05:15:00+00:00,direction,direction,score,reasons,63658.6,63579.02675,24.7222852625475,WIN,2,5.0,0.883462721454751,0.24568557901052518,0.500000000000008,0.5,take_profit,5.667888977883219,0.10275147286556689,0.3848380794840536,0.38483807948405213,NEUTRAL,NEUTRAL,0.9414770088248955,False,63961.67284618742,-0.004384643514451762,NONE,0.0,63579.02675,0.5
2026-06-23 05:30:00+00:00,2026-06-23 05:30:00+00:00,2026-06-23 05:35:00+00:00,2026-06-23 05:45:00+00:00,direction,direction,score,reasons,63419.9,63340.625125,24.78409097570434,WIN,3,10.0,0.6174718030145203,0.3450021207854133,0.5000000000000175,0.5,take_profit,5.667888977883219,0.06264784722542839,1.1638860933717434,1.1638860933717434,UP,BUY,1.4883637091928699,False,63878.95376220834,-0.00623578536467841,NONE,0.0,63340.625125,0.5
2026-06-23 06:00:00+00:00,2026-06-23 06:00:00+00:00,2026-06-23 06:05:00+00:00,2026-06-23 06:05:00+00:00,direction,direction,score,reasons,63320.1,63240.949875,24.84605120314277,WIN,1,1.0,1.478835314536765,0.03916607838587978,0.5000000000000007,0.5,take_profit,5.667888977883219,-0.16245361769462965,-0.43819454331903684,-0.4381945433190372,NEUTRAL,NEUTRAL,0.5510642041329135,False,63823.036428358035,-0.006201183398138806,NONE,0.0,63240.949875,0.5
2026-06-23 06:20:00+00:00,2026-06-23 06:20:00+00:00,2026-06-23 06:25:00+00:00,2026-06-23 06:25:00+00:00,direction,direction,score,reasons,62633.4,62555.108250000005,24.908166331149538,WIN,1,1.0,0.5709413827127472,0.7114414992639803,0.4999999999999788,0.5,take_profit,5.667888977883219,3.530956222831241,-1.8095877529238096,-1.8095877529238091,DOWN,SELL,0.7499896795665303,False,63561.93153605893,-0.012184187822284257,NONE,0.0,62555.108250000005,0.5
2026-06-23 06:40:00+00:00,2026-06-23 06:40:00+00:00,2026-06-23 06:45:00+00:00,2026-06-23 07:55:00+00:00,direction,direction,score,reasons,62913.2,62834.5585,24.970436746977803,WIN,15,70.0,0.5416987214129759,0.9975648989401363,0.4999999999999867,0.5,take_profit,5.667888977883219,0.30912923644186235,1.5004273996226727,1.500427399622673,UP,BUY,2.9081148893771886,True,63409.06966136599,-0.00513340459359724,NONE,0.0,62834.5585,0.5
2026-06-23 08:10:00+00:00,2026-06-23 08:10:00+00:00,2026-06-23 08:15:00+00:00,2026-06-23 08:15:00+00:00,direction,direction,score,reasons,62638.8,62560.501500000006,25.032862838845002,WIN,1,1.0,1.7592929621895692,0.10855891236741444,0.49999999999998174,0.5,take_profit,5.667888977883219,1.4960526290484029,-1.267685316185319,-1.267685316185319,DOWN,SELL,0.6007901335755543,False,63323.62607007653,-0.007108891344173589,NONE,0.0,62560.501500000006,0.5
2026-06-23 08:30:00+00:00,2026-06-23 08:30:00+00:00,2026-06-23 08:35:00+00:00,2026-06-23 09:20:00+00:00,direction,direction,score,reasons,62304.8,62460.562000000005,-50.19088999188684,LOSS,10,45.0,0.28697628433125133,1.1324970146761995,-1.0000000000000158,0.5,stop_loss,5.667888977883219,1.0608187353742153,2.5681875844924593,2.568187584492459,UP,BUY,1.799853292738432,False,63082.11294008168,-0.008451855266272474,NONE,0.0,62226.919,0.5
2026-06-23 09:35:00+00:00,2026-06-23 09:35:00+00:00,2026-06-23 09:40:00+00:00,2026-06-23 10:00:00+00:00,direction,direction,score,reasons,62379.2,62535.147999999994,-49.93993554192556,LOSS,5,20.0,0.45015005001665354,1.1843691486906172,-0.9999999999999787,0.5,stop_loss,5.667888977883219,-0.5841163485412615,-0.1699692180476892,-0.1699692180476891,NEUTRAL,NEUTRAL,0.3851066212346627,False,63016.10355222451,-0.004214035142208222,NONE,0.0,62301.225999999995,0.5
2026-06-23 10:15:00+00:00,2026-06-23 10:15:00+00:00,2026-06-23 10:20:00+00:00,2026-06-23 10:20:00+00:00,direction,direction,score,reasons,62413.4,62335.38325,24.845117932109293,WIN,1,1.0,0.5274508358782115,0.0006408880144234719,0.500000000000016,0.5,take_profit,5.667888977883219,-0.766236007147546,-0.9225401775197773,-0.9225401775197771,DOWN,NEUTRAL,0.4302525537074688,False,62993.36421790212,-0.0019534002791340857,NONE,0.0,62335.38325,0.5
2026-06-23 10:35:00+00:00,2026-06-23 10:35:00+00:00,2026-06-23 10:40:00+00:00,2026-06-23 11:20:00+00:00,direction,direction,score,reasons,62271.6,62427.278999999995,-49.81446145387639,LOSS,9,40.0,0.4143140693349777,1.8518875378182216,-0.9999999999999771,0.5,stop_loss,5.667888977883219,-0.19712036345808842,-0.08239669498884054,-0.0823966949888404,NEUTRAL,NEUTRAL,0.8215243783740154,False,62981.55519023762,-0.002995115065256671,NONE,0.0,62193.7605,0.5
2026-06-23 11:35:00+00:00,2026-06-23 11:35:00+00:00,2026-06-23 11:40:00+00:00,2026-06-23 11:45:00+00:00,direction,direction,score,reasons,62589.3,62511.063375000005,24.782694573303353,WIN,2,5.0,1.1222365484196553,0.0511269498141056,0.4999999999999855,0.5,take_profit,5.667888977883219,-0.11073332610331203,0.12387221188678277,0.12387221188678323,NEUTRAL,NEUTRAL,1.3696911830825111,False,62945.15695866633,0.0037019505306926767,NONE,0.0,62511.063375000005,0.5
2026-06-23 12:00:00+00:00,2026-06-23 12:00:00+00:00,2026-06-23 12:05:00+00:00,2026-06-23 12:10:00+00:00,direction,direction,score,reasons,62437.5,62359.453125,24.84465130973733,WIN,2,5.0,0.516356356356347,0.1710510510510324,0.5,0.5,take_profit,5.667888977883219,-0.493190075885419,-0.7518047390507072,-0.7518047390507065,DOWN,NEUTRAL,0.6577162786955844,False,62937.15883546202,0.0016967740737322547,NONE,0.0,62359.453125,0.5
2026-06-23 12:25:00+00:00,2026-06-23 12:25:00+00:00,2026-06-23 12:30:00+00:00,2026-06-23 12:35:00+00:00,direction,direction,score,reasons,62380.0,62302.025,24.906762938011205,WIN,2,5.0,0.714972747675537,0.46425136261623245,0.4999999999999907,0.5,take_profit,5.667888977883219,-0.5791217845947525,-0.5805386365675913,-0.5805386365675906,DOWN,NEUTRAL,0.8048859582747812,False,62928.98543661396,0.00016650639875591836,NONE,0.0,62302.025,0.5
2026-06-23 12:50:00+00:00,2026-06-23 12:50:00+00:00,2026-06-23 12:55:00+00:00,2026-06-23 13:00:00+00:00,direction,direction,score,reasons,62270.1,62192.262375,24.96902984535674,WIN,2,5.0,0.8999503774684707,0.23831662386923125,0.5000000000000007,0.5,take_profit,5.667888977883219,3.4298032701978434,-3.051375952851881,-3.05137595285188,DOWN,SELL,0.5024464288965355,False,62907.5733498996,-0.0018345209560596612,NONE,0.0,62192.262375,0.5
2026-06-23 13:15:00+00:00,2026-06-23 13:15:00+00:00,2026-06-23 13:20:00+00:00,2026-06-23 13:25:00+00:00,direction,direction,score,reasons,62096.6,62018.97925,25.031452419970698,WIN,2,5.0,0.7639709742562301,0.14107052560044483,0.500000000000012,0.5,take_profit,5.667888977883219,-0.34545476151094046,0.3619006137771393,0.3619006137771391,NEUTRAL,NEUTRAL,1.055691356055187,False,62878.776515324265,-0.00397072263062473,NONE,0.0,62018.97925,0.5
2026-06-23 13:40:00+00:00,2026-06-23 13:40:00+00:00,2026-06-23 13:45:00+00:00,2026-06-23 13:45:00+00:00,direction,direction,score,reasons,62365.9,62287.942625,25.094031051019424,WIN,1,1.0,0.8280165924006455,0.6805000809737279,0.499999999999988,0.5,take_profit,5.667888977883219,0.4739627909994729,0.04868735514253558,0.048687355142535506,NEUTRAL,NEUTRAL,0.9569619382678811,False,62834.50396852941,0.0010173441928413823,NONE,0.0,62287.942625,0.5
2026-06-23 14:00:00+00:00,2026-06-23 14:00:00+00:00,2026-06-23 14:05:00+00:00,2026-06-23 14:05:00+00:00,direction,direction,score,reasons,62529.1,62450.938624999995,25.15676612864864,WIN,1,1.0,0.8501641635654532,0.16632256021596342,0.5000000000000212,0.5,take_profit,5.667888977883219,1.0174514542236237,1.84316835287525,1.84316835287525,UP,BUY,1.5216145326723507,False,62817.74426195892,0.003408733412746495,NONE,0.0,62450.938624999995,0.5
2026-06-23 14:20:00+00:00,2026-06-23 14:20:00+00:00,2026-06-23 14:25:00+00:00,2026-06-23 14:25:00+00:00,direction,direction,score,reasons,62555.4,62477.20575,25.219658043969343,WIN,1,1.0,0.8632348286478866,0.15666113556943126,0.500000000000003,0.5,take_profit,5.667888977883219,0.241528926268058,-0.11664164398087704,-0.11664164398087709,NEUTRAL,NEUTRAL,0.968959768410182,False,62811.3417366305,0.003099905667658189,NONE,0.0,62477.20575,0.5
2026-06-23 14:40:00+00:00,2026-06-23 14:40:00+00:00,2026-06-23 14:45:00+00:00,2026-06-23 14:55:00+00:00,direction,direction,score,reasons,62488.3,62410.189625000006,25.282707189078003,WIN,3,10.0,0.8263947010880809,0.5991521612845832,0.499999999999978,0.5,take_profit,5.667888977883219,-0.7034160182558151,-0.40116836676712386,-0.40116836676712364,NEUTRAL,NEUTRAL,0.9583685880131404,False,62804.49474505617,0.0017027625206572667,NONE,0.0,62410.189625000006,0.5
2026-06-23 15:10:00+00:00,2026-06-23 15:10:00+00:00,2026-06-23 15:15:00+00:00,2026-06-23 15:15:00+00:00,direction,direction,score,reasons,62355.1,62277.156125,25.345913957050904,WIN,1,1.0,0.9288735003231211,0.0,0.49999999999998207,0.5,take_profit,5.667888977883219,-1.3406172822857905,0.10982493407928332,0.10982493407928347,NEUTRAL,NEUTRAL,1.131131863416229,False,62787.56281329456,-0.0006434395826845254,NONE,0.0,62277.156125,0.5
2026-06-23 15:30:00+00:00,2026-06-23 15:30:00+00:00,2026-06-23 15:35:00+00:00,2026-06-23 15:35:00+00:00,direction,direction,score,reasons,62414.5,62336.481875,25.409278741945197,WIN,1,1.0,0.8363441187544561,0.3332558940630783,0.5000000000000149,0.5,take_profit,5.667888977883219,-0.5318939676955209,1.0176051506447443,1.017605150644744,UP,BUY,1.779299703534086,False,62779.21926956899,0.0005284238147559862,NONE,0.0,62336.481875,0.5
2026-06-23 15:50:00+00:00,2026-06-23 15:50:00+00:00,2026-06-23 15:55:00+00:00,2026-06-23 16:00:00+00:00,direction,direction,score,reasons,62331.8,62487.6295,-50.94560387759854,LOSS,2,5.0,0.23551381477835942,1.2064467896001718,-0.9999999999999988,0.5,stop_loss,5.667888977883219,-0.6398874201724885,1.3204950270856775,1.3204950270856766,UP,BUY,2.050936861637402,False,62773.251334497945,-0.0006565842423170442,NONE,0.0,62253.88525,0.5
2026-06-23 16:15:00+00:00,2026-06-23 16:15:00+00:00,2026-06-23 16:20:00+00:00,2026-06-23 16:20:00+00:00,direction,direction,score,reasons,62649.6,62571.288,25.345437929104683,WIN,1,1.0,0.6359178669935549,0.0006384717540003117,0.49999999999998773,0.5,take_profit,5.667888977883219,0.0738280106507967,0.3465206843587008,0.34652068435870065,NEUTRAL,NEUTRAL,1.2365875857884259,False,62766.53058189468,0.0038476860036524736,NONE,0.0,62571.288,0.5
2026-06-23 16:35:00+00:00,2026-06-23 16:35:00+00:00,2026-06-23 16:40:00+00:00,2026-06-23 16:50:00+00:00,direction,direction,score,reasons,62575.4,62497.18075,25.408801523928695,WIN,3,10.0,0.6449818938432768,0.3451835705404999,0.5000000000000122,0.5,take_profit,5.667888977883219,-0.9308114267002804,-0.17659122006623093,-0.17659122006623076,NEUTRAL,NEUTRAL,1.3041259406625725,False,62765.24165306551,0.002563037960861674,NONE,0.0,62497.18075,0.5
2026-06-23 17:05:00+00:00,2026-06-23 17:05:00+00:00,2026-06-23 17:10:00+00:00,2026-06-23 17:20:00+00:00,direction,direction,score,reasons,62424.8,62580.862,-50.94464705547516,LOSS,3,10.0,0.2229882995220035,1.1623585498070905,-0.9999999999999877,0.5,stop_loss,5.667888977883219,-0.04444768305948801,-1.3698465384087228,-1.3698465384087208,DOWN,SELL,0.5959838230572695,False,62762.19415312742,-0.00029197611075628706,NONE,0.0,62346.769,0.5
2026-06-23 17:35:00+00:00,2026-06-23 17:35:00+00:00,2026-06-23 17:40:00+00:00,2026-06-23 17:40:00+00:00,direction,direction,score,reasons,62569.9,62491.687625,25.344961910100103,WIN,1,1.0,0.5849457966210589,0.013424985496211721,0.5000000000000178,0.5,take_profit,5.667888977883219,-0.37120104798393966,-0.3158214516525269,-0.31582145165252823,NEUTRAL,NEUTRAL,0.9311113239472592,False,62759.81801805768,0.001024361853825097,NONE,0.0,62491.687625,0.5
2026-06-23 17:55:00+00:00,2026-06-23 17:55:00+00:00,2026-06-23 18:00:00+00:00,2026-06-23 18:05:00+00:00,direction,direction,score,reasons,62330.0,62252.0875,25.408324314873973,WIN,2,5.0,0.5634525910476682,0.5775709931012353,0.4999999999999906,0.5,take_profit,5.667888977883219,1.4648280612096578,0.867954927684415,0.8679549276844089,UP,NEUTRAL,1.1191653278286033,False,62757.48812632729,-0.0030562952286566566,NONE,0.0,62252.0875,0.5
2026-06-23 18:20:00+00:00,2026-06-23 18:20:00+00:00,2026-06-23 18:25:00+00:00,2026-06-23 18:30:00+00:00,direction,direction,score,reasons,62348.4,62270.4645,25.471845125661503,WIN,2,5.0,0.5613616387910515,0.04490893110328412,0.49999999999999734,0.5,take_profit,5.667888977883219,-0.7325737501220003,0.4232104039224358,0.42321040392243275,NEUTRAL,NEUTRAL,1.1047680690399138,False,62753.68417303139,-0.002204800419830647,NONE,0.0,62270.4645,0.5
2026-06-23 18:45:00+00:00,2026-06-23 18:45:00+00:00,2026-06-23 18:50:00+00:00,2026-06-23 19:00:00+00:00,direction,direction,score,reasons,62137.2,62292.543,-51.07104947695183,LOSS,3,10.0,0.021243313184344546,1.3576408335103705,-1.0000000000000049,0.5,stop_loss,5.667888977883219,2.1242712544856475,-0.2741462989222876,-0.27414629892228576,NEUTRAL,NEUTRAL,0.9041916343296935,False,62745.93734848639,-0.0050478156520453584,NONE,0.0,62059.5285,0.5
2026-06-23 19:15:00+00:00,2026-06-23 19:15:00+00:00,2026-06-23 19:20:00+00:00,2026-06-23 19:30:00+00:00,direction,direction,score,reasons,62278.7,62434.39675,-50.815694229567725,LOSS,3,10.0,0.3449012262619296,1.2106867998208055,-1.000000000000018,0.5,stop_loss,5.667888977883219,-0.9727667902870498,-0.17594684895694018,-0.17594684895694054,NEUTRAL,NEUTRAL,0.759205493340707,False,62741.29438053656,-0.0027852493429945725,NONE,0.0,62200.851624999996,0.5
2026-06-23 19:45:00+00:00,2026-06-23 19:45:00+00:00,2026-06-23 19:50:00+00:00,2026-06-23 20:00:00+00:00,direction,direction,score,reasons,62278.4,62434.096000000005,-50.561615758420125,LOSS,3,10.0,0.0411057445278071,1.5421076970506535,-1.0000000000000229,0.5,stop_loss,5.667888977883219,-0.9044774577056881,-0.04392471730105046,-0.04392471730104762,NEUTRAL,NEUTRAL,0.9554231538662259,False,62738.55056819576,-0.0030673537049615896,NONE,0.0,62200.552,0.5
2026-06-23 20:15:00+00:00,2026-06-23 20:15:00+00:00,2026-06-23 20:20:00+00:00,2026-06-23 20:50:00+00:00,direction,direction,score,reasons,62449.2,62371.138499999994,25.154403839814545,WIN,7,30.0,0.6725466459137988,0.29912312727787943,0.500000000000022,0.5,take_profit,5.667888977883219,-0.8826953596108001,-0.4153983258713688,-0.41539832587136694,NEUTRAL,NEUTRAL,0.6252989027836573,False,62735.36735544745,0.001049516762343302,NONE,0.0,62371.138499999994,0.5
2026-06-23 21:05:00+00:00,2026-06-23 21:05:00+00:00,2026-06-23 21:10:00+00:00,2026-06-23 22:05:00+00:00,direction,direction,score,reasons,62499.6,62655.849,-50.43457969882706,LOSS,12,55.0,0.4140826501289422,1.3651287368239344,-1.000000000000022,0.5,stop_loss,5.667888977883219,-0.2992199616264507,-0.28105633586875123,-0.2810563358687505,NEUTRAL,NEUTRAL,0.7925799650988027,False,62732.40559212592,0.0021891508141677193,NONE,0.0,62421.4755,0.5
2026-06-23 22:20:00+00:00,2026-06-23 22:20:00+00:00,2026-06-23 22:25:00+00:00,2026-06-23 23:00:00+00:00,direction,direction,score,reasons,62555.4,62477.20575,25.09120340016606,WIN,8,35.0,0.5863602502741849,0.2787928779929378,0.500000000000003,0.5,take_profit,5.667888977883219,2.2790175848580603,-1.5864822365210343,-1.5864822365210203,DOWN,SELL,0.6621824534553828,False,62729.84828259036,0.0024289363246179003,NONE,0.0,62477.20575,0.5
2026-06-23 23:15:00+00:00,2026-06-23 23:15:00+00:00,2026-06-23 23:20:00+00:00,2026-06-23 23:45:00+00:00,direction,direction,score,reasons,62547.2,62703.568,-50.30786281733336,LOSS,6,25.0,0.16691394658752778,1.4286810600634494,-1.0000000000000142,0.5,stop_loss,5.667888977883219,-0.2003591507992428,-0.24734465769301545,-0.2473446576930125,NEUTRAL,NEUTRAL,0.808161359782008,False,62727.75941976208,0.0007993441989871367,NONE,0.0,62469.015999999996,0.5
2026-06-24 00:00:00+00:00,2026-06-24 00:00:00+00:00,2026-06-24 00:05:00+00:00,2026-06-24 00:05:00+00:00,direction,direction,score,reasons,62721.1,62877.90275,-50.05632350324679,LOSS,1,1.0,0.13328847867783858,1.0771494760136633,-1.0000000000000164,0.5,stop_loss,5.667888977883219,1.8224839827983104,1.514884314902596,1.5148843149025701,UP,BUY,1.3752602728083967,False,62734.4,0.002638283288560336,NONE,0.0,62642.698625,0.5
2026-06-24 00:20:00+00:00,2026-06-24 00:20:00+00:00,2026-06-24 00:25:00+00:00,2026-06-24 00:35:00+00:00,direction,direction,score,reasons,62808.6,62965.6215,-49.80604188573056,LOSS,3,10.0,0.29167980181055225,1.2183044997022885,-1.0000000000000162,0.5,stop_loss,5.667888977883219,0.039553532291185585,-0.7020146980860759,-0.7020146980860733,DOWN,NEUTRAL,0.6095368762950103,False,62813.17634006891,0.0031136156703608087,NONE,0.0,62730.08925,0.5
2026-06-24 00:50:00+00:00,2026-06-24 00:50:00+00:00,2026-06-24 00:55:00+00:00,2026-06-24 01:00:00+00:00,direction,direction,score,reasons,62954.6,62875.90675,24.77850583814948,WIN,2,5.0,0.5267287855057546,0.2541514043453536,0.4999999999999785,0.5,take_profit,5.667888977883219,-0.26149304275649643,-0.031903877425981504,-0.03190387742598055,NEUTRAL,NEUTRAL,1.3148578507150974,False,62864.64938637993,0.0042806278439974825,NONE,0.0,62875.90675,0.5
2026-06-24 01:15:00+00:00,2026-06-24 01:15:00+00:00,2026-06-24 01:20:00+00:00,2026-06-24 01:30:00+00:00,direction,direction,score,reasons,62770.8,62927.727000000006,-49.68090420549288,LOSS,3,10.0,0.11151681992263918,2.039801946127808,-1.000000000000021,0.5,stop_loss,5.667888977883219,0.6156305894896588,-0.9674462018761617,-0.9674462018761609,DOWN,NEUTRAL,0.6417565814792114,False,62871.59774036994,0.0005898186551528817,NONE,0.0,62692.336500000005,0.5
2026-06-24 01:45:00+00:00,2026-06-24 01:45:00+00:00,2026-06-24 01:50:00+00:00,2026-06-24 02:00:00+00:00,direction,direction,score,reasons,62935.0,62856.33125,24.716249842231267,WIN,3,10.0,0.7309128465877492,0.3978708190990612,0.49999999999998146,0.5,take_profit,5.667888977883219,-1.0632270469391627,-0.25297892944549916,-0.25297892944549966,NEUTRAL,NEUTRAL,0.775349514864069,False,62896.40509722387,0.002438764549816248,NONE,0.0,62856.33125,0.5
2026-06-24 02:15:00+00:00,2026-06-24 02:15:00+00:00,2026-06-24 02:20:00+00:00,2026-06-24 02:20:00+00:00,direction,direction,score,reasons,62739.8,62661.375250000005,24.778040466837226,WIN,1,1.0,0.6286280797835238,0.0,0.4999999999999892,0.5,take_profit,5.667888977883219,-0.6091664613457213,-0.4128770496364164,-0.41287704963641514,NEUTRAL,NEUTRAL,0.6250417543832392,False,62889.85634805237,-0.0010856927525775052,NONE,0.0,62661.375250000005,0.5
2026-06-24 02:35:00+00:00,2026-06-24 02:35:00+00:00,2026-06-24 02:40:00+00:00,2026-06-24 03:05:00+00:00,direction,direction,score,reasons,62628.1,62549.814875,24.83998556800554,WIN,6,25.0,0.6655159584914573,0.9650620089065359,0.5000000000000138,0.5,take_profit,5.667888977883219,0.5307852156043684,-0.831705476448638,-0.8317054764486351,DOWN,NEUTRAL,0.6002490099603984,False,62864.968696247146,-0.0029411204387277544,NONE,0.0,62549.814875,0.5
2026-06-24 03:20:00+00:00,2026-06-24 03:20:00+00:00,2026-06-24 03:25:00+00:00,2026-06-24 03:30:00+00:00,direction,direction,score,reasons,62529.3,62685.623250000004,-49.80417106385014,LOSS,2,5.0,0.0006397001086263288,1.3388923272769446,-1.0000000000000082,0.5,stop_loss,5.667888977883219,-0.23379658041675058,1.2731047315412956,1.2731047315412944,UP,BUY,1.8379949028456406,False,62778.02268249983,-0.00383384219331336,NONE,0.0,62451.138375,0.5
2026-06-24 03:45:00+00:00,2026-06-24 03:45:00+00:00,2026-06-24 03:50:00+00:00,2026-06-24 04:00:00+00:00,direction,direction,score,reasons,62741.9,62663.472625,24.777575104265022,WIN,3,10.0,0.9352601690417687,0.17914663087983337,0.49999999999999556,0.5,take_profit,5.667888977883219,-0.88590227711376,0.41453807054754643,0.41453807054754577,NEUTRAL,NEUTRAL,1.2818516570226197,False,62772.20819301559,-0.0004680155465786483,NONE,0.0,62663.472625,0.5
2026-06-24 04:15:00+00:00,2026-06-24 04:15:00+00:00,2026-06-24 04:20:00+00:00,2026-06-24 04:20:00+00:00,direction,direction,score,reasons,62613.6,62535.333,24.839519042025852,WIN,1,1.0,0.7193325411731544,0.04088568617681434,0.49999999999999895,0.5,take_profit,5.667888977883219,-0.9019854684333247,0.04692315094731211,0.046923150947312864,NEUTRAL,NEUTRAL,0.7748533614077305,False,62763.36385833567,-0.00230037610305073,NONE,0.0,62535.333,0.5
2026-06-24 04:35:00+00:00,2026-06-24 04:35:00+00:00,2026-06-24 04:40:00+00:00,2026-06-24 05:10:00+00:00,direction,direction,score,reasons,62642.7,62799.306749999996,-49.80323567926162,LOSS,7,30.0,0.12323862157918247,1.1193642675044524,-0.9999999999999936,0.5,stop_loss,5.667888977883219,-0.9183728576145861,0.2457189811638607,0.24571898116386026,NEUTRAL,NEUTRAL,1.0472104918812826,False,62755.80360501772,-0.001505078355962025,NONE,0.0,62564.396624999994,0.5
2026-06-24 05:25:00+00:00,2026-06-24 05:25:00+00:00,2026-06-24 05:30:00+00:00,2026-06-24 05:35:00+00:00,direction,direction,score,reasons,62848.5,63005.62125,-49.55421950086453,LOSS,2,5.0,0.13683699690525628,1.3047248542129088,-0.9999999999999778,0.5,stop_loss,5.667888977883219,0.03203247984307125,0.10172845375598849,0.10172845375598888,NEUTRAL,NEUTRAL,1.0894418168099087,False,62756.73212341306,0.002205110081213615,NONE,0.0,62769.939375,0.5
2026-06-24 05:50:00+00:00,2026-06-24 05:50:00+00:00,2026-06-24 05:55:00+00:00,2026-06-24 06:00:00+00:00,direction,direction,score,reasons,62852.9,62774.333875000004,24.653224201679887,WIN,2,5.0,0.7490505609128894,0.1304633517307873,0.49999999999998446,0.5,take_profit,5.667888977883219,-0.36259311017935497,-2.168319165282007,-2.168319165281994,DOWN,SELL,0.31228685501982417,False,62773.847347615265,0.0022494201400994067,NONE,0.0,62774.333875000004,0.5
2026-06-24 06:15:00+00:00,2026-06-24 06:15:00+00:00,2026-06-24 06:20:00+00:00,2026-06-24 06:45:00+00:00,direction,direction,score,reasons,62781.5,62703.023125,24.714857262184946,WIN,6,25.0,0.5192612473419718,0.6785438385511655,0.5000000000000018,0.5,take_profit,5.667888977883219,-0.5727457042133188,-0.08055291006224896,-0.08055291006224811,NEUTRAL,NEUTRAL,1.14122839936382,False,62774.78282424912,0.0012703970754212816,NONE,0.0,62703.023125,0.5
2026-06-24 07:00:00+00:00,2026-06-24 07:00:00+00:00,2026-06-24 07:05:00+00:00,2026-06-24 07:05:00+00:00,direction,direction,score,reasons,62779.9,62701.425125,24.77664440534028,WIN,1,1.0,0.7862389076758737,0.06753753988138589,0.4999999999999993,0.5,take_profit,5.667888977883219,0.053500814763961145,0.6616984081975952,0.6616984081975916,UP,NEUTRAL,1.3718594757543054,False,62774.98919201778,0.0009306729227707644,NONE,0.0,62701.425125,0.5
2026-06-24 07:20:00+00:00,2026-06-24 07:20:00+00:00,2026-06-24 07:25:00+00:00,2026-06-24 07:35:00+00:00,direction,direction,score,reasons,62698.4,62620.027,24.83858601635354,WIN,3,10.0,0.6226634172482777,0.07847090196876241,0.49999999999999745,0.5,take_profit,5.667888977883219,-0.4455749542522563,0.14194182192682508,0.1419418219268235,NEUTRAL,NEUTRAL,0.9053380782918148,False,62773.17765422459,-0.0010874053661600457,NONE,0.0,62620.027,0.5
2026-06-24 07:50:00+00:00,2026-06-24 07:50:00+00:00,2026-06-24 07:55:00+00:00,2026-06-24 10:10:00+00:00,direction,direction,score,reasons,62636.0,62557.705,24.900682481393996,WIN,28,135.0,0.6852289418226126,0.9591927964748521,0.4999999999999889,0.5,take_profit,5.667888977883219,1.5836541085819864,-0.2587551791335612,-0.25875517913356066,NEUTRAL,NEUTRAL,0.8655838291542711,False,62764.81279078874,-0.0018871681291294533,NONE,0.0,62557.705,0.5
2026-06-24 10:25:00+00:00,2026-06-24 10:25:00+00:00,2026-06-24 10:30:00+00:00,2026-06-24 10:50:00+00:00,direction,direction,score,reasons,62515.9,62437.755125,24.96293418759744,WIN,5,20.0,0.563056758360673,0.5381031065696794,0.4999999999999881,0.5,take_profit,5.667888977883219,-0.1759276556764373,0.1940717114539402,0.1940717114539376,NEUTRAL,NEUTRAL,0.8418381299292269,False,62740.55583131368,-0.0022884305124220967,NONE,0.0,62437.755125,0.5
2026-06-24 11:05:00+00:00,2026-06-24 11:05:00+00:00,2026-06-24 11:10:00+00:00,2026-06-24 11:30:00+00:00,direction,direction,score,reasons,62291.9,62447.62975,-50.050683046133614,LOSS,5,20.0,0.01412703738370071,1.0877818785428055,-0.999999999999991,0.5,stop_loss,5.667888977883219,2.2356403799162643,-2.633281448052375,-2.63328144805237,DOWN,SELL,0.41761913684342017,True,62713.15389048904,-0.004674443560558032,NONE,0.0,62214.035125,0.5
2026-06-24 11:45:00+00:00,2026-06-24 11:45:00+00:00,2026-06-24 11:50:00+00:00,2026-06-24 11:50:00+00:00,direction,direction,score,reasons,63070.5,62991.661875,24.900214815452333,WIN,1,1.0,1.265250790781744,0.0,0.5000000000000129,0.5,take_profit,5.667888977883219,4.021587988794156,3.752313319751828,3.7523133197518272,UP,BUY,1.8175242803597154,False,62715.64398888332,0.006977526490820264,NONE,0.0,62991.661875,0.5
2026-06-24 12:05:00+00:00,2026-06-24 12:05:00+00:00,2026-06-24 12:10:00+00:00,2026-06-24 12:10:00+00:00,direction,direction,score,reasons,62871.6,62793.0105,24.962465352490916,WIN,1,1.0,0.5611436642299359,0.05344225373619539,0.5000000000000118,0.5,take_profit,5.667888977883219,-0.07236244596551532,-0.5163621490624589,-0.516362149062459,DOWN,NEUTRAL,0.6099644611343406,True,62729.49437806717,0.0030083912647913386,NONE,0.0,62793.0105,0.5
2026-06-24 12:25:00+00:00,2026-06-24 12:25:00+00:00,2026-06-24 12:30:00+00:00,2026-06-24 12:50:00+00:00,direction,direction,score,reasons,62790.0,62711.5125,25.024871515872483,WIN,5,20.0,1.3556298773690263,0.5351170568561873,0.5000000000000185,0.5,take_profit,5.667888977883219,-0.6153978110074503,0.045272764592798324,0.04527276459279825,NEUTRAL,NEUTRAL,0.9646979087241849,False,62731.36272552951,0.001554099868164988,NONE,0.0,62711.5125,0.5
2026-06-24 13:05:00+00:00,2026-06-24 13:05:00+00:00,2026-06-24 13:10:00+00:00,2026-06-24 13:10:00+00:00,direction,direction,score,reasons,62217.1,62139.328625,25.08743369466014,WIN,1,1.0,1.6992113100738904,0.009643651021985916,0.49999999999997824,0.5,take_profit,5.667888977883219,2.1603033642038914,-1.7822711177868062,-1.782271117786806,DOWN,SELL,0.6790640192395141,True,62700.342011239925,-0.006595816507657773,NONE,0.0,62139.328625,0.5
2026-06-24 13:25:00+00:00,2026-06-24 13:25:00+00:00,2026-06-24 13:30:00+00:00,2026-06-24 13:30:00+00:00,direction,direction,score,reasons,61824.4,61978.961,-50.30030455779625,LOSS,1,1.0,0.9342589657158109,1.961038036762175,-1.0000000000000098,0.5,stop_loss,5.667888977883219,0.2636300700568429,0.5854364590133699,0.5854364590133702,UP,NEUTRAL,1.0961485508332947,False,62575.74691470084,-0.009476990637951117,NONE,0.0,61747.1195,0.5
2026-06-24 13:45:00+00:00,2026-06-24 13:45:00+00:00,2026-06-24 13:50:00+00:00,2026-06-24 13:50:00+00:00,direction,direction,score,reasons,61457.9,61611.54475,-50.0488030350066,LOSS,1,1.0,0.2147811754062537,1.085621213871581,-0.9999999999999966,0.5,stop_loss,5.667888977883219,1.7376779920796004,-0.8327167245340732,-0.832716724534073,DOWN,NEUTRAL,0.7767685859865346,False,62413.39262182359,-0.011806374145358213,NONE,0.0,61381.077625,0.5
2026-06-24 14:05:00+00:00,2026-06-24 14:05:00+00:00,2026-06-24 14:10:00+00:00,2026-06-24 14:10:00+00:00,direction,direction,score,reasons,61326.9,61250.241375000005,24.899279509914702,WIN,1,1.0,1.6260401226868009,0.5713642789705564,0.49999999999997646,0.5,take_profit,5.667888977883219,-0.2589860935621489,0.649141462169808,0.6491414621698076,UP,NEUTRAL,1.2202620803687092,False,62310.87970702325,-0.01181776194059235,NONE,0.0,61250.241375000005,0.5
2026-06-24 14:25:00+00:00,2026-06-24 14:25:00+00:00,2026-06-24 14:30:00+00:00,2026-06-24 14:35:00+00:00,direction,direction,score,reasons,61209.4,61132.88825,24.961527708689957,WIN,2,5.0,0.8443147621117303,0.9776276192872241,0.4999999999999859,0.5,take_profit,5.667888977883219,-0.9793818601199302,0.5944820343732428,0.5944820343732424,UP,NEUTRAL,1.1960576591772818,False,62177.47566843554,-0.010988845737640097,NONE,0.0,61132.88825,0.5
2026-06-24 14:50:00+00:00,2026-06-24 14:50:00+00:00,2026-06-24 14:55:00+00:00,2026-06-24 15:05:00+00:00,direction,direction,score,reasons,60970.0,60893.7875,25.023931527962862,WIN,3,10.0,1.0162374938494436,0.9788420534689,0.5000000000000095,0.5,take_profit,5.667888977883219,-1.0643384337873514,0.09550314629547824,0.09550314629547779,NEUTRAL,NEUTRAL,0.8759436472666008,False,62116.733683161736,-0.013649174821079177,NONE,0.0,60893.7875,0.5
2026-06-24 15:20:00+00:00,2026-06-24 15:20:00+00:00,2026-06-24 15:25:00+00:00,2026-06-24 15:25:00+00:00,direction,direction,score,reasons,60921.7,60845.547875,25.086491356782467,WIN,1,1.0,0.7990584635687914,0.29743096466449825,0.5000000000000034,0.5,take_profit,5.667888977883219,-0.42375227790171327,1.0427902358941556,1.0427902358941543,UP,BUY,1.3737073376808835,False,62036.75431731492,-0.012602531487349475,NONE,0.0,60845.547875,0.5
2026-06-24 15:40:00+00:00,2026-06-24 15:40:00+00:00,2026-06-24 15:45:00+00:00,2026-06-24 15:45:00+00:00,direction,direction,score,reasons,60549.9,60474.212625,25.149207585174693,WIN,1,1.0,1.4328677669162224,0.07002488856297727,0.5000000000000089,0.5,take_profit,5.667888977883219,0.47385895156908553,-1.3818492969541172,-1.3818492969541158,DOWN,SELL,0.6133318618707956,True,61944.77601844599,-0.016670354368562106,NONE,0.0,60474.212625,0.5
2026-06-24 16:00:00+00:00,2026-06-24 16:00:00+00:00,2026-06-24 16:05:00+00:00,2026-06-24 16:10:00+00:00,direction,direction,score,reasons,60266.3,60416.96575,-50.42416120827441,LOSS,2,5.0,0.48650738472415206,1.749568166620473,-1.0000000000000007,0.5,stop_loss,5.667888977883219,0.5553822912266552,0.46995381626752825,0.46995381626752764,NEUTRAL,NEUTRAL,1.0320668566072408,False,61829.33730955996,-0.017405819241802314,NONE,0.0,60190.967125,0.5
2026-06-24 16:25:00+00:00,2026-06-24 16:25:00+00:00,2026-06-24 16:30:00+00:00,2026-06-24 16:30:00+00:00,direction,direction,score,reasons,60519.1,60443.451125,25.08602020111615,WIN,1,1.0,0.5756860230902213,0.13218967235137336,0.49999999999999306,0.5,take_profit,5.667888977883219,-0.12204659399271868,-0.9631454272817511,-0.9631454272817503,DOWN,NEUTRAL,0.6006014478973647,False,61750.26109074261,-0.011492927405970625,NONE,0.0,60443.451125,0.5
2026-06-24 16:45:00+00:00,2026-06-24 16:45:00+00:00,2026-06-24 16:50:00+00:00,2026-06-24 16:50:00+00:00,direction,direction,score,reasons,60049.0,59973.93875,25.148735251618895,WIN,1,1.0,5.255707838598478,0.4043364585588242,0.49999999999999223,0.5,take_profit,5.667888977883219,2.6992945561738404,-2.461005591626039,-2.4610055916260376,DOWN,SELL,0.5768388793205648,False,61668.23713027441,-0.017609976068680575,NONE,0.0,59973.93875,0.5
2026-06-24 17:05:00+00:00,2026-06-24 17:05:00+00:00,2026-06-24 17:10:00+00:00,2026-06-24 17:10:00+00:00,direction,direction,score,reasons,59893.3,59818.433375,25.21160708974914,WIN,1,1.0,1.4913187284721523,0.26380246204500335,0.5000000000000159,0.5,take_profit,5.667888977883219,-0.2913323708595393,0.08423951001851385,0.08423951001851453,NEUTRAL,NEUTRAL,0.7274675771639645,False,61426.01724247939,-0.015131091155682157,NONE,0.0,59818.433375,0.5
2026-06-24 17:25:00+00:00,2026-06-24 17:25:00+00:00,2026-06-24 17:30:00+00:00,2026-06-24 17:30:00+00:00,direction,direction,score,reasons,59645.3,59570.743375000005,25.274636107471842,WIN,1,1.0,1.139402434056004,0.5049853047934749,0.4999999999999828,0.5,take_profit,5.667888977883219,-0.15066731868951636,0.831905510331393,0.8319055103313936,UP,NEUTRAL,1.4310988221338463,False,61299.743469600195,-0.015309298754483261,NONE,0.0,59570.743375000005,0.5
2026-06-24 17:45:00+00:00,2026-06-24 17:45:00+00:00,2026-06-24 17:50:00+00:00,2026-06-24 17:55:00+00:00,direction,direction,score,reasons,59354.9,59280.706375,25.337822697741352,WIN,2,5.0,0.5687820213664008,0.7669122515579717,0.4999999999999992,0.5,take_profit,5.667888977883219,0.7935182524283375,-0.3979229201712336,-0.39792292017123265,NEUTRAL,NEUTRAL,0.7305209527003875,False,61193.20817903466,-0.016145815042632468,NONE,0.0,59280.706375,0.5
2026-06-24 18:10:00+00:00,2026-06-24 18:10:00+00:00,2026-06-24 18:15:00+00:00,2026-06-24 18:15:00+00:00,direction,direction,score,reasons,59563.4,59712.3085,-50.80233450897071,LOSS,1,1.0,0.1725892074663593,1.2396874590772087,-0.9999999999999848,0.5,stop_loss,5.667888977883219,-0.5540433442951165,0.6430219358762232,0.6430219358762231,UP,NEUTRAL,1.217934448431261,False,61125.42608068953,-0.01000635788909693,NONE,0.0,59488.94575,0.5
2026-06-24 18:30:00+00:00,2026-06-24 18:30:00+00:00,2026-06-24 18:35:00+00:00,2026-06-24 18:35:00+00:00,direction,direction,score,reasons,59652.0,59577.435,25.274161418214106,WIN,1,1.0,0.8006437336552099,0.18574398176086027,0.5000000000000157,0.5,take_profit,5.667888977883219,-1.038731491199554,0.3032987457359721,0.30329874573597204,NEUTRAL,NEUTRAL,1.0467038317874318,False,61080.42457631269,-0.006446394882584019,NONE,0.0,59577.435,0.5
2026-06-24 18:50:00+00:00,2026-06-24 18:50:00+00:00,2026-06-24 18:55:00+00:00,2026-06-24 19:00:00+00:00,direction,direction,score,reasons,59519.9,59668.69975,-50.67469364351713,LOSS,2,5.0,0.26142517040520197,1.09005559485145,-0.9999999999999887,0.5,stop_loss,5.667888977883219,-0.8183723954432417,0.45425137140663085,0.4542513714066321,NEUTRAL,NEUTRAL,1.37602865639362,False,61054.71786757414,-0.007595019351154193,NONE,0.0,59445.500125,0.5
2026-06-24 19:15:00+00:00,2026-06-24 19:15:00+00:00,2026-06-24 19:20:00+00:00,2026-06-24 19:25:00+00:00,direction,direction,score,reasons,59636.3,59785.390750000006,-50.42132017530114,LOSS,2,5.0,0.4493907234352231,1.1945744454300387,-1.0000000000000202,0.5,stop_loss,5.667888977883219,-0.9729771236139291,0.005311931256081093,0.005311931256078181,NEUTRAL,NEUTRAL,1.123744540602836,False,61032.10317765624,-0.004463243838417808,NONE,0.0,59561.754625,0.5
2026-06-24 19:40:00+00:00,2026-06-24 19:40:00+00:00,2026-06-24 19:45:00+00:00,2026-06-24 19:55:00+00:00,direction,direction,score,reasons,59752.7,59902.08175,-50.16921357442378,LOSS,3,10.0,0.2737951590471673,1.4767533517314253,-1.000000000000003,0.5,stop_loss,5.667888977883219,-1.1767397978887515,-0.45894247390583864,-0.4589424739058426,NEUTRAL,NEUTRAL,1.170451899671923,False,61015.50872301666,-0.0009586297290703607,NONE,0.0,59678.009125,0.5
2026-06-24 20:10:00+00:00,2026-06-24 20:10:00+00:00,2026-06-24 20:15:00+00:00,2026-06-24 20:15:00+00:00,direction,direction,score,reasons,60648.6,60572.78925,24.959183753274736,WIN,1,1.0,0.6074336423264415,0.7096618883205782,0.49999999999997974,0.5,take_profit,5.667888977883219,0.29056139750941296,-0.23173038711353783,-0.2317303871135397,NEUTRAL,NEUTRAL,1.0837103573340021,False,60975.30790729388,0.013955807349494281,NONE,0.0,60572.78925,0.5
2026-06-24 20:30:00+00:00,2026-06-24 20:30:00+00:00,2026-06-24 20:35:00+00:00,2026-06-24 20:35:00+00:00,direction,direction,score,reasons,60678.0,60829.695,-50.04316342531778,LOSS,1,1.0,0.11206697649889581,1.2366920465407465,-0.9999999999999981,0.5,stop_loss,5.667888977883219,0.0889659960947833,-0.10542725164284772,-0.10542725164284948,NEUTRAL,NEUTRAL,1.1621440784033257,False,60968.980558926014,0.014227948854497829,NONE,0.0,60602.1525,0.5
2026-06-24 20:50:00+00:00,2026-06-24 20:50:00+00:00,2026-06-24 20:55:00+00:00,2026-06-24 21:00:00+00:00,direction,direction,score,reasons,60965.5,60889.293125,24.896473804096782,WIN,2,5.0,1.6645479820554057,0.32608606506956944,0.5000000000000229,0.5,take_profit,5.667888977883219,0.32956952442140963,-1.500045959197514,-1.500045959197517,DOWN,SELL,0.5947243963214466,False,60969.44159748475,0.017783609506685387,NONE,0.0,60889.293125,0.5
2026-06-24 21:15:00+00:00,2026-06-24 21:15:00+00:00,2026-06-24 21:20:00+00:00,2026-06-24 21:35:00+00:00,direction,direction,score,reasons,60811.3,60963.328250000006,-49.91742997721275,LOSS,4,15.0,0.3696681373363461,1.7391504539451987,-1.0000000000000198,0.5,stop_loss,5.667888977883219,-0.698396318889697,-0.1332397639649384,-0.13323976396493978,NEUTRAL,NEUTRAL,1.298079749453533,False,60966.75814395164,0.014095500991684853,NONE,0.0,60735.285875,0.5
2026-06-24 21:50:00+00:00,2026-06-24 21:50:00+00:00,2026-06-24 21:55:00+00:00,2026-06-24 22:00:00+00:00,direction,direction,score,reasons,61004.0,61156.51,-49.66784282732635,LOSS,2,5.0,0.0,1.6523506655301292,-1.0000000000000135,0.5,stop_loss,5.667888977883219,-0.7462484723447521,-1.105521529439247,-1.10552152943925,DOWN,SELL,0.17268939004535272,False,60966.75774205135,0.012856449196121925,NONE,0.0,60927.745,0.5
2026-06-24 22:15:00+00:00,2026-06-24 22:15:00+00:00,2026-06-24 22:20:00+00:00,2026-06-24 22:35:00+00:00,direction,direction,score,reasons,60902.3,60826.172125000005,24.70975180659398,WIN,4,15.0,0.6324884281874603,0.24235537902505605,0.49999999999998884,0.5,take_profit,5.667888977883219,-0.11459673581306072,-0.2185696367049961,-0.21856963670499907,NEUTRAL,NEUTRAL,0.8026506605566059,False,60967.59676919478,0.008382747371087062,NONE,0.0,60826.172125000005,0.5
2026-06-24 22:50:00+00:00,2026-06-24 22:50:00+00:00,2026-06-24 22:55:00+00:00,2026-06-24 23:20:00+00:00,direction,direction,score,reasons,60827.7,60979.76925,-49.54305237222219,LOSS,6,25.0,0.18281144938898322,1.1047598380343167,-1.0000000000000033,0.5,stop_loss,5.667888977883219,-0.8370314006073769,0.31091478414046775,0.3109147841404678,NEUTRAL,NEUTRAL,1.1800449248372915,False,60966.65240440622,0.004599681315765298,NONE,0.0,60751.665375,0.5
2026-06-24 23:35:00+00:00,2026-06-24 23:35:00+00:00,2026-06-24 23:40:00+00:00,2026-06-24 23:50:00+00:00,direction,direction,score,reasons,60987.9,60911.665125,24.64766855518108,WIN,3,10.0,0.5030506051200606,0.37909159029903067,0.5000000000000125,0.5,take_profit,5.667888977883219,-0.40061886684681103,0.39273586071317484,0.39273586071317645,NEUTRAL,NEUTRAL,1.2814549579891517,False,60966.307279655965,0.0048474156046238075,NONE,0.0,60911.665125,0.5
