timestamp,signal_timestamp,entry_timestamp,exit_timestamp,signal,direction,score,reasons,entry,exit,pnl,outcome,duration_bars,duration_minutes,mfe_r,mae_r,rr_realized,rr_model,exit_reason,drawdown,volume_z,delta_z,cvd_slope_z,cvd_condition,delta_condition,buy_sell_ratio,big_trade,vwap,distance_to_poc,absorption,absorption_score,target_price,target_r
2026-03-01 02:00:00+00:00,2026-03-01 02:00:00+00:00,2026-03-01 02:05:00+00:00,2026-03-01 02:05:00+00:00,LONG,LONG,4.25,"['delta_strong_positive', 'cvd_strong_positive', 'aggressive_buyers', 'above_vwap']",67991.0,67821.0225,-49.99999999999812,LOSS,1,1.0,0.5353649747760734,2.076745451603889,-0.9999999999999624,0.5,stop_loss,0.4999999999999818,2.6787496418473773,2.5486969794164747,2.3443438081131505,UP,BUY,1.6585883218873945,False,67020.8535345461,0.014475292603574821,NONE,0.0,68075.98875,0.5
2026-03-01 06:05:00+00:00,2026-03-01 06:05:00+00:00,2026-03-01 06:10:00+00:00,2026-03-01 06:10:00+00:00,SHORT,SHORT,-4.25,"['delta_strong_negative', 'cvd_strong_negative', 'aggressive_sellers', 'below_vwap']",67080.6,66996.74925000001,24.874999999999346,WIN,1,1.0,1.1484691550165371,0.10435207794802073,0.4999999999999868,0.5,take_profit,0.4999999999999818,3.364546923956765,-3.180717027456477,-2.6388439547692557,DOWN,SELL,0.39459802012286693,False,67290.70765587836,-0.006592027811863395,NONE,0.0,66996.74925000001,0.5
2026-03-01 08:50:00+00:00,2026-03-01 08:50:00+00:00,2026-03-01 08:55:00+00:00,2026-03-01 09:00:00+00:00,SHORT,SHORT,-3.5,"['delta_strong_negative', 'cvd_strong_negative', 'below_vwap']",66487.1,66653.31775,-49.87437499999885,LOSS,2,5.0,0.9782348756375646,1.0859249388227188,-0.9999999999999768,0.5,stop_loss,0.749993749999976,4.098518759744508,-3.4137022576866864,-3.193933698013648,DOWN,SELL,0.7231534386289661,False,67220.70996326448,-0.008304355657138556,NONE,0.0,66403.991125,0.5
2026-03-01 11:05:00+00:00,2026-03-01 11:05:00+00:00,2026-03-01 11:10:00+00:00,2026-03-01 11:15:00+00:00,LONG,LONG,4.25,"['delta_strong_positive', 'cvd_strong_positive', 'aggressive_buyers', 'big_trade_buy']",66484.7,66567.80587499999,24.812501562498166,WIN,2,5.0,0.9223174655221602,0.16003682050150647,0.4999999999999629,0.5,take_profit,0.749993749999976,0.23305575905152684,2.832697949409894,3.500560028688794,UP,BUY,5.437083110817914,True,67102.96873593489,-0.002549092966593908,NONE,0.0,66567.80587499999,0.5
2026-03-02 02:05:00+00:00,2026-03-02 02:05:00+00:00,2026-03-02 02:10:00+00:00,2026-03-02 02:10:00+00:00,SHORT,SHORT,-4.25,"['delta_strong_negative', 'cvd_strong_negative', 'aggressive_sellers', 'below_vwap']",66145.8,66063.11775,24.87453281640565,WIN,1,1.0,1.8341300581442987,0.05140160070631846,0.499999999999988,0.5,take_profit,0.749993749999976,1.3889618101113475,-2.68760251640343,-2.4798250539077293,DOWN,SELL,0.505231387185235,False,66427.61782093406,0.0019493101038703996,NONE,0.0,66063.11775,0.5
2026-03-02 06:15:00+00:00,2026-03-02 06:15:00+00:00,2026-03-02 06:20:00+00:00,2026-03-02 06:20:00+00:00,SHORT,SHORT,-4.25,"['delta_strong_negative', 'cvd_strong_negative', 'aggressive_sellers', 'below_vwap']",66197.1,66114.353625,24.936719148447995,WIN,1,1.0,1.1003503174610718,0.3450302203570323,0.5000000000000148,0.5,take_profit,0.749993749999976,2.6777264120333357,-2.695365388213822,-2.423016609716881,DOWN,SELL,0.5758815220623557,False,66508.47325512764,-0.0064676136103467025,NONE,0.0,66114.353625,0.5
2026-03-02 07:05:00+00:00,2026-03-02 07:05:00+00:00,2026-03-02 07:10:00+00:00,2026-03-02 07:15:00+00:00,SHORT,SHORT,-4.25,"['delta_strong_negative', 'cvd_strong_negative', 'aggressive_sellers', 'below_vwap']",65634.1,65552.057375,24.99906094631895,WIN,2,5.0,0.6886664096864724,0.7624085650598774,0.5000000000000112,0.5,take_profit,0.749993749999976,3.119176968371475,-3.174839322990238,-2.768083780261411,DOWN,SELL,0.5060266613593003,False,66444.91620208607,-0.013368763626247704,NONE,0.0,65552.057375,0.5
2026-03-02 11:55:00+00:00,2026-03-02 11:55:00+00:00,2026-03-02 12:00:00+00:00,2026-03-02 12:15:00+00:00,LONG,LONG,3.25,"['cvd_strong_positive', 'aggressive_buyers', 'big_trade_buy', 'above_vwap']",66329.8,66163.9755,-50.123117197369105,LOSS,4,15.0,0.23699754861315975,1.1331256840817172,-1.0000000000000147,0.5,stop_loss,0.749993749999976,-0.5392301016947143,1.3971517369023432,1.5685204366416465,UP,BUY,2.487873860669629,True,66299.66580326472,0.0024915792839550178,NONE,0.0,66412.71225,0.5
2026-03-03 02:00:00+00:00,2026-03-03 02:00:00+00:00,2026-03-03 02:05:00+00:00,2026-03-03 02:15:00+00:00,SHORT,SHORT,-4.75,"['delta_strong_negative', 'cvd_strong_negative', 'aggressive_sellers', 'big_trade_sell', 'below_vwap']",68547.5,68461.815625,24.936250805689912,WIN,3,10.0,0.6127138115905029,0.7288376673109548,0.49999999999998307,0.5,take_profit,0.749993749999976,3.9977876413555427,-3.1724024094729417,-2.670954935282671,DOWN,SELL,0.6345537122236725,True,68853.76706793802,-0.006114353568050972,NONE,0.0,68461.815625,0.5
2026-03-03 04:45:00+00:00,2026-03-03 04:45:00+00:00,2026-03-03 04:50:00+00:00,2026-03-03 05:05:00+00:00,SHORT,SHORT,-4.25,"['delta_strong_negative', 'cvd_strong_negative', 'aggressive_sellers', 'below_vwap']",68067.9,68238.06975,-49.997182865410245,LOSS,4,15.0,0.39313685305404855,1.4426770915512306,-1.0000000000000056,0.5,stop_loss,0.7499937500000242,3.5686150017450946,-3.7895065196470634,-3.6244438063378444,DOWN,SELL,0.39929123247369125,False,68588.49484077079,-0.006598701648280231,NONE,0.0,67982.815125,0.5
2026-03-03 05:45:00+00:00,2026-03-03 05:45:00+00:00,2026-03-03 05:50:00+00:00,2026-03-03 06:00:00+00:00,SHORT,SHORT,-4.25,"['delta_strong_negative', 'cvd_strong_negative', 'aggressive_sellers', 'below_vwap']",67835.5,68005.08875,-49.74719695108155,LOSS,3,10.0,0.20343330557009234,1.0342667187534207,-0.9999999999999726,0.5,stop_loss,1.246243781250002,2.635208144719467,-3.014777355409091,-2.1354861776007716,DOWN,SELL,0.3974543535210573,False,68494.18648225299,-0.007211191099248532,NONE,0.0,67750.705625,0.5
2026-03-03 08:40:00+00:00,2026-03-03 08:40:00+00:00,2026-03-03 08:45:00+00:00,2026-03-03 08:45:00+00:00,SHORT,SHORT,-4.25,"['delta_strong_negative', 'cvd_strong_negative', 'aggressive_sellers', 'below_vwap']",67310.1,67225.962375,24.74923048316464,WIN,1,1.0,1.308570333426999,0.11112745338365022,0.5000000000000179,0.5,take_profit,1.246243781250002,2.9414647293149176,-3.467243950628078,-2.7384300014812175,DOWN,SELL,0.5965709828059474,False,68235.66167847127,-0.00936096362573615,NONE,0.0,67225.962375,0.5
2026-03-03 10:45:00+00:00,2026-03-03 10:45:00+00:00,2026-03-03 10:50:00+00:00,2026-03-03 10:50:00+00:00,LONG,LONG,3.75,"['delta_strong_positive', 'cvd_strong_positive', 'aggressive_buyers']",66942.0,66774.645,-49.62220711874214,LOSS,1,1.0,0.0005975321920816275,1.3856771533566024,-0.9999999999999758,0.5,stop_loss,1.4943625937495886,1.485064892108466,2.9166727728674884,1.5374543846616293,UP,BUY,2.2710376524613145,False,67708.46308114592,-0.003136130888298079,NONE,0.0,67025.6775,0.5
2026-03-04 01:30:00+00:00,2026-03-04 01:30:00+00:00,2026-03-04 01:35:00+00:00,2026-03-04 01:35:00+00:00,LONG,LONG,4.25,"['delta_strong_positive', 'cvd_strong_positive', 'aggressive_buyers', 'above_vwap']",68471.5,68557.089375,24.687048041573636,WIN,1,1.0,1.1111192247869381,0.0,0.4999999999999762,0.5,take_profit,1.4943625937495886,3.46569340790925,3.3203464873297936,2.8039181984144603,UP,BUY,2.4723745372993022,False,68160.65934952511,0.0032804191957866075,NONE,0.0,68557.089375,0.5
2026-03-04 03:30:00+00:00,2026-03-04 03:30:00+00:00,2026-03-04 03:35:00+00:00,2026-03-04 03:35:00+00:00,SHORT,SHORT,-4.25,"['delta_strong_negative', 'cvd_strong_negative', 'aggressive_sellers', 'below_vwap']",67500.1,67415.724875,24.748765661680483,WIN,1,1.0,0.8894801637331251,0.8965912643091689,0.5000000000000351,0.5,take_profit,1.4943625937495886,3.970658104610324,-3.447387372690174,-2.847338718085972,DOWN,SELL,0.5828674221761861,False,68188.64686962537,-0.010236947004530884,NONE,0.0,67415.724875,0.5
2026-03-04 07:40:00+00:00,2026-03-04 07:40:00+00:00,2026-03-04 07:45:00+00:00,2026-03-04 07:45:00+00:00,LONG,LONG,4.25,"['delta_strong_positive', 'cvd_strong_positive', 'aggressive_buyers', 'above_vwap']",68937.6,69023.77200000001,24.810637575834654,WIN,1,1.0,3.3903123984588284,0.537877732906348,0.5000000000000344,0.5,take_profit,1.4943625937495886,2.115717408984842,2.9053943272002205,2.945607799565145,UP,BUY,2.83010505774987,False,68124.46522577536,0.011969759994638226,NONE,0.0,69023.77200000001,0.5
2026-03-04 08:45:00+00:00,2026-03-04 08:45:00+00:00,2026-03-04 08:50:00+00:00,2026-03-04 08:50:00+00:00,LONG,LONG,4.25,"['delta_strong_positive', 'cvd_strong_positive', 'aggressive_buyers', 'above_vwap']",70567.8,70656.00975,24.872664169770992,WIN,1,1.0,0.9466073761687341,0.5957391331457453,0.499999999999969,0.5,take_profit,1.4943625937495886,3.3505581605456523,2.94415671097814,1.583026031841534,UP,BUY,1.8472584992584318,False,68624.54514739286,0.02154854314288626,NONE,0.0,70656.00975,0.5
2026-03-05 04:20:00+00:00,2026-03-05 04:20:00+00:00,2026-03-05 04:25:00+00:00,2026-03-05 04:25:00+00:00,LONG,LONG,4.25,"['delta_strong_positive', 'cvd_strong_positive', 'aggressive_buyers', 'above_vwap']",72708.7,72799.585875,24.934845830198938,WIN,1,1.0,0.5627937234471413,0.06821742102386195,0.5000000000000396,0.5,take_profit,1.4943625937495886,0.9999350872878741,2.2170518359657088,1.8966041542956964,UP,BUY,2.5750578150325865,False,72676.14342513465,0.0005481778843536097,NONE,0.0,72799.585875,0.5
2026-03-05 04:45:00+00:00,2026-03-05 04:45:00+00:00,2026-03-05 04:50:00+00:00,2026-03-05 05:20:00+00:00,LONG,LONG,4.25,"['delta_strong_positive', 'cvd_strong_positive', 'aggressive_buyers', 'above_vwap']",72830.0,72647.925,-49.994365889544106,LOSS,7,30.0,0.37292324591511283,2.0672799670465145,-0.9999999999999838,0.5,stop_loss,1.4943625937495886,3.2656192058152915,2.0494149407390165,1.6097514132478379,UP,BUY,1.6087300210497704,False,72690.87834531607,0.0021256077719431794,NONE,0.0,72921.0375,0.5
2026-03-05 07:50:00+00:00,2026-03-05 07:50:00+00:00,2026-03-05 07:55:00+00:00,2026-03-05 07:55:00+00:00,SHORT,SHORT,-4.75,"['delta_strong_negative', 'cvd_strong_negative', 'aggressive_sellers', 'big_trade_sell', 'below_vwap']",71766.1,71945.51525000001,-49.744394060098706,LOSS,1,1.0,0.14547258385229694,1.5985263237098761,-1.0000000000000304,0.5,stop_loss,1.4943625937495886,3.9341138332323506,-3.534640558902839,-3.408559997248079,DOWN,SELL,0.6036417359187443,True,72517.94116047713,-0.008694385578925884,NONE,0.0,71676.39237500001,0.5
2026-03-05 10:25:00+00:00,2026-03-05 10:25:00+00:00,2026-03-05 10:30:00+00:00,2026-03-05 10:30:00+00:00,LONG,LONG,3.5,"['delta_strong_positive', 'cvd_strong_positive', 'above_vwap']",73122.4,73213.803,24.747836044899895,WIN,1,1.0,2.0300208964695132,0.002188111987539683,0.5000000000000312,0.5,take_profit,1.4943625937495886,3.8498221230508824,3.737837589855979,3.387962564812826,UP,BUY,1.4998367836982878,False,72498.89703961558,0.01020972240231326,NONE,0.0,73213.803,0.5
2026-03-06 01:25:00+00:00,2026-03-06 01:25:00+00:00,2026-03-06 01:30:00+00:00,2026-03-06 01:30:00+00:00,SHORT,SHORT,-4.25,"['delta_strong_negative', 'cvd_strong_negative', 'aggressive_sellers', 'below_vwap']",70423.1,70599.15775000001,-49.61941127002323,LOSS,1,1.0,0.052823576354934156,2.287885651157011,-1.0000000000000409,0.5,stop_loss,1.4999126665185787,4.047843402819207,-3.89616794470495,-2.881279378511338,DOWN,SELL,0.522928012704841,False,70762.89015476471,-0.007332803940450232,NONE,0.0,70335.071125,0.5
2026-03-06 04:10:00+00:00,2026-03-06 04:10:00+00:00,2026-03-06 04:15:00+00:00,2026-03-06 04:30:00+00:00,SHORT,SHORT,-4.25,"['delta_strong_negative', 'cvd_strong_negative', 'aggressive_sellers', 'below_vwap']",70872.0,70783.41,24.68565710683457,WIN,4,15.0,0.7342815216164681,0.4204763517327012,0.4999999999999803,0.5,take_profit,1.4999126665185787,1.6651313179736262,-2.4092135143330684,-1.8263687161898896,DOWN,SELL,0.395524982697163,False,70968.20416365618,-0.0014027758910697711,NONE,0.0,70783.41,0.5
2026-03-06 10:00:00+00:00,2026-03-06 10:00:00+00:00,2026-03-06 10:05:00+00:00,2026-03-06 10:20:00+00:00,LONG,LONG,3.75,"['delta_strong_positive', 'cvd_strong_positive', 'aggressive_buyers']",70620.5,70708.775625,24.74737124960116,WIN,4,15.0,0.7040448594954887,0.16482466139438728,0.49999999999997036,0.5,take_profit,1.4999126665185787,0.3185051497915559,2.7141043224775987,2.2765345404631514,UP,BUY,1.586170072455444,False,70725.64333449418,-0.000823031116476946,NONE,0.0,70708.775625,0.5
2026-03-06 12:00:00+00:00,2026-03-06 12:00:00+00:00,2026-03-06 12:05:00+00:00,2026-03-06 12:05:00+00:00,SHORT,SHORT,-4.25,"['delta_strong_negative', 'cvd_strong_negative', 'aggressive_sellers', 'below_vwap']",70132.5,70044.834375,24.809239677724985,WIN,1,1.0,2.169607528606533,0.12205468220864323,0.4999999999999667,0.5,take_profit,1.4999126665185787,2.8294072663968732,-2.029288568051648,-2.0299296691422075,DOWN,SELL,0.6325116368173888,False,70677.74268812544,-0.005617092681805996,NONE,0.0,70044.834375,0.5
2026-03-07 00:25:00+00:00,2026-03-07 00:25:00+00:00,2026-03-07 00:30:00+00:00,2026-03-07 00:30:00+00:00,LONG,LONG,3.25,"['delta_strong_positive', 'cvd_strong_positive', 'aggressive_buyers', 'big_trade_buy', 'above_vwap', 'buy_absorption']",68182.1,68267.327625,24.87126277692081,WIN,1,1.0,1.1158353878803797,0.03578651874908998,0.4999999999999973,0.5,take_profit,1.4999126665185787,1.179953943498435,3.1557858431827666,1.5247340283804656,UP,BUY,4.906873424751164,True,68163.55339562563,0.0005486831581846912,BUY_ABSORPTION,-1.0,68267.327625,0.5
2026-03-07 04:00:00+00:00,2026-03-07 04:00:00+00:00,2026-03-07 04:05:00+00:00,2026-03-07 04:35:00+00:00,SHORT,SHORT,-4.25,"['delta_strong_negative', 'cvd_strong_negative', 'aggressive_sellers', 'below_vwap']",67875.8,68045.4895,-49.866881867724466,LOSS,7,30.0,0.2899413340247752,1.2982535749118413,-0.9999999999999594,0.5,stop_loss,1.4999126665185787,3.74507422560245,-3.4622240371636552,-2.498067450596599,DOWN,SELL,0.5075055861247552,False,68192.89109093769,-0.004680815883360119,NONE,0.0,67790.95525,0.5
2026-03-07 06:50:00+00:00,2026-03-07 06:50:00+00:00,2026-03-07 06:55:00+00:00,2026-03-07 07:00:00+00:00,SHORT,SHORT,-4.25,"['delta_strong_negative', 'cvd_strong_negative', 'aggressive_sellers', 'below_vwap']",67664.5,67579.919375,24.808773729194616,WIN,2,5.0,0.7714532731343615,0.3931160357351344,0.5000000000000138,0.5,take_profit,1.4999126665185787,4.024857350946707,-3.9321605414785354,-3.3586898194380743,DOWN,SELL,0.46313583045639906,False,68081.35126982722,-0.005255893207975691,NONE,0.0,67579.919375,0.5
2026-03-07 11:10:00+00:00,2026-03-07 11:10:00+00:00,2026-03-07 11:15:00+00:00,2026-03-07 11:55:00+00:00,LONG,LONG,4.25,"['delta_strong_positive', 'cvd_strong_positive', 'aggressive_buyers', 'above_vwap']",68160.0,67989.6,-49.74159132703214,LOSS,9,40.0,0.3262910798122407,1.1085680751173368,-0.9999999999999658,0.5,stop_loss,1.4999126665185787,3.9852014030719873,3.8249121054884054,2.323047777311183,UP,BUY,2.55949037313139,False,67963.3404468714,0.004267267846566353,NONE,0.0,68245.2,0.5
2026-03-08 01:25:00+00:00,2026-03-08 01:25:00+00:00,2026-03-08 01:30:00+00:00,2026-03-08 01:30:00+00:00,SHORT,SHORT,-4.25,"['delta_strong_negative', 'cvd_strong_negative', 'aggressive_sellers', 'below_vwap']",67197.7,67113.702875,24.746441685197695,WIN,1,1.0,0.8476480593829502,0.000595258468702475,0.49999999999996675,0.5,take_profit,1.4999126665185787,1.4395914180412333,-2.2807376308397442,-1.7741071898361733,DOWN,SELL,0.3336173473094629,False,67262.15049757801,-0.0010719046211168477,NONE,0.0,67113.702875,0.5
2026-03-08 02:40:00+00:00,2026-03-08 02:40:00+00:00,2026-03-08 02:45:00+00:00,2026-03-08 02:45:00+00:00,LONG,LONG,4.25,"['delta_strong_positive', 'cvd_strong_positive', 'aggressive_buyers', 'above_vwap']",67368.1,67199.67975000001,-49.61661557882337,LOSS,1,1.0,0.0,1.986103215023134,-0.9999999999999738,0.5,stop_loss,1.5054624265815466,3.3693182468177585,3.1165492161547923,2.3499795719850267,UP,BUY,2.145826476305216,False,67244.79672809748,0.0017251352700730735,NONE,0.0,67452.310125,0.5
2026-03-08 04:50:00+00:00,2026-03-08 04:50:00+00:00,2026-03-08 04:55:00+00:00,2026-03-08 05:00:00+00:00,SHORT,SHORT,-4.25,"['delta_strong_negative', 'cvd_strong_negative', 'aggressive_sellers', 'below_vwap']",66583.5,66749.95875,-49.368532500932105,LOSS,2,5.0,0.45356582336464735,1.0441025178910865,-1.0000000000000315,0.5,stop_loss,1.9979351144486523,4.0076006810054015,-3.8419012169879725,-3.3235520391414988,DOWN,SELL,0.3928063499384994,False,67052.1372091937,-0.006421051830690787,NONE,0.0,66500.270625,0.5
2026-03-08 07:05:00+00:00,2026-03-08 07:05:00+00:00,2026-03-08 07:10:00+00:00,2026-03-08 08:15:00+00:00,LONG,LONG,4.25,"['delta_strong_positive', 'cvd_strong_positive', 'aggressive_buyers', 'above_vwap']",67346.0,67177.635,-49.12168983842742,LOSS,14,65.0,0.49891604549639174,1.3357883170492333,-1.000000000000031,0.5,stop_loss,2.487945438876432,3.8613839276305413,3.7618048806176714,1.8372029242083798,UP,BUY,2.2535302543634743,False,67043.03725218667,0.005607993982256563,NONE,0.0,67430.1825,0.5
2026-03-08 08:40:00+00:00,2026-03-08 08:40:00+00:00,2026-03-08 08:45:00+00:00,2026-03-08 08:55:00+00:00,LONG,LONG,4.25,"['delta_strong_positive', 'cvd_strong_positive', 'aggressive_buyers', 'above_vwap']",67456.0,67540.32,24.438040694618902,WIN,3,10.0,0.5010673624288424,0.3243595825426772,0.5000000000000414,0.5,take_profit,2.487945438876432,2.6297431404859335,2.8421471350833922,1.5012786067908472,UP,BUY,2.3707788906906275,False,67082.95889299984,0.005731937831396723,NONE,0.0,67540.32,0.5
2026-03-08 09:10:00+00:00,2026-03-08 09:10:00+00:00,2026-03-08 09:15:00+00:00,2026-03-08 09:15:00+00:00,LONG,LONG,4.25,"['delta_strong_positive', 'cvd_strong_positive', 'aggressive_buyers', 'above_vwap']",67730.0,67814.6625,24.4991357963551,WIN,1,1.0,0.9331167872434666,0.10866676509667313,0.5000000000000343,0.5,take_profit,2.487945438876432,3.610635396420643,3.648907503326059,1.952288729450285,UP,BUY,2.542779722713644,False,67130.83634494887,0.006399476761263915,NONE,0.0,67814.6625,0.5
2026-03-08 12:05:00+00:00,2026-03-08 12:05:00+00:00,2026-03-08 12:10:00+00:00,2026-03-08 12:10:00+00:00,SHORT,SHORT,-4.25,"['delta_strong_negative', 'cvd_strong_negative', 'aggressive_sellers', 'below_vwap']",67271.1,67187.011125,24.560383635844683,WIN,1,1.0,2.1191863965358597,0.550013304375876,0.5000000000000075,0.5,take_profit,2.487945438876432,1.2485636405839595,-3.641131666868395,-1.619807693668057,DOWN,SELL,0.3322444872349585,False,67337.71817268885,-0.005967417068091528,NONE,0.0,67187.011125,0.5
2026-03-09 01:55:00+00:00,2026-03-09 01:55:00+00:00,2026-03-09 02:00:00+00:00,2026-03-09 02:05:00+00:00,SHORT,SHORT,-4.25,"['delta_strong_negative', 'cvd_strong_negative', 'aggressive_sellers', 'below_vwap']",66150.1,66067.412375,24.621784594935686,WIN,2,5.0,0.8253955776332914,0.6409665291511274,0.5000000000000359,0.5,take_profit,2.487945438876432,2.082705412119789,-2.155424275050804,-2.1296517833751607,DOWN,SELL,0.6117268317979077,False,66315.55935608203,0.00038706785495652463,NONE,0.0,66067.412375,0.5
2026-03-09 03:00:00+00:00,2026-03-09 03:00:00+00:00,2026-03-09 03:05:00+00:00,2026-03-09 03:05:00+00:00,LONG,LONG,4.25,"['delta_strong_positive', 'cvd_strong_positive', 'aggressive_buyers', 'above_vwap']",66834.0,66917.5425,24.683339056420056,WIN,1,1.0,1.861328066552952,0.5045336206122806,0.49999999999997563,0.5,take_profit,2.487945438876432,2.227386200612519,2.7828514248959446,1.8349835164711077,UP,BUY,1.7046523659043258,False,66344.31821244293,0.00775594582884255,NONE,0.0,66917.5425,0.5
2026-03-09 05:30:00+00:00,2026-03-09 05:30:00+00:00,2026-03-09 05:35:00+00:00,2026-03-09 05:40:00+00:00,LONG,LONG,4.25,"['delta_strong_positive', 'cvd_strong_positive', 'aggressive_buyers', 'above_vwap']",67551.7,67636.139625,24.745047404062042,WIN,2,5.0,2.402308158047819,0.6916184196696925,0.49999999999999456,0.5,take_profit,2.487945438876432,2.83654776173957,2.432547546787176,1.5258953728567575,UP,BUY,1.5240766659673344,False,66797.03487065125,0.008624372510155276,NONE,0.0,67636.139625,0.5
2026-03-09 07:30:00+00:00,2026-03-09 07:30:00+00:00,2026-03-09 07:35:00+00:00,2026-03-09 07:35:00+00:00,LONG,LONG,4.25,"['delta_strong_positive', 'cvd_strong_positive', 'aggressive_buyers', 'above_vwap']",67263.0,67347.07875,24.80691002257264,WIN,1,1.0,0.9901431693501628,0.0005946805822269049,0.5000000000000036,0.5,take_profit,2.487945438876432,1.1105890100690903,2.3182211171939513,2.45249050781835,UP,BUY,2.0399243822298243,False,67084.7473363012,-0.0035245140646602336,NONE,0.0,67347.07875,0.5
2026-03-09 09:30:00+00:00,2026-03-09 09:30:00+00:00,2026-03-09 09:35:00+00:00,2026-03-09 09:35:00+00:00,LONG,LONG,4.25,"['delta_strong_positive', 'cvd_strong_positive', 'aggressive_buyers', 'above_vwap']",68135.4,68220.56925,24.868927297630737,WIN,1,1.0,1.2492771745671292,0.08747288487332094,0.500000000000037,0.5,take_profit,2.487945438876432,3.690936496457107,3.5959459417278663,2.766904145290688,UP,BUY,1.846504807455695,False,67191.20190374058,0.007350294144451732,NONE,0.0,68220.56925,0.5
2026-03-09 12:35:00+00:00,2026-03-09 12:35:00+00:00,2026-03-09 12:40:00+00:00,2026-03-09 12:40:00+00:00,LONG,LONG,4.25,"['delta_strong_positive', 'cvd_strong_positive', 'aggressive_buyers', 'above_vwap']",68245.3,68074.68675000001,-49.86219923174444,LOSS,1,1.0,0.3850814634853804,1.0567760710261536,-0.9999999999999698,0.5,stop_loss,2.487945438876432,3.8411671509488277,3.42728900761922,3.29652210647588,UP,BUY,1.5049103038499823,False,67340.8193967007,0.0051268986738726196,NONE,0.0,68330.606625,0.5
2026-03-10 00:25:00+00:00,2026-03-10 00:25:00+00:00,2026-03-10 00:30:00+00:00,2026-03-10 00:30:00+00:00,LONG,LONG,3.5,"['delta_strong_positive', 'cvd_strong_positive', 'above_vwap']",68943.4,69029.57925,24.806444117793916,WIN,1,1.0,0.6138368574802108,0.5488560181249621,0.5000000000000061,0.5,take_profit,2.487945438876432,3.653625948845386,2.481335115771491,2.5399634807358358,UP,BUY,1.2598250483260751,False,68649.41047753922,0.0032602322399530154,NONE,0.0,69029.57925,0.5
2026-03-10 02:30:00+00:00,2026-03-10 02:30:00+00:00,2026-03-10 02:35:00+00:00,2026-03-10 02:35:00+00:00,LONG,LONG,4.25,"['delta_strong_positive', 'cvd_strong_positive', 'aggressive_buyers', 'above_vwap']",69971.9,70059.364875,24.868460228089553,WIN,1,1.0,1.2353530488667928,0.2846857095490525,0.5000000000000293,0.5,take_profit,2.487945438876432,4.137028205887404,3.8973582717243325,3.4530264692381327,UP,BUY,1.9696672344383326,False,69159.26433376635,0.01329864519965561,NONE,0.0,70059.364875,0.5
2026-03-10 03:45:00+00:00,2026-03-10 03:45:00+00:00,2026-03-10 03:50:00+00:00,2026-03-10 03:50:00+00:00,SHORT,SHORT,-4.25,"['delta_strong_negative', 'cvd_strong_negative', 'aggressive_sellers', 'below_vwap']",69527.3,69440.390875,24.930631378659925,WIN,1,1.0,1.0861920425502092,0.15015684486520414,0.5000000000000321,0.5,take_profit,2.487945438876432,1.8970007153602289,-2.334813914272789,-1.715248119675423,DOWN,SELL,0.5209318557440953,False,69633.20419030557,-0.0012495645824649254,NONE,0.0,69440.390875,0.5
2026-03-10 07:05:00+00:00,2026-03-10 07:05:00+00:00,2026-03-10 07:10:00+00:00,2026-03-10 07:10:00+00:00,LONG,LONG,4.25,"['delta_strong_positive', 'cvd_strong_positive', 'aggressive_buyers', 'above_vwap']",70108.3,70195.935375,24.992957957104405,WIN,1,1.0,1.664282260445608,0.04735530600515436,0.4999999999999886,0.5,take_profit,2.487945438876432,3.459538176015389,3.7186295160234963,2.425822771765079,UP,BUY,1.8792754926546704,False,69711.12727254294,0.0036888128255325447,NONE,0.0,70195.935375,0.5
2026-03-10 08:05:00+00:00,2026-03-10 08:05:00+00:00,2026-03-10 08:10:00+00:00,2026-03-10 08:15:00+00:00,LONG,LONG,4.25,"['delta_strong_positive', 'cvd_strong_positive', 'aggressive_buyers', 'above_vwap']",70892.6,70715.36850000001,-50.11088070399388,LOSS,2,5.0,0.22795044898900127,1.086714269190329,-0.9999999999999684,0.5,stop_loss,2.487945438876432,3.6841193267382106,3.8350398362874074,2.4594259729631447,UP,BUY,2.1380201222731046,False,69822.08630850719,0.010560910724984897,NONE,0.0,70981.21575,0.5
2026-03-11 02:35:00+00:00,2026-03-11 02:35:00+00:00,2026-03-11 02:40:00+00:00,2026-03-11 03:00:00+00:00,SHORT,SHORT,-4.25,"['delta_strong_negative', 'cvd_strong_negative', 'aggressive_sellers', 'below_vwap']",69667.0,69841.1675,-49.86032630047433,LOSS,5,20.0,0.4386581882383004,1.125353467208291,-0.9999999999999766,0.5,stop_loss,2.487945438876432,3.692628701966072,-3.404714525613266,-2.595134123520731,DOWN,SELL,0.4934989031812892,False,69921.16308293292,-0.0029579314231001296,NONE,0.0,69579.91625,0.5
2026-03-11 04:25:00+00:00,2026-03-11 04:25:00+00:00,2026-03-11 04:30:00+00:00,2026-03-11 04:45:00+00:00,LONG,LONG,4.25,"['delta_strong_positive', 'cvd_strong_positive', 'aggressive_buyers', 'above_vwap']",69942.5,70029.928125,24.805512334488206,WIN,4,15.0,0.5799049219000989,0.380312399470994,0.5000000000000333,0.5,take_profit,2.487945438876432,3.2938127822409813,2.7166593421993324,2.490036552983799,UP,BUY,1.6573799130840716,False,69814.25716408252,0.0021623237806276023,NONE,0.0,70029.928125,0.5
2026-03-11 05:40:00+00:00,2026-03-11 05:40:00+00:00,2026-03-11 05:45:00+00:00,2026-03-11 06:10:00+00:00,SHORT,SHORT,-4.25,"['delta_strong_negative', 'cvd_strong_negative', 'aggressive_sellers', 'below_vwap']",69494.9,69668.63725,-49.735052230647156,LOSS,6,25.0,0.281459502783624,1.1183554476659607,-1.0000000000000322,0.5,stop_loss,2.487945438876432,3.2220459415767495,-2.84979696012215,-2.113569673808204,DOWN,SELL,0.5887242900481865,False,69829.86653617118,-0.004075316852194756,NONE,0.0,69408.03137499999,0.5
2026-03-11 09:35:00+00:00,2026-03-11 09:35:00+00:00,2026-03-11 09:40:00+00:00,2026-03-11 09:45:00+00:00,SHORT,SHORT,-4.25,"['delta_strong_negative', 'cvd_strong_negative', 'aggressive_sellers', 'below_vwap']",69488.2,69661.9205,-49.486376969491126,LOSS,2,5.0,0.0949801549039981,1.3861346242959405,-0.999999999999976,0.5,stop_loss,2.487945438876432,3.5743187188236973,-2.690558617881958,-2.7898680357420744,DOWN,SELL,0.5782434638695682,False,69748.44779923692,-0.0017465069581076166,NONE,0.0,69401.33975,0.5
2026-03-11 11:50:00+00:00,2026-03-11 11:50:00+00:00,2026-03-11 11:55:00+00:00,2026-03-11 11:55:00+00:00,SHORT,SHORT,-4.25,"['delta_strong_negative', 'cvd_strong_negative', 'aggressive_sellers', 'below_vwap']",69293.2,69206.5835,24.619472542323486,WIN,1,1.0,1.126806093527198,0.11891498732923762,0.5000000000000215,0.5,take_profit,2.487945438876432,3.5751680409425814,-2.431906464895991,-1.5466778078683188,DOWN,SELL,0.656356258859776,False,69705.25549584035,-0.0032339705664544667,NONE,0.0,69206.5835,0.5
2026-03-11 12:30:00+00:00,2026-03-11 12:30:00+00:00,2026-03-11 12:35:00+00:00,2026-03-11 12:35:00+00:00,LONG,LONG,3.0,"['delta_strong_positive', 'cvd_strong_positive']",69248.2,69334.76024999999,24.68102122367681,WIN,1,1.0,0.5574152107924827,0.2668661423690267,0.49999999999997113,0.5,take_profit,2.487945438876432,3.442866042513604,2.630810752720436,2.6476631313303427,UP,BUY,1.4110084482495482,False,69625.5892270786,-0.0020000340689436454,NONE,0.0,69334.76024999999,0.5
2026-03-12 01:00:00+00:00,2026-03-12 01:00:00+00:00,2026-03-12 01:05:00+00:00,2026-03-12 01:05:00+00:00,SHORT,SHORT,-4.25,"['delta_strong_negative', 'cvd_strong_negative', 'aggressive_sellers', 'below_vwap']",69920.9,69833.49887499999,24.742723776738544,WIN,1,1.0,0.5560569157433448,0.2808888329526984,0.5000000000000226,0.5,take_profit,2.487945438876432,3.8596856166093008,-3.888193428179395,-3.572600563777888,DOWN,SELL,0.4539434178038737,False,70123.8979206393,-0.005711508170314431,NONE,0.0,69833.49887499999,0.5
2026-03-12 03:30:00+00:00,2026-03-12 03:30:00+00:00,2026-03-12 03:35:00+00:00,2026-03-12 03:45:00+00:00,LONG,LONG,3.75,"['delta_strong_positive', 'cvd_strong_positive', 'aggressive_buyers']",69545.2,69371.337,-49.60916117235785,LOSS,3,10.0,0.2864324209291391,1.8048693511558118,-0.999999999999986,0.5,stop_loss,2.487945438876432,1.3569238363382727,2.4464818178901546,2.2492019515430384,UP,BUY,2.2445970356843,False,69690.69748292255,-0.0027344317248794558,NONE,0.0,69632.1315,0.5
2026-03-12 07:20:00+00:00,2026-03-12 07:20:00+00:00,2026-03-12 07:25:00+00:00,2026-03-12 07:30:00+00:00,LONG,LONG,3.75,"['delta_strong_positive', 'cvd_strong_positive', 'aggressive_buyers']",69544.5,69631.430625,24.68055768324656,WIN,2,5.0,1.12043367915509,0.15299556399143466,0.49999999999996314,0.5,take_profit,2.487945438876432,2.6136298698567586,3.3363302765208687,2.887251720099392,UP,BUY,2.6872619469596883,False,69578.86297349351,0.0018384950914903599,NONE,0.0,69631.430625,0.5
2026-03-12 09:45:00+00:00,2026-03-12 09:45:00+00:00,2026-03-12 09:50:00+00:00,2026-03-12 10:05:00+00:00,SHORT,SHORT,-3.75,"['delta_strong_negative', 'cvd_strong_negative', 'aggressive_sellers']",69906.1,69818.71737500001,24.742259077456026,WIN,4,15.0,0.5189818914229897,0.7638818357768492,0.4999999999999907,0.5,take_profit,2.487945438876432,3.146099429078654,-3.5218754123213736,-1.6059223060015155,DOWN,SELL,0.48175601092988685,False,69674.80153085574,0.0019613900470623175,NONE,0.0,69818.71737500001,0.5
2026-03-12 12:00:00+00:00,2026-03-12 12:00:00+00:00,2026-03-12 12:05:00+00:00,2026-03-12 12:45:00+00:00,SHORT,SHORT,-3.75,"['delta_strong_negative', 'cvd_strong_negative', 'aggressive_sellers']",70314.3,70490.08575,-49.608229450298985,LOSS,9,40.0,0.3959365306915141,1.535391805080868,-0.9999999999999742,0.5,stop_loss,2.487945438876432,1.1265499782784667,-2.0006042441561416,-1.5052939671046641,DOWN,SELL,0.6447844943547839,False,69833.42638739491,0.002708035852590242,NONE,0.0,70226.407125,0.5
2026-03-13 00:10:00+00:00,2026-03-13 00:10:00+00:00,2026-03-13 00:15:00+00:00,2026-03-13 00:15:00+00:00,LONG,LONG,4.75,"['delta_strong_positive', 'cvd_strong_positive', 'aggressive_buyers', 'big_trade_buy', 'above_vwap']",71085.0,71173.85625,24.680094151523576,WIN,1,1.0,3.1629739044805842,0.11197861714845145,0.49999999999998357,0.5,take_profit,2.487945438876432,3.922188691434255,3.9388213552303815,2.886261448688556,UP,BUY,2.3533118371137154,True,70817.15561575495,0.008551428081754346,NONE,0.0,71173.85625,0.5
2026-03-13 02:35:00+00:00,2026-03-13 02:35:00+00:00,2026-03-13 02:40:00+00:00,2026-03-13 02:40:00+00:00,SHORT,SHORT,-4.25,"['delta_strong_negative', 'cvd_strong_negative', 'aggressive_sellers', 'below_vwap']",71201.4,71112.39825,24.741794386902026,WIN,1,1.0,0.5022373155583693,0.3842621072058062,0.49999999999997635,0.5,take_profit,2.487945438876432,2.2592659614006094,-2.542299830865271,-1.9584946793945757,DOWN,SELL,0.5235171608577092,False,71382.32906364286,-0.00029796542882450474,NONE,0.0,71112.39825,0.5
2026-03-13 03:50:00+00:00,2026-03-13 03:50:00+00:00,2026-03-13 03:55:00+00:00,2026-03-13 04:20:00+00:00,LONG,LONG,4.25,"['delta_strong_positive', 'cvd_strong_positive', 'aggressive_buyers', 'above_vwap']",71436.3,71257.70925,-49.60729774574173,LOSS,6,25.0,0.2760501313758014,1.3231368365942966,-1.0000000000000167,0.5,stop_loss,2.487945438876432,2.525991982832994,3.4365506298706343,2.822718422778383,UP,BUY,2.5792404768619868,False,71348.38105640835,0.0012921078185079633,NONE,0.0,71525.595375,0.5
2026-03-13 06:25:00+00:00,2026-03-13 06:25:00+00:00,2026-03-13 06:30:00+00:00,2026-03-13 07:00:00+00:00,SHORT,SHORT,-4.25,"['delta_strong_negative', 'cvd_strong_negative', 'aggressive_sellers', 'below_vwap']",71209.5,71387.52375,-49.359261257010246,LOSS,7,30.0,0.33422506828442833,1.4851950933512756,-0.9999999999999607,0.5,stop_loss,2.487945438876432,2.8486155118083825,-3.2897220999553594,-2.1060798146118604,DOWN,SELL,0.38295515765204746,False,71357.56331789933,-0.0013223530105618512,NONE,0.0,71120.488125,0.5
2026-03-13 08:35:00+00:00,2026-03-13 08:35:00+00:00,2026-03-13 08:40:00+00:00,2026-03-13 08:45:00+00:00,LONG,LONG,4.25,"['delta_strong_positive', 'cvd_strong_positive', 'aggressive_buyers', 'above_vwap']",71996.7,71816.70825,-49.11246495072742,LOSS,2,5.0,0.2794572529018853,1.7834150731908547,-1.000000000000006,0.5,stop_loss,2.5062578738834347,4.077559350462526,3.69095469761468,2.2602937818453412,UP,BUY,2.1639637401210465,False,71412.21657770836,0.006548100545731769,NONE,0.0,72086.69587499999,0.5
2026-03-13 12:20:00+00:00,2026-03-13 12:20:00+00:00,2026-03-13 12:25:00+00:00,2026-03-13 12:30:00+00:00,LONG,LONG,4.25,"['delta_strong_positive', 'cvd_strong_positive', 'aggressive_buyers', 'above_vwap']",72393.8,72484.29225,24.43345131298559,WIN,2,5.0,1.138771552259952,0.5315372310888341,0.49999999999997624,0.5,take_profit,2.5062578738834347,0.10067114643095088,2.0332111497025394,1.55666736277045,UP,BUY,1.956751875654438,False,71645.05552219202,0.003873376037800657,NONE,0.0,72484.29225,0.5
2026-03-13 12:45:00+00:00,2026-03-13 12:45:00+00:00,2026-03-13 12:50:00+00:00,2026-03-13 12:55:00+00:00,LONG,LONG,4.25,"['delta_strong_positive', 'cvd_strong_positive', 'aggressive_buyers', 'above_vwap']",72705.0,72795.88125,24.49453494127078,WIN,2,5.0,0.7086170139605413,0.5446668042087889,0.500000000000032,0.5,take_profit,2.5062578738834347,3.4843082181821554,3.26740337221221,2.4544253766018787,UP,BUY,1.5036806939628728,False,71694.99912046088,0.006398115570436316,NONE,0.0,72795.88125,0.5
2026-03-14 01:35:00+00:00,2026-03-14 01:35:00+00:00,2026-03-14 01:40:00+00:00,2026-03-14 01:45:00+00:00,SHORT,SHORT,-3.5,"['delta_strong_negative', 'cvd_strong_negative', 'below_vwap']",70666.5,70843.16625,-49.11154255724332,LOSS,2,5.0,0.040754813100957826,1.0630213750504294,-0.9999999999999704,0.5,stop_loss,2.508088928227725,2.94151412440188,-2.3541467525591537,-1.5438819210281978,DOWN,SELL,0.7542395210069296,False,70674.1344732901,-0.001206187919655297,NONE,0.0,70578.166875,0.5
2026-03-14 02:25:00+00:00,2026-03-14 02:25:00+00:00,2026-03-14 02:30:00+00:00,2026-03-14 03:05:00+00:00,LONG,LONG,3.25,"['cvd_strong_positive', 'aggressive_buyers', 'big_trade_buy', 'above_vwap']",70767.2,70855.659,24.43299242222999,WIN,8,35.0,1.1536418001560373,0.4357951141206167,0.5000000000000144,0.5,take_profit,2.508088928227725,-0.09316528703145496,1.3960816799260247,1.619335195211416,UP,BUY,3.654607508532423,True,70701.60577973729,0.0005259613222277558,NONE,0.0,70855.659,0.5
2026-03-14 06:25:00+00:00,2026-03-14 06:25:00+00:00,2026-03-14 06:30:00+00:00,2026-03-14 06:35:00+00:00,SHORT,SHORT,-4.25,"['delta_strong_negative', 'cvd_strong_negative', 'aggressive_sellers', 'below_vwap']",70669.8,70581.46275,24.494074903283977,WIN,2,5.0,1.0969324945026186,0.22300897979048576,0.49999999999998207,0.5,take_profit,2.508088928227725,2.689551035981999,-2.8078924710966744,-2.4789144731287363,DOWN,SELL,0.348425750461239,False,70858.01703900658,-0.0043385948186939645,NONE,0.0,70581.46275,0.5
2026-03-14 09:45:00+00:00,2026-03-14 09:45:00+00:00,2026-03-14 09:50:00+00:00,2026-03-14 11:00:00+00:00,SHORT,SHORT,-4.25,"['delta_strong_negative', 'cvd_strong_negative', 'aggressive_sellers', 'below_vwap']",70414.5,70590.53625,-49.110620181087434,LOSS,15,70.0,0.36640180644611553,1.2150906418422012,-1.0000000000000264,0.5,stop_loss,2.5099199481825516,2.903338224658645,-2.1516017886905847,-2.526936651597796,DOWN,SELL,0.5532869827724325,False,70742.3448039713,-0.002490377399643474,NONE,0.0,70326.481875,0.5
2026-03-14 12:00:00+00:00,2026-03-14 12:00:00+00:00,2026-03-14 12:05:00+00:00,2026-03-14 13:15:00+00:00,LONG,LONG,4.25,"['delta_strong_positive', 'cvd_strong_positive', 'aggressive_buyers', 'above_vwap']",70739.7,70828.124625,24.432533540090255,WIN,15,70.0,0.9064217122775636,0.9708833936247799,0.49999999999999806,0.5,take_profit,2.5099199481825516,2.5566886150218022,2.2225904008523694,1.5383347625584554,UP,BUY,1.7460956259484794,False,70717.40101607089,0.0024510466647698482,NONE,0.0,70828.124625,0.5
2026-03-15 02:00:00+00:00,2026-03-15 02:00:00+00:00,2026-03-15 02:05:00+00:00,2026-03-15 02:05:00+00:00,LONG,LONG,4.25,"['delta_strong_positive', 'cvd_strong_positive', 'aggressive_buyers', 'above_vwap']",71159.8,71248.74975,24.49361487394051,WIN,1,1.0,0.776843105236367,0.23046720198763906,0.49999999999999867,0.5,take_profit,2.5099199481825516,4.132109657434574,3.9256016088101258,3.728841604758375,UP,BUY,1.9557330299145916,False,71030.38718146842,0.0021700147069911757,NONE,0.0,71248.74975,0.5
2026-03-15 02:45:00+00:00,2026-03-15 02:45:00+00:00,2026-03-15 02:50:00+00:00,2026-03-15 02:50:00+00:00,LONG,LONG,4.25,"['delta_strong_positive', 'cvd_strong_positive', 'aggressive_buyers', 'above_vwap']",71576.2,71397.2595,-49.10969782225002,LOSS,1,1.0,0.08215021194194211,1.2361650939837383,-0.9999999999999832,0.5,stop_loss,2.5117509337485315,3.195873978559621,3.1563766481006232,2.0541675109525084,UP,BUY,2.0663049222656817,False,71168.20883012355,0.0065128811772776655,NONE,0.0,71665.67025,0.5
2026-03-15 05:15:00+00:00,2026-03-15 05:15:00+00:00,2026-03-15 05:20:00+00:00,2026-03-15 05:50:00+00:00,LONG,LONG,4.25,"['delta_strong_positive', 'cvd_strong_positive', 'aggressive_buyers', 'above_vwap']",71639.9,71460.80025,-48.86414933313794,LOSS,7,30.0,0.27414890305545275,1.0346189762966636,-0.9999999999999661,0.5,stop_loss,2.999192179079772,3.3112317841490495,3.124774377635779,1.5453188560383517,UP,BUY,2.2141133274602356,False,71316.90461067733,0.0037235091291558243,NONE,0.0,71729.44987499999,0.5
2026-03-15 07:10:00+00:00,2026-03-15 07:10:00+00:00,2026-03-15 07:15:00+00:00,2026-03-15 07:45:00+00:00,LONG,LONG,3.5,"['delta_strong_positive', 'cvd_strong_positive', 'above_vwap']",71576.8,71397.85800000001,-48.61982858647267,LOSS,7,30.0,0.26936102200711454,1.1294162354282717,-0.9999999999999746,0.5,stop_loss,3.4841962181843553,3.723331941701895,2.399320534389593,1.9695577530637167,UP,BUY,1.2851754110825186,False,71363.52265359835,0.001327812987031134,NONE,0.0,71666.27100000001,0.5
2026-03-15 09:00:00+00:00,2026-03-15 09:00:00+00:00,2026-03-15 09:05:00+00:00,2026-03-15 11:25:00+00:00,LONG,LONG,4.25,"['delta_strong_positive', 'cvd_strong_positive', 'aggressive_buyers', 'above_vwap']",71815.6,71636.061,-48.37672944354269,LOSS,29,140.0,0.4583962258895747,1.131787522488215,-1.0000000000000238,0.5,stop_loss,3.966775237093438,3.9961138031665637,3.662526120378421,3.422225450429548,UP,BUY,1.8793403472126846,False,71403.99265051528,0.003631421271489898,NONE,0.0,71905.3695,0.5
2026-03-15 11:40:00+00:00,2026-03-15 11:40:00+00:00,2026-03-15 11:45:00+00:00,2026-03-15 11:50:00+00:00,LONG,LONG,4.25,"['delta_strong_positive', 'cvd_strong_positive', 'aggressive_buyers', 'above_vwap']",71717.0,71806.64625,24.067422898163326,WIN,2,5.0,0.741804593053251,0.11824253663704333,0.5000000000000292,0.5,take_profit,3.966775237093438,1.8706564205869702,2.82854432232904,2.1346559049435063,UP,BUY,3.432118886738424,False,71469.94488499517,0.00011654902053706899,NONE,0.0,71806.64625,0.5
2026-03-16 03:20:00+00:00,2026-03-16 03:20:00+00:00,2026-03-16 03:25:00+00:00,2026-03-16 03:30:00+00:00,LONG,LONG,4.25,"['delta_strong_positive', 'cvd_strong_positive', 'aggressive_buyers', 'above_vwap']",72808.6,72899.61075,24.127591455407657,WIN,2,5.0,5.243336638803625,0.5960834297047326,0.5000000000000069,0.5,take_profit,3.966775237093438,3.275311552357701,3.3942565950963086,2.485923993482755,UP,BUY,2.5980062322477457,False,72593.55414988217,0.0030247189339962337,NONE,0.0,72899.61075,0.5
2026-03-16 06:05:00+00:00,2026-03-16 06:05:00+00:00,2026-03-16 06:10:00+00:00,2026-03-16 06:10:00+00:00,SHORT,SHORT,-3.75,"['delta_strong_negative', 'cvd_strong_negative', 'aggressive_sellers']",73687.8,73595.69025,24.1879104340467,WIN,1,1.0,0.7496491956606429,0.358811092202461,0.5000000000000177,0.5,take_profit,3.966775237093438,-0.12676279208848557,-2.122374857157727,-1.9539245314089668,DOWN,SELL,0.41600633689720784,False,73578.14493927732,-0.0005462244780575263,NONE,0.0,73595.69025,0.5
2026-03-16 07:35:00+00:00,2026-03-16 07:35:00+00:00,2026-03-16 07:40:00+00:00,2026-03-16 07:50:00+00:00,SHORT,SHORT,-4.25,"['delta_strong_negative', 'cvd_strong_negative', 'aggressive_sellers', 'below_vwap']",73442.5,73350.696875,24.248380210132495,WIN,3,10.0,0.5261258807911268,0.6454028661878339,0.5000000000000316,0.5,take_profit,3.966775237093438,1.6713101056316833,-2.1866087278001682,-1.5446540244958595,DOWN,SELL,0.5233379350208921,False,73590.20677520502,-0.005399466633753804,NONE,0.0,73350.696875,0.5
2026-03-16 08:40:00+00:00,2026-03-16 08:40:00+00:00,2026-03-16 08:45:00+00:00,2026-03-16 08:45:00+00:00,SHORT,SHORT,-4.25,"['delta_strong_negative', 'cvd_strong_negative', 'aggressive_sellers', 'below_vwap']",72871.5,73053.67875,-48.61800232131428,LOSS,1,1.0,0.09496167912011093,1.3964307033613643,-1.000000000000035,0.5,stop_loss,3.966775237093438,3.5770293150294292,-3.253173189097184,-2.428194110945924,DOWN,SELL,0.5779401291638845,False,73563.36105431049,-0.012155098056912958,NONE,0.0,72780.410625,0.5
2026-03-16 10:50:00+00:00,2026-03-16 10:50:00+00:00,2026-03-16 10:55:00+00:00,2026-03-16 10:55:00+00:00,LONG,LONG,3.0,"['delta_strong_positive', 'cvd_strong_positive']",73519.1,73610.998875,24.18745615485273,WIN,1,1.0,1.3264580224730083,0.0,0.4999999999999943,0.5,take_profit,3.966775237093438,3.209494568443545,2.4199664495231663,1.7604944355872936,UP,BUY,1.4343801428203695,False,73523.58282601082,0.002617172426284079,NONE,0.0,73610.998875,0.5
2026-03-17 00:05:00+00:00,2026-03-17 00:05:00+00:00,2026-03-17 00:10:00+00:00,2026-03-17 00:10:00+00:00,LONG,LONG,4.25,"['delta_strong_positive', 'cvd_strong_positive', 'aggressive_buyers', 'above_vwap']",74989.3,75083.03662500001,24.24792479524143,WIN,1,1.0,2.4142110941160473,0.0005334094331101678,0.5000000000000268,0.5,take_profit,3.966775237093438,3.7968468585244852,4.075156098331277,3.2920547254740056,UP,BUY,2.619194956983629,False,74879.12542439223,0.005779651894176409,NONE,0.0,75083.03662500001,0.5
2026-03-17 03:30:00+00:00,2026-03-17 03:30:00+00:00,2026-03-17 03:35:00+00:00,2026-03-17 03:40:00+00:00,SHORT,SHORT,-4.25,"['delta_strong_negative', 'cvd_strong_negative', 'aggressive_sellers', 'below_vwap']",74556.9,74463.70387499999,24.308544607228818,WIN,2,5.0,1.4195869195204804,0.3755520951112506,0.5000000000000119,0.5,take_profit,3.966775237093438,2.1080824920240193,-2.5798097572421543,-2.1042984703444154,DOWN,SELL,0.5164771443808175,False,75269.28103401943,-0.009147923655333385,NONE,0.0,74463.70387499999,0.5
2026-03-17 05:35:00+00:00,2026-03-17 05:35:00+00:00,2026-03-17 05:40:00+00:00,2026-03-17 05:40:00+00:00,SHORT,SHORT,-4.25,"['delta_strong_negative', 'cvd_strong_negative', 'aggressive_sellers', 'below_vwap']",74091.8,73999.18525000001,24.369315968744562,WIN,1,1.0,1.450092992746867,0.24456147643870393,0.49999999999996414,0.5,take_profit,3.966775237093438,0.37634208598981733,-2.822596269877821,-2.2302759230836187,DOWN,SELL,0.487342435226966,False,74935.35369135959,-0.007586954463593141,NONE,0.0,73999.18525000001,0.5
2026-03-17 09:25:00+00:00,2026-03-17 09:25:00+00:00,2026-03-17 09:30:00+00:00,2026-03-17 09:45:00+00:00,LONG,LONG,3.0,"['delta_strong_positive', 'cvd_strong_positive']",74264.8,74079.138,-48.86047851733545,LOSS,4,15.0,0.1395008133058686,1.027673945126105,-0.9999999999999818,0.5,stop_loss,3.966775237093438,3.625485397783668,2.4085321668037984,2.456174812205138,UP,BUY,1.3719431029715323,False,74742.89257945598,0.0019126341610958973,NONE,0.0,74357.63100000001,0.5
2026-03-17 10:05:00+00:00,2026-03-17 10:05:00+00:00,2026-03-17 10:10:00+00:00,2026-03-17 10:25:00+00:00,SHORT,SHORT,-4.25,"['delta_strong_negative', 'cvd_strong_negative', 'aggressive_sellers', 'below_vwap']",73623.1,73807.15775000001,-48.61617612475156,LOSS,4,15.0,0.4514887311183898,1.030111473165304,-1.000000000000039,0.5,stop_loss,3.966775237093438,3.679257253534507,-3.6137892717725784,-3.1977817796176824,DOWN,SELL,0.571257168111656,False,74692.52122379982,-0.0064143509170465525,NONE,0.0,73531.071125,0.5
2026-03-17 10:40:00+00:00,2026-03-17 10:40:00+00:00,2026-03-17 10:45:00+00:00,2026-03-17 11:05:00+00:00,LONG,LONG,4.25,"['delta_strong_positive', 'cvd_strong_positive', 'aggressive_buyers', 'big_trade_buy']",73710.0,73802.1375,24.186547622062186,WIN,5,20.0,1.0809930809930652,0.5388685388685547,0.4999999999999841,0.5,take_profit,3.966775237093438,0.4626252953958001,2.3737881420207567,1.5619399967787666,UP,BUY,3.20922340487634,True,74635.50973062257,-0.0038419271491036367,NONE,0.0,73802.1375,0.5
2026-03-18 03:20:00+00:00,2026-03-18 03:20:00+00:00,2026-03-18 03:25:00+00:00,2026-03-18 03:25:00+00:00,LONG,LONG,4.25,"['delta_strong_positive', 'cvd_strong_positive', 'aggressive_buyers', 'above_vwap']",74461.7,74554.777125,24.247013991117107,WIN,1,1.0,0.6779324135763599,0.13322285147936677,0.4999999999999794,0.5,take_profit,3.966775237093438,2.8920741262786938,3.001410113272639,1.6074552984240054,UP,BUY,2.3838282942731626,False,73983.95582894718,0.006479143279735208,NONE,0.0,74554.777125,0.5
2026-03-18 10:35:00+00:00,2026-03-18 10:35:00+00:00,2026-03-18 10:40:00+00:00,2026-03-18 10:40:00+00:00,SHORT,SHORT,-4.25,"['delta_strong_negative', 'cvd_strong_negative', 'aggressive_sellers', 'below_vwap']",73947.9,73855.46512499999,24.30763152609756,WIN,1,1.0,0.6918384430118729,0.2277279003190399,0.5000000000000341,0.5,take_profit,3.966775237093438,2.526218348105314,-2.039954390206146,-1.678618434807969,DOWN,SELL,0.5350188361302133,False,74036.84313315296,-0.00024062055069779884,NONE,0.0,73855.46512499999,0.5
2026-03-18 11:30:00+00:00,2026-03-18 11:30:00+00:00,2026-03-18 11:35:00+00:00,2026-03-18 11:35:00+00:00,SHORT,SHORT,-3.5,"['delta_strong_negative', 'cvd_strong_negative', 'below_vwap']",73153.1,73061.65862500001,24.368400604909777,WIN,1,1.0,2.297646989669674,0.058507431674103154,0.499999999999972,0.5,take_profit,3.966775237093438,4.031247473899201,-2.932200346797738,-3.2374934461098652,DOWN,SELL,0.8581330033797483,False,73913.37528042436,-0.007879743944742338,NONE,0.0,73061.65862500001,0.5
2026-03-19 03:15:00+00:00,2026-03-19 03:15:00+00:00,2026-03-19 03:20:00+00:00,2026-03-19 03:30:00+00:00,LONG,LONG,4.25,"['delta_strong_positive', 'cvd_strong_positive', 'aggressive_buyers', 'above_vwap']",71543.4,71364.54149999999,-48.85864321284741,LOSS,3,10.0,0.036900678469325314,1.2898464428584446,-1.0000000000000115,0.5,stop_loss,3.966775237093438,4.18937660269935,4.135505859417106,3.7589699963940144,UP,BUY,2.3530048190838637,False,71150.50406415865,0.005345268057808727,NONE,0.0,71632.82925,0.5
2026-03-19 04:05:00+00:00,2026-03-19 04:05:00+00:00,2026-03-19 04:10:00+00:00,2026-03-19 04:25:00+00:00,SHORT,SHORT,-4.25,"['delta_strong_negative', 'cvd_strong_negative', 'aggressive_sellers', 'below_vwap']",70810.0,70721.4875,24.307174998390504,WIN,4,15.0,1.0399661064821681,0.5575483688744363,0.49999999999998357,0.5,take_profit,3.966775237093438,2.6358611873996014,-2.202118416306515,-1.7590087935800454,DOWN,SELL,0.5704172680367191,False,71160.29368081951,-0.004893596909530739,NONE,0.0,70721.4875,0.5
2026-03-19 06:30:00+00:00,2026-03-19 06:30:00+00:00,2026-03-19 06:35:00+00:00,2026-03-19 06:55:00+00:00,SHORT,SHORT,-4.25,"['delta_strong_negative', 'cvd_strong_negative', 'aggressive_sellers', 'below_vwap']",70603.4,70515.14575,24.367942935886763,WIN,5,20.0,0.7671018676154077,0.5829747575896274,0.49999999999998945,0.5,take_profit,3.966775237093438,2.783037716796108,-2.1695966466028187,-1.7421372257386931,DOWN,SELL,0.5418458989087225,False,71017.82764013472,-0.005457807783912546,NONE,0.0,70515.14575,0.5
2026-03-19 07:10:00+00:00,2026-03-19 07:10:00+00:00,2026-03-19 07:15:00+00:00,2026-03-19 07:15:00+00:00,SHORT,SHORT,-4.25,"['delta_strong_negative', 'cvd_strong_negative', 'aggressive_sellers', 'below_vwap']",69940.3,69852.874625,24.428862793228717,WIN,1,1.0,1.2530686885815807,0.3357148882689785,0.5000000000000353,0.5,take_profit,3.966775237093438,3.7002426217221545,-3.8397724299114673,-3.662397230604942,DOWN,SELL,0.38504471729995327,False,70785.49381953455,-0.010611941198123328,NONE,0.0,69852.874625,0.5
2026-03-19 12:05:00+00:00,2026-03-19 12:05:00+00:00,2026-03-19 12:10:00+00:00,2026-03-19 12:10:00+00:00,SHORT,SHORT,-4.25,"['delta_strong_negative', 'cvd_strong_negative', 'aggressive_sellers', 'below_vwap']",69649.9,69824.02475,-48.97986990042089,LOSS,1,1.0,0.0,1.0681996671926308,-1.0000000000000155,0.5,stop_loss,3.966775237093438,4.117994623763171,-4.087150762455962,-3.9189018823796244,DOWN,SELL,0.4314207864507782,False,70359.56060786599,-0.006184513015603859,NONE,0.0,69562.837625,0.5
2026-03-20 02:30:00+00:00,2026-03-20 02:30:00+00:00,2026-03-20 02:35:00+00:00,2026-03-20 02:40:00+00:00,SHORT,SHORT,-4.25,"['delta_strong_negative', 'cvd_strong_negative', 'aggressive_sellers', 'below_vwap']",70052.0,70227.13,-48.734970550919336,LOSS,2,5.0,0.011420087934677097,1.155712898989289,-1.0000000000000266,0.5,stop_loss,3.966775237093438,1.9310873357817644,-2.623652543043722,-2.640231309331311,DOWN,SELL,0.4128023567410247,False,70240.21623051736,-0.0010378617890830011,NONE,0.0,69964.435,0.5
2026-03-20 04:05:00+00:00,2026-03-20 04:05:00+00:00,2026-03-20 04:10:00+00:00,2026-03-20 04:30:00+00:00,LONG,LONG,4.25,"['delta_strong_positive', 'cvd_strong_positive', 'aggressive_buyers', 'above_vwap']",70888.7,70711.47825,-48.49129569816261,LOSS,5,20.0,0.3171168324429541,1.8146756817376608,-0.999999999999983,0.5,stop_loss,3.966775237093438,2.8169486451481154,3.48697517759583,2.6271513039192715,UP,BUY,2.7849536613767816,False,70403.44663977991,0.006562724205299479,NONE,0.0,70977.310875,0.5
2026-03-20 07:30:00+00:00,2026-03-20 07:30:00+00:00,2026-03-20 07:35:00+00:00,2026-03-20 07:35:00+00:00,LONG,LONG,4.25,"['delta_strong_positive', 'cvd_strong_positive', 'aggressive_buyers', 'above_vwap']",70608.0,70696.26,24.12441960983488,WIN,1,1.0,0.7081350555177883,0.10197144799456152,0.4999999999999703,0.5,take_profit,3.966775237093438,1.4371157012155602,2.7699848217293312,3.205447296161839,UP,BUY,3.014542655756299,False,70473.93534725715,0.00019844918022036065,NONE,0.0,70696.26,0.5
2026-03-20 11:35:00+00:00,2026-03-20 11:35:00+00:00,2026-03-20 11:40:00+00:00,2026-03-20 12:00:00+00:00,SHORT,SHORT,-4.25,"['delta_strong_negative', 'cvd_strong_negative', 'aggressive_sellers', 'below_vwap']",70300.0,70475.75,-48.36946131772181,LOSS,5,20.0,0.1934566145092461,1.4014224751067021,-1.0,0.5,stop_loss,3.9812032806689523,3.126669020936301,-2.8223275306379767,-1.934047195938527,DOWN,SELL,0.6495074432526556,False,70610.397741511,-0.0062595323995723075,NONE,0.0,70212.125,0.5
2026-03-21 02:15:00+00:00,2026-03-21 02:15:00+00:00,2026-03-21 02:20:00+00:00,2026-03-21 02:25:00+00:00,LONG,LONG,3.75,"['delta_strong_positive', 'cvd_strong_positive', 'aggressive_buyers']",70522.1,70610.25262500001,24.06380700556726,WIN,2,5.0,0.8354827777391106,0.06069019498858735,0.5000000000000138,0.5,take_profit,3.9812032806689523,0.16965607627721685,2.3942681418518976,1.6844647918385676,UP,BUY,1.9762702099312233,False,70571.33539841534,-0.0007510067960554107,NONE,0.0,70610.25262500001,0.5
2026-03-21 04:20:00+00:00,2026-03-21 04:20:00+00:00,2026-03-21 04:25:00+00:00,2026-03-21 07:25:00+00:00,LONG,LONG,4.25,"['delta_strong_positive', 'cvd_strong_positive', 'aggressive_buyers', 'above_vwap']",70740.9,70829.32612499999,24.123966523080004,WIN,37,180.0,0.6123755847041975,0.8945320175457032,0.49999999999998945,0.5,take_profit,3.9812032806689523,1.119361538415587,2.3967591170461264,1.7842077261714688,UP,BUY,3.1318086294704557,False,70610.56330800412,0.001854574489489305,NONE,0.0,70829.32612499999,0.5
2026-03-21 08:15:00+00:00,2026-03-21 08:15:00+00:00,2026-03-21 08:20:00+00:00,2026-03-21 08:20:00+00:00,SHORT,SHORT,-4.75,"['delta_strong_negative', 'cvd_strong_negative', 'aggressive_sellers', 'big_trade_sell', 'below_vwap']",70585.9,70497.66762499999,24.1842764393901,WIN,1,1.0,0.6482881141984118,0.02323410199490732,0.500000000000039,0.5,take_profit,3.9812032806689523,2.9619169668310548,-3.0531905625588016,-2.7795652766172547,DOWN,SELL,0.3618524675671717,True,70652.46983938596,-0.0016236050932543105,NONE,0.0,70497.66762499999,0.5
2026-03-21 11:10:00+00:00,2026-03-21 11:10:00+00:00,2026-03-21 11:15:00+00:00,2026-03-21 12:15:00+00:00,SHORT,SHORT,-4.25,"['delta_strong_negative', 'cvd_strong_negative', 'aggressive_sellers', 'below_vwap']",70525.1,70701.41275,-48.48947426097263,LOSS,13,60.0,0.0,1.0713916038403017,-0.9999999999999846,0.5,stop_loss,3.9812032806689523,2.2568338251288718,-3.097099931147144,-2.468134925963638,DOWN,SELL,0.2465193344222816,False,70631.60134459325,-0.0013151046418988141,NONE,0.0,70436.943625,0.5
2026-03-22 02:25:00+00:00,2026-03-22 02:25:00+00:00,2026-03-22 02:30:00+00:00,2026-03-22 03:00:00+00:00,LONG,LONG,4.25,"['delta_strong_positive', 'cvd_strong_positive', 'aggressive_buyers', 'above_vwap']",69314.7,69141.41325,-48.247026889668334,LOSS,7,30.0,0.09464081933563145,1.3526712226987592,-0.999999999999996,0.5,stop_loss,4.224249329527656,3.5513668455457488,3.616016645112833,3.104864175763102,UP,BUY,2.127324968842456,False,68806.51193696937,0.004033484747787083,NONE,0.0,69401.343375,0.5
2026-03-22 07:35:00+00:00,2026-03-22 07:35:00+00:00,2026-03-22 07:40:00+00:00,2026-03-22 07:40:00+00:00,SHORT,SHORT,-4.25,"['delta_strong_negative', 'cvd_strong_negative', 'aggressive_sellers', 'below_vwap']",68963.4,68877.19575,24.00289587760876,WIN,1,1.0,0.5283962217639576,0.21228651719611172,0.4999999999999724,0.5,take_profit,4.224249329527656,3.023368152485934,-3.606025120530995,-2.3199095485820123,DOWN,SELL,0.18489042196547809,False,68985.81404508287,-0.0036350414316996603,NONE,0.0,68877.19575,0.5
2026-03-22 11:25:00+00:00,2026-03-22 11:25:00+00:00,2026-03-22 11:30:00+00:00,2026-03-22 11:40:00+00:00,SHORT,SHORT,-4.25,"['delta_strong_negative', 'cvd_strong_negative', 'aggressive_sellers', 'below_vwap']",68374.1,68288.632375,24.06290311730545,WIN,3,10.0,0.7839225671709024,0.5937920937898999,0.5000000000000279,0.5,take_profit,4.224249329527656,4.162216201635669,-4.021189261939596,-3.0713835582190994,DOWN,SELL,0.4971088432578849,False,68904.9492660181,-0.00505747995028151,NONE,0.0,68288.632375,0.5
2026-03-23 02:25:00+00:00,2026-03-23 02:25:00+00:00,2026-03-23 02:30:00+00:00,2026-03-23 02:40:00+00:00,LONG,LONG,4.25,"['delta_strong_positive', 'cvd_strong_positive', 'aggressive_buyers', 'above_vwap']",68235.8,68321.09475,24.123060375097634,WIN,3,10.0,0.8206835707942165,0.439065710374957,0.5000000000000054,0.5,take_profit,4.224249329527656,3.219608024133405,3.0502056041134487,1.6080763401847444,UP,BUY,1.8514107258676111,False,67864.50357446395,0.0042481326358763455,NONE,0.0,68321.09475,0.5
2026-03-23 04:50:00+00:00,2026-03-23 04:50:00+00:00,2026-03-23 04:55:00+00:00,2026-03-23 05:00:00+00:00,LONG,LONG,4.25,"['delta_strong_positive', 'cvd_strong_positive', 'aggressive_buyers', 'above_vwap']",68443.8,68529.35475,24.183368026033897,WIN,2,5.0,1.9472910621560877,0.23201517157140364,0.4999999999999748,0.5,take_profit,4.224249329527656,3.453030496908545,2.876210921512403,2.3342238739116077,UP,BUY,1.8523046538613714,False,68014.24962297858,0.0049273765977243585,NONE,0.0,68529.35475,0.5
2026-03-23 06:40:00+00:00,2026-03-23 06:40:00+00:00,2026-03-23 06:45:00+00:00,2026-03-23 06:45:00+00:00,SHORT,SHORT,-3.5,"['delta_strong_negative', 'cvd_strong_negative', 'below_vwap']",67786.9,67702.166375,24.243826446098335,WIN,1,1.0,0.7895330808754398,0.7854024892715603,0.4999999999999616,0.5,take_profit,4.224249329527656,3.502082044592401,-2.264179437839897,-2.080242412458556,DOWN,SELL,0.7269602321942763,False,68188.78549895776,-0.008807447242731135,NONE,0.0,67702.166375,0.5
2026-03-23 09:55:00+00:00,2026-03-23 09:55:00+00:00,2026-03-23 10:00:00+00:00,2026-03-23 10:00:00+00:00,LONG,LONG,4.25,"['delta_strong_positive', 'cvd_strong_positive', 'aggressive_buyers', 'above_vwap']",68304.9,68390.281125,24.304436012215415,WIN,1,1.0,0.6629099815680084,0.2201891811567912,0.49999999999999933,0.5,take_profit,4.224249329527656,-0.4520268010428184,2.52127428366966,2.757822790307754,UP,BUY,2.459872826963072,False,68160.33027395362,0.002392184939616235,NONE,0.0,68390.281125,0.5
2026-03-23 11:05:00+00:00,2026-03-23 11:05:00+00:00,2026-03-23 11:10:00+00:00,2026-03-23 11:10:00+00:00,LONG,LONG,4.75,"['delta_strong_positive', 'cvd_strong_positive', 'aggressive_buyers', 'big_trade_buy', 'above_vwap']",71194.0,71016.015,-48.730394204492114,LOSS,1,1.0,1.5394555720987722,2.21872629715984,-1.000000000000003,0.5,stop_loss,4.224249329527656,4.242489979423901,4.2376010756077545,4.187527555808773,UP,BUY,1.5195619661296522,True,68735.73488875564,0.027601053630963386,NONE,0.0,71282.9925,0.5
2026-03-24 00:30:00+00:00,2026-03-24 00:30:00+00:00,2026-03-24 00:35:00+00:00,2026-03-24 00:35:00+00:00,SHORT,SHORT,-4.25,"['delta_strong_negative', 'cvd_strong_negative', 'aggressive_sellers', 'below_vwap']",70623.9,70535.620125,24.243371116732803,WIN,1,1.0,1.3932960371772163,0.30414633006679975,0.49999999999995987,0.5,take_profit,4.224249329527656,1.369033635552972,-2.5146965036370896,-2.3229705307517694,DOWN,SELL,0.6501279091991709,False,70798.24049963753,-0.0016391677809120566,NONE,0.0,70535.620125,0.5
2026-03-24 04:30:00+00:00,2026-03-24 04:30:00+00:00,2026-03-24 04:35:00+00:00,2026-03-24 04:45:00+00:00,SHORT,SHORT,-4.25,"['delta_strong_negative', 'cvd_strong_negative', 'aggressive_sellers', 'below_vwap']",70352.7,70264.759125,24.303979544526648,WIN,3,10.0,0.5162559503757662,0.0,0.5000000000000013,0.5,take_profit,4.224249329527656,2.777877713600338,-2.6831380048522124,-3.3161441957074906,DOWN,SELL,0.4808831687991356,False,70581.78042765088,-0.0023597951325891376,NONE,0.0,70264.759125,0.5
2026-03-24 05:00:00+00:00,2026-03-24 05:00:00+00:00,2026-03-24 05:05:00+00:00,2026-03-24 05:20:00+00:00,SHORT,SHORT,-4.25,"['delta_strong_negative', 'cvd_strong_negative', 'aggressive_sellers', 'below_vwap']",70170.5,70082.786875,24.36473949338644,WIN,4,15.0,0.5415381107445436,0.8824221004553361,0.49999999999997014,0.5,take_profit,4.224249329527656,2.3721367590179323,-3.01254514176753,-1.7739590835940804,DOWN,SELL,0.38328314340308584,False,70549.99717234992,-0.004296213256564239,NONE,0.0,70082.786875,0.5
2026-03-24 07:10:00+00:00,2026-03-24 07:10:00+00:00,2026-03-24 07:15:00+00:00,2026-03-24 07:15:00+00:00,LONG,LONG,3.5,"['delta_strong_positive', 'cvd_strong_positive', 'above_vwap']",70794.8,70883.2935,24.425651342120496,WIN,1,1.0,0.8294394503551271,0.2813765982812461,0.4999999999999822,0.5,take_profit,4.224249329527656,3.052404701486683,2.2079318637742507,1.8613371979032516,UP,BUY,1.3548123308149165,False,70503.25980784686,0.005373583076946044,NONE,0.0,70883.2935,0.5
2026-03-24 07:55:00+00:00,2026-03-24 07:55:00+00:00,2026-03-24 08:00:00+00:00,2026-03-24 08:05:00+00:00,LONG,LONG,4.25,"['delta_strong_positive', 'cvd_strong_positive', 'aggressive_buyers', 'above_vwap']",71255.2,71077.06199999999,-48.97343094095506,LOSS,2,5.0,0.3317652606406596,1.0671501869336766,-1.0000000000000353,0.5,stop_loss,4.224249329527656,3.397965420997988,3.5911329850824405,3.2919194848452564,UP,BUY,2.28912023724711,False,70613.03967293557,0.008881537448915731,NONE,0.0,71344.269,0.5
2026-03-25 00:40:00+00:00,2026-03-25 00:40:00+00:00,2026-03-25 00:45:00+00:00,2026-03-25 01:05:00+00:00,LONG,LONG,4.25,"['delta_strong_positive', 'cvd_strong_positive', 'aggressive_buyers', 'above_vwap']",70893.7,70716.46575,-48.72856378624692,LOSS,5,20.0,0.3853656954003129,1.316336994683606,-0.9999999999999665,0.5,stop_loss,4.224249329527656,1.7905419686164632,2.1324407303509325,2.245324779817168,UP,BUY,1.9353322105373836,False,70751.1573529585,0.006615717446718414,NONE,0.0,70982.317125,0.5
2026-03-25 05:05:00+00:00,2026-03-25 05:05:00+00:00,2026-03-25 05:10:00+00:00,2026-03-25 05:10:00+00:00,LONG,LONG,3.5,"['delta_strong_positive', 'cvd_strong_positive', 'above_vwap']",71175.0,71263.96875,24.242460483658665,WIN,1,1.0,0.8143308746048145,0.08991921320688444,0.5,0.5,take_profit,4.224249329527656,4.112429477443959,2.854671118745546,2.545607522764179,UP,BUY,1.3528944565435856,False,70738.72609545986,0.006353507431489185,NONE,0.0,71263.96875,0.5
2026-03-25 06:55:00+00:00,2026-03-25 06:55:00+00:00,2026-03-25 07:00:00+00:00,2026-03-25 07:30:00+00:00,SHORT,SHORT,-3.75,"['delta_strong_negative', 'cvd_strong_negative', 'aggressive_sellers']",70962.8,71140.20700000001,-48.60613326973739,LOSS,7,30.0,0.2632365126516828,1.1701905787257056,-1.0000000000000366,0.5,stop_loss,4.224249329527656,2.3520570748609533,-2.0856004270189237,-2.3431625316073035,DOWN,SELL,0.440730026302988,False,70839.44679399424,0.0003737075018255081,NONE,0.0,70874.0965,0.5
2026-03-25 08:30:00+00:00,2026-03-25 08:30:00+00:00,2026-03-25 08:35:00+00:00,2026-03-25 08:35:00+00:00,LONG,LONG,4.25,"['delta_strong_positive', 'cvd_strong_positive', 'aggressive_buyers', 'above_vwap']",71458.8,71280.153,-48.36310260338617,LOSS,1,1.0,0.07276920407283637,1.113928585422649,-0.9999999999999842,0.5,stop_loss,4.224249329527656,3.749127494867392,3.2966334177363157,3.2237350100657984,UP,BUY,1.9515004805983605,False,70892.29196997291,0.005307736564039584,NONE,0.0,71548.1235,0.5
2026-03-25 11:25:00+00:00,2026-03-25 11:25:00+00:00,2026-03-25 11:30:00+00:00,2026-03-25 11:30:00+00:00,LONG,LONG,4.25,"['delta_strong_positive', 'cvd_strong_positive', 'aggressive_buyers', 'above_vwap']",71832.9,71922.691125,24.060643545185908,WIN,1,1.0,0.6515120508847617,0.2116022045608628,0.5000000000000189,0.5,take_profit,4.224249329527656,2.931461151120148,3.3253918661668216,2.9199447772126947,UP,BUY,2.1351459854014596,False,71043.71009030915,0.007242118740035956,NONE,0.0,71922.691125,0.5
2026-03-25 12:15:00+00:00,2026-03-25 12:15:00+00:00,2026-03-25 12:20:00+00:00,2026-03-25 12:20:00+00:00,SHORT,SHORT,-3.75,"['delta_strong_negative', 'cvd_strong_negative', 'aggressive_sellers']",71390.4,71301.162,24.1207951540473,WIN,1,1.0,1.708352943813141,0.0930097043860565,0.4999999999999863,0.5,take_profit,4.224249329527656,2.5104442707353263,-2.472002095615627,-1.7962374518889952,DOWN,SELL,0.6486518263949748,False,71145.72007606541,-0.0016397209464696417,NONE,0.0,71301.162,0.5
2026-03-26 02:30:00+00:00,2026-03-26 02:30:00+00:00,2026-03-26 02:35:00+00:00,2026-03-26 03:20:00+00:00,SHORT,SHORT,-4.25,"['delta_strong_negative', 'cvd_strong_negative', 'aggressive_sellers', 'below_vwap']",70770.7,70682.23662499999,24.181097141934895,WIN,10,45.0,0.5578579836005414,0.9845882547438253,0.5000000000000374,0.5,take_profit,4.224249329527656,3.7580516381708473,-3.44695221279822,-2.698634692704705,DOWN,SELL,0.6476051184674345,False,71111.84915928994,-0.005824456681524639,NONE,0.0,70682.23662499999,0.5
2026-03-26 05:05:00+00:00,2026-03-26 05:05:00+00:00,2026-03-26 05:10:00+00:00,2026-03-26 05:40:00+00:00,SHORT,SHORT,-4.25,"['delta_strong_negative', 'cvd_strong_negative', 'aggressive_sellers', 'below_vwap']",70521.5,70433.348125,24.2415498847868,WIN,7,30.0,1.522939812681239,0.49516814021257577,0.4999999999999769,0.5,take_profit,4.224249329527656,4.195354316893235,-3.9589007855696043,-3.68603665863813,DOWN,SELL,0.49692910268799323,False,70936.08373171095,-0.004670234196911153,NONE,0.0,70433.348125,0.5
2026-03-26 09:30:00+00:00,2026-03-26 09:30:00+00:00,2026-03-26 09:35:00+00:00,2026-03-26 10:15:00+00:00,SHORT,SHORT,-4.25,"['delta_strong_negative', 'cvd_strong_negative', 'aggressive_sellers', 'below_vwap']",69428.0,69601.57,-48.604307519001736,LOSS,9,40.0,0.3572045860459757,1.209886501123466,-1.0000000000000404,0.5,stop_loss,4.224249329527656,4.150121238596498,-4.184527507048447,-4.0165374441966915,DOWN,SELL,0.5318774727254846,False,70334.53018416047,-0.0077794316220039135,NONE,0.0,69341.215,0.5
2026-03-26 11:25:00+00:00,2026-03-26 11:25:00+00:00,2026-03-26 11:30:00+00:00,2026-03-26 12:00:00+00:00,SHORT,SHORT,-4.25,"['delta_strong_negative', 'cvd_strong_negative', 'aggressive_sellers', 'below_vwap']",69282.0,69195.3975,24.180642990700598,WIN,7,30.0,0.5461736093069243,0.7973210935019532,0.499999999999963,0.5,take_profit,4.224249329527656,4.049935784731337,-3.733849198913626,-2.111627866771509,DOWN,SELL,0.5619296642042646,False,70143.5176524751,-0.005267438831976611,NONE,0.0,69195.3975,0.5
2026-03-27 00:05:00+00:00,2026-03-27 00:05:00+00:00,2026-03-27 00:10:00+00:00,2026-03-27 00:20:00+00:00,LONG,LONG,4.25,"['delta_strong_positive', 'cvd_strong_positive', 'aggressive_buyers', 'above_vwap']",68904.4,68732.139,-48.482189196357886,LOSS,3,10.0,0.21943446282096882,1.1703171350450263,-0.9999999999999919,0.5,stop_loss,4.224249329527656,0.5058256057035165,2.6184580461949705,1.5572619130837673,UP,BUY,3.284332108944885,False,68766.51457656715,-0.0008347719067714062,NONE,0.0,68990.5305,0.5
2026-03-27 03:05:00+00:00,2026-03-27 03:05:00+00:00,2026-03-27 03:10:00+00:00,2026-03-27 03:35:00+00:00,SHORT,SHORT,-4.25,"['delta_strong_negative', 'cvd_strong_negative', 'aggressive_sellers', 'below_vwap']",68680.4,68852.101,-48.23977825037676,LOSS,6,25.0,0.293533526304414,1.121717404092031,-1.0000000000000056,0.5,stop_loss,4.238638690163735,3.554853282535542,-3.5733786317841623,-2.4106503262414614,DOWN,SELL,0.5248585304356547,False,68812.7724120445,-0.0017076584340363983,NONE,0.0,68594.5495,0.5
2026-03-27 04:00:00+00:00,2026-03-27 04:00:00+00:00,2026-03-27 04:05:00+00:00,2026-03-27 04:05:00+00:00,SHORT,SHORT,-3.5,"['delta_strong_negative', 'cvd_strong_negative', 'below_vwap']",68499.9,68414.275125,23.999289679560636,WIN,1,1.0,1.417228346318737,0.21313899728320773,0.49999999999996536,0.5,take_profit,4.238638690163735,3.8620746690353047,-2.72048891426356,-2.6009167664116055,DOWN,SELL,0.7214654329541113,False,68766.0803730183,-0.003908349178331391,NONE,0.0,68414.275125,0.5
2026-03-27 07:10:00+00:00,2026-03-27 07:10:00+00:00,2026-03-27 07:15:00+00:00,2026-03-27 07:20:00+00:00,LONG,LONG,4.25,"['delta_strong_positive', 'cvd_strong_positive', 'aggressive_buyers', 'above_vwap']",68830.5,68916.538125,24.05928790376299,WIN,2,5.0,0.5491751476453025,0.3515883220374688,0.5000000000000372,0.5,take_profit,4.238638690163735,3.8342868206353473,3.756666971768319,2.806394407261618,UP,BUY,2.249666047633011,False,68691.67331585953,0.0033879318624987216,NONE,0.0,68916.538125,0.5
2026-03-27 08:25:00+00:00,2026-03-27 08:25:00+00:00,2026-03-27 08:30:00+00:00,2026-03-27 08:35:00+00:00,SHORT,SHORT,-4.25,"['delta_strong_negative', 'cvd_strong_negative', 'aggressive_sellers', 'below_vwap']",68201.0,68115.74875,24.11943612352094,WIN,2,5.0,3.7594756675122065,0.3976481283265812,0.5000000000000069,0.5,take_profit,4.238638690163735,1.0265724319613272,-2.140639489008248,-3.154906812483099,DOWN,SELL,0.40464010917260457,False,68652.23037679274,-0.005734325156814047,NONE,0.0,68115.74875,0.5
2026-03-27 10:35:00+00:00,2026-03-27 10:35:00+00:00,2026-03-27 10:40:00+00:00,2026-03-27 10:40:00+00:00,SHORT,SHORT,-4.25,"['delta_strong_negative', 'cvd_strong_negative', 'aggressive_sellers', 'below_vwap']",66942.8,66859.12150000001,24.179734713827827,WIN,1,1.0,1.3288957139528597,0.36867295661368865,0.4999999999999673,0.5,take_profit,4.238638690163735,4.189518593685443,-4.194223022214162,-4.126364282264331,DOWN,SELL,0.5027064380413822,False,68165.05571077544,-0.013417983343083084,NONE,0.0,66859.12150000001,0.5
2026-03-28 01:10:00+00:00,2026-03-28 01:10:00+00:00,2026-03-28 01:15:00+00:00,2026-03-28 01:35:00+00:00,SHORT,SHORT,-4.25,"['delta_strong_negative', 'cvd_strong_negative', 'aggressive_sellers', 'below_vwap']",66115.7,66033.055375,24.240184050614218,WIN,5,20.0,0.663080024865448,0.8052550301970988,0.5000000000000049,0.5,take_profit,4.238638690163735,3.081371500095049,-3.0417308552213003,-2.280421048442001,DOWN,SELL,0.47312567932481653,False,66317.36373572778,-0.0010193713384683797,NONE,0.0,66033.055375,0.5
2026-03-28 06:15:00+00:00,2026-03-28 06:15:00+00:00,2026-03-28 06:20:00+00:00,2026-03-28 07:55:00+00:00,LONG,LONG,4.25,"['delta_strong_positive', 'cvd_strong_positive', 'aggressive_buyers', 'above_vwap']",66445.4,66528.45675,24.300784510741504,WIN,20,95.0,0.5327682578477969,0.785005433032199,0.5000000000000204,0.5,take_profit,4.238638690163735,2.385191729941739,2.4321356736122866,2.1599775007218827,UP,BUY,2.7189858554334134,False,66194.23530504371,0.004313487128535793,NONE,0.0,66528.45675,0.5
2026-03-29 03:15:00+00:00,2026-03-29 03:15:00+00:00,2026-03-29 03:20:00+00:00,2026-03-29 03:45:00+00:00,LONG,LONG,3.5,"['delta_strong_positive', 'cvd_strong_positive', 'above_vwap']",67021.7,66854.14575,-48.72307294403504,LOSS,6,25.0,0.061472627522148264,1.1960305393625896,-1.0000000000000062,0.5,stop_loss,4.238638690163735,4.068283233893242,2.7598012289075133,1.5539298121159455,UP,BUY,1.4039536362520777,False,66620.55117198733,0.006694469283001454,NONE,0.0,67105.47712499999,0.5
2026-03-29 04:20:00+00:00,2026-03-29 04:20:00+00:00,2026-03-29 04:25:00+00:00,2026-03-29 04:55:00+00:00,SHORT,SHORT,-4.25,"['delta_strong_negative', 'cvd_strong_negative', 'aggressive_sellers', 'big_trade_sell']",66791.3,66707.81087500001,24.239728789655192,WIN,7,30.0,0.6467908245534972,0.17127979242800345,0.49999999999995676,0.5,take_profit,4.238638690163735,0.9529490194795058,-3.282024087786042,-2.9154979125562726,DOWN,SELL,0.21639968821583103,True,66684.41666026846,0.0011658056935142892,NONE,0.0,66707.81087500001,0.5
2026-03-29 05:50:00+00:00,2026-03-29 05:50:00+00:00,2026-03-29 05:55:00+00:00,2026-03-29 06:00:00+00:00,LONG,LONG,4.25,"['delta_strong_positive', 'cvd_strong_positive', 'aggressive_buyers', 'above_vwap']",66752.1,66835.540125,24.300328111629586,WIN,2,5.0,0.5518927494415382,0.08688865219221567,0.4999999999999623,0.5,take_profit,4.238638690163735,2.053606118937486,2.286462215165857,2.596862391804493,UP,BUY,2.8350087319504196,False,66685.9757233791,-0.00037707813960094586,NONE,0.0,66835.540125,0.5
2026-03-29 11:00:00+00:00,2026-03-29 11:00:00+00:00,2026-03-29 11:05:00+00:00,2026-03-29 11:05:00+00:00,LONG,LONG,3.75,"['delta_strong_positive', 'cvd_strong_positive', 'aggressive_buyers']",66655.4,66738.71925,24.361078931910633,WIN,1,1.0,1.0591790012512114,0.12482109476494543,0.5000000000000029,0.5,take_profit,4.238638690163735,1.7680480308055289,3.22267384345099,2.274109160583268,UP,BUY,3.491049177398056,False,66656.04200206656,0.0010567347620177828,NONE,0.0,66738.71925,0.5
2026-03-30 02:40:00+00:00,2026-03-30 02:40:00+00:00,2026-03-30 02:45:00+00:00,2026-03-30 02:45:00+00:00,LONG,LONG,4.25,"['delta_strong_positive', 'cvd_strong_positive', 'aggressive_buyers', 'above_vwap']",67020.9,67104.676125,24.421981629241422,WIN,1,1.0,2.7859966070285713,0.2799126839537767,0.5000000000000236,0.5,take_profit,4.238638690163735,2.99052182115446,2.566292122997702,2.2580549335211555,UP,BUY,1.6605445762363182,False,66528.32416993457,0.014018508910258146,NONE,0.0,67104.676125,0.5
2026-03-30 07:55:00+00:00,2026-03-30 07:55:00+00:00,2026-03-30 08:00:00+00:00,2026-03-30 08:00:00+00:00,LONG,LONG,3.5,"['delta_strong_positive', 'cvd_strong_positive', 'above_vwap']",67595.9,67680.394875,24.48303658331452,WIN,1,1.0,1.0136709474983123,0.1260431475872848,0.5000000000000235,0.5,take_profit,4.238638690163735,3.260773044366494,2.1165813844225183,1.6686692963801713,UP,BUY,1.405259932591155,False,67003.41888153908,0.002258935663208607,NONE,0.0,67680.394875,0.5
2026-03-30 11:00:00+00:00,2026-03-30 11:00:00+00:00,2026-03-30 11:05:00+00:00,2026-03-30 11:20:00+00:00,LONG,LONG,4.25,"['delta_strong_positive', 'cvd_strong_positive', 'aggressive_buyers', 'above_vwap']",67484.9,67569.256125,24.54424417477332,WIN,4,15.0,0.7367574079535002,0.024301732683852353,0.5000000000000339,0.5,take_profit,4.238638690163735,1.3462846342148016,2.6395549283624615,1.8139618660305332,UP,BUY,2.5827207840630657,False,67134.327630352,-0.0015888235647748034,NONE,0.0,67569.256125,0.5
2026-03-31 00:00:00+00:00,2026-03-31 00:00:00+00:00,2026-03-31 00:05:00+00:00,2026-03-31 00:05:00+00:00,SHORT,SHORT,-3.75,"['delta_strong_negative', 'cvd_strong_negative', 'aggressive_sellers']",66785.5,66702.018125,24.605604785207902,WIN,1,1.0,0.8397032289943002,0.0,0.49999999999998607,0.5,take_profit,4.238638690163735,0.8882457783491127,-2.133005368889052,-1.7610749925374167,DOWN,SELL,0.5071660619269936,False,66749.33333333333,0.0013023460749207918,NONE,0.0,66702.018125,0.5
2026-03-31 00:45:00+00:00,2026-03-31 00:45:00+00:00,2026-03-31 00:50:00+00:00,2026-03-31 00:50:00+00:00,LONG,LONG,4.25,"['delta_strong_positive', 'cvd_strong_positive', 'aggressive_buyers', 'above_vwap']",67222.2,67054.1445,-49.33423759434387,LOSS,1,1.0,0.06366944253533559,1.500694710973441,-1.0000000000000133,0.5,stop_loss,4.238638690163735,4.112254997188621,3.869742479266737,3.045571486171873,UP,BUY,1.9838427186488377,False,66899.39716344199,0.006731432562932429,NONE,0.0,67306.22774999999,0.5
2026-03-31 01:30:00+00:00,2026-03-31 01:30:00+00:00,2026-03-31 01:35:00+00:00,2026-03-31 01:35:00+00:00,LONG,LONG,4.25,"['delta_strong_positive', 'cvd_strong_positive', 'aggressive_buyers', 'above_vwap']",68297.5,68126.75625,-49.08756640636983,LOSS,1,1.0,0.3080639847725367,1.3365057286137683,-0.999999999999966,0.5,stop_loss,4.238638690163735,3.4815054782245873,3.12741834787541,2.6048779722069915,UP,BUY,1.5800625762678346,False,67461.3476487413,0.016069690072507616,NONE,0.0,68382.871875,0.5
2026-03-31 07:10:00+00:00,2026-03-31 07:10:00+00:00,2026-03-31 07:15:00+00:00,2026-03-31 07:15:00+00:00,SHORT,SHORT,-4.25,"['delta_strong_negative', 'cvd_strong_negative', 'aggressive_sellers', 'below_vwap']",67267.2,67183.116,24.42106428717057,WIN,1,1.0,1.1613386613386787,0.042814328528596936,0.5000000000000152,0.5,take_profit,4.238638690163735,2.1304837249982183,-2.523627882191419,-1.8354330941002481,DOWN,SELL,0.5349918236926817,False,67630.6981327398,-0.004469520311704634,NONE,0.0,67183.116,0.5
2026-03-31 08:40:00+00:00,2026-03-31 08:40:00+00:00,2026-03-31 08:45:00+00:00,2026-03-31 08:45:00+00:00,SHORT,SHORT,-4.75,"['delta_strong_negative', 'cvd_strong_negative', 'aggressive_sellers', 'big_trade_sell', 'below_vwap']",66818.9,66735.37637499999,24.482116947888233,WIN,1,1.0,0.9811595222309507,0.5459533156038884,0.5000000000000098,0.5,take_profit,4.238638690163735,3.7729981089655587,-3.583657413703654,-2.421348478598084,DOWN,SELL,0.48544189325615683,True,67540.72082284339,-0.007384545464703247,NONE,0.0,66735.37637499999,0.5
2026-04-01 03:05:00+00:00,2026-04-01 03:05:00+00:00,2026-04-01 03:10:00+00:00,2026-04-01 03:45:00+00:00,LONG,LONG,4.25,"['delta_strong_positive', 'cvd_strong_positive', 'aggressive_buyers', 'above_vwap']",68032.3,68117.340375,24.54332224025656,WIN,8,35.0,1.0712558593491448,0.9395537119868232,0.49999999999998146,0.5,take_profit,4.238638690163735,2.4728468583216143,3.136897734812848,2.7022778323738694,UP,BUY,2.482267321980273,False,67934.01896061897,0.0008412648917093124,NONE,0.0,68117.340375,0.5
2026-04-01 05:25:00+00:00,2026-04-01 05:25:00+00:00,2026-04-01 05:30:00+00:00,2026-04-01 06:05:00+00:00,LONG,LONG,4.25,"['delta_strong_positive', 'cvd_strong_positive', 'aggressive_buyers', 'above_vwap']",68553.0,68638.69125,24.60468054585912,WIN,8,35.0,0.5659854419208495,0.8694003180021298,0.5000000000000204,0.5,take_profit,4.238638690163735,3.2508799099732095,2.2015002888147652,2.2393633347133446,UP,BUY,1.5740100440070388,False,68080.04800227698,0.0069914755100013715,NONE,0.0,68638.69125,0.5
2026-04-01 06:35:00+00:00,2026-04-01 06:35:00+00:00,2026-04-01 06:40:00+00:00,2026-04-01 06:40:00+00:00,LONG,LONG,4.75,"['delta_strong_positive', 'cvd_strong_positive', 'aggressive_buyers', 'big_trade_buy', 'above_vwap']",68940.0,69026.175,24.6661922472236,WIN,1,1.0,1.624601102407891,0.0,0.5000000000000169,0.5,take_profit,4.238638690163735,2.404462830206952,2.5273173503716504,2.0318414224868997,UP,BUY,1.9347759563843578,True,68248.84069370378,0.007909988183569068,NONE,0.0,69026.175,0.5
2026-04-01 12:00:00+00:00,2026-04-01 12:00:00+00:00,2026-04-01 12:05:00+00:00,2026-04-01 12:30:00+00:00,SHORT,SHORT,-4.25,"['delta_strong_negative', 'cvd_strong_negative', 'aggressive_sellers', 'below_vwap']",68468.8,68383.214,24.727857727839577,WIN,6,25.0,0.6344495595074301,0.9832215549272247,0.49999999999997485,0.5,take_profit,4.238638690163735,3.060644159229845,-2.916694669707228,-2.0027086770010207,DOWN,SELL,0.6367815494896502,False,68471.37514197263,-0.0013350701472628708,NONE,0.0,68383.214,0.5
2026-04-02 00:10:00+00:00,2026-04-02 00:10:00+00:00,2026-04-02 00:15:00+00:00,2026-04-02 00:30:00+00:00,LONG,LONG,4.25,"['delta_strong_positive', 'cvd_strong_positive', 'aggressive_buyers', 'above_vwap']",68177.3,68262.52162500001,24.789677372162043,WIN,4,15.0,0.5321419299385401,0.4535233868164501,0.5000000000000328,0.5,take_profit,4.238638690163735,2.1458309514430063,2.9570002640078843,2.3176517678641133,UP,BUY,2.8566336555455725,False,68123.36600099734,-0.00019732518507527182,NONE,0.0,68262.52162500001,0.5
2026-04-02 01:05:00+00:00,2026-04-02 01:05:00+00:00,2026-04-02 01:10:00+00:00,2026-04-02 01:10:00+00:00,SHORT,SHORT,-3.5,"['delta_strong_negative', 'cvd_strong_negative', 'below_vwap']",68135.1,68305.43775000001,-49.703303131183404,LOSS,1,1.0,0.49607324271924447,1.7418335043171407,-1.0000000000000353,0.5,stop_loss,4.238638690163735,4.0965492495362374,-2.7742770651919133,-2.859396864765986,DOWN,SELL,0.8537853928568413,False,68183.63373275269,-0.0009189935483389829,NONE,0.0,68049.931125,0.5
2026-04-02 09:00:00+00:00,2026-04-02 09:00:00+00:00,2026-04-02 09:05:00+00:00,2026-04-02 09:05:00+00:00,SHORT,SHORT,-4.25,"['delta_strong_negative', 'cvd_strong_negative', 'aggressive_sellers', 'below_vwap']",66400.8,66317.799,24.727393307764007,WIN,1,1.0,0.8722786472452314,0.03192732617681058,0.5000000000000231,0.5,take_profit,4.238638690163735,2.9034327884796087,-2.342693562793223,-1.6064300131879314,DOWN,SELL,0.5750341507838418,False,67074.29221249357,-0.002776272884625479,NONE,0.0,66317.799,0.5
2026-04-02 12:20:00+00:00,2026-04-02 12:20:00+00:00,2026-04-02 12:25:00+00:00,2026-04-02 12:55:00+00:00,SHORT,SHORT,-3.5,"['delta_strong_negative', 'cvd_strong_negative', 'below_vwap']",66103.0,66020.37125,24.78921179103332,WIN,7,30.0,0.8520036912091912,0.6432385822126252,0.5000000000000212,0.5,take_profit,4.238638690163735,3.0444874369568797,-3.537654843933777,-2.9339557255644437,DOWN,SELL,0.7441846990422883,False,66917.70551797867,-0.0028984618910665835,NONE,0.0,66020.37125,0.5
2026-04-03 00:45:00+00:00,2026-04-03 00:45:00+00:00,2026-04-03 00:50:00+00:00,2026-04-03 01:30:00+00:00,SHORT,SHORT,-4.25,"['delta_strong_negative', 'cvd_strong_negative', 'aggressive_sellers', 'below_vwap']",66706.2,66872.96549999999,-49.702369641017945,LOSS,9,40.0,0.21107483262423637,1.0499773634235248,-0.9999999999999643,0.5,stop_loss,4.238638690163735,3.021282370514997,-3.2179129259101042,-3.2437693475471927,DOWN,SELL,0.36116472667301625,False,66819.35775313886,-0.002452299374490204,NONE,0.0,66622.81725,0.5
2026-04-03 02:10:00+00:00,2026-04-03 02:10:00+00:00,2026-04-03 02:15:00+00:00,2026-04-03 02:15:00+00:00,SHORT,SHORT,-3.25,"['delta_strong_negative', 'cvd_strong_negative', 'aggressive_sellers', 'big_trade_sell', 'below_vwap', 'sell_absorption']",66479.6,66645.799,-49.45385779281261,LOSS,1,1.0,0.03489792357356488,1.4867718819005604,-0.9999999999999594,0.5,stop_loss,4.238638690163735,1.962116222071267,-2.093524010359842,-1.5217596198606684,DOWN,SELL,0.4258193750018053,True,66655.12123578097,-0.0037343040285776007,SELL_ABSORPTION,1.0,66396.50050000001,0.5
2026-04-03 05:15:00+00:00,2026-04-03 05:15:00+00:00,2026-04-03 05:20:00+00:00,2026-04-03 05:30:00+00:00,SHORT,SHORT,-4.25,"['delta_strong_negative', 'cvd_strong_negative', 'aggressive_sellers', 'below_vwap']",66488.1,66654.32025,-49.206588503850114,LOSS,3,10.0,0.2785460856905395,1.8138584197773735,-0.9999999999999909,0.5,stop_loss,4.238638690163735,1.8503455943966005,-2.400313882154596,-1.6744898435047417,DOWN,SELL,0.6160780717387918,False,66573.15480942091,-0.0005914543774649494,NONE,0.0,66404.989875,0.5
2026-04-03 07:30:00+00:00,2026-04-03 07:30:00+00:00,2026-04-03 07:35:00+00:00,2026-04-03 07:35:00+00:00,LONG,LONG,4.25,"['delta_strong_positive', 'cvd_strong_positive', 'aggressive_buyers', 'above_vwap']",67038.3,67122.097875,24.48027778066678,WIN,1,1.0,1.1635139912557448,0.04833058117527336,0.500000000000023,0.5,take_profit,4.238638690163735,3.6278868596457134,3.6209625398142906,2.6188669880576647,UP,BUY,2.06971780133445,False,66615.23373342946,0.005436570676559941,NONE,0.0,67122.097875,0.5
2026-04-04 01:25:00+00:00,2026-04-04 01:25:00+00:00,2026-04-04 01:30:00+00:00,2026-04-04 06:45:00+00:00,SHORT,SHORT,-4.25,"['delta_strong_negative', 'cvd_strong_negative', 'aggressive_sellers', 'below_vwap']",66811.5,66978.52875,-49.08295695023396,LOSS,64,315.0,0.3951415549718237,1.045329022698223,-0.999999999999986,0.5,stop_loss,4.238638690163735,1.1569107884660093,-2.1751429303464724,-1.6116786469422866,DOWN,SELL,0.2671765329690575,False,66867.55076883073,-0.0008931651327175602,NONE,0.0,66727.985625,0.5
2026-04-04 10:10:00+00:00,2026-04-04 10:10:00+00:00,2026-04-04 10:15:00+00:00,2026-04-04 10:45:00+00:00,SHORT,SHORT,-4.25,"['delta_strong_negative', 'cvd_strong_negative', 'aggressive_sellers', 'below_vwap']",66880.9,67048.10225,-48.83754216548409,LOSS,7,30.0,0.0,1.6112223370200385,-1.0000000000000124,0.5,stop_loss,4.238638690163735,2.1353271693160614,-3.1541335360309,-2.357666697624855,DOWN,SELL,0.35759202453987726,False,66897.65638664537,-0.001052727603246658,NONE,0.0,66797.298875,0.5
2026-04-04 11:00:00+00:00,2026-04-04 11:00:00+00:00,2026-04-04 11:05:00+00:00,2026-04-04 13:35:00+00:00,LONG,LONG,4.25,"['delta_strong_positive', 'cvd_strong_positive', 'aggressive_buyers', 'above_vwap']",67149.9,67233.83737499999,24.296677227326317,WIN,31,150.0,0.5682808165016403,0.7428157003956647,0.49999999999996475,0.5,take_profit,4.238638690163735,2.884605580687609,2.259932488686163,2.4262174155588108,UP,BUY,1.8048243875366685,False,66932.93794538324,0.0022235133579902333,NONE,0.0,67233.83737499999,0.5
2026-04-05 02:00:00+00:00,2026-04-05 02:00:00+00:00,2026-04-05 02:05:00+00:00,2026-04-05 05:50:00+00:00,SHORT,SHORT,-4.25,"['delta_strong_negative', 'cvd_strong_negative', 'aggressive_sellers', 'below_vwap']",67010.3,66926.537125,24.357418920396444,WIN,46,225.0,0.6070708532867161,0.9347816678927942,0.500000000000002,0.5,take_profit,4.238638690163735,4.162328434918128,-3.934585471182569,-2.1734910904772753,DOWN,SELL,0.5180988702889451,False,67105.8167604494,-0.0025856548143435255,NONE,0.0,66926.537125,0.5
2026-04-05 06:05:00+00:00,2026-04-05 06:05:00+00:00,2026-04-05 06:10:00+00:00,2026-04-05 06:15:00+00:00,SHORT,SHORT,-4.75,"['delta_strong_negative', 'cvd_strong_negative', 'aggressive_sellers', 'big_trade_sell', 'below_vwap']",66668.6,66585.26425000001,24.418312467696857,WIN,2,5.0,0.5585838010698039,0.18839453655840488,0.4999999999999902,0.5,take_profit,4.238638690163735,3.9149123873872758,-3.9592800777867687,-3.8083901528563495,DOWN,SELL,0.5264399334918786,True,67017.78258258238,-0.004524824624013389,NONE,0.0,66585.26425000001,0.5
2026-04-05 10:35:00+00:00,2026-04-05 10:35:00+00:00,2026-04-05 10:40:00+00:00,2026-04-05 12:00:00+00:00,LONG,LONG,4.25,"['delta_strong_positive', 'cvd_strong_positive', 'aggressive_buyers', 'above_vwap']",67084.6,66916.8885,-48.95871649773458,LOSS,17,80.0,0.04412339046513911,1.1764249917268814,-1.000000000000029,0.5,stop_loss,4.238638690163735,3.194197965893016,3.2728334505806806,2.130616796973282,UP,BUY,2.9735647548630553,False,66908.6620734555,0.0031719049146767585,NONE,0.0,67168.45575000001,0.5
2026-04-05 12:30:00+00:00,2026-04-05 12:30:00+00:00,2026-04-05 12:35:00+00:00,2026-04-05 12:45:00+00:00,SHORT,SHORT,-3.5,"['delta_strong_negative', 'cvd_strong_negative', 'below_vwap']",66735.1,66651.681125,24.356961457623125,WIN,3,10.0,0.5100764065686921,0.2469465094080751,0.500000000000018,0.5,take_profit,4.238638690163735,4.015208764362544,-2.623034141758857,-1.6895749377197617,DOWN,SELL,0.6984002414729852,False,66908.68526088135,-0.0029066086086176265,NONE,0.0,66651.681125,0.5
2026-04-06 02:10:00+00:00,2026-04-06 02:10:00+00:00,2026-04-06 02:15:00+00:00,2026-04-06 02:15:00+00:00,LONG,LONG,3.75,"['delta_strong_positive', 'cvd_strong_positive', 'aggressive_buyers']",69089.5,69175.861875,24.41785386126696,WIN,1,1.0,1.0525477822245228,0.10421265170539662,0.5000000000000135,0.5,take_profit,4.238638690163735,2.6508495093138507,3.2527075441756206,2.395938966240638,UP,BUY,1.892822672771978,False,69124.38968637296,0.005116125926056841,NONE,0.0,69175.861875,0.5
2026-04-06 06:25:00+00:00,2026-04-06 06:25:00+00:00,2026-04-06 06:30:00+00:00,2026-04-06 06:50:00+00:00,SHORT,SHORT,-4.25,"['delta_strong_negative', 'cvd_strong_negative', 'aggressive_sellers', 'below_vwap']",68813.8,68985.8345,-48.957796991837306,LOSS,5,20.0,0.0511525304517577,1.5444576523894746,-0.9999999999999668,0.5,stop_loss,4.238638690163735,3.184981968549398,-3.6795373696558746,-2.5759541223058666,DOWN,SELL,0.5504484089534865,False,69123.2711957863,-0.004368753637325458,NONE,0.0,68727.78275,0.5
2026-04-06 09:10:00+00:00,2026-04-06 09:10:00+00:00,2026-04-06 09:15:00+00:00,2026-04-06 09:15:00+00:00,LONG,LONG,4.25,"['delta_strong_positive', 'cvd_strong_positive', 'aggressive_buyers', 'above_vwap']",69604.0,69691.005,24.356504003441177,WIN,1,1.0,2.1176943853801506,0.085627262800955,0.5000000000000268,0.5,take_profit,4.238638690163735,4.078511718902898,4.085407324338212,3.279552739768315,UP,BUY,2.682544538304636,False,69140.56247229215,0.006447555532913897,NONE,0.0,69691.005,0.5
2026-04-06 12:35:00+00:00,2026-04-06 12:35:00+00:00,2026-04-06 12:40:00+00:00,2026-04-06 12:55:00+00:00,LONG,LONG,4.25,"['delta_strong_positive', 'cvd_strong_positive', 'aggressive_buyers', 'above_vwap']",69478.2,69304.5045,-48.834790526897415,LOSS,4,15.0,0.2423781848119601,1.123805740505638,-1.0000000000000095,0.5,stop_loss,4.238638690163735,-0.5629137560736488,2.3428562179334493,2.2155643953982826,UP,BUY,2.2540584851905607,False,69344.54931490318,-0.003618492376198156,NONE,0.0,69565.04775,0.5
2026-04-07 04:45:00+00:00,2026-04-07 04:45:00+00:00,2026-04-07 04:50:00+00:00,2026-04-07 05:00:00+00:00,LONG,LONG,4.25,"['delta_strong_positive', 'cvd_strong_positive', 'aggressive_buyers', 'above_vwap']",68932.2,68759.8695,-48.59061657426145,LOSS,3,10.0,0.0,1.0218736671685584,-0.9999999999999791,0.5,stop_loss,4.238638690163735,2.985491320923848,2.716769639212508,2.6987366729581956,UP,BUY,1.9448654601849806,False,68679.64080685608,0.004621911558462298,NONE,0.0,69018.36525,0.5
2026-04-07 05:15:00+00:00,2026-04-07 05:15:00+00:00,2026-04-07 05:20:00+00:00,2026-04-07 05:25:00+00:00,SHORT,SHORT,-3.75,"['delta_strong_negative', 'cvd_strong_negative', 'aggressive_sellers']",68749.0,68663.06375,24.173831745695253,WIN,2,5.0,0.5835721246854669,0.2333124845452636,0.4999999999999932,0.5,take_profit,4.238638690163735,0.9108783862695704,-2.1905361079396934,-1.642636564226465,DOWN,SELL,0.362821774958069,False,68685.585193927,0.0018352132949989554,NONE,0.0,68663.06375,0.5
2026-04-07 08:20:00+00:00,2026-04-07 08:20:00+00:00,2026-04-07 08:25:00+00:00,2026-04-07 08:40:00+00:00,LONG,LONG,4.25,"['delta_strong_positive', 'cvd_strong_positive', 'aggressive_buyers', 'above_vwap']",68822.4,68908.428,24.23426632506143,WIN,4,15.0,0.5765564699865837,0.63002743292878,0.5000000000000332,0.5,take_profit,4.238638690163735,1.6712687793594596,2.2121364852654666,2.675374519890201,UP,BUY,1.883074898255164,False,68662.86353105475,0.002486928266973499,NONE,0.0,68908.428,0.5
2026-04-07 09:05:00+00:00,2026-04-07 09:05:00+00:00,2026-04-07 09:10:00+00:00,2026-04-07 09:20:00+00:00,LONG,LONG,4.25,"['delta_strong_positive', 'cvd_strong_positive', 'aggressive_buyers', 'above_vwap']",69178.4,69005.454,-48.5897039817439,LOSS,3,10.0,0.23070785100556665,1.1142206237785037,-0.9999999999999785,0.5,stop_loss,4.238638690163735,3.33955300573466,3.5819576325638955,1.6597465002215448,UP,BUY,2.2226270843337192,False,68693.78175537067,0.006782017560866958,NONE,0.0,69264.87299999999,0.5
2026-04-07 10:05:00+00:00,2026-04-07 10:05:00+00:00,2026-04-07 10:10:00+00:00,2026-04-07 10:10:00+00:00,SHORT,SHORT,-3.75,"['delta_strong_negative', 'cvd_strong_negative', 'aggressive_sellers']",68901.3,68815.173375,24.17337773091935,WIN,1,1.0,0.5091340801987602,0.2577600132362912,0.5000000000000256,0.5,take_profit,4.238638690163735,2.3916028764664126,-2.0275912074215108,-2.259177856600681,DOWN,SELL,0.6036094090965399,False,68739.93939473186,0.00086137842643137,NONE,0.0,68815.173375,0.5
2026-04-08 02:05:00+00:00,2026-04-08 02:05:00+00:00,2026-04-08 02:10:00+00:00,2026-04-08 02:20:00+00:00,LONG,LONG,3.75,"['delta_strong_positive', 'cvd_strong_positive', 'aggressive_buyers']",71655.8,71476.6605,-48.467622350492114,LOSS,3,10.0,0.23557060279836156,1.5423734017344188,-1.0000000000000266,0.5,stop_loss,4.238638690163735,0.6284569390813738,2.0114458129081147,1.512593880371025,UP,BUY,2.0358667874031595,False,71724.43538024949,0.00093568300802271,NONE,0.0,71745.36975,0.5
2026-04-08 10:30:00+00:00,2026-04-08 10:30:00+00:00,2026-04-08 10:35:00+00:00,2026-04-08 11:10:00+00:00,SHORT,SHORT,-4.25,"['delta_strong_negative', 'cvd_strong_negative', 'aggressive_sellers', 'below_vwap']",71453.3,71631.93325,-48.22528423873808,LOSS,8,35.0,0.21216654794115167,1.0233257246341478,-0.9999999999999941,0.5,stop_loss,4.267410926182387,2.253039650651896,-2.6856719018696884,-1.862289417044131,DOWN,SELL,0.37729538054357453,False,71637.03541533466,-0.003306471488058615,NONE,0.0,71363.983375,0.5
2026-04-08 11:50:00+00:00,2026-04-08 11:50:00+00:00,2026-04-08 11:55:00+00:00,2026-04-08 12:10:00+00:00,LONG,LONG,4.25,"['delta_strong_positive', 'cvd_strong_positive', 'aggressive_buyers', 'above_vwap']",71684.2,71773.80524999999,23.992078908770523,WIN,4,15.0,0.7834362383900985,0.24886934638311523,0.4999999999999623,0.5,take_profit,4.267410926182387,2.8846312837155383,2.9381925336973973,2.9489580857796525,UP,BUY,2.5098802427914464,False,71627.87330752659,0.0006948738676329186,NONE,0.0,71773.80524999999,0.5
2026-04-09 00:30:00+00:00,2026-04-09 00:30:00+00:00,2026-04-09 00:35:00+00:00,2026-04-09 00:45:00+00:00,SHORT,SHORT,-4.25,"['delta_strong_negative', 'cvd_strong_negative', 'aggressive_sellers', 'below_vwap']",70795.0,70706.50625,24.052059106042677,WIN,3,10.0,0.9209689949855215,0.6740589024648798,0.49999999999996714,0.5,take_profit,4.267410926182387,2.359277104654843,-2.9942729682156326,-3.0901720422301806,DOWN,SELL,0.4009670427388428,False,70897.67364761136,-0.005283641870365544,NONE,0.0,70706.50625,0.5
2026-04-09 01:05:00+00:00,2026-04-09 01:05:00+00:00,2026-04-09 01:10:00+00:00,2026-04-09 01:20:00+00:00,SHORT,SHORT,-4.75,"['delta_strong_negative', 'cvd_strong_negative', 'aggressive_sellers', 'big_trade_sell', 'below_vwap']",70553.9,70465.707625,24.112189253809014,WIN,3,10.0,0.7137805280784999,0.5624068974217535,0.49999999999999273,0.5,take_profit,4.267410926182387,3.744876809922543,-3.6636081119571235,-2.8662891151424597,DOWN,SELL,0.38150408590264895,True,70758.23648849108,-0.006595381774719138,NONE,0.0,70465.707625,0.5
2026-04-09 04:45:00+00:00,2026-04-09 04:45:00+00:00,2026-04-09 04:50:00+00:00,2026-04-09 05:20:00+00:00,SHORT,SHORT,-4.25,"['delta_strong_negative', 'cvd_strong_negative', 'aggressive_sellers', 'below_vwap']",70735.5,70912.33875,-48.344939453886504,LOSS,7,30.0,0.39301340910858057,1.1660340281753694,-0.9999999999999737,0.5,stop_loss,4.267410926182387,3.8852569796165355,-3.884904527581503,-2.9928352924785475,DOWN,SELL,0.27356722437569364,False,70822.21550595376,-0.0011628050080760505,NONE,0.0,70647.080625,0.5
2026-04-09 08:40:00+00:00,2026-04-09 08:40:00+00:00,2026-04-09 08:45:00+00:00,2026-04-09 09:00:00+00:00,LONG,LONG,4.25,"['delta_strong_positive', 'cvd_strong_positive', 'aggressive_buyers', 'above_vwap']",71294.2,71115.9645,-48.10321475661706,LOSS,4,15.0,0.26818450869777855,1.1950481245318694,-0.9999999999999732,0.5,stop_loss,4.509732516499957,4.10263056482912,3.6671780197415162,3.398095262572085,UP,BUY,1.7835897172406328,False,70875.22993446978,0.004726568434214515,NONE,0.0,71383.31775,0.5
2026-04-10 01:30:00+00:00,2026-04-10 01:30:00+00:00,2026-04-10 01:35:00+00:00,2026-04-10 01:35:00+00:00,LONG,LONG,4.25,"['delta_strong_positive', 'cvd_strong_positive', 'aggressive_buyers', 'above_vwap']",72138.5,72228.673125,23.93134934141794,WIN,1,1.0,1.0673911988743874,0.0654296942686799,0.5000000000000064,0.5,take_profit,4.509732516499957,3.209371285755466,3.1621375619565244,2.521837244310007,UP,BUY,3.0239138438880704,False,71838.51653378448,-0.00015047789432172997,NONE,0.0,72228.673125,0.5
2026-04-10 07:40:00+00:00,2026-04-10 07:40:00+00:00,2026-04-10 07:45:00+00:00,2026-04-10 07:50:00+00:00,SHORT,SHORT,-4.25,"['delta_strong_negative', 'cvd_strong_negative', 'aggressive_sellers', 'below_vwap']",71633.6,71544.058,23.991177714771517,WIN,2,5.0,1.4043688995108439,0.18259587679523065,0.500000000000007,0.5,take_profit,4.509732516499957,2.880940673762875,-3.9476193881666135,-3.4943926334314486,DOWN,SELL,0.14432813211985368,False,71942.78647470321,-0.003855179715667793,NONE,0.0,71544.058,0.5
2026-04-10 10:50:00+00:00,2026-04-10 10:50:00+00:00,2026-04-10 10:55:00+00:00,2026-04-10 11:00:00+00:00,LONG,LONG,4.25,"['delta_strong_positive', 'cvd_strong_positive', 'aggressive_buyers', 'above_vwap']",71860.8,71950.626,24.05115565905835,WIN,2,5.0,0.7598022844165386,0.0005566317102276666,0.5000000000000052,0.5,take_profit,4.509732516499957,3.223064751132579,3.4183334816705218,2.2733324934245114,UP,BUY,2.28602099155218,False,71848.36356519927,0.0029733133988657716,NONE,0.0,71950.626,0.5
2026-04-11 01:15:00+00:00,2026-04-11 01:15:00+00:00,2026-04-11 01:20:00+00:00,2026-04-11 01:30:00+00:00,SHORT,SHORT,-4.25,"['delta_strong_negative', 'cvd_strong_negative', 'aggressive_sellers', 'below_vwap']",72700.0,72881.75,-48.22256709641151,LOSS,3,10.0,0.14415405777164836,1.1609353507565336,-1.0,0.5,stop_loss,4.509732516499957,4.080757585401009,-4.094116194582062,-3.278535958083753,DOWN,SELL,0.38491178865570297,False,72771.8229606035,-0.0024963844358663794,NONE,0.0,72609.125,0.5
2026-04-11 02:30:00+00:00,2026-04-11 02:30:00+00:00,2026-04-11 02:35:00+00:00,2026-04-11 03:55:00+00:00,LONG,LONG,4.25,"['delta_strong_positive', 'cvd_strong_positive', 'aggressive_buyers', 'above_vwap']",73000.1,72817.59975000001,-47.98145426092874,LOSS,17,80.0,0.2652051161573432,1.2641078573865603,-0.9999999999999852,0.5,stop_loss,4.751440734154104,2.419366473674962,2.3947027290977245,1.8277732979919028,UP,BUY,2.5145560566916263,False,72845.7993693287,0.0022258843849161077,NONE,0.0,73091.35012500001,0.5
2026-04-11 04:10:00+00:00,2026-04-11 04:10:00+00:00,2026-04-11 04:15:00+00:00,2026-04-11 04:15:00+00:00,SHORT,SHORT,-4.25,"['delta_strong_negative', 'cvd_strong_negative', 'aggressive_sellers', 'below_vwap']",72796.1,72705.104875,23.87077349481273,WIN,1,1.0,0.6286051038448967,0.036815159053834416,0.5000000000000069,0.5,take_profit,4.751440734154104,1.8621079506615204,-2.6479018458405963,-1.8875940684857941,DOWN,SELL,0.2535610351631816,False,72867.50475522963,-0.0010177476479271109,NONE,0.0,72705.104875,0.5
2026-04-11 06:00:00+00:00,2026-04-11 06:00:00+00:00,2026-04-11 06:05:00+00:00,2026-04-11 09:20:00+00:00,SHORT,SHORT,-4.25,"['delta_strong_negative', 'cvd_strong_negative', 'aggressive_sellers', 'below_vwap']",72643.5,72825.10875,-47.860900857098706,LOSS,40,195.0,0.3496527562686269,1.2367245520934746,-0.9999999999999968,0.5,stop_loss,4.990752739309532,2.268362235821353,-2.6783034529791268,-1.5558660989593278,DOWN,SELL,0.4799872556625961,False,72812.4095169809,-0.0023970091965898757,NONE,0.0,72552.695625,0.5
2026-04-11 12:00:00+00:00,2026-04-11 12:00:00+00:00,2026-04-11 12:05:00+00:00,2026-04-11 13:10:00+00:00,LONG,LONG,4.25,"['delta_strong_positive', 'cvd_strong_positive', 'aggressive_buyers', 'above_vwap']",72881.3,72699.09675,-47.62159635281493,LOSS,14,65.0,0.34960957063058473,2.3567087853812088,-1.0000000000000324,0.5,stop_loss,5.465798975613008,2.997692522882648,2.1148141185706395,2.504961050843206,UP,BUY,2.0781743362932734,False,72779.22347479852,0.0016529082844996617,NONE,0.0,72972.401625,0.5
2026-04-12 01:30:00+00:00,2026-04-12 01:30:00+00:00,2026-04-12 01:35:00+00:00,2026-04-12 01:35:00+00:00,SHORT,SHORT,-4.25,"['delta_strong_negative', 'cvd_strong_negative', 'aggressive_sellers', 'below_vwap']",72557.4,72466.70324999999,23.69174418552538,WIN,1,1.0,3.4422402125764937,0.09757791762114763,0.5000000000000154,0.5,take_profit,5.465798975613008,4.080941480965302,-3.9402371891521137,-3.3969917081437355,DOWN,SELL,0.37884129453694815,False,72886.6966001056,-0.007009301032780829,NONE,0.0,72466.70324999999,0.5
2026-04-12 12:50:00+00:00,2026-04-12 12:50:00+00:00,2026-04-12 12:55:00+00:00,2026-04-12 12:55:00+00:00,SHORT,SHORT,-4.75,"['delta_strong_negative', 'cvd_strong_negative', 'aggressive_sellers', 'big_trade_sell', 'below_vwap']",71117.4,71028.50325,23.750973545988433,WIN,1,1.0,0.5000182796333622,0.40777643727132884,0.49999999999999933,0.5,take_profit,5.465798975613008,4.200329186458657,-4.144979362299941,-3.6649218137834647,DOWN,SELL,0.452306536388772,True,71737.2403173161,-0.0034082798887225653,NONE,0.0,71028.50325,0.5
2026-04-13 05:35:00+00:00,2026-04-13 05:35:00+00:00,2026-04-13 05:40:00+00:00,2026-04-13 05:55:00+00:00,SHORT,SHORT,-4.25,"['delta_strong_negative', 'cvd_strong_negative', 'aggressive_sellers', 'below_vwap']",70674.0,70850.685,-47.620701959706246,LOSS,4,15.0,0.0005659790022119635,1.082151852166268,-0.9999999999999867,0.5,stop_loss,5.4675744460759805,3.15642421264718,-3.320326773879638,-1.5690322234593732,DOWN,SELL,0.42558290601655463,False,70984.20009987996,-0.00437781803805056,NONE,0.0,70585.6575,0.5
2026-04-13 07:20:00+00:00,2026-04-13 07:20:00+00:00,2026-04-13 07:25:00+00:00,2026-04-13 08:40:00+00:00,SHORT,SHORT,-3.5,"['delta_strong_negative', 'cvd_strong_negative', 'below_vwap']",70677.3,70588.953375,23.691299224955667,WIN,16,75.0,0.7000833365168001,0.8811881608380461,0.5000000000000316,0.5,take_profit,5.4675744460759805,3.729696630905014,-2.1973186800321844,-1.7161206649464613,DOWN,SELL,0.7219841495211298,False,70964.51849326982,-0.0029722138210685613,NONE,0.0,70588.953375,0.5
2026-04-13 11:40:00+00:00,2026-04-13 11:40:00+00:00,2026-04-13 11:45:00+00:00,2026-04-13 12:05:00+00:00,LONG,LONG,4.25,"['delta_strong_positive', 'cvd_strong_positive', 'aggressive_buyers', 'above_vwap']",70898.5,70987.123125,23.750527473016092,WIN,5,20.0,0.8457160588728629,0.5551598411813744,0.4999999999999901,0.5,take_profit,5.4675744460759805,2.5536855299142234,2.9301716805108677,2.616384774879707,UP,BUY,2.31393475916355,False,70883.37129166648,0.002410083580925626,NONE,0.0,70987.123125,0.5
2026-04-13 12:50:00+00:00,2026-04-13 12:50:00+00:00,2026-04-13 12:55:00+00:00,2026-04-13 13:35:00+00:00,LONG,LONG,4.25,"['delta_strong_positive', 'cvd_strong_positive', 'aggressive_buyers', 'above_vwap']",71172.5,70994.56875,-47.619807583396636,LOSS,9,40.0,0.3484491903473954,2.2059081808282692,-0.9999999999999674,0.5,stop_loss,5.469349883193384,3.1865980547157555,2.8263723706688877,2.1580897049497234,UP,BUY,2.4709174450135585,False,70888.7671479481,0.0047855678613352125,NONE,0.0,71261.465625,0.5
2026-04-14 06:50:00+00:00,2026-04-14 06:50:00+00:00,2026-04-14 06:55:00+00:00,2026-04-14 07:00:00+00:00,LONG,LONG,4.25,"['delta_strong_positive', 'cvd_strong_positive', 'aggressive_buyers', 'above_vwap']",74464.8,74557.88100000001,23.69085427274203,WIN,2,5.0,0.6080725389714178,0.37171925527227406,0.50000000000003,0.5,take_profit,5.469349883193384,0.8865254587492236,2.311922812849809,2.6163351569118527,UP,BUY,2.5299983714759215,False,74302.15511186935,0.0018051988733088758,NONE,0.0,74557.88100000001,0.5
2026-04-15 00:00:00+00:00,2026-04-15 00:00:00+00:00,2026-04-15 00:05:00+00:00,2026-04-15 00:05:00+00:00,LONG,LONG,4.25,"['delta_strong_positive', 'cvd_strong_positive', 'aggressive_buyers', 'above_vwap']",74502.6,74595.72825,23.750081408421003,WIN,1,1.0,0.7108476751146626,0.42307248337643466,0.49999999999996936,0.5,take_profit,5.469349883193384,3.4589119036757587,3.456047347770075,2.803832613117072,UP,BUY,2.035433915623232,False,74392.09999999999,0.005055031717790748,NONE,0.0,74595.72825,0.5
2026-04-15 02:25:00+00:00,2026-04-15 02:25:00+00:00,2026-04-15 02:30:00+00:00,2026-04-15 02:30:00+00:00,SHORT,SHORT,-4.25,"['delta_strong_negative', 'cvd_strong_negative', 'aggressive_sellers', 'below_vwap']",74311.4,74218.51075,23.809456611941695,WIN,1,1.0,0.8687765268854802,0.0371410039375317,0.49999999999996186,0.5,take_profit,5.469349883193384,1.775902818193273,-2.2073204409256877,-2.5384390746005443,DOWN,SELL,0.6479006813578049,False,74511.71596679934,-0.0005789851335088198,NONE,0.0,74218.51075,0.5
2026-04-15 05:35:00+00:00,2026-04-15 05:35:00+00:00,2026-04-15 05:40:00+00:00,2026-04-15 07:15:00+00:00,SHORT,SHORT,-4.25,"['delta_strong_negative', 'cvd_strong_negative', 'aggressive_sellers', 'below_vwap']",73850.1,73757.787375,23.868980253474906,WIN,20,95.0,1.6254548064254797,0.8969520691237588,0.5000000000000322,0.5,take_profit,5.469349883193384,2.157129939032982,-2.2199906248677466,-1.8924965652800716,DOWN,SELL,0.5430780489113153,False,74351.71243815617,-0.00520427587596022,NONE,0.0,73757.787375,0.5
2026-04-15 07:45:00+00:00,2026-04-15 07:45:00+00:00,2026-04-15 07:50:00+00:00,2026-04-15 07:55:00+00:00,LONG,LONG,3.75,"['delta_strong_positive', 'cvd_strong_positive', 'aggressive_buyers']",73659.5,73751.574375,23.92865270410615,WIN,2,5.0,0.5071986641234012,0.18083207189841316,0.499999999999981,0.5,take_profit,5.469349883193384,2.553458209952108,2.260805090468764,1.6080447124510264,UP,BUY,1.6128597838260892,False,74146.80636321212,-0.0031989048418481175,NONE,0.0,73751.574375,0.5
2026-04-15 12:35:00+00:00,2026-04-15 12:35:00+00:00,2026-04-15 12:40:00+00:00,2026-04-15 13:00:00+00:00,LONG,LONG,4.25,"['delta_strong_positive', 'cvd_strong_positive', 'aggressive_buyers', 'above_vwap']",74408.0,74221.98,-47.9769486717357,LOSS,5,20.0,0.05053220083858821,1.4944629609719384,-1.0000000000000218,0.5,stop_loss,5.469349883193384,3.247540657077368,3.795193871386495,2.6590963281759223,UP,BUY,1.8753726546952556,False,74087.56509357934,0.004894301726044211,NONE,0.0,74501.01,0.5
2026-04-16 02:25:00+00:00,2026-04-16 02:25:00+00:00,2026-04-16 02:30:00+00:00,2026-04-16 02:30:00+00:00,LONG,LONG,4.25,"['delta_strong_positive', 'cvd_strong_positive', 'aggressive_buyers', 'above_vwap']",74855.8,74949.36975,23.86853196418674,WIN,1,1.0,1.047347032561271,0.0,0.49999999999997385,0.5,take_profit,5.469349883193384,2.603456958742177,3.0763438689274767,1.810557919443981,UP,BUY,2.1662744490891264,False,74634.61046909745,0.0008268694623029389,NONE,0.0,74949.36975,0.5
2026-04-16 04:30:00+00:00,2026-04-16 04:30:00+00:00,2026-04-16 04:35:00+00:00,2026-04-16 04:40:00+00:00,LONG,LONG,4.75,"['delta_strong_positive', 'cvd_strong_positive', 'aggressive_buyers', 'big_trade_buy', 'above_vwap']",74915.7,75009.344625,23.928203294098658,WIN,2,5.0,1.1442194359793896,0.0,0.5000000000000043,0.5,take_profit,5.469349883193384,2.8441879241827115,3.95045590104121,2.9527619623158348,UP,BUY,5.775731752920779,True,74804.41598710342,0.0009166393792350735,NONE,0.0,75009.344625,0.5
2026-04-16 06:40:00+00:00,2026-04-16 06:40:00+00:00,2026-04-16 06:45:00+00:00,2026-04-16 07:25:00+00:00,SHORT,SHORT,-3.75,"['delta_strong_negative', 'cvd_strong_negative', 'aggressive_sellers']",74907.3,74813.665875,23.98802380233289,WIN,9,40.0,0.525449455527078,0.7032692407815905,0.4999999999999832,0.5,take_profit,5.469349883193384,3.7998328836428388,-3.8035922232547894,-2.671982744803054,DOWN,SELL,0.28872161863248974,False,74857.37268772245,-0.0004050179818364564,NONE,0.0,74813.665875,0.5
2026-04-16 07:45:00+00:00,2026-04-16 07:45:00+00:00,2026-04-16 07:50:00+00:00,2026-04-16 07:50:00+00:00,SHORT,SHORT,-4.25,"['delta_strong_negative', 'cvd_strong_negative', 'aggressive_sellers', 'below_vwap']",74726.8,74633.3915,24.047993861840816,WIN,1,1.0,0.7306615564964645,0.017129062130304466,0.5000000000000269,0.5,take_profit,5.469349883193384,3.0683164150983555,-2.72653293070146,-1.9954690243919266,DOWN,SELL,0.3697707455667679,False,74855.8165612361,-0.0024899953200124363,NONE,0.0,74633.3915,0.5
2026-04-16 10:05:00+00:00,2026-04-16 10:05:00+00:00,2026-04-16 10:10:00+00:00,2026-04-16 10:10:00+00:00,SHORT,SHORT,-4.25,"['delta_strong_negative', 'cvd_strong_negative', 'aggressive_sellers', 'below_vwap']",74516.0,74422.855,24.108113846495186,WIN,1,1.0,0.9447635407160878,0.0005367974663472048,0.5000000000000219,0.5,take_profit,5.469349883193384,3.993317201470308,-3.427001456468352,-2.0706749680832823,DOWN,SELL,0.553688503885376,False,74794.12196849883,-0.0024433733914586806,NONE,0.0,74422.855,0.5
2026-04-17 00:20:00+00:00,2026-04-17 00:20:00+00:00,2026-04-17 00:25:00+00:00,2026-04-17 00:30:00+00:00,SHORT,SHORT,-4.75,"['delta_strong_negative', 'cvd_strong_negative', 'aggressive_sellers', 'big_trade_sell', 'below_vwap']",74870.2,75057.3755,-48.33676826222012,LOSS,2,5.0,0.11646823435761043,1.094160293414485,-0.9999999999999869,0.5,stop_loss,5.469349883193384,2.4215301058381886,-3.1462584315078352,-3.3482957537089373,DOWN,SELL,0.25398831898948326,True,74955.79416121845,-0.0015215697925283417,NONE,0.0,74776.61224999999,0.5
2026-04-17 01:55:00+00:00,2026-04-17 01:55:00+00:00,2026-04-17 02:00:00+00:00,2026-04-17 02:30:00+00:00,LONG,LONG,3.75,"['delta_strong_positive', 'cvd_strong_positive', 'aggressive_buyers']",74707.7,74520.93075,-48.09508442090902,LOSS,7,30.0,0.33356668723573557,1.2191514395436995,-0.9999999999999869,0.5,stop_loss,5.469349883193384,0.7493617142599506,2.3074160031898368,1.639098989978905,UP,BUY,2.201605686115264,False,74799.77597665461,-0.002141461436293228,NONE,0.0,74801.084625,0.5
2026-04-17 07:05:00+00:00,2026-04-17 07:05:00+00:00,2026-04-17 07:10:00+00:00,2026-04-17 08:30:00+00:00,LONG,LONG,4.25,"['delta_strong_positive', 'cvd_strong_positive', 'aggressive_buyers', 'above_vwap']",75049.9,75143.71237499999,23.927304499401036,WIN,17,80.0,1.6261180894311964,0.812259576628319,0.49999999999996836,0.5,take_profit,5.469349883193384,2.764143125263527,2.7585446906336997,2.8139939583798297,UP,BUY,2.072008841963886,False,74738.86239006225,0.004296219303645589,NONE,0.0,75143.71237499999,0.5
2026-04-17 08:45:00+00:00,2026-04-17 08:45:00+00:00,2026-04-17 08:50:00+00:00,2026-04-17 08:50:00+00:00,LONG,LONG,4.25,"['delta_strong_positive', 'cvd_strong_positive', 'aggressive_buyers', 'above_vwap']",75506.7,75601.083375,23.987122760652294,WIN,1,1.0,1.3153799596592244,0.3898991745102952,0.5000000000000259,0.5,take_profit,5.469349883193384,3.5689162108007224,2.7196415395093325,2.986417767303219,UP,BUY,1.6910044102773885,False,74899.29170534661,0.006394387646347832,NONE,0.0,75601.083375,0.5
2026-04-17 09:25:00+00:00,2026-04-17 09:25:00+00:00,2026-04-17 09:30:00+00:00,2026-04-17 09:30:00+00:00,LONG,LONG,4.25,"['delta_strong_positive', 'cvd_strong_positive', 'aggressive_buyers', 'above_vwap']",76249.7,76059.07575,-48.094181135103725,LOSS,1,1.0,0.23868946369625063,3.597128906736667,-0.9999999999999659,0.5,stop_loss,5.469349883193384,3.2534437083152756,3.2839508650533786,1.8630642681475458,UP,BUY,2.0971586507795044,False,75217.87125965979,0.010414757351459535,NONE,0.0,76345.012125,0.5
2026-04-17 10:25:00+00:00,2026-04-17 10:25:00+00:00,2026-04-17 10:30:00+00:00,2026-04-17 10:30:00+00:00,SHORT,SHORT,-4.25,"['delta_strong_negative', 'cvd_strong_negative', 'aggressive_sellers', 'below_vwap']",75186.7,75092.716625,23.926855114713945,WIN,1,1.0,0.8325940625137159,0.568185596654743,0.49999999999997957,0.5,take_profit,5.469349883193384,1.8893082790871059,-2.325266816656536,-1.830705166223221,DOWN,SELL,0.48689199386833754,False,75321.394328888,-0.0048862331734877,NONE,0.0,75092.716625,0.5
2026-04-17 12:45:00+00:00,2026-04-17 12:45:00+00:00,2026-04-17 12:50:00+00:00,2026-04-17 12:50:00+00:00,LONG,LONG,3.5,"['delta_strong_positive', 'cvd_strong_positive', 'above_vwap']",76100.0,76195.125,23.98667225250171,WIN,1,1.0,0.5603153745072579,0.8630749014454512,0.5,0.5,take_profit,5.469349883193384,3.606405885053545,2.178429628572721,1.791834713428534,UP,BUY,1.261470140522588,False,75362.90978190812,0.005901027625653526,NONE,0.0,76195.125,0.5
2026-04-18 03:50:00+00:00,2026-04-18 03:50:00+00:00,2026-04-18 03:55:00+00:00,2026-04-18 04:30:00+00:00,SHORT,SHORT,-4.25,"['delta_strong_negative', 'cvd_strong_negative', 'aggressive_sellers', 'below_vwap']",76960.0,76863.8,24.046638933132236,WIN,8,35.0,0.7063409563409261,0.4911642411642411,0.49999999999998485,0.5,take_profit,5.469349883193384,2.679177312120997,-3.2789284091502546,-1.9420272177546734,DOWN,SELL,0.30841536587818585,False,77160.35328412012,-0.002569082271615505,NONE,0.0,76863.8,0.5
2026-04-18 07:35:00+00:00,2026-04-18 07:35:00+00:00,2026-04-18 07:40:00+00:00,2026-04-18 07:50:00+00:00,SHORT,SHORT,-4.25,"['delta_strong_negative', 'cvd_strong_negative', 'aggressive_sellers', 'below_vwap']",76987.5,76891.265625,24.106755530465794,WIN,3,10.0,0.8349407371326363,0.0462412729338876,0.5,0.5,take_profit,5.469349883193384,2.7943361004208986,-2.1928764751554386,-1.7249530220538545,DOWN,SELL,0.5456291370620029,False,77098.26518566746,-0.000663984073979537,NONE,0.0,76891.265625,0.5
2026-04-18 08:10:00+00:00,2026-04-18 08:10:00+00:00,2026-04-18 08:15:00+00:00,2026-04-18 08:15:00+00:00,SHORT,SHORT,-4.25,"['delta_strong_negative', 'cvd_strong_negative', 'aggressive_sellers', 'below_vwap']",76761.6,76665.648,24.167022419293154,WIN,1,1.0,0.8420877105219579,0.30431882607967614,0.5000000000000248,0.5,take_profit,5.469349883193384,3.157154425224747,-3.8525993859784653,-3.153600515048259,DOWN,SELL,0.23251516620100895,False,77064.44730063065,-0.0030821959587799016,NONE,0.0,76665.648,0.5
2026-04-19 00:20:00+00:00,2026-04-19 00:20:00+00:00,2026-04-19 00:25:00+00:00,2026-04-19 01:00:00+00:00,SHORT,SHORT,-3.5,"['delta_strong_negative', 'cvd_strong_negative', 'below_vwap']",75553.3,75742.18325,-48.45487995068011,LOSS,8,35.0,0.2498898128870458,1.0821499524176663,-0.9999999999999944,0.5,stop_loss,5.469349883193384,3.753450044295525,-2.7817100807325326,-2.01926468936553,DOWN,SELL,0.6998844297800637,False,75640.14603858885,-0.0019485329365054632,NONE,0.0,75458.858375,0.5
2026-04-19 01:30:00+00:00,2026-04-19 01:30:00+00:00,2026-04-19 01:35:00+00:00,2026-04-19 02:25:00+00:00,SHORT,SHORT,-4.25,"['delta_strong_negative', 'cvd_strong_negative', 'aggressive_sellers', 'below_vwap']",75490.0,75395.6375,24.106302775464233,WIN,11,50.0,0.7259239634388661,0.84779440985561,0.5000000000000154,0.5,take_profit,5.469349883193384,2.1449904308553895,-2.6153814230173156,-2.1469400775119114,DOWN,SELL,0.5083992935173677,False,75588.02756686274,-0.0021606322355919145,NONE,0.0,75395.6375,0.5
2026-04-19 06:15:00+00:00,2026-04-19 06:15:00+00:00,2026-04-19 06:20:00+00:00,2026-04-19 07:05:00+00:00,SHORT,SHORT,-4.25,"['delta_strong_negative', 'cvd_strong_negative', 'aggressive_sellers', 'below_vwap']",75336.7,75242.529125,24.16656853240117,WIN,10,45.0,0.8957121827741172,0.5797970975633235,0.4999999999999796,0.5,take_profit,5.469349883193384,2.6707532760387607,-2.785042321459349,-1.930345556508913,DOWN,SELL,0.5907037182742629,False,75521.79703994724,-0.0021286479446510896,NONE,0.0,75242.529125,0.5
2026-04-19 07:20:00+00:00,2026-04-19 07:20:00+00:00,2026-04-19 07:25:00+00:00,2026-04-19 07:40:00+00:00,SHORT,SHORT,-4.25,"['delta_strong_negative', 'cvd_strong_negative', 'aggressive_sellers', 'below_vwap']",74950.0,75137.375,-48.45396990746631,LOSS,4,15.0,0.15210140093395597,1.2723148765843586,-1.0,0.5,stop_loss,5.469349883193384,3.675234327806346,-3.212762869669396,-3.275680109639641,DOWN,SELL,0.5661942654025701,False,75423.74520618697,-0.005393747853569406,NONE,0.0,74856.3125,0.5
2026-04-19 11:05:00+00:00,2026-04-19 11:05:00+00:00,2026-04-19 11:10:00+00:00,2026-04-19 11:15:00+00:00,LONG,LONG,4.75,"['delta_strong_positive', 'cvd_strong_positive', 'aggressive_buyers', 'big_trade_buy', 'above_vwap']",75395.7,75489.944625,24.105850028966184,WIN,2,5.0,0.6254998627243131,0.6636983276234123,0.5000000000000352,0.5,take_profit,5.469349883193384,3.489322246605698,3.7109376127049702,3.126431962129551,UP,BUY,2.5131490958236844,True,75311.8631070382,0.004245116095552323,NONE,0.0,75489.944625,0.5
2026-04-20 00:00:00+00:00,2026-04-20 00:00:00+00:00,2026-04-20 00:05:00+00:00,2026-04-20 00:05:00+00:00,LONG,LONG,4.25,"['delta_strong_positive', 'cvd_strong_positive', 'aggressive_buyers', 'above_vwap']",74029.1,73844.02725,-48.33222930807553,LOSS,1,1.0,0.29826108922030437,1.408094924833644,-1.0000000000000357,0.5,stop_loss,5.469349883193384,3.9507495662113907,3.5243542496267986,2.949761170391782,UP,BUY,1.8550492621415933,False,73966.03333333334,-0.0012189812214546524,NONE,0.0,74121.636375,0.5
2026-04-20 01:30:00+00:00,2026-04-20 01:30:00+00:00,2026-04-20 01:35:00+00:00,2026-04-20 01:40:00+00:00,LONG,LONG,4.25,"['delta_strong_positive', 'cvd_strong_positive', 'aggressive_buyers', 'above_vwap']",74560.0,74653.2,24.045284080765956,WIN,2,5.0,0.6099785407725166,0.3519313304721342,0.49999999999998435,0.5,take_profit,5.469349883193384,1.640481320174924,2.4754974111790253,1.5264077330239783,UP,BUY,2.2018217804538662,False,74141.55678225879,0.006847348569628786,NONE,0.0,74653.2,0.5
2026-04-20 03:45:00+00:00,2026-04-20 03:45:00+00:00,2026-04-20 03:50:00+00:00,2026-04-20 05:05:00+00:00,LONG,LONG,4.25,"['delta_strong_positive', 'cvd_strong_positive', 'aggressive_buyers', 'above_vwap']",74555.2,74368.81199999999,-48.21079458193887,LOSS,16,75.0,0.24035882138336648,1.4764899027834253,-1.0000000000000335,0.5,stop_loss,5.469349883193384,2.1228846292814274,2.5202510257575232,1.7817875864535704,UP,BUY,2.759754681876249,False,74278.21085080851,0.00392592792462296,NONE,0.0,74648.394,0.5
2026-04-20 06:40:00+00:00,2026-04-20 06:40:00+00:00,2026-04-20 06:45:00+00:00,2026-04-20 07:15:00+00:00,LONG,LONG,4.25,"['delta_strong_positive', 'cvd_strong_positive', 'aggressive_buyers', 'above_vwap']",74740.0,74833.425,23.984870304514526,WIN,7,30.0,0.7920792079207921,0.6845062884666534,0.5000000000000157,0.5,take_profit,5.469349883193384,3.691732395898878,3.0985859798591195,2.4362552303649063,UP,BUY,1.71022560940707,False,74318.38860229962,0.004377851931780082,NONE,0.0,74833.425,0.5
2026-04-20 12:20:00+00:00,2026-04-20 12:20:00+00:00,2026-04-20 12:25:00+00:00,2026-04-20 12:35:00+00:00,LONG,LONG,4.25,"['delta_strong_positive', 'cvd_strong_positive', 'aggressive_buyers', 'above_vwap']",75472.6,75283.9185,-48.08966496055167,LOSS,3,10.0,0.14521826464170667,1.7139995177058094,-1.000000000000032,0.5,stop_loss,5.469349883193384,3.9201514901091405,3.7246466952110233,3.4166091648508736,UP,BUY,1.899926524854727,False,74710.43487681728,0.005051678763567336,NONE,0.0,75566.94075000001,0.5
2026-04-21 01:05:00+00:00,2026-04-21 01:05:00+00:00,2026-04-21 01:10:00+00:00,2026-04-21 01:50:00+00:00,LONG,LONG,4.25,"['delta_strong_positive', 'cvd_strong_positive', 'aggressive_buyers', 'above_vwap']",76125.7,75935.38575,-47.84921663574633,LOSS,9,40.0,0.3399640331714367,1.7187362480738635,-0.999999999999978,0.5,stop_loss,5.469349883193384,2.4871925078798616,2.206467845389472,2.3775934853846588,UP,BUY,1.6297912188477661,False,75917.43593342061,0.0033415872682233567,NONE,0.0,76220.857125,0.5
2026-04-21 05:25:00+00:00,2026-04-21 05:25:00+00:00,2026-04-21 05:30:00+00:00,2026-04-21 05:45:00+00:00,SHORT,SHORT,-3.75,"['delta_strong_negative', 'cvd_strong_negative', 'aggressive_sellers']",75859.6,75764.7755,23.804985276284935,WIN,4,15.0,0.6274749669125594,0.0,0.5000000000000129,0.5,take_profit,5.469349883193384,3.6570853326129846,-3.7549202271862874,-3.0779004270612513,DOWN,SELL,0.24468376936753872,False,75773.54288841835,0.0020862318074497187,NONE,0.0,75764.7755,0.5
2026-04-21 06:30:00+00:00,2026-04-21 06:30:00+00:00,2026-04-21 06:35:00+00:00,2026-04-21 07:00:00+00:00,LONG,LONG,4.25,"['delta_strong_positive', 'cvd_strong_positive', 'aggressive_buyers', 'above_vwap']",76015.5,75825.46125,-47.72899547895183,LOSS,6,25.0,0.3815011412146207,1.291841795423302,-1.0000000000000369,0.5,stop_loss,5.469349883193384,2.3516755188154126,2.2715859953917352,1.5342850981675458,UP,BUY,3.00087457143317,False,75776.29518584734,0.004280275228214102,NONE,0.0,76110.519375,0.5
2026-04-21 07:25:00+00:00,2026-04-21 07:25:00+00:00,2026-04-21 07:30:00+00:00,2026-04-21 07:40:00+00:00,LONG,LONG,4.25,"['delta_strong_positive', 'cvd_strong_positive', 'aggressive_buyers', 'above_vwap']",76139.3,76234.47412500001,23.745175250778903,WIN,3,10.0,0.699244673906859,0.8316335978922995,0.5000000000000263,0.5,take_profit,5.469349883193384,3.1223066482379283,2.6978192480980296,1.8540539818577386,UP,BUY,2.048577155862206,False,75814.56792742916,0.004122608792825109,NONE,0.0,76234.47412500001,0.5
2026-04-21 08:45:00+00:00,2026-04-21 08:45:00+00:00,2026-04-21 08:50:00+00:00,2026-04-21 08:55:00+00:00,LONG,LONG,4.75,"['delta_strong_positive', 'cvd_strong_positive', 'aggressive_buyers', 'big_trade_buy', 'above_vwap']",76618.8,76427.253,-47.60907637781068,LOSS,2,5.0,0.03027977467672639,1.1213957931995953,-1.0000000000000309,0.5,stop_loss,5.490652527877304,4.132529707297429,4.058304952868385,3.7066256175016505,UP,BUY,2.1859868788171997,True,75996.43401190985,0.005763389612266294,NONE,0.0,76714.5735,0.5
2026-04-21 10:45:00+00:00,2026-04-21 10:45:00+00:00,2026-04-21 10:50:00+00:00,2026-04-21 10:50:00+00:00,LONG,LONG,4.25,"['delta_strong_positive', 'cvd_strong_positive', 'aggressive_buyers', 'above_vwap']",76685.8,76781.65725,23.685515497960306,WIN,1,1.0,0.8277934115572744,0.0005216089550129007,0.5000000000000048,0.5,take_profit,5.490652527877304,2.6848123674064297,3.42540739455045,2.058915655960123,UP,BUY,2.364873173815524,False,76089.0331104055,0.004268264853983592,NONE,0.0,76781.65725,0.5
2026-04-21 11:10:00+00:00,2026-04-21 11:10:00+00:00,2026-04-21 11:15:00+00:00,2026-04-21 11:20:00+00:00,SHORT,SHORT,-3.0,"['delta_strong_negative', 'cvd_strong_negative']",76357.5,76548.39375,-47.48945857341068,LOSS,2,5.0,0.3436466620829955,1.7376158203188794,-1.0000000000000153,0.5,stop_loss,5.72810726340102,3.193791129178312,-2.552750005600946,-1.85779475101807,DOWN,SELL,0.681253395489038,False,76139.75405729779,-0.0008085678811794272,NONE,0.0,76262.053125,0.5
2026-04-21 12:40:00+00:00,2026-04-21 12:40:00+00:00,2026-04-21 12:45:00+00:00,2026-04-21 12:55:00+00:00,SHORT,SHORT,-4.25,"['delta_strong_negative', 'cvd_strong_negative', 'aggressive_sellers', 'below_vwap']",75783.4,75972.85849999999,-47.252011280541254,LOSS,3,10.0,0.49562305201399875,1.2752133052885242,-0.9999999999999651,0.5,stop_loss,6.199466727084,3.8930272445680543,-3.601821899998926,-3.309404550485881,DOWN,SELL,0.6349615043962865,False,76143.7305439589,-0.007716545706681186,NONE,0.0,75688.67074999999,0.5
2026-04-22 02:10:00+00:00,2026-04-22 02:10:00+00:00,2026-04-22 02:15:00+00:00,2026-04-22 02:15:00+00:00,LONG,LONG,4.25,"['delta_strong_positive', 'cvd_strong_positive', 'aggressive_buyers', 'above_vwap']",76696.4,76792.2705,23.507875612071214,WIN,1,1.0,2.2999775739148123,0.0005215368647877546,0.5000000000000238,0.5,take_profit,6.199466727084,4.132941286347469,4.062539357128904,3.3567404156956187,UP,BUY,1.6222550121338373,False,76367.90607864442,0.006966256889689366,NONE,0.0,76792.2705,0.5
2026-04-22 05:15:00+00:00,2026-04-22 05:15:00+00:00,2026-04-22 05:20:00+00:00,2026-04-22 05:20:00+00:00,LONG,LONG,4.25,"['delta_strong_positive', 'cvd_strong_positive', 'aggressive_buyers', 'above_vwap']",77893.5,77990.866875,23.566645301101964,WIN,1,1.0,2.8449100374228915,0.2470039220217647,0.5000000000000357,0.5,take_profit,6.199466727084,4.214369355786169,4.160008179545019,3.969346379118327,UP,BUY,1.9039109897539004,False,77124.46274290851,0.008261272142365573,NONE,0.0,77990.866875,0.5
2026-04-22 07:20:00+00:00,2026-04-22 07:20:00+00:00,2026-04-22 07:25:00+00:00,2026-04-22 07:45:00+00:00,SHORT,SHORT,-3.75,"['delta_strong_negative', 'cvd_strong_negative', 'aggressive_sellers']",77845.6,78040.214,-47.25112382870639,LOSS,5,20.0,0.2682232521813006,1.2044354465762697,-1.000000000000007,0.5,stop_loss,6.201228418349509,1.1017813946169464,-2.092944367612681,-2.017295255978548,DOWN,SELL,0.4943263130613119,False,77475.05245476044,-0.001126725830329887,NONE,0.0,77748.293,0.5
2026-04-22 08:00:00+00:00,2026-04-22 08:00:00+00:00,2026-04-22 08:05:00+00:00,2026-04-22 08:10:00+00:00,LONG,LONG,4.25,"['delta_strong_positive', 'cvd_strong_positive', 'aggressive_buyers', 'above_vwap']",78022.7,78120.22837499999,23.507434104779918,WIN,2,5.0,0.6039268059167545,0.036912334487256095,0.49999999999997136,0.5,take_profit,6.201228418349509,1.4796830754167138,2.2833633802325104,1.7343693400156819,UP,BUY,2.374836193366932,False,77494.89758660134,0.000599285752689629,NONE,0.0,78120.22837499999,0.5
2026-04-22 11:00:00+00:00,2026-04-22 11:00:00+00:00,2026-04-22 11:05:00+00:00,2026-04-22 11:30:00+00:00,LONG,LONG,4.25,"['delta_strong_positive', 'cvd_strong_positive', 'aggressive_buyers', 'above_vwap']",78186.1,78283.83262500001,23.56620269004422,WIN,6,25.0,0.5770846736183969,0.6732654525548956,0.5000000000000213,0.5,take_profit,6.201228418349509,3.6645109805929255,3.332503627575439,1.6133913395943067,UP,BUY,1.9256023866846932,False,77560.87933683474,0.002291174791922916,NONE,0.0,78283.83262500001,0.5
2026-04-23 00:10:00+00:00,2026-04-23 00:10:00+00:00,2026-04-23 00:15:00+00:00,2026-04-23 00:15:00+00:00,SHORT,SHORT,-4.25,"['delta_strong_negative', 'cvd_strong_negative', 'aggressive_sellers', 'below_vwap']",77839.1,78033.69775,-47.250236393536845,LOSS,1,1.0,1.6048489769280625,2.861800817326994,-1.000000000000004,0.5,stop_loss,6.2029900765282715,3.797116564423778,-3.520474688403825,-2.259052777679709,DOWN,SELL,0.608236754271553,False,78018.37131243516,-0.006928428979102962,NONE,0.0,77741.80112500001,0.5
2026-04-23 06:20:00+00:00,2026-04-23 06:20:00+00:00,2026-04-23 06:25:00+00:00,2026-04-23 06:45:00+00:00,LONG,LONG,4.25,"['delta_strong_positive', 'cvd_strong_positive', 'aggressive_buyers', 'above_vwap']",78262.6,78066.94350000001,-47.013985211568325,LOSS,5,20.0,0.1911513289872515,1.073820701075639,-0.9999999999999862,0.5,stop_loss,6.671975126145621,2.2873106006763226,3.6045262007683068,2.727364943224447,UP,BUY,3.51259993189226,False,77991.40173431335,0.005367528443176226,NONE,0.0,78360.42825000001,0.5
2026-04-23 10:05:00+00:00,2026-04-23 10:05:00+00:00,2026-04-23 10:10:00+00:00,2026-04-23 10:10:00+00:00,SHORT,SHORT,-4.75,"['delta_strong_negative', 'cvd_strong_negative', 'aggressive_sellers', 'big_trade_sell', 'below_vwap']",77263.3,77166.720875,23.389457642756497,WIN,1,1.0,0.758963181743497,0.008801073730980113,0.5000000000000199,0.5,take_profit,6.671975126145621,4.1828054934910455,-4.195155137074735,-4.086343870020746,DOWN,SELL,0.39262073175236734,True,77825.04618989697,-0.004660854897033351,NONE,0.0,77166.720875,0.5
2026-04-23 12:10:00+00:00,2026-04-23 12:10:00+00:00,2026-04-23 12:15:00+00:00,2026-04-23 12:20:00+00:00,SHORT,SHORT,-4.25,"['delta_strong_negative', 'cvd_strong_negative', 'aggressive_sellers', 'below_vwap']",77669.6,77572.513,23.447931286862346,WIN,2,5.0,0.5876172917074676,0.16840565678204644,0.49999999999999756,0.5,take_profit,6.671975126145621,2.032925511829222,-3.3121240304824227,-1.577631554399044,DOWN,SELL,0.3918170526577567,False,77753.26738228253,0.003152641270591819,NONE,0.0,77572.513,0.5
2026-04-23 12:45:00+00:00,2026-04-23 12:45:00+00:00,2026-04-23 12:50:00+00:00,2026-04-23 12:55:00+00:00,SHORT,SHORT,-3.5,"['delta_strong_negative', 'cvd_strong_negative', 'below_vwap']",77632.1,77826.18025,-47.013102230159,LOSS,2,5.0,0.40498711228992035,1.0042237682607795,-0.9999999999999951,0.5,stop_loss,6.673727943112764,3.5155147705259866,-2.400213627245803,-1.6217481406539902,DOWN,SELL,0.6719931240949834,False,77748.29099216442,0.0027325078069547243,NONE,0.0,77535.059875,0.5
2026-04-24 01:00:00+00:00,2026-04-24 01:00:00+00:00,2026-04-24 01:05:00+00:00,2026-04-24 01:05:00+00:00,SHORT,SHORT,-4.25,"['delta_strong_negative', 'cvd_strong_negative', 'aggressive_sellers', 'below_vwap']",78199.5,78101.750625,23.389018359504075,WIN,1,1.0,1.0025639550125,0.000511512221974927,0.49999999999999695,0.5,take_profit,6.673727943112764,2.4447968721081947,-2.732207874896952,-3.117424163328789,DOWN,SELL,0.4300925059166343,False,78313.56171183487,0.0006169999430108588,NONE,0.0,78101.750625,0.5
2026-04-24 03:20:00+00:00,2026-04-24 03:20:00+00:00,2026-04-24 03:25:00+00:00,2026-04-24 03:30:00+00:00,SHORT,SHORT,-4.25,"['delta_strong_negative', 'cvd_strong_negative', 'aggressive_sellers', 'below_vwap']",77655.4,77558.33075,23.447490905403093,WIN,2,5.0,0.8004594657937204,0.86278610373522,0.5000000000000024,0.5,take_profit,6.673727943112764,3.159829891223744,-3.0293261176851796,-1.767144673894581,DOWN,SELL,0.2789050499392015,False,78159.32718711685,-0.006467325224327219,NONE,0.0,77558.33075,0.5
2026-04-24 05:55:00+00:00,2026-04-24 05:55:00+00:00,2026-04-24 06:00:00+00:00,2026-04-24 06:35:00+00:00,LONG,LONG,3.75,"['delta_strong_positive', 'cvd_strong_positive', 'aggressive_buyers']",77911.1,77716.32225000001,-47.012219265331474,LOSS,8,35.0,0.17404451997209217,1.0632631293872417,-0.9999999999999681,0.5,stop_loss,6.675480727159809,4.134765582317112,4.062922279803668,3.9153304183668314,UP,BUY,2.4848456184941767,False,77941.6632111786,0.0008273689894577961,NONE,0.0,78008.48887500001,0.5
2026-04-24 08:20:00+00:00,2026-04-24 08:20:00+00:00,2026-04-24 08:25:00+00:00,2026-04-24 09:00:00+00:00,LONG,LONG,3.75,"['delta_strong_positive', 'cvd_strong_positive', 'aggressive_buyers']",77875.2,77680.512,-46.77715816900504,LOSS,8,35.0,0.02465483234715499,1.2070595003287312,-0.9999999999999727,0.5,stop_loss,7.142103323523996,3.4356413851948377,2.9833336727555175,2.6660547519174296,UP,BUY,1.7448887818498604,False,77895.88570131402,0.002003077791725073,NONE,0.0,77972.544,0.5
2026-04-24 11:05:00+00:00,2026-04-24 11:05:00+00:00,2026-04-24 11:10:00+00:00,2026-04-24 11:10:00+00:00,LONG,LONG,4.25,"['delta_strong_positive', 'cvd_strong_positive', 'aggressive_buyers', 'above_vwap']",78081.1,78178.701375,23.271636189080258,WIN,1,1.0,0.6065488319196024,0.0,0.4999999999999917,0.5,take_profit,7.142103323523996,3.007615957452539,3.83253900538112,3.4983780828369277,UP,BUY,1.612141207580902,False,77848.48667348978,0.004759162887677561,NONE,0.0,78178.701375,0.5
2026-04-25 07:25:00+00:00,2026-04-25 07:25:00+00:00,2026-04-25 07:30:00+00:00,2026-04-25 08:30:00+00:00,LONG,LONG,4.25,"['delta_strong_positive', 'cvd_strong_positive', 'aggressive_buyers', 'above_vwap']",77500.2,77597.07525,23.3298152795527,WIN,13,60.0,0.5765146412525237,0.29006376757735897,0.49999999999998623,0.5,take_profit,7.142103323523996,2.634664416788794,2.7260863010174767,2.77454018924568,UP,BUY,2.8603893255117265,False,77489.34084246359,-0.0002457756528113901,NONE,0.0,77597.07525,0.5
2026-04-25 10:30:00+00:00,2026-04-25 10:30:00+00:00,2026-04-25 10:35:00+00:00,2026-04-25 11:20:00+00:00,LONG,LONG,4.25,"['delta_strong_positive', 'cvd_strong_positive', 'aggressive_buyers', 'above_vwap']",77822.1,77627.54475,-46.776279635505624,LOSS,10,45.0,0.0005139928117656493,1.2186769568027889,-1.000000000000025,0.5,stop_loss,7.14384731089598,1.9539503303279457,2.3185324188293874,1.647135225286744,UP,BUY,2.366389257990069,False,77541.0486606691,0.0028178055447292297,NONE,0.0,77919.37762500001,0.5
2026-04-26 00:05:00+00:00,2026-04-26 00:05:00+00:00,2026-04-26 00:10:00+00:00,2026-04-26 00:30:00+00:00,SHORT,SHORT,-4.25,"['delta_strong_negative', 'cvd_strong_negative', 'aggressive_sellers', 'below_vwap']",77518.8,77421.9015,23.271199118662427,WIN,5,20.0,0.6037245158593786,0.015996119650929935,0.4999999999999777,0.5,take_profit,7.14384731089598,2.0481684400554276,-2.528897612631452,-3.030300159373381,DOWN,SELL,0.25405434378423286,False,77562.79719869485,0.00036176158801119447,NONE,0.0,77421.9015,0.5
2026-04-26 03:30:00+00:00,2026-04-26 03:30:00+00:00,2026-04-26 03:35:00+00:00,2026-04-26 04:45:00+00:00,SHORT,SHORT,-4.25,"['delta_strong_negative', 'cvd_strong_negative', 'aggressive_sellers', 'below_vwap']",77329.3,77522.62325,-46.65875423292054,LOSS,15,70.0,0.25501330026265806,2.3158104366650005,-1.0000000000000064,0.5,stop_loss,7.377148394527359,3.5890051952251123,-2.8510478253633385,-2.635708806907569,DOWN,SELL,0.3717933820917424,False,77481.38372401109,-0.002089948663157146,NONE,0.0,77232.63837500001,0.5
2026-04-26 05:10:00+00:00,2026-04-26 05:10:00+00:00,2026-04-26 05:15:00+00:00,2026-04-26 06:15:00+00:00,LONG,LONG,4.25,"['delta_strong_positive', 'cvd_strong_positive', 'aggressive_buyers', 'above_vwap']",78089.5,77894.27625,-46.42546046175675,LOSS,13,60.0,0.3851990344412352,1.0321490085094667,-1.000000000000024,0.5,stop_loss,7.8402626525547285,3.5706270728225427,3.5815327814909335,2.1769473874673597,UP,BUY,2.117642020387857,False,77621.46020550841,0.00566484106216385,NONE,0.0,78187.111875,0.5
2026-04-26 07:50:00+00:00,2026-04-26 07:50:00+00:00,2026-04-26 07:55:00+00:00,2026-04-26 08:35:00+00:00,LONG,LONG,4.25,"['delta_strong_positive', 'cvd_strong_positive', 'aggressive_buyers', 'above_vwap']",78014.7,78112.218375,23.096666579723347,WIN,9,40.0,0.8618888491528178,0.21124224024445185,0.4999999999999982,0.5,take_profit,7.8402626525547285,2.0689131229435307,2.232010875639085,1.6183629905885983,UP,BUY,1.8803159889104162,False,77762.32980137214,0.0016659463957412286,NONE,0.0,78112.218375,0.5
2026-04-26 10:40:00+00:00,2026-04-26 10:40:00+00:00,2026-04-26 10:45:00+00:00,2026-04-26 12:45:00+00:00,SHORT,SHORT,-3.75,"['delta_strong_negative', 'cvd_strong_negative', 'aggressive_sellers']",77945.7,77848.26787499999,23.154408246174317,WIN,25,120.0,1.1839011003814044,0.8662440647784441,0.5000000000000341,0.5,take_profit,7.8402626525547285,1.5253875960972987,-2.6031472438891203,-1.5463826100151767,DOWN,SELL,0.1793580449601482,False,77808.79967202967,-0.0005783274535867728,NONE,0.0,77848.26787499999,0.5
2026-04-27 00:25:00+00:00,2026-04-27 00:25:00+00:00,2026-04-27 00:30:00+00:00,2026-04-27 00:40:00+00:00,SHORT,SHORT,-4.25,"['delta_strong_negative', 'cvd_strong_negative', 'aggressive_sellers', 'below_vwap']",78443.3,78639.40825000001,-46.424588533577484,LOSS,3,10.0,0.4415928447681616,1.7577026973622838,-1.0000000000000244,0.5,stop_loss,7.84199352762176,1.4324797707799402,-3.033355822358123,-2.5452080652294837,DOWN,SELL,0.3174700806206062,False,78586.6290354409,0.00037944457887491165,NONE,0.0,78345.24587500001,0.5
2026-04-27 00:55:00+00:00,2026-04-27 00:55:00+00:00,2026-04-27 01:00:00+00:00,2026-04-27 01:00:00+00:00,LONG,LONG,4.25,"['delta_strong_positive', 'cvd_strong_positive', 'aggressive_buyers', 'above_vwap']",79264.1,79363.180125,23.096232795452632,WIN,1,1.0,0.9633617236554464,0.0,0.4999999999999653,0.5,take_profit,7.84199352762176,3.850703685144773,3.3635513594331203,2.460190453302938,UP,BUY,1.7123872775767903,False,78850.58906574172,0.009295728518509854,NONE,0.0,79363.180125,0.5
2026-04-27 05:10:00+00:00,2026-04-27 05:10:00+00:00,2026-04-27 05:15:00+00:00,2026-04-27 05:15:00+00:00,SHORT,SHORT,-4.25,"['delta_strong_negative', 'cvd_strong_negative', 'aggressive_sellers', 'below_vwap']",78351.6,78253.66050000001,23.15397337744124,WIN,1,1.0,2.085471132689058,0.07555684887092724,0.49999999999996486,0.5,take_profit,7.84199352762176,4.085892612828621,-4.184772425878673,-3.9497192303550928,DOWN,SELL,0.3348311042794165,False,78952.49225119609,-0.0074102168500318685,NONE,0.0,78253.66050000001,0.5
2026-04-27 09:20:00+00:00,2026-04-27 09:20:00+00:00,2026-04-27 09:25:00+00:00,2026-04-27 09:30:00+00:00,SHORT,SHORT,-4.25,"['delta_strong_negative', 'cvd_strong_negative', 'aggressive_sellers', 'below_vwap']",77661.1,77855.25275,-46.423716621771455,LOSS,2,5.0,0.020602335017145004,1.4622507278418366,-0.999999999999968,0.5,stop_loss,7.843724370180841,-0.04166158376930307,-2.2115140705298173,-2.733181400514042,DOWN,SELL,0.3991815876431261,False,78321.56069034185,-0.00041510491742541533,NONE,0.0,77564.023625,0.5
2026-04-28 02:35:00+00:00,2026-04-28 02:35:00+00:00,2026-04-28 02:40:00+00:00,2026-04-28 02:55:00+00:00,SHORT,SHORT,-4.25,"['delta_strong_negative', 'cvd_strong_negative', 'aggressive_sellers', 'below_vwap']",76669.9,76861.57475,-46.19159803866543,LOSS,4,15.0,0.1439939272125894,1.0496948606950662,-1.0000000000000293,0.5,stop_loss,8.304505748329953,3.140002023095262,-2.8146688346826956,-2.1910955344038205,DOWN,SELL,0.5546061559442873,False,77145.2149695954,-0.006303216757511038,NONE,0.0,76574.06262499999,0.5
2026-04-28 05:25:00+00:00,2026-04-28 05:25:00+00:00,2026-04-28 05:30:00+00:00,2026-04-28 05:35:00+00:00,SHORT,SHORT,-3.5,"['delta_strong_negative', 'cvd_strong_negative', 'big_trade_sell']",77025.8,76929.51775,22.98032002423629,WIN,2,5.0,1.0521150056215232,0.06283608868712182,0.5000000000000199,0.5,take_profit,8.304505748329953,3.0369218762143007,-2.4816333182710055,-2.0949667595527313,DOWN,SELL,0.7354603758902145,True,76988.16295123586,0.00195861031575833,NONE,0.0,76929.51775,0.5
2026-04-28 06:35:00+00:00,2026-04-28 06:35:00+00:00,2026-04-28 06:40:00+00:00,2026-04-28 06:40:00+00:00,SHORT,SHORT,-4.25,"['delta_strong_negative', 'cvd_strong_negative', 'aggressive_sellers', 'below_vwap']",76746.4,76650.46699999999,23.03777082429706,WIN,1,1.0,1.1508031647086423,0.060980058999570756,0.5000000000000236,0.5,take_profit,8.304505748329953,1.3364251978511075,-3.4411908643416136,-2.9036022174930025,DOWN,SELL,0.24707122313113494,False,76970.94135593007,-0.0010301779967325348,NONE,0.0,76650.46699999999,0.5
2026-04-28 11:15:00+00:00,2026-04-28 11:15:00+00:00,2026-04-28 11:20:00+00:00,2026-04-28 11:25:00+00:00,SHORT,SHORT,-3.5,"['delta_strong_negative', 'cvd_strong_negative', 'below_vwap']",76334.7,76239.281625,23.09536525135522,WIN,2,5.0,0.5643567080239896,0.5187680045903108,0.4999999999999677,0.5,take_profit,8.304505748329953,3.6588846436639244,-2.5893865630704878,-2.507881111629201,DOWN,SELL,0.6910962771405037,False,76817.40974806156,-0.003985000869772282,NONE,0.0,76239.281625,0.5
2026-04-28 12:45:00+00:00,2026-04-28 12:45:00+00:00,2026-04-28 12:50:00+00:00,2026-04-28 13:05:00+00:00,LONG,LONG,3.75,"['delta_strong_positive', 'cvd_strong_positive', 'aggressive_buyers']",76367.9,76176.98025,-46.30620732897042,LOSS,4,15.0,0.09585179113215322,1.8578486510693477,-1.0000000000000049,0.5,stop_loss,8.304505748329953,1.7148320718184993,2.997213819723999,1.8520438379958335,UP,BUY,2.0021454206965896,False,76709.18089019271,-2.968840673439786e-05,NONE,0.0,76463.359875,0.5
2026-04-29 00:50:00+00:00,2026-04-29 00:50:00+00:00,2026-04-29 00:55:00+00:00,2026-04-29 01:05:00+00:00,LONG,LONG,4.25,"['delta_strong_positive', 'cvd_strong_positive', 'aggressive_buyers', 'above_vwap']",76498.8,76307.553,-46.07467629232607,LOSS,3,10.0,0.10980564401010211,1.2345291690850355,-1.0000000000000158,0.5,stop_loss,8.536608506721745,3.414282218636777,3.328957301895944,1.8159762307561593,UP,BUY,2.5556772986748832,False,76344.2816090444,0.0024437475534955697,NONE,0.0,76594.4235,0.5
2026-04-29 01:20:00+00:00,2026-04-29 01:20:00+00:00,2026-04-29 01:25:00+00:00,2026-04-29 01:45:00+00:00,SHORT,SHORT,-4.25,"['delta_strong_negative', 'cvd_strong_negative', 'aggressive_sellers', 'below_vwap']",76202.7,76393.20675,-45.84430291086383,LOSS,5,20.0,0.335946101647317,1.9542614631765172,-1.0000000000000027,0.5,stop_loss,8.993925464188138,0.8393125216522048,-2.0074257036892,-2.932593119504228,DOWN,SELL,0.33483033350053076,False,76347.34917732236,-0.0014466601491095938,NONE,0.0,76107.446625,0.5
2026-04-29 03:35:00+00:00,2026-04-29 03:35:00+00:00,2026-04-29 03:40:00+00:00,2026-04-29 03:40:00+00:00,LONG,LONG,4.75,"['delta_strong_positive', 'cvd_strong_positive', 'aggressive_buyers', 'big_trade_buy', 'above_vwap']",76961.5,77057.701875,22.807540698154416,WIN,1,1.0,0.7136035550242805,0.28221903159373407,0.49999999999999395,0.5,take_profit,8.993925464188138,3.0918961341330773,2.6088651079596237,1.975802632452366,UP,BUY,1.5947522425411755,True,76560.78929056929,0.005363763476126019,NONE,0.0,77057.701875,0.5
2026-04-29 06:20:00+00:00,2026-04-29 06:20:00+00:00,2026-04-29 06:25:00+00:00,2026-04-29 06:30:00+00:00,SHORT,SHORT,-3.75,"['delta_strong_negative', 'cvd_strong_negative', 'aggressive_sellers']",77105.7,77009.317875,22.864559549900967,WIN,2,5.0,0.6282285226642973,0.0,0.5000000000000193,0.5,take_profit,8.993925464188138,1.1177746302907139,-3.3883383758230976,-1.519962337663451,DOWN,SELL,0.2659735310564795,False,76892.5066112503,0.0007096903892293175,NONE,0.0,77009.317875,0.5
2026-04-29 06:55:00+00:00,2026-04-29 06:55:00+00:00,2026-04-29 07:00:00+00:00,2026-04-29 07:30:00+00:00,LONG,LONG,4.25,"['delta_strong_positive', 'cvd_strong_positive', 'aggressive_buyers', 'above_vwap']",76978.5,77074.723125,22.921720948775807,WIN,7,30.0,0.839195359743305,0.06859058048674417,0.5000000000000212,0.5,take_profit,8.993925464188138,1.8102071199066332,2.9560232290756487,1.9682183094735977,UP,BUY,2.4371453672061385,False,76904.76329468825,-0.0010723945504388479,NONE,0.0,77074.723125,0.5
2026-04-29 09:30:00+00:00,2026-04-29 09:30:00+00:00,2026-04-29 09:35:00+00:00,2026-04-29 09:45:00+00:00,LONG,LONG,4.25,"['delta_strong_positive', 'cvd_strong_positive', 'aggressive_buyers', 'above_vwap']",77182.5,77278.978125,22.979025251145384,WIN,3,10.0,2.6197648430667573,0.08188384672692857,0.4999999999999698,0.5,take_profit,8.993925464188138,2.965402816614828,2.889113233461424,2.7636670876771645,UP,BUY,2.1992485460565323,False,76923.23221629605,0.0016833933507815987,NONE,0.0,77278.978125,0.5
2026-04-29 12:20:00+00:00,2026-04-29 12:20:00+00:00,2026-04-29 12:25:00+00:00,2026-04-29 12:30:00+00:00,SHORT,SHORT,-4.25,"['delta_strong_negative', 'cvd_strong_negative', 'aggressive_sellers', 'below_vwap']",77097.4,77001.02824999999,23.036472814276,WIN,2,5.0,0.7901693182908288,0.2780897929113346,0.5000000000000296,0.5,take_profit,8.993925464188138,3.8401387434596974,-3.073355063499155,-2.6246553832140482,DOWN,SELL,0.6255608778974664,False,77158.98694663966,-0.005219841997236466,NONE,0.0,77001.02824999999,0.5
2026-04-30 00:30:00+00:00,2026-04-30 00:30:00+00:00,2026-04-30 00:35:00+00:00,2026-04-30 00:35:00+00:00,LONG,LONG,4.25,"['delta_strong_positive', 'cvd_strong_positive', 'aggressive_buyers', 'above_vwap']",75905.1,75999.981375,23.094063996309643,WIN,1,1.0,1.2905588689033762,0.0,0.49999999999998523,0.5,take_profit,8.993925464188138,2.0408702957470877,2.0364776387159202,2.083865337230473,UP,BUY,1.6916085547634478,False,75766.65057828698,0.0012962198242929864,NONE,0.0,75999.981375,0.5
2026-04-30 02:30:00+00:00,2026-04-30 02:30:00+00:00,2026-04-30 02:35:00+00:00,2026-04-30 02:35:00+00:00,SHORT,SHORT,-4.25,"['delta_strong_negative', 'cvd_strong_negative', 'aggressive_sellers', 'below_vwap']",75724.0,75629.345,23.151799156300815,WIN,1,1.0,1.4531720458507518,0.2826052506470868,0.49999999999999384,0.5,take_profit,8.993925464188138,3.9528742742366454,-3.1732838061922357,-2.586554031970586,DOWN,SELL,0.6417997917759417,False,76076.90184897398,-0.004024788298839625,NONE,0.0,75629.345,0.5
2026-04-30 05:40:00+00:00,2026-04-30 05:40:00+00:00,2026-04-30 05:45:00+00:00,2026-04-30 06:30:00+00:00,LONG,LONG,3.75,"['delta_strong_positive', 'cvd_strong_positive', 'aggressive_buyers']",75675.1,75769.69387500001,23.209678654193308,WIN,10,45.0,0.7569200437131742,0.7135768568525181,0.5000000000000313,0.5,take_profit,8.993925464188138,1.1361386928501913,2.5194977239669036,2.7336409673034994,UP,BUY,2.8860517763395466,False,75866.56860029427,-0.0009837914597582023,NONE,0.0,75769.69387500001,0.5
2026-04-30 07:30:00+00:00,2026-04-30 07:30:00+00:00,2026-04-30 07:35:00+00:00,2026-04-30 07:45:00+00:00,LONG,LONG,4.25,"['delta_strong_positive', 'cvd_strong_positive', 'aggressive_buyers', 'above_vwap']",75964.0,76058.955,23.267702850827767,WIN,3,10.0,0.8746248222842705,0.33700173766520986,0.5000000000000092,0.5,take_profit,8.993925464188138,2.497680840144191,2.2454664146380057,1.9644274451394395,UP,BUY,2.5037934555136254,False,75846.6156665777,0.004154426949650089,NONE,0.0,76058.955,0.5
2026-04-30 08:20:00+00:00,2026-04-30 08:20:00+00:00,2026-04-30 08:25:00+00:00,2026-04-30 09:25:00+00:00,SHORT,SHORT,-3.75,"['delta_strong_negative', 'cvd_strong_negative', 'aggressive_sellers']",75999.9,76189.89975,-46.65174421590948,LOSS,13,60.0,0.14000018421072277,1.0384224189768825,-1.0000000000000142,0.5,stop_loss,8.993925464188138,0.8892567675760495,-2.13891537686579,-2.2891030435324597,DOWN,SELL,0.3415900851933972,False,75873.68499434752,0.0032588062308642955,NONE,0.0,75904.900125,0.5
2026-04-30 12:20:00+00:00,2026-04-30 12:20:00+00:00,2026-04-30 12:25:00+00:00,2026-04-30 13:25:00+00:00,LONG,LONG,4.25,"['delta_strong_positive', 'cvd_strong_positive', 'aggressive_buyers', 'above_vwap']",76315.0,76124.2125,-46.418485494830676,LOSS,13,60.0,0.3150101552774989,1.0687282971892509,-1.0000000000000304,0.5,stop_loss,8.993925464188138,2.136289587822547,3.27930462175896,2.4917239359473737,UP,BUY,2.5701675285198533,False,75931.79619513183,0.003056565746751808,NONE,0.0,76410.39375,0.5
2026-05-01 01:45:00+00:00,2026-05-01 01:45:00+00:00,2026-05-01 01:50:00+00:00,2026-05-01 03:15:00+00:00,LONG,LONG,4.25,"['delta_strong_positive', 'cvd_strong_positive', 'aggressive_buyers', 'above_vwap']",76649.9,76745.71237499999,23.093196533676128,WIN,18,85.0,2.870192916102957,0.859492315058452,0.4999999999999691,0.5,take_profit,8.993925464188138,3.435769941019701,3.6869126309722393,2.084116843060908,UP,BUY,2.4036411048447435,False,76494.14976015608,0.003209621496942752,NONE,0.0,76745.71237499999,0.5
2026-05-01 06:45:00+00:00,2026-05-01 06:45:00+00:00,2026-05-01 06:50:00+00:00,2026-05-01 06:50:00+00:00,SHORT,SHORT,-4.25,"['delta_strong_negative', 'cvd_strong_negative', 'aggressive_sellers', 'below_vwap']",76933.2,76837.03349999999,23.150929525013346,WIN,1,1.0,0.5173319191194439,0.13882173106017734,0.5000000000000345,0.5,take_profit,8.993925464188138,1.087819574207128,-2.4609211829727062,-2.0398948284395546,DOWN,SELL,0.435306083830069,False,76949.90759696419,-0.002155745459797229,NONE,0.0,76837.03349999999,0.5
2026-05-01 08:10:00+00:00,2026-05-01 08:10:00+00:00,2026-05-01 08:15:00+00:00,2026-05-01 08:15:00+00:00,LONG,LONG,4.25,"['delta_strong_positive', 'cvd_strong_positive', 'aggressive_buyers', 'above_vwap']",77221.7,77318.22712499999,23.208806848822654,WIN,1,1.0,0.8044370947544688,0.14969885407855138,0.49999999999996503,0.5,take_profit,8.993925464188138,1.4342121111646404,2.2864296252187915,1.731849687134373,UP,BUY,3.4389103378815857,False,76961.37251828492,0.0023693618048157374,NONE,0.0,77318.22712499999,0.5
2026-05-01 09:00:00+00:00,2026-05-01 09:00:00+00:00,2026-05-01 09:05:00+00:00,2026-05-01 09:45:00+00:00,SHORT,SHORT,-4.25,"['delta_strong_negative', 'cvd_strong_negative', 'aggressive_sellers', 'big_trade_sell']",77286.3,77189.692125,23.2668288659467,WIN,9,40.0,0.6407345156903766,0.3296832685741048,0.5000000000000078,0.5,take_profit,8.993925464188138,0.8318899218982142,-3.2565264546944315,-2.022082745077426,DOWN,SELL,0.22881869157249765,True,77026.32010750195,0.0014096461072657036,NONE,0.0,77189.692125,0.5
2026-05-01 10:15:00+00:00,2026-05-01 10:15:00+00:00,2026-05-01 10:20:00+00:00,2026-05-01 10:20:00+00:00,LONG,LONG,4.25,"['delta_strong_positive', 'cvd_strong_positive', 'aggressive_buyers', 'above_vwap']",77241.6,77338.152,23.324995938110245,WIN,1,1.0,0.8653368133233452,0.02433921617372836,0.4999999999999795,0.5,take_profit,8.993925464188138,2.3045980629555425,2.0690770104593597,1.671861567706621,UP,BUY,2.30565717992736,False,77045.10793339742,0.0005190565454635764,NONE,0.0,77338.152,0.5
2026-05-01 11:20:00+00:00,2026-05-01 11:20:00+00:00,2026-05-01 11:25:00+00:00,2026-05-01 12:00:00+00:00,LONG,LONG,4.25,"['delta_strong_positive', 'cvd_strong_positive', 'aggressive_buyers', 'above_vwap']",77391.9,77488.639875,23.383308427956308,WIN,8,35.0,0.6041975969061814,0.4796367578518597,0.49999999999999645,0.5,take_profit,8.993925464188138,3.8186115100969262,3.407529437462328,2.9220091981449876,UP,BUY,1.991284466811478,False,77071.3642386298,0.001426759390524948,NONE,0.0,77488.639875,0.5
2026-05-01 12:30:00+00:00,2026-05-01 12:30:00+00:00,2026-05-01 12:35:00+00:00,2026-05-01 12:35:00+00:00,LONG,LONG,4.25,"['delta_strong_positive', 'cvd_strong_positive', 'aggressive_buyers', 'above_vwap']",77901.7,77999.077125,23.441766699026143,WIN,1,1.0,1.2508071069052709,0.03337539488868664,0.4999999999999952,0.5,take_profit,8.993925464188138,3.9392915435284492,3.6568753708725334,3.2951742427755257,UP,BUY,1.6195788178721138,False,77204.87421494053,0.004779763256170815,NONE,0.0,77999.077125,0.5
2026-05-02 01:30:00+00:00,2026-05-02 01:30:00+00:00,2026-05-02 01:35:00+00:00,2026-05-02 02:50:00+00:00,LONG,LONG,4.25,"['delta_strong_positive', 'cvd_strong_positive', 'aggressive_buyers', 'above_vwap']",78380.9,78478.876125,23.500371115774186,WIN,16,75.0,0.5057354534076839,0.870620265906573,0.5000000000000053,0.5,take_profit,8.993925464188138,2.6855370925645268,2.2302679891615216,2.1509785899381892,UP,BUY,1.726260402964275,False,78268.74367918618,0.002373311436437436,NONE,0.0,78478.876125,0.5
2026-05-02 04:05:00+00:00,2026-05-02 04:05:00+00:00,2026-05-02 04:10:00+00:00,2026-05-02 04:40:00+00:00,SHORT,SHORT,-4.25,"['delta_strong_negative', 'cvd_strong_negative', 'aggressive_sellers', 'below_vwap']",78235.9,78138.10512499999,23.559122043565026,WIN,7,30.0,0.6539197478395171,0.19939695203864213,0.5000000000000352,0.5,take_profit,8.993925464188138,3.171562383022817,-2.796970622173458,-1.9209785833458006,DOWN,SELL,0.4837601467919184,False,78303.85005668984,-0.0009440660647331239,NONE,0.0,78138.10512499999,0.5
2026-05-02 11:00:00+00:00,2026-05-02 11:00:00+00:00,2026-05-02 11:05:00+00:00,2026-05-02 13:10:00+00:00,SHORT,SHORT,-4.25,"['delta_strong_negative', 'cvd_strong_negative', 'aggressive_sellers', 'below_vwap']",78146.8,78342.167,-47.23603969734416,LOSS,26,125.0,0.46630188312256327,1.3118899302338822,-0.9999999999999916,0.5,stop_loss,8.993925464188138,1.9792739696164232,-2.536221547965538,-1.6028043857991308,DOWN,SELL,0.3783876013081188,False,78233.2980733799,-0.00110328116658249,NONE,0.0,78049.1165,0.5
2026-05-03 01:00:00+00:00,2026-05-03 01:00:00+00:00,2026-05-03 01:05:00+00:00,2026-05-03 01:15:00+00:00,SHORT,SHORT,-4.25,"['delta_strong_negative', 'cvd_strong_negative', 'aggressive_sellers', 'below_vwap']",78331.1,78233.18612500001,23.49992974942853,WIN,3,10.0,0.6184006097195408,0.2083463656197263,0.4999999999999917,0.5,take_profit,8.993925464188138,3.886571450788023,-3.4228732679843192,-3.4752719330487527,DOWN,SELL,0.4957712030355905,False,78488.0358480788,-0.004467978337507992,NONE,0.0,78233.18612500001,0.5
2026-05-03 09:35:00+00:00,2026-05-03 09:35:00+00:00,2026-05-03 09:40:00+00:00,2026-05-03 10:45:00+00:00,LONG,LONG,4.25,"['delta_strong_positive', 'cvd_strong_positive', 'aggressive_buyers', 'above_vwap']",78561.0,78364.5975,-47.11735914760415,LOSS,14,65.0,0.0,1.0320642558012096,-0.9999999999999822,0.5,stop_loss,8.993925464188138,3.072842380646998,2.9462338155604972,2.692509147259243,UP,BUY,2.370022870932306,False,78283.21400968796,0.0031094096425884855,NONE,0.0,78659.20125,0.5
2026-05-03 11:40:00+00:00,2026-05-03 11:40:00+00:00,2026-05-03 11:45:00+00:00,2026-05-03 11:45:00+00:00,LONG,LONG,4.25,"['delta_strong_positive', 'cvd_strong_positive', 'aggressive_buyers', 'above_vwap']",78679.1,78777.448875,23.440886175932537,WIN,1,1.0,0.6893825679246014,0.2658901792216886,0.49999999999997985,0.5,take_profit,8.993925464188138,3.8510805895649804,3.839796748642519,3.2568275654998433,UP,BUY,2.455174639397449,False,78318.2355248401,0.0026948732262819784,NONE,0.0,78777.448875,0.5
2026-05-04 01:50:00+00:00,2026-05-04 01:50:00+00:00,2026-05-04 01:55:00+00:00,2026-05-04 01:55:00+00:00,LONG,LONG,4.25,"['delta_strong_positive', 'cvd_strong_positive', 'aggressive_buyers', 'above_vwap']",79208.6,79307.61075,23.499488391373614,WIN,1,1.0,3.238032233873579,0.029794744510109914,0.5000000000000063,0.5,take_profit,8.993925464188138,2.3237204804833653,3.3356355999821656,1.8847047877456147,UP,BUY,1.6234534196826866,False,78667.73546344251,0.004635728573645485,NONE,0.0,79307.61075,0.5
2026-05-04 09:40:00+00:00,2026-05-04 09:40:00+00:00,2026-05-04 09:45:00+00:00,2026-05-04 10:00:00+00:00,LONG,LONG,4.25,"['delta_strong_positive', 'cvd_strong_positive', 'aggressive_buyers', 'above_vwap']",79821.4,79621.8465,-47.11647422470221,LOSS,4,15.0,0.3938793356167936,3.3645112714134013,-0.9999999999999727,0.5,stop_loss,8.993925464188138,2.1742720559093724,2.071867122549881,1.9863163234049148,UP,BUY,1.9761175534883313,False,79763.60051966149,0.0010709946996626466,NONE,0.0,79921.17675,0.5
2026-05-04 10:15:00+00:00,2026-05-04 10:15:00+00:00,2026-05-04 10:20:00+00:00,2026-05-04 10:20:00+00:00,SHORT,SHORT,-4.25,"['delta_strong_negative', 'cvd_strong_negative', 'aggressive_sellers', 'below_vwap']",78358.7,78260.75162499999,23.44044592679172,WIN,1,1.0,0.8101206375297042,0.8269662462496188,0.5000000000000369,0.5,take_profit,8.993925464188138,1.8894247328373002,-2.9414522457845766,-3.188129923173088,DOWN,SELL,0.5301769261795456,False,79604.46983744533,-0.011167903894114765,NONE,0.0,78260.75162499999,0.5
2026-05-05 00:00:00+00:00,2026-05-05 00:00:00+00:00,2026-05-05 00:05:00+00:00,2026-05-05 00:30:00+00:00,LONG,LONG,4.25,"['delta_strong_positive', 'cvd_strong_positive', 'aggressive_buyers', 'above_vwap']",79949.1,80049.03637500001,23.499047041608094,WIN,6,25.0,0.749977172976277,0.6874373820343629,0.5000000000000238,0.5,take_profit,8.993925464188138,2.931046386652589,2.214816211624185,3.083652206227854,UP,BUY,1.9914954335873583,False,79899.23333333332,-0.000769744889313437,NONE,0.0,80049.03637500001,0.5
2026-05-05 02:00:00+00:00,2026-05-05 02:00:00+00:00,2026-05-05 02:05:00+00:00,2026-05-05 02:35:00+00:00,LONG,LONG,4.25,"['delta_strong_positive', 'cvd_strong_positive', 'aggressive_buyers', 'above_vwap']",80451.0,80551.56375,23.557794659211268,WIN,7,30.0,1.357347950926651,0.5807261562939077,0.5000000000000058,0.5,take_profit,8.993925464188138,3.433848492599139,2.7852609713616214,2.5769232678055927,UP,BUY,1.7710480202649332,False,80126.13743194939,0.004891105754680957,NONE,0.0,80551.56375,0.5
2026-05-05 03:35:00+00:00,2026-05-05 03:35:00+00:00,2026-05-05 03:40:00+00:00,2026-05-05 03:40:00+00:00,LONG,LONG,4.25,"['delta_strong_positive', 'cvd_strong_positive', 'aggressive_buyers', 'above_vwap']",80817.8,80918.82225,23.616689145857745,WIN,1,1.0,0.678563385788731,0.0004949404710636556,0.4999999999999729,0.5,take_profit,8.993925464188138,3.225017877717246,3.5738984605939685,2.589111571330594,UP,BUY,2.5096518163371577,False,80491.85498010206,0.004453749736112003,NONE,0.0,80918.82225,0.5
2026-05-05 05:20:00+00:00,2026-05-05 05:20:00+00:00,2026-05-05 05:25:00+00:00,2026-05-05 05:35:00+00:00,LONG,LONG,4.75,"['delta_strong_positive', 'cvd_strong_positive', 'aggressive_buyers', 'big_trade_buy', 'above_vwap']",81124.5,81225.905625,23.675730868723534,WIN,3,10.0,0.7578475059938593,0.7775702777828996,0.49999999999999717,0.5,take_profit,8.993925464188138,3.851696761866498,3.9215632373513998,2.1967931333577506,UP,BUY,3.582366849877409,True,80614.46903320271,0.0050954417784145264,NONE,0.0,81225.905625,0.5
2026-05-05 07:40:00+00:00,2026-05-05 07:40:00+00:00,2026-05-05 07:45:00+00:00,2026-05-05 07:45:00+00:00,SHORT,SHORT,-3.75,"['delta_strong_negative', 'cvd_strong_negative', 'aggressive_sellers']",80985.5,80884.268125,23.73492019589493,WIN,1,1.0,0.7813744435732178,0.07161775873458828,0.49999999999998845,0.5,take_profit,8.993925464188138,1.5807028543616812,-3.0078474793022885,-1.8370216708222615,DOWN,SELL,0.2998748029417676,False,80746.06964602158,0.00034957877495537984,NONE,0.0,80884.268125,0.5
2026-05-05 11:10:00+00:00,2026-05-05 11:10:00+00:00,2026-05-05 11:15:00+00:00,2026-05-05 11:35:00+00:00,LONG,LONG,4.75,"['delta_strong_positive', 'cvd_strong_positive', 'aggressive_buyers', 'big_trade_buy', 'above_vwap']",80905.6,81006.732,23.79425749638469,WIN,5,20.0,0.8177431475694843,0.6540956373848184,0.499999999999989,0.5,take_profit,8.993925464188138,4.003879767212795,4.081504331108042,4.051156132983556,UP,BUY,7.976657205087663,True,80745.5579128646,0.0016460034278661315,NONE,0.0,81006.732,0.5
2026-05-06 00:00:00+00:00,2026-05-06 00:00:00+00:00,2026-05-06 00:05:00+00:00,2026-05-06 00:10:00+00:00,LONG,LONG,4.25,"['delta_strong_positive', 'cvd_strong_positive', 'aggressive_buyers', 'above_vwap']",81011.3,81112.564125,23.853743140126532,WIN,2,5.0,1.028498493420068,0.19305948676298648,0.5000000000000074,0.5,take_profit,8.993925464188138,0.5997701126783809,3.005502084060572,2.488632379966373,UP,BUY,3.159669812902923,False,80980.06666666667,-0.00289703752940824,NONE,0.0,81112.564125,0.5
2026-05-06 03:20:00+00:00,2026-05-06 03:20:00+00:00,2026-05-06 03:25:00+00:00,2026-05-06 03:25:00+00:00,LONG,LONG,4.25,"['delta_strong_positive', 'cvd_strong_positive', 'aggressive_buyers', 'above_vwap']",81608.0,81710.01,23.913377497975265,WIN,1,1.0,0.5308303107538619,0.2583080090187094,0.4999999999999743,0.5,take_profit,8.993925464188138,3.5130293701214916,3.256709631051348,1.7456461563985266,UP,BUY,2.1148352451231096,False,81152.91052607827,0.006218222615963614,NONE,0.0,81710.01,0.5
2026-05-06 05:35:00+00:00,2026-05-06 05:35:00+00:00,2026-05-06 05:40:00+00:00,2026-05-06 05:50:00+00:00,SHORT,SHORT,-4.25,"['delta_strong_negative', 'cvd_strong_negative', 'aggressive_sellers', 'below_vwap']",81027.8,81230.3695,-47.94632188344234,LOSS,3,10.0,0.0004936577323132098,1.0411241573879295,-0.999999999999989,0.5,stop_loss,8.993925464188138,3.6320363586735995,-3.7369142808561118,-2.2926753436482747,DOWN,SELL,0.4424747105816052,False,81238.38463285474,-0.004132246342867162,NONE,0.0,80926.51525,0.5
2026-05-06 08:30:00+00:00,2026-05-06 08:30:00+00:00,2026-05-06 08:35:00+00:00,2026-05-06 08:35:00+00:00,LONG,LONG,4.25,"['delta_strong_positive', 'cvd_strong_positive', 'aggressive_buyers', 'above_vwap']",81683.6,81785.7045,23.85329513701312,WIN,1,1.0,0.5352359592377826,0.5220142109309864,0.5000000000000062,0.5,take_profit,8.993925464188138,4.121250730541502,4.118908100572681,3.560797171954152,UP,BUY,2.0292870326604424,False,81308.38456783837,0.0034665215362122753,NONE,0.0,81785.7045,0.5
2026-05-06 08:50:00+00:00,2026-05-06 08:50:00+00:00,2026-05-06 08:55:00+00:00,2026-05-06 09:20:00+00:00,LONG,LONG,4.25,"['delta_strong_positive', 'cvd_strong_positive', 'aggressive_buyers', 'above_vwap']",81877.8,81673.1055,-47.82585674971019,LOSS,6,25.0,0.32829411635386924,1.265788773025195,-0.9999999999999891,0.5,stop_loss,8.993925464188138,3.086587677438724,2.9821161062430708,2.7640121428223843,UP,BUY,1.8860272376709877,False,81361.61647755031,0.004711785858641773,NONE,0.0,81980.14725000001,0.5
2026-05-06 12:10:00+00:00,2026-05-06 12:10:00+00:00,2026-05-06 12:15:00+00:00,2026-05-06 12:20:00+00:00,SHORT,SHORT,-3.75,"['delta_strong_negative', 'cvd_strong_negative', 'aggressive_sellers']",82150.1,82355.47525,-47.58672746596153,LOSS,2,5.0,0.07060247035609207,1.479730395945929,-0.9999999999999869,0.5,stop_loss,8.993925464188138,0.8579289097430753,-2.4340066212010396,-1.9153705045874994,DOWN,SELL,0.2750782279314888,False,81802.035695731,0.00035456765781320584,NONE,0.0,82047.412375,0.5
2026-05-07 04:25:00+00:00,2026-05-07 04:25:00+00:00,2026-05-07 04:30:00+00:00,2026-05-07 05:00:00+00:00,LONG,LONG,3.75,"['delta_strong_positive', 'cvd_strong_positive', 'aggressive_buyers']",80899.9,81001.02487499999,23.67439691431479,WIN,7,30.0,0.761434810178999,0.39307835980019756,0.49999999999997075,0.5,take_profit,8.993925464188138,0.39471172895012835,2.0098075762288565,2.927914207507514,UP,BUY,2.6342731006733913,False,80992.78817697876,-0.000895473037499176,NONE,0.0,81001.02487499999,0.5
2026-05-07 06:05:00+00:00,2026-05-07 06:05:00+00:00,2026-05-07 06:10:00+00:00,2026-05-07 06:30:00+00:00,SHORT,SHORT,-4.25,"['delta_strong_negative', 'cvd_strong_negative', 'aggressive_sellers', 'below_vwap']",80942.2,81144.5555,-47.46716581320513,LOSS,5,20.0,0.493191437840844,1.461783840814818,-1.0000000000000253,0.5,stop_loss,8.993925464188138,2.516653341696004,-2.369511242478302,-2.5334962129866385,DOWN,SELL,0.540558009505172,False,80993.23214889047,0.0001504615861033292,NONE,0.0,80841.02225,0.5
2026-05-07 09:35:00+00:00,2026-05-07 09:35:00+00:00,2026-05-07 09:40:00+00:00,2026-05-07 10:10:00+00:00,SHORT,SHORT,-4.75,"['delta_strong_negative', 'cvd_strong_negative', 'aggressive_sellers', 'big_trade_sell', 'below_vwap']",80879.3,80778.20087500001,23.6149149920674,WIN,7,30.0,0.5158303793430601,0.4520316075930142,0.49999999999996714,0.5,take_profit,8.993925464188138,3.503347229047552,-2.426113577890639,-2.882574548104674,DOWN,SELL,0.5387975350185176,True,81127.69815720929,-0.004942056772905177,NONE,0.0,80778.20087500001,0.5
2026-05-08 00:25:00+00:00,2026-05-08 00:25:00+00:00,2026-05-08 00:30:00+00:00,2026-05-08 00:35:00+00:00,SHORT,SHORT,-4.25,"['delta_strong_negative', 'cvd_strong_negative', 'aggressive_sellers', 'below_vwap']",79976.0,79876.03,23.6739522795494,WIN,2,5.0,0.64219265779731,0.10053015904774343,0.5000000000000059,0.5,take_profit,8.993925464188138,3.77404147027662,-3.9546073507618433,-3.0204229830695972,DOWN,SELL,0.2622540379645185,False,80011.55602750607,0.0017937180483414735,NONE,0.0,79876.03,0.5
2026-05-08 02:15:00+00:00,2026-05-08 02:15:00+00:00,2026-05-08 02:20:00+00:00,2026-05-08 02:30:00+00:00,SHORT,SHORT,-4.25,"['delta_strong_negative', 'cvd_strong_negative', 'aggressive_sellers', 'below_vwap']",79346.4,79544.76599999999,-47.466274320494676,LOSS,3,10.0,0.031759474909956134,1.493703558069442,-0.9999999999999725,0.5,stop_loss,8.993925464188138,3.6842678811445437,-3.5818171182791576,-2.4271627745966473,DOWN,SELL,0.5574040644129532,False,79701.76372742289,-0.005036143489907255,NONE,0.0,79247.21699999999,0.5
2026-05-08 07:30:00+00:00,2026-05-08 07:30:00+00:00,2026-05-08 07:35:00+00:00,2026-05-08 07:40:00+00:00,LONG,LONG,3.75,"['delta_strong_positive', 'cvd_strong_positive', 'aggressive_buyers']",79454.1,79553.417625,23.61447147444581,WIN,2,5.0,0.5411929654983191,0.034737036855284904,0.49999999999998,0.5,take_profit,8.993925464188138,0.8592601837042262,2.495420849505736,2.5632459890585135,UP,BUY,2.4538687265351915,False,79550.28313469456,-0.0006201967671312742,NONE,0.0,79553.417625,0.5
2026-05-09 01:10:00+00:00,2026-05-09 01:10:00+00:00,2026-05-09 01:15:00+00:00,2026-05-09 01:50:00+00:00,LONG,LONG,4.25,"['delta_strong_positive', 'cvd_strong_positive', 'aggressive_buyers', 'above_vwap']",80287.4,80387.75924999999,23.673507653131473,WIN,8,35.0,0.5858951715960703,0.4444034804963025,0.4999999999999705,0.5,take_profit,8.993925464188138,1.5424897105844226,2.038914688234979,2.0118594418633395,UP,BUY,2.8802819865319864,False,80168.24773335176,0.0009578535913986776,NONE,0.0,80387.75924999999,0.5
2026-05-09 04:05:00+00:00,2026-05-09 04:05:00+00:00,2026-05-09 04:10:00+00:00,2026-05-09 04:50:00+00:00,LONG,LONG,4.75,"['delta_strong_positive', 'cvd_strong_positive', 'aggressive_buyers', 'big_trade_buy', 'above_vwap']",80550.2,80348.8245,-47.46538284453014,LOSS,9,40.0,0.0844194055384096,1.1148327378454679,-0.9999999999999735,0.5,stop_loss,8.993925464188138,4.073447231764583,3.6843444200459343,2.5000082763336136,UP,BUY,2.2442181135724764,True,80358.48245657698,0.002308169489741043,NONE,0.0,80650.88775,0.5
2026-05-09 06:35:00+00:00,2026-05-09 06:35:00+00:00,2026-05-09 06:40:00+00:00,2026-05-09 08:10:00+00:00,SHORT,SHORT,-4.25,"['delta_strong_negative', 'cvd_strong_negative', 'aggressive_sellers', 'below_vwap']",80180.1,80380.55025,-47.22805593030743,LOSS,19,90.0,0.4779240734297059,1.0037403295830116,-0.999999999999972,0.5,stop_loss,8.993925464188138,3.642652750961463,-3.2195053726189955,-2.6790135580476417,DOWN,SELL,0.3117930795644114,False,80360.74410753862,-0.0026975721257097786,NONE,0.0,80079.87487500001,0.5
2026-05-09 10:35:00+00:00,2026-05-09 10:35:00+00:00,2026-05-09 10:40:00+00:00,2026-05-09 15:30:00+00:00,LONG,LONG,3.75,"['delta_strong_positive', 'cvd_strong_positive', 'aggressive_buyers']",80300.1,80400.47512500001,23.495957825329995,WIN,59,290.0,0.7432120258878735,0.5484426544923645,0.5000000000000295,0.5,take_profit,8.993925464188138,2.011288063974212,2.663957750942084,2.67488085705363,UP,BUY,4.118481697629422,False,80313.78310854676,0.0006753613678303861,NONE,0.0,80400.47512500001,0.5
2026-05-10 00:35:00+00:00,2026-05-10 00:35:00+00:00,2026-05-10 00:40:00+00:00,2026-05-10 03:35:00+00:00,LONG,LONG,4.25,"['delta_strong_positive', 'cvd_strong_positive', 'aggressive_buyers', 'above_vwap']",80700.1,80800.97512500001,23.554697719893316,WIN,36,175.0,0.6577439185329241,0.8247821254249187,0.5000000000000294,0.5,take_profit,8.993925464188138,1.1300463279294926,3.342868094230111,1.5609087096640273,UP,BUY,4.076988963120671,False,80664.66506103748,-1.4526568475453132e-05,NONE,0.0,80800.97512500001,0.5
2026-05-10 06:40:00+00:00,2026-05-10 06:40:00+00:00,2026-05-10 06:45:00+00:00,2026-05-10 08:10:00+00:00,LONG,LONG,4.25,"['delta_strong_positive', 'cvd_strong_positive', 'aggressive_buyers', 'above_vwap']",80676.3,80777.14537500001,23.613584464192698,WIN,18,85.0,0.5513391169401526,0.03421079052960401,0.5000000000000219,0.5,take_profit,8.993925464188138,3.183576130499354,2.6046718854484414,2.0289129907925196,UP,BUY,1.9652141006607864,False,80675.17133420963,-0.0005523414029216954,NONE,0.0,80777.14537500001,0.5
2026-05-10 08:25:00+00:00,2026-05-10 08:25:00+00:00,2026-05-10 08:30:00+00:00,2026-05-10 11:00:00+00:00,LONG,LONG,4.25,"['delta_strong_positive', 'cvd_strong_positive', 'aggressive_buyers', 'above_vwap']",80835.3,80936.344125,23.672618425352226,WIN,31,150.0,0.5156163210874313,0.9589869772240737,0.5000000000000018,0.5,take_profit,8.993925464188138,2.822260243438664,2.2801808610453307,2.377855225443427,UP,BUY,1.792020307548848,False,80688.61565434955,0.0014475030650226664,NONE,0.0,80936.344125,0.5
2026-05-11 00:15:00+00:00,2026-05-11 00:15:00+00:00,2026-05-11 00:20:00+00:00,2026-05-11 00:20:00+00:00,SHORT,SHORT,-4.25,"['delta_strong_negative', 'cvd_strong_negative', 'aggressive_sellers', 'below_vwap']",81541.2,81745.053,-47.4635999428317,LOSS,1,1.0,1.0949066238907306,1.0021927565451718,-1.0000000000000135,0.5,stop_loss,8.993925464188138,2.906666422068546,-3.688927494396194,-2.185620761014959,DOWN,SELL,0.32829331661592015,False,81807.9080389822,0.0013012112850900104,NONE,0.0,81439.2735,0.5
2026-05-11 02:15:00+00:00,2026-05-11 02:15:00+00:00,2026-05-11 02:20:00+00:00,2026-05-11 02:20:00+00:00,SHORT,SHORT,-3.5,"['delta_strong_negative', 'cvd_strong_negative', 'below_vwap']",81244.3,81142.744625,23.613140971557577,WIN,1,1.0,0.7409750591733819,0.0,0.49999999999998157,0.5,take_profit,8.993925464188138,1.7880563301961434,-2.5534967520314447,-1.6206088857019991,DOWN,SELL,0.7026277986563547,False,81582.58165811474,-0.00685273052417479,NONE,0.0,81142.744625,0.5
2026-05-11 03:10:00+00:00,2026-05-11 03:10:00+00:00,2026-05-11 03:15:00+00:00,2026-05-11 04:30:00+00:00,SHORT,SHORT,-4.25,"['delta_strong_negative', 'cvd_strong_negative', 'aggressive_sellers', 'below_vwap']",80569.7,80771.12425,-47.34434764797384,LOSS,16,75.0,0.494478693603135,1.0793139356358965,-0.9999999999999821,0.5,stop_loss,8.993925464188138,3.802199749054686,-4.045951900814963,-3.2964686641608765,DOWN,SELL,0.5283352808859639,False,81405.86365006307,-0.012034418516674288,NONE,0.0,80468.98787499999,0.5
2026-05-11 05:35:00+00:00,2026-05-11 05:35:00+00:00,2026-05-11 05:40:00+00:00,2026-05-11 05:45:00+00:00,SHORT,SHORT,-4.25,"['delta_strong_negative', 'cvd_strong_negative', 'aggressive_sellers', 'below_vwap']",80829.5,80728.463125,23.553812954868626,WIN,2,5.0,0.6007707582008756,0.1588528940547984,0.5000000000000259,0.5,take_profit,8.993925464188138,1.1510832417742793,-2.59525215652434,-1.9761271610478683,DOWN,SELL,0.4571381634408789,False,81185.53693212575,-0.0004387086543862211,NONE,0.0,80728.463125,0.5
2026-05-12 01:15:00+00:00,2026-05-12 01:15:00+00:00,2026-05-12 01:20:00+00:00,2026-05-12 01:20:00+00:00,SHORT,SHORT,-4.25,"['delta_strong_negative', 'cvd_strong_negative', 'aggressive_sellers', 'below_vwap']",81337.3,81235.628375,23.612697487255204,WIN,1,1.0,0.612757000785646,0.15195980196044953,0.5000000000000132,0.5,take_profit,8.993925464188138,2.5183443241926335,-2.167091501646886,-2.076273877074372,DOWN,SELL,0.6261174715754744,False,81502.0350857503,-0.0034614255228631622,NONE,0.0,81235.628375,0.5
2026-05-12 01:35:00+00:00,2026-05-12 01:35:00+00:00,2026-05-12 01:40:00+00:00,2026-05-12 01:40:00+00:00,SHORT,SHORT,-4.0,"['delta_strong_negative', 'cvd_strong_negative', 'big_trade_sell', 'below_vwap']",80817.3,81019.34325,-47.34345846194601,LOSS,1,1.0,0.7726068552154344,1.1126330624754992,-1.000000000000012,0.5,stop_loss,8.993925464188138,3.9336835904703635,-2.639135419163791,-3.2967472216933693,DOWN,SELL,0.7990782640999481,True,81254.11266207624,-0.007234586511765545,NONE,0.0,80716.27837500001,0.5
2026-05-12 04:00:00+00:00,2026-05-12 04:00:00+00:00,2026-05-12 04:05:00+00:00,2026-05-12 04:35:00+00:00,SHORT,SHORT,-4.25,"['delta_strong_negative', 'cvd_strong_negative', 'aggressive_sellers', 'below_vwap']",80999.6,81202.099,-47.1067411696348,LOSS,7,30.0,0.17382801890385452,1.2958088681919129,-0.9999999999999808,0.5,stop_loss,8.993925464188138,2.929311112623865,-2.920555338328059,-1.9610309285276046,DOWN,SELL,0.5032709502404246,False,81165.16288650437,-0.0018976989622554517,NONE,0.0,80898.3505,0.5
2026-05-12 07:45:00+00:00,2026-05-12 07:45:00+00:00,2026-05-12 07:50:00+00:00,2026-05-12 08:15:00+00:00,SHORT,SHORT,-4.25,"['delta_strong_negative', 'cvd_strong_negative', 'aggressive_sellers', 'below_vwap']",80835.6,80734.5555,23.4356037318946,WIN,6,25.0,0.5754890172152017,0.43545170692120794,0.5000000000000178,0.5,take_profit,8.993925464188138,3.277213656883164,-3.0740425622617926,-2.212401764406375,DOWN,SELL,0.5644629548253864,False,81123.82092536126,-0.0026981311425650733,NONE,0.0,80734.5555,0.5
2026-05-13 01:20:00+00:00,2026-05-13 01:20:00+00:00,2026-05-13 01:25:00+00:00,2026-05-13 01:30:00+00:00,LONG,LONG,4.25,"['delta_strong_positive', 'cvd_strong_positive', 'aggressive_buyers', 'above_vwap']",80993.8,81095.04225,23.4941927412225,WIN,2,5.0,0.7294385496173637,0.1743343317636802,0.4999999999999787,0.5,take_profit,8.993925464188138,3.075963319947508,3.299869631446751,2.50727951801403,UP,BUY,1.7398494626371823,False,80762.86554500139,0.004021483611969041,NONE,0.0,81095.04225,0.5
2026-05-13 03:45:00+00:00,2026-05-13 03:45:00+00:00,2026-05-13 03:50:00+00:00,2026-05-13 05:30:00+00:00,LONG,LONG,4.25,"['delta_strong_positive', 'cvd_strong_positive', 'aggressive_buyers', 'above_vwap']",81236.1,81033.00975000001,-47.10585644615168,LOSS,21,100.0,0.15707302541601173,1.0103882387264362,-0.9999999999999696,0.5,stop_loss,8.993925464188138,2.19617218801656,2.4373824126532506,2.3295610887899985,UP,BUY,2.4674021788997162,False,80933.47955774618,0.003867895304341618,NONE,0.0,81337.64512500001,0.5
2026-05-13 06:25:00+00:00,2026-05-13 06:25:00+00:00,2026-05-13 06:30:00+00:00,2026-05-13 07:20:00+00:00,LONG,LONG,4.25,"['delta_strong_positive', 'cvd_strong_positive', 'aggressive_buyers', 'above_vwap']",81070.1,80867.42475,-46.870327163922404,LOSS,11,50.0,0.04884661545992507,1.0583433349656655,-1.000000000000001,0.5,stop_loss,8.993925464188138,2.211828584807351,3.290849285265234,3.1261210595195768,UP,BUY,4.215579611002266,False,80994.10008733826,-0.00034036660141131527,NONE,0.0,81171.437625,0.5
2026-05-13 09:00:00+00:00,2026-05-13 09:00:00+00:00,2026-05-13 09:05:00+00:00,2026-05-13 10:10:00+00:00,LONG,LONG,4.75,"['delta_strong_positive', 'cvd_strong_positive', 'aggressive_buyers', 'big_trade_buy', 'above_vwap']",81270.1,81066.92475,-46.635975528102804,LOSS,14,65.0,0.0004921859330369661,1.0025827456838943,-1.000000000000001,0.5,stop_loss,8.993925464188138,3.9907170643142336,4.0970316516647225,3.562176196365741,UP,BUY,5.5195414347708285,True,81004.83104611866,0.0028241980245208953,NONE,0.0,81371.687625,0.5
2026-05-13 12:30:00+00:00,2026-05-13 12:30:00+00:00,2026-05-13 12:35:00+00:00,2026-05-13 12:35:00+00:00,SHORT,SHORT,-3.5,"['delta_strong_negative', 'cvd_strong_negative', 'below_vwap']",80072.9,79972.80887499999,23.201397825232572,WIN,1,1.0,1.2818319306531487,0.25227011885419415,0.5000000000000314,0.5,take_profit,8.993925464188138,2.6642044171902324,-2.2442120675050656,-1.5699822355456372,DOWN,SELL,0.6757784813463216,False,80852.025077561,-0.007842599987107356,NONE,0.0,79972.80887499999,0.5
2026-05-14 02:30:00+00:00,2026-05-14 02:30:00+00:00,2026-05-14 02:35:00+00:00,2026-05-14 02:40:00+00:00,SHORT,SHORT,-3.75,"['delta_strong_negative', 'cvd_strong_negative', 'aggressive_sellers']",79623.4,79523.87074999999,23.259401319795803,WIN,2,5.0,0.5641557632554669,0.0,0.5000000000000345,0.5,take_profit,8.993925464188138,0.1621660935255865,-2.356403482930143,-2.2291047337097547,DOWN,SELL,0.2309574678349914,False,79530.7352257867,0.001956779082857678,NONE,0.0,79523.87074999999,0.5
2026-05-14 05:30:00+00:00,2026-05-14 05:30:00+00:00,2026-05-14 05:35:00+00:00,2026-05-14 05:45:00+00:00,LONG,LONG,3.5,"['delta_strong_positive', 'cvd_strong_positive', 'above_vwap']",79643.6,79743.1545,23.3175498230933,WIN,3,10.0,0.8985028301081025,0.0005022374679488158,0.4999999999999918,0.5,take_profit,8.993925464188138,3.140379080600982,2.624838911885758,2.644419402767378,UP,BUY,1.4868422945312212,False,79366.62059705191,0.003925325186961809,NONE,0.0,79743.1545,0.5
2026-05-15 02:10:00+00:00,2026-05-15 02:10:00+00:00,2026-05-15 02:15:00+00:00,2026-05-15 02:30:00+00:00,SHORT,SHORT,-4.25,"['delta_strong_negative', 'cvd_strong_negative', 'aggressive_sellers', 'below_vwap']",80907.0,80805.86625,23.37584369764994,WIN,4,15.0,0.9892839927324252,0.4672030850235455,0.4999999999999683,0.5,take_profit,8.993925464188138,2.1987586592675226,-2.468246135366964,-2.979933902910527,DOWN,SELL,0.5964602148391557,False,81261.59946680529,-0.004299483162298185,NONE,0.0,80805.86625,0.5
2026-05-15 05:35:00+00:00,2026-05-15 05:35:00+00:00,2026-05-15 05:40:00+00:00,2026-05-15 05:55:00+00:00,SHORT,SHORT,-4.0,"['delta_strong_negative', 'cvd_strong_negative', 'big_trade_sell', 'below_vwap']",80376.1,80275.629875,23.434283306897196,WIN,4,15.0,0.5041299590301241,0.7325560707722673,0.5000000000000352,0.5,take_profit,8.993925464188138,3.7339415648968415,-3.1044157033728035,-2.772174854524038,DOWN,SELL,0.7490995567651431,True,80960.22052646404,-0.005789700095728788,NONE,0.0,80275.629875,0.5
2026-05-15 08:00:00+00:00,2026-05-15 08:00:00+00:00,2026-05-15 08:05:00+00:00,2026-05-15 08:15:00+00:00,SHORT,SHORT,-4.25,"['delta_strong_negative', 'cvd_strong_negative', 'aggressive_sellers', 'below_vwap']",80659.9,80559.07512499999,23.49286901516412,WIN,3,10.0,0.6937772052779346,0.2484505931696212,0.5000000000000283,0.5,take_profit,8.993925464188138,0.3715132440594214,-2.172178660087734,-1.802651512209142,DOWN,SELL,0.4897889352666048,False,80841.7044382202,0.000703845759530008,NONE,0.0,80559.07512499999,0.5
2026-05-15 09:55:00+00:00,2026-05-15 09:55:00+00:00,2026-05-15 10:00:00+00:00,2026-05-15 10:10:00+00:00,LONG,LONG,3.75,"['delta_strong_positive', 'cvd_strong_positive', 'aggressive_buyers']",80449.9,80550.46237499999,23.55160118769931,WIN,3,10.0,0.5673095926782051,0.4241148839214884,0.4999999999999705,0.5,take_profit,8.993925464188138,0.7820254418271874,2.9915804668024033,1.7682443323344095,UP,BUY,2.6749628791628366,False,80801.50576347468,-0.0017139767483127673,NONE,0.0,80550.46237499999,0.5
2026-05-15 12:50:00+00:00,2026-05-15 12:50:00+00:00,2026-05-15 12:55:00+00:00,2026-05-15 13:00:00+00:00,SHORT,SHORT,-4.25,"['delta_strong_negative', 'cvd_strong_negative', 'aggressive_sellers', 'below_vwap']",80321.9,80221.49762499999,23.61048019067115,WIN,2,5.0,1.4187911391538008,0.139438932594971,0.5000000000000255,0.5,take_profit,8.993925464188138,1.2006331161088055,-2.729904313603373,-2.961427952603143,DOWN,SELL,0.37000821595650096,False,80744.77176591364,-0.0021313542903941274,NONE,0.0,80221.49762499999,0.5
2026-05-16 00:25:00+00:00,2026-05-16 00:25:00+00:00,2026-05-16 00:30:00+00:00,2026-05-16 04:30:00+00:00,LONG,LONG,4.25,"['delta_strong_positive', 'cvd_strong_positive', 'aggressive_buyers', 'above_vwap']",79142.9,78945.04275,-47.33901278229347,LOSS,49,240.0,0.2870756568182511,1.6774720158093483,-1.0000000000000049,0.5,stop_loss,8.993925464188138,0.7646473304980835,2.0990167896946055,2.7325850030219034,UP,BUY,2.673801116524964,False,79125.2907223829,0.0010783585944350235,NONE,0.0,79241.828625,0.5
2026-05-16 06:20:00+00:00,2026-05-16 06:20:00+00:00,2026-05-16 06:25:00+00:00,2026-05-16 06:45:00+00:00,SHORT,SHORT,-4.25,"['delta_strong_negative', 'cvd_strong_negative', 'aggressive_sellers', 'below_vwap']",78793.1,78694.60862500001,23.551158859190362,WIN,5,20.0,1.308236381104496,0.3685601911842091,0.4999999999999888,0.5,take_profit,8.993925464188138,4.030543494631658,-3.501037505208715,-1.872109293756146,DOWN,SELL,0.5433902867300076,False,79015.29457067895,-0.002266491868041188,NONE,0.0,78694.60862500001,0.5
2026-05-16 09:10:00+00:00,2026-05-16 09:10:00+00:00,2026-05-16 09:15:00+00:00,2026-05-16 09:15:00+00:00,SHORT,SHORT,-4.25,"['delta_strong_negative', 'cvd_strong_negative', 'aggressive_sellers', 'below_vwap']",78228.0,78130.215,23.610036756339714,WIN,1,1.0,1.9328117809479983,0.061359104157079306,0.5000000000000179,0.5,take_profit,8.993925464188138,1.3596661659184779,-2.6525344372213775,-2.43136083506793,DOWN,SELL,0.36074568252897404,False,78620.74974288707,-0.003082347144524313,NONE,0.0,78130.215,0.5
2026-05-17 00:55:00+00:00,2026-05-17 00:55:00+00:00,2026-05-17 01:00:00+00:00,2026-05-17 01:00:00+00:00,SHORT,SHORT,-4.75,"['delta_strong_negative', 'cvd_strong_negative', 'aggressive_sellers', 'big_trade_sell', 'below_vwap']",77915.3,77817.905875,23.669061848231216,WIN,1,1.0,0.7028144664783873,0.3562843241314308,0.5000000000000316,0.5,take_profit,8.993925464188138,4.141533630645598,-3.8086580570910322,-3.749807979696576,DOWN,SELL,0.5983258106237345,True,78031.9895141569,-0.002474587235146494,NONE,0.0,77817.905875,0.5
2026-05-17 05:05:00+00:00,2026-05-17 05:05:00+00:00,2026-05-17 05:10:00+00:00,2026-05-17 06:20:00+00:00,LONG,LONG,4.25,"['delta_strong_positive', 'cvd_strong_positive', 'aggressive_buyers', 'above_vwap']",78240.3,78044.69925,-47.45646900570006,LOSS,15,70.0,0.05316953028040117,1.1646172113348385,-0.9999999999999888,0.5,stop_loss,8.993925464188138,3.782916156156672,3.5691651696098705,1.7064166969651369,UP,BUY,3.70187829976362,False,77958.30842437215,0.0038873815789251436,NONE,0.0,78338.10037500001,0.5
2026-05-17 07:30:00+00:00,2026-05-17 07:30:00+00:00,2026-05-17 07:35:00+00:00,2026-05-17 09:55:00+00:00,LONG,LONG,4.25,"['delta_strong_positive', 'cvd_strong_positive', 'aggressive_buyers', 'above_vwap']",78167.9,78265.609875,23.60959333033616,WIN,29,140.0,0.5050666577969302,0.8996020105439105,0.5000000000000024,0.5,take_profit,8.993925464188138,1.387540570433976,2.1356428730642674,1.8956840125891152,UP,BUY,3.592496429962353,False,77985.44509827453,0.0008659802072286753,NONE,0.0,78265.609875,0.5
2026-05-17 10:10:00+00:00,2026-05-17 10:10:00+00:00,2026-05-17 10:15:00+00:00,2026-05-17 10:25:00+00:00,LONG,LONG,4.25,"['delta_strong_positive', 'cvd_strong_positive', 'aggressive_buyers', 'above_vwap']",78401.0,78499.00125,23.66861731366217,WIN,3,10.0,0.8331526383592195,0.22448693256463564,0.5000000000000059,0.5,take_profit,8.993925464188138,3.635616222901846,3.572689333704701,3.2609612818608875,UP,BUY,1.854505809991914,False,78039.95547173389,0.0028200108979685628,NONE,0.0,78499.00125,0.5
2026-05-18 05:40:00+00:00,2026-05-18 05:40:00+00:00,2026-05-18 05:45:00+00:00,2026-05-18 06:05:00+00:00,SHORT,SHORT,-4.25,"['delta_strong_negative', 'cvd_strong_negative', 'aggressive_sellers', 'below_vwap']",76865.8,76769.71775,23.72778885694771,WIN,5,20.0,1.027244886542565,0.43556432119354554,0.5000000000000351,0.5,take_profit,8.993925464188138,2.029621192726353,-3.025894873429152,-2.685187778933318,DOWN,SELL,0.31862104207381875,False,76988.6096694169,-0.0009105624396816401,NONE,0.0,76769.71775,0.5
2026-05-18 08:05:00+00:00,2026-05-18 08:05:00+00:00,2026-05-18 08:10:00+00:00,2026-05-18 08:30:00+00:00,LONG,LONG,4.25,"['delta_strong_positive', 'cvd_strong_positive', 'aggressive_buyers', 'above_vwap']",77077.9,76885.20525,-47.57421665817562,LOSS,5,20.0,0.0,1.0067736666411513,-0.9999999999999746,0.5,stop_loss,8.993925464188138,2.675948609880952,2.366883016933504,2.4348376733025923,UP,BUY,1.9203221089065285,False,76954.16858048685,0.002537110866663264,NONE,0.0,77174.24737499999,0.5
2026-05-18 11:35:00+00:00,2026-05-18 11:35:00+00:00,2026-05-18 11:40:00+00:00,2026-05-18 11:40:00+00:00,LONG,LONG,3.5,"['delta_strong_positive', 'cvd_strong_positive', 'above_vwap']",77135.1,77231.51887500001,23.668172787443716,WIN,1,1.0,1.2440510221675691,0.017631402565155063,0.5000000000000157,0.5,take_profit,8.993925464188138,2.348754205834724,2.3492416222056045,1.6296855103716228,UP,BUY,1.4956595272752478,False,76935.06682999042,0.0031854024326105007,NONE,0.0,77231.51887500001,0.5
2026-05-18 12:25:00+00:00,2026-05-18 12:25:00+00:00,2026-05-18 12:30:00+00:00,2026-05-18 12:30:00+00:00,SHORT,SHORT,-3.75,"['delta_strong_negative', 'cvd_strong_negative', 'aggressive_sellers']",77303.2,77496.458,-47.45468643882357,LOSS,1,1.0,0.2281923646109929,1.1751130612963283,-1.0000000000000084,0.5,stop_loss,8.993925464188138,1.3359474237131423,-3.442805100415427,-1.6755050120531916,DOWN,SELL,0.45019976066491885,False,76995.93226057733,0.0027279879985837425,NONE,0.0,77206.571,0.5
2026-05-19 00:20:00+00:00,2026-05-19 00:20:00+00:00,2026-05-19 00:25:00+00:00,2026-05-19 01:00:00+00:00,LONG,LONG,4.25,"['delta_strong_positive', 'cvd_strong_positive', 'aggressive_buyers', 'above_vwap']",77210.7,77017.67324999999,-47.21741300663017,LOSS,8,35.0,0.3362228292193115,1.085859861392223,-1.0000000000000235,0.5,stop_loss,8.993925464188138,2.9933242343200686,3.1375051987886056,3.130322323022592,UP,BUY,2.0775359812105707,False,77148.80227729572,0.002362597446095903,NONE,0.0,77307.21337499999,0.5
2026-05-19 02:20:00+00:00,2026-05-19 02:20:00+00:00,2026-05-19 02:25:00+00:00,2026-05-19 02:30:00+00:00,LONG,LONG,4.25,"['delta_strong_positive', 'cvd_strong_positive', 'aggressive_buyers', 'above_vwap']",76959.7,76767.30075,-46.981325941596445,LOSS,2,5.0,0.05145550203552629,1.1673642178958143,-1.0000000000000115,0.5,stop_loss,8.993925464188138,0.17020459268794774,2.092820263910783,2.039186314887691,UP,BUY,3.0257105610454826,False,76917.93494993729,0.0001595981614483519,NONE,0.0,77055.89962499999,0.5
2026-05-19 11:40:00+00:00,2026-05-19 11:40:00+00:00,2026-05-19 11:45:00+00:00,2026-05-19 12:20:00+00:00,SHORT,SHORT,-4.25,"['delta_strong_negative', 'cvd_strong_negative', 'aggressive_sellers', 'below_vwap']",76618.7,76810.24674999999,-46.74641931188647,LOSS,8,35.0,0.048030050105246316,1.0075869206864643,-0.999999999999969,0.5,stop_loss,8.993925464188138,3.1635612065195007,-3.6988149144554012,-3.032549947307768,DOWN,SELL,0.36370717546916875,False,76899.06573434759,-0.003860592721055629,NONE,0.0,76522.926625,0.5
2026-05-20 00:10:00+00:00,2026-05-20 00:10:00+00:00,2026-05-20 00:15:00+00:00,2026-05-20 00:30:00+00:00,SHORT,SHORT,-4.25,"['delta_strong_negative', 'cvd_strong_negative', 'aggressive_sellers', 'below_vwap']",76543.1,76734.45775,-46.51268721532741,LOSS,4,15.0,0.3036197906800525,1.465840813868265,-0.9999999999999768,0.5,stop_loss,8.993925464188138,3.9034910912129233,-3.6253841821749266,-2.604523178939353,DOWN,SELL,0.3891068543734133,False,76637.57677154451,-0.003158652954415623,NONE,0.0,76447.42112500001,0.5
2026-05-20 01:35:00+00:00,2026-05-20 01:35:00+00:00,2026-05-20 01:40:00+00:00,2026-05-20 01:50:00+00:00,SHORT,SHORT,-4.25,"['delta_strong_negative', 'cvd_strong_negative', 'aggressive_sellers', 'below_vwap']",76583.3,76774.75825,-46.28012377925089,LOSS,3,10.0,0.4256802723309128,1.6541465306404768,-0.9999999999999792,0.5,stop_loss,8.993925464188138,2.747586773311318,-2.5409645732277646,-1.8870883139151744,DOWN,SELL,0.25942297503272,False,76665.28758937519,-0.0016598271058149488,NONE,0.0,76487.570875,0.5
2026-05-20 05:00:00+00:00,2026-05-20 05:00:00+00:00,2026-05-20 05:05:00+00:00,2026-05-20 05:05:00+00:00,LONG,LONG,4.25,"['delta_strong_positive', 'cvd_strong_positive', 'aggressive_buyers', 'above_vwap']",76821.8,76917.82725,23.024361580177604,WIN,1,1.0,1.0648019182055093,0.009372339622361935,0.49999999999999567,0.5,take_profit,8.993925464188138,1.6189285006917644,2.3676651281102368,1.6614715652845633,UP,BUY,2.440955680669843,False,76687.07648313574,0.0016308964357758002,NONE,0.0,76917.82725,0.5
2026-05-20 08:35:00+00:00,2026-05-20 08:35:00+00:00,2026-05-20 08:40:00+00:00,2026-05-20 09:15:00+00:00,LONG,LONG,4.25,"['delta_strong_positive', 'cvd_strong_positive', 'aggressive_buyers', 'above_vwap']",77550.1,77356.22475000001,-46.163844968255844,LOSS,8,35.0,0.31927747352998476,1.115150077175976,-0.999999999999986,0.5,stop_loss,8.993925464188138,4.012752491136822,3.6354801783693382,3.2379895969266888,UP,BUY,2.600389504537689,False,76989.75567945678,0.004181898946664599,NONE,0.0,77647.03762500001,0.5
2026-05-20 12:55:00+00:00,2026-05-20 12:55:00+00:00,2026-05-20 13:00:00+00:00,2026-05-20 13:15:00+00:00,LONG,LONG,4.25,"['delta_strong_positive', 'cvd_strong_positive', 'aggressive_buyers', 'above_vwap']",77590.2,77396.2245,-45.933025743415314,LOSS,4,15.0,0.13919283620869646,1.1351949086353539,-1.0000000000000022,0.5,stop_loss,8.993925464188138,4.045679342084674,4.0452408561008735,3.3350039602056443,UP,BUY,2.2939344683395584,False,77137.78586913519,0.0014184472401535292,NONE,0.0,77687.18775,0.5
2026-05-21 00:00:00+00:00,2026-05-21 00:00:00+00:00,2026-05-21 00:05:00+00:00,2026-05-21 00:30:00+00:00,LONG,LONG,4.25,"['delta_strong_positive', 'cvd_strong_positive', 'aggressive_buyers', 'above_vwap']",77605.3,77702.306625,22.85168030734778,WIN,6,25.0,0.5241910024186343,0.48501842013370644,0.49999999999997186,0.5,take_profit,8.993925464188138,3.700388515816485,2.9252285126794075,1.6004662727896986,UP,BUY,2.401509073371255,False,77561.03333333333,0.001354344025942601,NONE,0.0,77702.306625,0.5
2026-05-21 00:45:00+00:00,2026-05-21 00:45:00+00:00,2026-05-21 00:50:00+00:00,2026-05-21 00:50:00+00:00,LONG,LONG,4.25,"['delta_strong_positive', 'cvd_strong_positive', 'aggressive_buyers', 'above_vwap']",77918.3,78015.697875,22.908809508116285,WIN,1,1.0,0.6812263614580765,0.2767000820090209,0.49999999999997496,0.5,take_profit,8.993925464188138,3.8834120256010376,3.829761241129323,3.204099877060647,UP,BUY,3.1980772361132344,False,77715.72389688753,0.004726971645455831,NONE,0.0,78015.697875,0.5
2026-05-21 06:05:00+00:00,2026-05-21 06:05:00+00:00,2026-05-21 06:10:00+00:00,2026-05-21 06:45:00+00:00,SHORT,SHORT,-4.25,"['delta_strong_negative', 'cvd_strong_negative', 'aggressive_sellers', 'below_vwap']",77710.1,77612.962375,22.966081531888438,WIN,8,35.0,1.0747637694456853,0.602238319085936,0.5000000000000154,0.5,take_profit,8.993925464188138,1.338431830034994,-2.3779774635235067,-2.005564690497585,DOWN,SELL,0.3307453616078901,False,77890.46502849123,-0.0028132815466420063,NONE,0.0,77612.962375,0.5
2026-05-21 08:05:00+00:00,2026-05-21 08:05:00+00:00,2026-05-21 08:10:00+00:00,2026-05-21 08:35:00+00:00,LONG,LONG,4.25,"['delta_strong_positive', 'cvd_strong_positive', 'aggressive_buyers', 'above_vwap']",78076.2,77881.0095,-46.04699347143418,LOSS,6,25.0,0.33966817032592733,1.1588678752295687,-0.9999999999999846,0.5,stop_loss,8.993925464188138,3.663485786755652,3.0487023322880082,2.4254198754674876,UP,BUY,1.5671181785552661,False,77849.86137878308,0.0036364525019634175,NONE,0.0,78173.79525,0.5
2026-05-21 10:25:00+00:00,2026-05-21 10:25:00+00:00,2026-05-21 10:30:00+00:00,2026-05-21 10:30:00+00:00,SHORT,SHORT,-3.5,"['delta_strong_negative', 'cvd_strong_negative', 'below_vwap']",77349.0,77252.31375,22.908379252038586,WIN,1,1.0,0.9106775782492641,0.3190732911866842,0.499999999999994,0.5,take_profit,8.993925464188138,4.203385563927543,-3.7135408607094296,-1.7339556559029123,DOWN,SELL,0.761474817502734,False,77797.45991316125,-0.004420720464997751,NONE,0.0,77252.31375,0.5
2026-05-22 00:55:00+00:00,2026-05-22 00:55:00+00:00,2026-05-22 01:00:00+00:00,2026-05-22 01:45:00+00:00,SHORT,SHORT,-4.25,"['delta_strong_negative', 'cvd_strong_negative', 'aggressive_sellers', 'below_vwap']",77344.8,77538.162,-45.931300400336404,LOSS,10,45.0,0.29374954748090576,1.3704864451133105,-0.9999999999999674,0.5,stop_loss,8.993925464188138,0.8681390173288669,-2.059175460608261,-1.5020341625520128,DOWN,SELL,0.4987975398848793,False,77449.910798875,-0.003187872042621647,NONE,0.0,77248.119,0.5
2026-05-22 04:45:00+00:00,2026-05-22 04:45:00+00:00,2026-05-22 04:50:00+00:00,2026-05-22 05:40:00+00:00,SHORT,SHORT,-3.75,"['delta_strong_negative', 'cvd_strong_negative', 'aggressive_sellers']",77604.1,77507.09487500001,22.850821949167177,WIN,11,50.0,0.575742776477076,0.4520379722205249,0.49999999999997957,0.5,take_profit,8.993925464188138,1.2217157675610857,-2.455842219034298,-2.0822122237114833,DOWN,SELL,0.2992727430246382,False,77596.25469116938,-0.00027302640132685174,NONE,0.0,77507.09487500001,0.5
2026-05-22 05:55:00+00:00,2026-05-22 05:55:00+00:00,2026-05-22 06:00:00+00:00,2026-05-22 06:55:00+00:00,SHORT,SHORT,-4.25,"['delta_strong_negative', 'cvd_strong_negative', 'aggressive_sellers', 'below_vwap']",77450.0,77353.1875,22.90794900404103,WIN,12,55.0,0.6497094899935593,0.22724338282763074,0.5,0.5,take_profit,8.993925464188138,2.095231889402407,-2.349275007456857,-1.9406950176236397,DOWN,SELL,0.36567208694718506,False,77588.81772550638,-0.0026858547250013668,NONE,0.0,77353.1875,0.5
2026-05-22 11:15:00+00:00,2026-05-22 11:15:00+00:00,2026-05-22 11:20:00+00:00,2026-05-22 11:45:00+00:00,SHORT,SHORT,-4.25,"['delta_strong_negative', 'cvd_strong_negative', 'aggressive_sellers', 'below_vwap']",77174.5,77367.43625,-45.930437753101984,LOSS,6,25.0,0.1876267419937782,1.115394333620546,-0.999999999999994,0.5,stop_loss,8.993925464188138,1.3392465501449904,-2.001484037617097,-2.048506314577984,DOWN,SELL,0.527336313050015,False,77455.0960025141,-0.001768619941727797,NONE,0.0,77078.031875,0.5
2026-05-22 12:10:00+00:00,2026-05-22 12:10:00+00:00,2026-05-22 12:15:00+00:00,2026-05-22 13:25:00+00:00,LONG,LONG,4.25,"['delta_strong_positive', 'cvd_strong_positive', 'aggressive_buyers', 'above_vwap']",77494.8,77301.06300000001,-45.70078556433526,LOSS,15,70.0,0.2771798881989351,1.1334954087242282,-0.9999999999999675,0.5,stop_loss,9.278823466904166,3.7401672349087876,3.780748514840273,2.3371597978444787,UP,BUY,2.244647399596904,False,77447.31707873999,0.0024452204183201816,NONE,0.0,77591.6685,0.5
2026-05-23 04:15:00+00:00,2026-05-23 04:15:00+00:00,2026-05-23 04:20:00+00:00,2026-05-23 05:20:00+00:00,SHORT,SHORT,-3.75,"['delta_strong_negative', 'cvd_strong_negative', 'aggressive_sellers']",75543.1,75448.67112500001,22.736140818257002,WIN,13,60.0,0.5342645456700015,0.407184772666169,0.4999999999999883,0.5,take_profit,9.278823466904166,1.096970907985038,-2.9521918143338297,-2.5843184478971595,DOWN,SELL,0.19106119458412377,False,75437.40199786413,0.0015908385588518168,NONE,0.0,75448.67112500001,0.5
2026-05-23 07:45:00+00:00,2026-05-23 07:45:00+00:00,2026-05-23 07:50:00+00:00,2026-05-23 07:50:00+00:00,SHORT,SHORT,-3.5,"['delta_strong_negative', 'cvd_strong_negative', 'below_vwap']",74993.7,74899.957875,22.792981170304227,WIN,1,1.0,4.214220661202161,0.014934587838727309,0.500000000000023,0.5,take_profit,9.278823466904166,4.117655184648031,-3.0234645768591677,-2.1456527100668414,DOWN,SELL,0.7802965803620076,False,75354.47297581729,-0.0038023650150052647,NONE,0.0,74899.957875,0.5
2026-05-23 10:50:00+00:00,2026-05-23 10:50:00+00:00,2026-05-23 10:55:00+00:00,2026-05-23 13:00:00+00:00,SHORT,SHORT,-4.25,"['delta_strong_negative', 'cvd_strong_negative', 'aggressive_sellers', 'below_vwap']",74682.6,74869.3065,-45.699927246457925,LOSS,26,125.0,0.3304651953735496,1.3786343806990875,-1.000000000000001,0.5,stop_loss,9.280527324000934,0.08843778116864863,-2.15772906302911,-2.233836325123981,DOWN,SELL,0.27104763997916853,False,74947.96129907426,-0.0003721541591143927,NONE,0.0,74589.24675,0.5
2026-05-24 03:40:00+00:00,2026-05-24 03:40:00+00:00,2026-05-24 03:45:00+00:00,2026-05-24 05:40:00+00:00,SHORT,SHORT,-4.25,"['delta_strong_negative', 'cvd_strong_negative', 'aggressive_sellers', 'below_vwap']",76724.2,76628.29475,22.73571380511188,WIN,24,115.0,0.5901658146973033,0.5197838491636125,0.49999999999998,0.5,take_profit,9.280527324000934,1.3219881028351712,-2.781954235072074,-2.6769828157920905,DOWN,SELL,0.33420861481590103,False,76800.35570557122,-0.000912133978019239,NONE,0.0,76628.29475,0.5
2026-05-24 06:45:00+00:00,2026-05-24 06:45:00+00:00,2026-05-24 06:50:00+00:00,2026-05-24 06:50:00+00:00,LONG,LONG,4.25,"['delta_strong_positive', 'cvd_strong_positive', 'aggressive_buyers', 'above_vwap']",76866.9,76962.983625,22.792553089625407,WIN,1,1.0,0.900777838055162,0.0,0.4999999999999964,0.5,take_profit,9.280527324000934,3.0622459201009407,3.391242721167844,2.9723712840527505,UP,BUY,2.4553493803931747,False,76777.3906451301,0.0012479163751969303,NONE,0.0,76962.983625,0.5
2026-05-24 09:20:00+00:00,2026-05-24 09:20:00+00:00,2026-05-24 09:25:00+00:00,2026-05-24 10:25:00+00:00,LONG,LONG,4.25,"['delta_strong_positive', 'cvd_strong_positive', 'aggressive_buyers', 'above_vwap']",76951.5,77047.689375,22.849534472350047,WIN,13,60.0,3.3709544323372516,0.5052533089023454,0.5000000000000091,0.5,take_profit,9.280527324000934,0.6298308056463081,2.034092172842812,1.5434704570483515,UP,BUY,1.9626736838576675,False,76795.25651351712,0.0018467031248466093,NONE,0.0,77047.689375,0.5
2026-05-25 02:05:00+00:00,2026-05-25 02:05:00+00:00,2026-05-25 02:10:00+00:00,2026-05-25 02:25:00+00:00,LONG,LONG,4.25,"['delta_strong_positive', 'cvd_strong_positive', 'aggressive_buyers', 'above_vwap']",77360.7,77167.29824999999,-45.8133166170621,LOSS,4,15.0,0.34229266281198123,1.9265596097242723,-1.0000000000000235,0.5,stop_loss,9.280527324000934,3.8468472451649767,4.155653562358099,3.7620144716125243,UP,BUY,2.595560771657009,False,77144.2801875075,0.004259729312937777,NONE,0.0,77457.40087499999,0.5
2026-05-25 04:50:00+00:00,2026-05-25 04:50:00+00:00,2026-05-25 04:55:00+00:00,2026-05-25 05:15:00+00:00,LONG,LONG,3.5,"['delta_strong_positive', 'cvd_strong_positive', 'above_vwap']",77341.3,77437.976625,22.79212501698615,WIN,5,20.0,0.5859741173215496,0.2875565836105978,0.49999999999996264,0.5,take_profit,9.280527324000934,3.706643702865465,2.6354145441408954,2.2333650233673477,UP,BUY,1.3941725029970342,False,77142.05234448312,0.0025802832446868533,NONE,0.0,77437.976625,0.5
2026-05-25 06:05:00+00:00,2026-05-25 06:05:00+00:00,2026-05-25 06:10:00+00:00,2026-05-25 06:10:00+00:00,LONG,LONG,4.25,"['delta_strong_positive', 'cvd_strong_positive', 'aggressive_buyers', 'above_vwap']",77540.8,77346.948,-45.698210659060386,LOSS,1,1.0,0.0,1.3417452489528394,-0.9999999999999946,0.5,stop_loss,9.283934942193406,3.9002875319718386,3.963362099570446,2.8090568511494443,UP,BUY,2.4941753732143788,False,77215.59180109396,0.0035328866427038917,NONE,0.0,77637.72600000001,0.5
2026-05-25 09:30:00+00:00,2026-05-25 09:30:00+00:00,2026-05-25 09:35:00+00:00,2026-05-25 11:00:00+00:00,LONG,LONG,4.75,"['delta_strong_positive', 'cvd_strong_positive', 'aggressive_buyers', 'big_trade_buy', 'above_vwap']",77586.2,77392.23449999999,-45.46971960576668,LOSS,18,85.0,0.32892447368219047,1.0842134297078754,-1.0000000000000295,0.5,stop_loss,9.737515267482445,4.116707362891584,3.9835262947497174,3.276295794135002,UP,BUY,2.470229074285429,True,77272.47417669542,0.002357168223352922,NONE,0.0,77683.18274999999,0.5
2026-05-26 00:15:00+00:00,2026-05-26 00:15:00+00:00,2026-05-26 00:20:00+00:00,2026-05-26 00:35:00+00:00,SHORT,SHORT,-4.25,"['delta_strong_negative', 'cvd_strong_negative', 'aggressive_sellers', 'below_vwap']",77121.2,77024.79849999999,22.621185503869945,WIN,4,15.0,1.0954186397514412,0.2448094687323179,0.5000000000000374,0.5,take_profit,9.737515267482445,2.064803645821417,-3.2558512646791846,-2.6776022826301045,DOWN,SELL,0.3803560152749797,False,77202.10257254902,-0.001553774271914898,NONE,0.0,77024.79849999999,0.5
2026-05-26 00:50:00+00:00,2026-05-26 00:50:00+00:00,2026-05-26 00:55:00+00:00,2026-05-26 01:00:00+00:00,SHORT,SHORT,-3.5,"['delta_strong_negative', 'cvd_strong_negative', 'below_vwap']",76685.3,76589.443375,22.677738467628004,WIN,2,5.0,0.5362175019202006,0.7099144164526513,0.5000000000000018,0.5,take_profit,9.737515267482445,3.418219030725045,-2.2162997934562543,-2.512264650882323,DOWN,SELL,0.6868751425267285,False,76903.61519290676,-0.004961390843249665,NONE,0.0,76589.443375,0.5
2026-05-26 04:00:00+00:00,2026-05-26 04:00:00+00:00,2026-05-26 04:05:00+00:00,2026-05-26 04:25:00+00:00,LONG,LONG,3.75,"['delta_strong_positive', 'cvd_strong_positive', 'aggressive_buyers']",76614.9,76710.66862499999,22.734432813796275,WIN,5,20.0,0.6390401867000217,0.2354633367660404,0.49999999999998423,0.5,take_profit,9.737515267482445,0.5090382851411781,2.077898707130439,2.1556219959930196,UP,BUY,2.0976112576369643,False,76748.90484641935,-0.0016011891874175362,NONE,0.0,76710.66862499999,0.5
2026-05-26 06:00:00+00:00,2026-05-26 06:00:00+00:00,2026-05-26 06:05:00+00:00,2026-05-26 06:25:00+00:00,SHORT,SHORT,-3.75,"['delta_strong_negative', 'cvd_strong_negative', 'aggressive_sellers']",76834.9,76738.85637499999,22.79126889583284,WIN,5,20.0,0.5190349697858504,0.21604765542741647,0.5000000000000296,0.5,take_profit,9.737515267482445,2.85566229193328,-2.6692995662996455,-2.9323668386320367,DOWN,SELL,0.6175365208829983,False,76753.69929274297,0.0019196063562908299,NONE,0.0,76738.85637499999,0.5
2026-05-26 10:15:00+00:00,2026-05-26 10:15:00+00:00,2026-05-26 10:20:00+00:00,2026-05-26 10:25:00+00:00,LONG,LONG,4.25,"['delta_strong_positive', 'cvd_strong_positive', 'aggressive_buyers', 'above_vwap']",76860.2,76956.27524999999,22.84824706806974,WIN,2,5.0,1.9895862878316888,0.05256296496751905,0.4999999999999709,0.5,take_profit,9.737515267482445,2.155143531906008,2.6639816140523314,2.486111940120344,UP,BUY,2.2955950878362823,False,76747.1301455121,0.001723442208227333,NONE,0.0,76956.27524999999,0.5
2026-05-27 00:50:00+00:00,2026-05-27 00:50:00+00:00,2026-05-27 00:55:00+00:00,2026-05-27 01:20:00+00:00,LONG,LONG,4.25,"['delta_strong_positive', 'cvd_strong_positive', 'aggressive_buyers', 'above_vwap']",76010.1,75820.07475,-45.81073537148394,LOSS,6,25.0,0.3883694403769412,1.1324810781725672,-1.0000000000000318,0.5,stop_loss,9.737515267482445,1.619491946350614,2.1721010671121013,3.3098522721133925,UP,BUY,1.9534306448952663,False,75938.64843770352,0.0019023136569731945,NONE,0.0,76105.11262500001,0.5
2026-05-27 04:15:00+00:00,2026-05-27 04:15:00+00:00,2026-05-27 04:20:00+00:00,2026-05-27 04:30:00+00:00,SHORT,SHORT,-4.25,"['delta_strong_negative', 'cvd_strong_negative', 'aggressive_sellers', 'below_vwap']",75508.3,75413.914625,22.790840847312055,WIN,3,10.0,1.2210578174849651,0.06939634450777606,0.49999999999998945,0.5,take_profit,9.737515267482445,3.408711238625027,-3.41682747563781,-2.3958480631528416,DOWN,SELL,0.38820663845205355,False,75800.08954872725,-0.0037199106592201757,NONE,0.0,75413.914625,0.5
2026-05-27 07:30:00+00:00,2026-05-27 07:30:00+00:00,2026-05-27 07:35:00+00:00,2026-05-27 08:25:00+00:00,LONG,LONG,4.25,"['delta_strong_positive', 'cvd_strong_positive', 'aggressive_buyers', 'above_vwap']",75903.2,75998.079,22.84781794943101,WIN,11,50.0,0.7103784820666476,0.36678295513228043,0.5000000000000043,0.5,take_profit,9.737515267482445,2.4481379869643183,2.977298174576558,1.763127304614632,UP,BUY,2.9520260449111566,False,75683.97157093903,0.004309981868923254,NONE,0.0,75998.079,0.5
2026-05-27 12:15:00+00:00,2026-05-27 12:15:00+00:00,2026-05-27 12:20:00+00:00,2026-05-27 12:20:00+00:00,LONG,LONG,4.25,"['delta_strong_positive', 'cvd_strong_positive', 'aggressive_buyers', 'above_vwap']",75808.1,75902.860125,22.90493749430456,WIN,1,1.0,1.8330495026256781,0.17201328090273107,0.5000000000000037,0.5,take_profit,9.737515267482445,3.5003363579252573,3.718379905643109,2.493737767963882,UP,BUY,1.887977612635171,False,75743.13361367388,-0.00034749616361872624,NONE,0.0,75902.860125,0.5
2026-05-28 01:15:00+00:00,2026-05-28 01:15:00+00:00,2026-05-28 01:20:00+00:00,2026-05-28 01:20:00+00:00,SHORT,SHORT,-4.25,"['delta_strong_negative', 'cvd_strong_negative', 'aggressive_sellers', 'below_vwap']",74325.1,74510.91275,-45.92439967607964,LOSS,1,1.0,0.5048092770813785,1.011233082767432,-0.9999999999999855,0.5,stop_loss,9.737515267482445,3.921009379503537,-4.054832327220219,-3.406521944249588,DOWN,SELL,0.39699032710625415,False,74417.10339365275,-0.001885076461173511,NONE,0.0,74232.193625,0.5
2026-05-28 03:15:00+00:00,2026-05-28 03:15:00+00:00,2026-05-28 03:20:00+00:00,2026-05-28 03:20:00+00:00,SHORT,SHORT,-4.25,"['delta_strong_negative', 'cvd_strong_negative', 'aggressive_sellers', 'below_vwap']",73692.8,73877.032,-45.6947776777008,LOSS,1,1.0,0.08576143123888852,1.1740631377828115,-1.0000000000000195,0.5,stop_loss,9.737515267482445,4.240334146674467,-4.2396598960440475,-4.205998116301787,DOWN,SELL,0.3983054511199784,False,74104.37553184954,-0.006031538906906621,NONE,0.0,73600.68400000001,0.5
2026-05-28 06:45:00+00:00,2026-05-28 06:45:00+00:00,2026-05-28 06:50:00+00:00,2026-05-28 07:00:00+00:00,LONG,LONG,3.75,"['delta_strong_positive', 'cvd_strong_positive', 'aggressive_buyers']",73112.4,73203.79049999999,22.733151894654224,WIN,3,10.0,0.5263129099852373,0.34358056909628665,0.4999999999999676,0.5,take_profit,9.737515267482445,4.064289468644195,3.4462921448853896,1.8668368982748196,UP,BUY,1.5042237676954051,False,73482.5795763005,-0.002650469462949543,NONE,0.0,73203.79049999999,0.5
2026-05-28 10:15:00+00:00,2026-05-28 10:15:00+00:00,2026-05-28 10:20:00+00:00,2026-05-28 10:20:00+00:00,SHORT,SHORT,-4.25,"['delta_strong_negative', 'cvd_strong_negative', 'aggressive_sellers', 'below_vwap']",73431.6,73339.8105,22.789984774392074,WIN,1,1.0,0.585034235942067,0.06863530142331785,0.4999999999999943,0.5,take_profit,9.737515267482445,1.6984674921772023,-2.862313621256666,-2.1927979497833023,DOWN,SELL,0.3726753092724068,False,73455.58167548219,0.0026173923403213324,NONE,0.0,73339.8105,0.5
2026-05-29 00:45:00+00:00,2026-05-29 00:45:00+00:00,2026-05-29 00:50:00+00:00,2026-05-29 01:20:00+00:00,SHORT,SHORT,-4.25,"['delta_strong_negative', 'cvd_strong_negative', 'aggressive_sellers', 'below_vwap']",73725.3,73633.143375,22.84695973632912,WIN,7,30.0,0.8208850964323124,0.6440122997125659,0.5000000000000177,0.5,take_profit,9.737515267482445,0.9767589541720637,-3.0816087216353014,-2.161715291807583,DOWN,SELL,0.17660441641792718,False,73736.08522089785,0.000625095776378266,NONE,0.0,73633.143375,0.5
2026-05-29 02:25:00+00:00,2026-05-29 02:25:00+00:00,2026-05-29 02:30:00+00:00,2026-05-29 02:50:00+00:00,SHORT,SHORT,-4.25,"['delta_strong_negative', 'cvd_strong_negative', 'aggressive_sellers', 'below_vwap']",73359.2,73267.501,22.904077135667453,WIN,5,20.0,0.7873586407703147,0.5419906433004108,0.49999999999996325,0.5,take_profit,9.737515267482445,3.101173172328598,-2.3174020891508467,-1.9617651934761156,DOWN,SELL,0.4784993173769659,False,73635.21800648568,-0.003351316236381188,NONE,0.0,73267.501,0.5
2026-05-29 04:55:00+00:00,2026-05-29 04:55:00+00:00,2026-05-29 05:00:00+00:00,2026-05-29 05:05:00+00:00,LONG,LONG,3.75,"['delta_strong_positive', 'cvd_strong_positive', 'aggressive_buyers']",73466.3,73558.132875,22.9613373285065,WIN,2,5.0,0.6294042302388511,0.03920164755811625,0.4999999999999607,0.5,take_profit,9.737515267482445,1.444082190850656,2.663051935150001,1.9152961826610941,UP,BUY,2.5280012981682463,False,73477.57132983005,0.0007290228085076,NONE,0.0,73558.132875,0.5
2026-05-29 07:30:00+00:00,2026-05-29 07:30:00+00:00,2026-05-29 07:35:00+00:00,2026-05-29 07:40:00+00:00,SHORT,SHORT,-4.25,"['delta_strong_negative', 'cvd_strong_negative', 'aggressive_sellers', 'below_vwap']",73495.5,73403.630625,23.018740671828255,WIN,2,5.0,0.782088699308105,0.09197842044747871,0.4999999999999715,0.5,take_profit,9.737515267482445,3.2067750916876094,-2.5352836107148087,-2.072054375075423,DOWN,SELL,0.5542573069462822,False,73547.62403432508,-0.0008992073804818585,NONE,0.0,73403.630625,0.5
2026-05-29 11:50:00+00:00,2026-05-29 11:50:00+00:00,2026-05-29 11:55:00+00:00,2026-05-29 12:10:00+00:00,SHORT,SHORT,-4.25,"['delta_strong_negative', 'cvd_strong_negative', 'aggressive_sellers', 'below_vwap']",73393.1,73301.35862500001,23.076287523508583,WIN,4,15.0,0.5090396781169277,0.3013907301911943,0.4999999999999879,0.5,take_profit,9.737515267482445,3.9668330346659206,-2.744841685827694,-2.3994345188248962,DOWN,SELL,0.5952350211821666,False,73567.54828964287,-0.0034349096964940273,NONE,0.0,73301.35862500001,0.5
2026-05-29 12:45:00+00:00,2026-05-29 12:45:00+00:00,2026-05-29 12:50:00+00:00,2026-05-29 13:10:00+00:00,SHORT,SHORT,-4.25,"['delta_strong_negative', 'cvd_strong_negative', 'aggressive_sellers', 'below_vwap']",73216.4,73124.8795,23.13397824231759,WIN,5,20.0,0.9134565479865008,0.7063991127671009,0.499999999999993,0.5,take_profit,9.737515267482445,1.9312147584980546,-2.876575144835697,-2.1869612607948983,DOWN,SELL,0.3594738215109556,False,73541.41045885932,-0.00428290444900169,NONE,0.0,73124.8795,0.5
2026-05-30 04:45:00+00:00,2026-05-30 04:45:00+00:00,2026-05-30 04:50:00+00:00,2026-05-30 05:00:00+00:00,LONG,LONG,3.75,"['delta_strong_positive', 'cvd_strong_positive', 'aggressive_buyers']",73330.1,73421.762625,23.191813187923003,WIN,3,10.0,0.5312961526030603,0.1129140693931231,0.4999999999999847,0.5,take_profit,9.737515267482445,0.9806834691552054,2.1688382854904034,1.6241452846708364,UP,BUY,2.882084807359442,False,73479.7970651009,-0.0020910973117397925,NONE,0.0,73421.762625,0.5
2026-05-30 10:25:00+00:00,2026-05-30 10:25:00+00:00,2026-05-30 10:30:00+00:00,2026-05-30 13:20:00+00:00,SHORT,SHORT,-3.75,"['delta_strong_negative', 'cvd_strong_negative', 'aggressive_sellers']",73597.3,73781.29325,-46.49958544178691,LOSS,35,170.0,0.3706657717062832,1.178847593593755,-0.9999999999999974,0.5,stop_loss,9.737515267482445,1.3845536362796678,-2.5037672698759597,-2.168220205598001,DOWN,SELL,0.37828936397291796,False,73491.67739878704,0.0007001210577466141,NONE,0.0,73505.303375,0.5
2026-05-31 01:00:00+00:00,2026-05-31 01:00:00+00:00,2026-05-31 01:05:00+00:00,2026-05-31 01:20:00+00:00,LONG,LONG,4.25,"['delta_strong_positive', 'cvd_strong_positive', 'aggressive_buyers', 'above_vwap']",74080.0,74172.6,23.133543757290504,WIN,4,15.0,0.91792656587473,0.25971922246223444,0.5000000000000314,0.5,take_profit,9.737515267482445,2.1609202247616115,2.85345688036882,2.0455505663625657,UP,BUY,2.3670527222238347,False,73944.67129799553,0.0024918384430757286,NONE,0.0,74172.6,0.5
2026-05-31 02:25:00+00:00,2026-05-31 02:25:00+00:00,2026-05-31 02:30:00+00:00,2026-05-31 02:30:00+00:00,SHORT,SHORT,-4.25,"['delta_strong_negative', 'cvd_strong_negative', 'aggressive_sellers', 'below_vwap']",73933.1,73840.683625,23.19137761668245,WIN,1,1.0,0.5091089106232841,0.3597847242980478,0.5000000000000038,0.5,take_profit,9.737515267482445,2.370881802252673,-2.602675866429789,-1.607423528241524,DOWN,SELL,0.27897913745671205,False,74061.40312334271,-0.000970548839813767,NONE,0.0,73840.683625,0.5
2026-05-31 04:30:00+00:00,2026-05-31 04:30:00+00:00,2026-05-31 04:35:00+00:00,2026-05-31 05:50:00+00:00,SHORT,SHORT,-3.75,"['delta_strong_negative', 'cvd_strong_negative', 'aggressive_sellers']",74123.1,74030.446125,23.249356060724878,WIN,16,75.0,0.541801408737674,0.3858446287324734,0.5000000000000194,0.5,take_profit,9.737515267482445,1.4880035211126634,-2.8801825487581496,-3.1063825898595283,DOWN,SELL,0.19953527168732127,False,74058.4648219111,0.0006477819390003853,NONE,0.0,74030.446125,0.5
2026-05-31 06:30:00+00:00,2026-05-31 06:30:00+00:00,2026-05-31 06:35:00+00:00,2026-05-31 07:25:00+00:00,LONG,LONG,3.75,"['delta_strong_positive', 'cvd_strong_positive', 'aggressive_buyers']",74045.3,73860.18675000001,-46.61495890175029,LOSS,11,50.0,0.04537762693915308,1.0118130387749278,-0.9999999999999722,0.5,stop_loss,9.737515267482445,1.9814162852238337,2.5547749728193456,2.549144825118971,UP,BUY,2.9104192499748653,False,74059.65740622013,-0.00038583421483389394,NONE,0.0,74137.856625,0.5
2026-05-31 10:20:00+00:00,2026-05-31 10:20:00+00:00,2026-05-31 10:25:00+00:00,2026-05-31 11:25:00+00:00,SHORT,SHORT,-4.25,"['delta_strong_negative', 'cvd_strong_negative', 'aggressive_sellers', 'below_vwap']",73742.1,73926.45525,-46.38188410724114,LOSS,13,60.0,0.0,1.0957105913718215,-0.9999999999999634,0.5,stop_loss,9.737515267482445,3.724789572121819,-3.212747710517209,-2.622715176226627,DOWN,SELL,0.3749639069086989,False,73996.59966788253,-0.0018876533383992275,NONE,0.0,73649.92237500001,0.5
2026-05-31 12:15:00+00:00,2026-05-31 12:15:00+00:00,2026-05-31 12:20:00+00:00,2026-05-31 13:50:00+00:00,LONG,LONG,3.75,"['delta_strong_positive', 'cvd_strong_positive', 'aggressive_buyers']",73960.2,73775.2995,-46.14997468670748,LOSS,19,90.0,0.20335261397349289,1.0281205296902458,-1.0000000000000184,0.5,stop_loss,9.737515267482445,1.887368959783823,2.143025882652,1.7622516496064415,UP,BUY,2.8378134040501446,False,73984.51065994936,0.0013442368534857516,NONE,0.0,74052.65024999999,0.5
