timestamp,signal_timestamp,entry_timestamp,exit_timestamp,signal,direction,score,reasons,entry,exit,pnl,outcome,duration_bars,duration_minutes,mfe_r,mae_r,rr_realized,rr_model,exit_reason,drawdown,volume_z,delta_z,cvd_slope_z,cvd_condition,delta_condition,buy_sell_ratio,big_trade,vwap,distance_to_poc,absorption,absorption_score,target_price,target_r,partial_taken,partial_size_pct,be_triggered,trailing_activated,structure_target
2026-03-01 02:00:00+00:00,2026-03-01 02:00:00+00:00,2026-03-01 02:05:00+00:00,2026-03-01 02:05:00+00:00,LONG,LONG,4.25,"['delta_strong_positive', 'cvd_strong_positive', 'aggressive_buyers', 'above_vwap']",67991.0,67821.0225,-49.99999999999812,LOSS,1,1.0,0.5353649747760734,2.076745451603889,-0.9999999999999624,dynamic_structure,stop_loss,0.4999999999999818,2.6787496418473773,2.5486969794164747,2.3443438081131505,UP,BUY,1.6585883218873945,False,67020.8535345461,0.014475292603574821,NONE,0.0,68160.9775,0.9999999999999624,False,50.0,False,False,68160.9775
2026-03-01 06:05:00+00:00,2026-03-01 06:05:00+00:00,2026-03-01 06:10:00+00:00,2026-03-01 06:10:00+00:00,SHORT,SHORT,-4.25,"['delta_strong_negative', 'cvd_strong_negative', 'aggressive_sellers', 'below_vwap']",67080.6,67080.6,0.0,LOSS,1,1.0,1.1484691550165371,0.10435207794802073,0.0,dynamic_structure,trailing_stop,0.4999999999999818,3.364546923956765,-3.180717027456477,-2.6388439547692557,DOWN,SELL,0.39459802012286693,False,67290.70765587836,-0.006592027811863395,NONE,0.0,66996.74925000001,0.5,False,50.0,True,True,67017.4
2026-03-01 08:50:00+00:00,2026-03-01 08:50:00+00:00,2026-03-01 08:55:00+00:00,2026-03-01 09:00:00+00:00,SHORT,SHORT,-3.5,"['delta_strong_negative', 'cvd_strong_negative', 'below_vwap']",66487.1,66653.31775,-49.74999999999885,LOSS,2,5.0,0.9782348756375646,1.0859249388227188,-0.9999999999999767,dynamic_structure,stop_loss,0.9974999999999636,4.098518759744508,-3.4137022576866864,-3.193933698013648,DOWN,SELL,0.7231534386289661,False,67220.70996326448,-0.008304355657138556,NONE,0.0,66403.991125,0.5,False,50.0,False,False,66438.4
2026-03-01 11:05:00+00:00,2026-03-01 11:05:00+00:00,2026-03-01 11:10:00+00:00,2026-03-01 11:20:00+00:00,LONG,LONG,4.25,"['delta_strong_positive', 'cvd_strong_positive', 'aggressive_buyers', 'big_trade_buy']",66484.7,66567.80587499999,24.750624999998173,PARTIAL+TRAIL,3,10.0,0.9223174655221602,0.16003682050150647,0.4999999999999629,dynamic_structure,trailing_stop,0.9974999999999636,0.23305575905152684,2.832697949409894,3.500560028688794,UP,BUY,5.437083110817914,True,67102.96873593489,-0.002549092966593908,NONE,0.0,66567.80587499999,0.5,True,50.0,False,True,66510.4
2026-03-02 02:05:00+00:00,2026-03-02 02:05:00+00:00,2026-03-02 02:10:00+00:00,2026-03-02 02:10:00+00:00,SHORT,SHORT,-4.25,"['delta_strong_negative', 'cvd_strong_negative', 'aggressive_sellers', 'below_vwap']",66145.8,66145.8,0.0,LOSS,1,1.0,1.8341300581442987,0.05140160070631846,0.0,dynamic_structure,trailing_stop,0.9974999999999636,1.3889618101113475,-2.68760251640343,-2.4798250539077293,DOWN,SELL,0.505231387185235,False,66427.61782093406,0.0019493101038703996,NONE,0.0,65629.7,3.1209842499448537,False,50.0,True,True,65629.7
2026-03-02 06:15:00+00:00,2026-03-02 06:15:00+00:00,2026-03-02 06:20:00+00:00,2026-03-02 06:20:00+00:00,SHORT,SHORT,-4.25,"['delta_strong_negative', 'cvd_strong_negative', 'aggressive_sellers', 'below_vwap']",66197.1,66197.1,0.0,LOSS,1,1.0,1.1003503174610718,0.3450302203570323,0.0,dynamic_structure,trailing_stop,0.9974999999999636,2.6777264120333357,-2.695365388213822,-2.423016609716881,DOWN,SELL,0.5758815220623557,False,66508.47325512764,-0.0064676136103467025,NONE,0.0,66071.0,0.7619669139585015,False,50.0,True,True,66071.0
2026-03-02 07:05:00+00:00,2026-03-02 07:05:00+00:00,2026-03-02 07:10:00+00:00,2026-03-02 07:20:00+00:00,SHORT,SHORT,-4.25,"['delta_strong_negative', 'cvd_strong_negative', 'aggressive_sellers', 'below_vwap']",65634.1,65552.057375,24.812501562500568,PARTIAL+TRAIL,3,10.0,0.762408565059966,0.7624085650598774,0.5000000000000113,dynamic_structure,trailing_stop,0.9974999999999636,3.119176968371475,-3.174839322990238,-2.768083780261411,DOWN,SELL,0.5060266613593003,False,66444.91620208607,-0.013368763626247704,NONE,0.0,65552.057375,0.5,True,50.0,False,True,65574.7
2026-03-02 11:55:00+00:00,2026-03-02 11:55:00+00:00,2026-03-02 12:00:00+00:00,2026-03-02 12:15:00+00:00,LONG,LONG,3.25,"['cvd_strong_positive', 'aggressive_buyers', 'big_trade_buy', 'above_vwap']",66329.8,66163.9755,-49.74906563281325,LOSS,4,15.0,0.23699754861315975,1.1331256840817172,-1.0000000000000147,dynamic_structure,stop_loss,0.9993593907031026,-0.5392301016947143,1.3971517369023432,1.5685204366416465,UP,BUY,2.487873860669629,True,66299.66580326472,0.0024915792839550178,NONE,0.0,66412.71225,0.5,False,50.0,False,False,66368.5
2026-03-03 02:00:00+00:00,2026-03-03 02:00:00+00:00,2026-03-03 02:05:00+00:00,2026-03-03 02:25:00+00:00,SHORT,SHORT,-4.75,"['delta_strong_negative', 'cvd_strong_negative', 'aggressive_sellers', 'big_trade_sell', 'below_vwap']",68547.5,68343.0,59.07037019468606,PARTIAL+TRAIL,5,20.0,2.3656588497027267,0.7288376673109548,1.193333090192932,dynamic_structure,trailing_stop,0.9993593907031026,3.9977876413555427,-3.1724024094729417,-2.670954935282671,DOWN,SELL,0.6345537122236725,True,68853.76706793802,-0.006114353568050972,NONE,0.0,68343.0,1.1933330901929318,True,50.0,True,True,68343.0
2026-03-03 04:45:00+00:00,2026-03-03 04:45:00+00:00,2026-03-03 04:50:00+00:00,2026-03-03 05:05:00+00:00,SHORT,SHORT,-4.25,"['delta_strong_negative', 'cvd_strong_negative', 'aggressive_sellers', 'below_vwap']",68067.9,68238.06975,-49.79567215562215,LOSS,4,15.0,0.39313685305404855,1.4426770915512306,-1.0000000000000053,dynamic_structure,stop_loss,0.9993593907031026,3.5686150017450946,-3.7895065196470634,-3.6244438063378444,DOWN,SELL,0.39929123247369125,False,68588.49484077079,-0.006598701648280231,NONE,0.0,67982.815125,0.5,False,50.0,False,False,68044.0
2026-03-03 05:45:00+00:00,2026-03-03 05:45:00+00:00,2026-03-03 05:50:00+00:00,2026-03-03 06:00:00+00:00,SHORT,SHORT,-4.25,"['delta_strong_negative', 'cvd_strong_negative', 'aggressive_sellers', 'below_vwap']",67835.5,68005.08875,-49.546693794842405,LOSS,3,10.0,0.20343330557009234,1.0342667187534207,-0.9999999999999726,dynamic_structure,stop_loss,1.4020793482608862,2.635208144719467,-3.014777355409091,-2.1354861776007716,DOWN,SELL,0.3974543535210573,False,68494.18648225299,-0.007211191099248532,NONE,0.0,67750.705625,0.5,False,50.0,False,False,67834.0
2026-03-03 08:40:00+00:00,2026-03-03 08:40:00+00:00,2026-03-03 08:45:00+00:00,2026-03-03 08:45:00+00:00,SHORT,SHORT,-4.25,"['delta_strong_negative', 'cvd_strong_negative', 'aggressive_sellers', 'below_vwap']",67310.1,67310.1,0.0,LOSS,1,1.0,1.308570333426999,0.11112745338365022,0.0,dynamic_structure,trailing_stop,1.4020793482608862,2.9414647293149176,-3.467243950628078,-2.7384300014812175,DOWN,SELL,0.5965709828059474,False,68235.66167847127,-0.00936096362573615,NONE,0.0,67225.962375,0.5,False,50.0,True,True,67274.4
2026-03-03 10:45:00+00:00,2026-03-03 10:45:00+00:00,2026-03-03 10:50:00+00:00,2026-03-03 10:50:00+00:00,LONG,LONG,3.75,"['delta_strong_positive', 'cvd_strong_positive', 'aggressive_buyers']",66942.0,66774.645,-49.29896032586836,LOSS,1,1.0,0.0005975321920816275,1.3856771533566024,-0.9999999999999757,dynamic_structure,stop_loss,1.8950689515195698,1.485064892108466,2.9166727728674884,1.5374543846616293,UP,BUY,2.2710376524613145,False,67708.46308114592,-0.003136130888298079,NONE,0.0,67157.0,1.2846942129007202,False,50.0,False,False,67157.0
2026-03-04 01:30:00+00:00,2026-03-04 01:30:00+00:00,2026-03-04 01:35:00+00:00,2026-03-04 01:35:00+00:00,LONG,LONG,4.25,"['delta_strong_positive', 'cvd_strong_positive', 'aggressive_buyers', 'above_vwap']",68471.5,68471.5,0.0,LOSS,1,1.0,1.1111192247869381,0.0,0.0,dynamic_structure,trailing_stop,1.8950689515195698,3.46569340790925,3.3203464873297936,2.8039181984144603,UP,BUY,2.4723745372993022,False,68160.65934952511,0.0032804191957866075,NONE,0.0,68557.089375,0.5,False,50.0,True,True,68485.5
2026-03-04 03:30:00+00:00,2026-03-04 03:30:00+00:00,2026-03-04 03:35:00+00:00,2026-03-04 03:40:00+00:00,SHORT,SHORT,-4.25,"['delta_strong_negative', 'cvd_strong_negative', 'aggressive_sellers', 'below_vwap']",67500.1,67415.724875,24.526232762121833,PARTIAL+TRAIL,2,5.0,0.8894801637331251,0.8965912643091689,0.5000000000000351,dynamic_structure,trailing_stop,1.8950689515195698,3.970658104610324,-3.447387372690174,-2.847338718085972,DOWN,SELL,0.5828674221761861,False,68188.64686962537,-0.010236947004530884,NONE,0.0,67415.724875,0.5,True,50.0,False,True,67459.9
2026-03-04 07:40:00+00:00,2026-03-04 07:40:00+00:00,2026-03-04 07:45:00+00:00,2026-03-04 07:45:00+00:00,LONG,LONG,4.25,"['delta_strong_positive', 'cvd_strong_positive', 'aggressive_buyers', 'above_vwap']",68937.6,68937.6,0.0,LOSS,1,1.0,3.3903123984588284,0.537877732906348,0.0,dynamic_structure,trailing_stop,1.8950689515195698,2.115717408984842,2.9053943272002205,2.945607799565145,UP,BUY,2.83010505774987,False,68124.46522577536,0.011969759994638226,NONE,0.0,69023.77200000001,0.5,False,50.0,True,True,68988.0
2026-03-04 08:45:00+00:00,2026-03-04 08:45:00+00:00,2026-03-04 08:50:00+00:00,2026-03-04 08:55:00+00:00,LONG,LONG,4.25,"['delta_strong_positive', 'cvd_strong_positive', 'aggressive_buyers', 'above_vwap']",70567.8,70656.00975,24.58754834402389,PARTIAL+TRAIL,2,5.0,3.583504091101024,0.5957391331457453,0.499999999999969,dynamic_structure,trailing_stop,1.8950689515195698,3.3505581605456523,2.94415671097814,1.583026031841534,UP,BUY,1.8472584992584318,False,68624.54514739286,0.02154854314288626,NONE,0.0,70656.00975,0.5,True,50.0,True,True,70641.0
2026-03-05 04:20:00+00:00,2026-03-05 04:20:00+00:00,2026-03-05 04:25:00+00:00,2026-03-05 04:30:00+00:00,LONG,LONG,4.25,"['delta_strong_positive', 'cvd_strong_positive', 'aggressive_buyers', 'above_vwap']",72708.7,72799.585875,24.649017214887433,PARTIAL+TRAIL,2,5.0,0.5627937234471413,0.884625911342125,0.5000000000000397,dynamic_structure,trailing_stop,1.8950689515195698,0.9999350872878741,2.2170518359657088,1.8966041542956964,UP,BUY,2.5750578150325865,False,72676.14342513465,0.0005481778843536097,NONE,0.0,72799.585875,0.5,True,50.0,False,True,72718.1
2026-03-05 04:45:00+00:00,2026-03-05 04:45:00+00:00,2026-03-05 04:50:00+00:00,2026-03-05 05:20:00+00:00,LONG,LONG,4.25,"['delta_strong_positive', 'cvd_strong_positive', 'aggressive_buyers', 'above_vwap']",72830.0,72647.925,-49.42127951584459,LOSS,7,30.0,0.37292324591511283,2.0672799670465145,-0.9999999999999839,dynamic_structure,stop_loss,1.8950689515195698,3.2656192058152915,2.0494149407390165,1.6097514132478379,UP,BUY,1.6087300210497704,False,72690.87834531607,0.0021256077719431794,NONE,0.0,72921.0375,0.5,False,50.0,False,False,72856.3
2026-03-05 07:50:00+00:00,2026-03-05 07:50:00+00:00,2026-03-05 07:55:00+00:00,2026-03-05 07:55:00+00:00,SHORT,SHORT,-4.75,"['delta_strong_negative', 'cvd_strong_negative', 'aggressive_sellers', 'big_trade_sell', 'below_vwap']",71766.1,71945.51525000001,-49.17417311826766,LOSS,1,1.0,0.14547258385229694,1.5985263237098761,-1.0000000000000304,dynamic_structure,stop_loss,2.1433954946503584,3.9341138332323506,-3.534640558902839,-3.408559997248079,DOWN,SELL,0.6036417359187443,True,72517.94116047713,-0.008694385578925884,NONE,0.0,71676.39237500001,0.5,False,50.0,False,False,71743.8
2026-03-05 10:25:00+00:00,2026-03-05 10:25:00+00:00,2026-03-05 10:30:00+00:00,2026-03-05 10:30:00+00:00,LONG,LONG,3.5,"['delta_strong_positive', 'cvd_strong_positive', 'above_vwap']",73122.4,73122.4,0.0,LOSS,1,1.0,2.0300208964695132,0.002188111987539683,0.0,dynamic_structure,trailing_stop,2.1433954946503584,3.8498221230508824,3.737837589855979,3.387962564812826,UP,BUY,1.4998367836982878,False,72498.89703961558,0.01020972240231326,NONE,0.0,73424.9,1.6547596906009652,False,50.0,True,True,73424.9
2026-03-06 01:25:00+00:00,2026-03-06 01:25:00+00:00,2026-03-06 01:30:00+00:00,2026-03-06 01:30:00+00:00,SHORT,SHORT,-4.25,"['delta_strong_negative', 'cvd_strong_negative', 'aggressive_sellers', 'below_vwap']",70423.1,70599.15775000001,-48.92830225267682,LOSS,1,1.0,0.052823576354934156,2.287885651157011,-1.0000000000000409,dynamic_structure,stop_loss,2.6326785171771188,4.047843402819207,-3.89616794470495,-2.881279378511338,DOWN,SELL,0.522928012704841,False,70762.89015476471,-0.007332803940450232,NONE,0.0,70335.071125,0.5,False,50.0,False,False,70339.6
2026-03-06 04:10:00+00:00,2026-03-06 04:10:00+00:00,2026-03-06 04:15:00+00:00,2026-03-06 04:35:00+00:00,SHORT,SHORT,-4.25,"['delta_strong_negative', 'cvd_strong_negative', 'aggressive_sellers', 'below_vwap']",70872.0,70783.41,24.341830370704763,PARTIAL+TRAIL,5,20.0,1.1547578733491692,0.4204763517327012,0.4999999999999803,dynamic_structure,trailing_stop,2.6326785171771188,1.6651313179736262,-2.4092135143330684,-1.8263687161898896,DOWN,SELL,0.395524982697163,False,70968.20416365618,-0.0014027758910697711,NONE,0.0,70783.41,0.5,True,50.0,True,True,70840.0
2026-03-06 10:00:00+00:00,2026-03-06 10:00:00+00:00,2026-03-06 10:05:00+00:00,2026-03-06 10:50:00+00:00,LONG,LONG,3.75,"['delta_strong_positive', 'cvd_strong_positive', 'aggressive_buyers']",70620.5,70443.94875,-48.80536989326608,LOSS,10,45.0,0.8365842779362768,1.0778739884311377,-1.000000000000023,dynamic_structure,stop_loss,2.877313912402733,0.3185051497915559,2.7141043224775987,2.2765345404631514,UP,BUY,1.586170072455444,False,70725.64333449418,-0.000823031116476946,NONE,0.0,70776.6,0.8841625307099542,False,50.0,False,False,70776.6
2026-03-06 12:00:00+00:00,2026-03-06 12:00:00+00:00,2026-03-06 12:05:00+00:00,2026-03-06 12:05:00+00:00,SHORT,SHORT,-4.25,"['delta_strong_negative', 'cvd_strong_negative', 'aggressive_sellers', 'below_vwap']",70132.5,70132.5,0.0,LOSS,1,1.0,2.169607528606533,0.12205468220864323,0.0,dynamic_structure,trailing_stop,2.877313912402733,2.8294072663968732,-2.029288568051648,-2.0299296691422075,DOWN,SELL,0.6325116368173888,False,70677.74268812544,-0.005617092681805996,NONE,0.0,70044.834375,0.5,False,50.0,True,True,70050.0
2026-03-07 00:25:00+00:00,2026-03-07 00:25:00+00:00,2026-03-07 00:30:00+00:00,2026-03-07 00:30:00+00:00,LONG,LONG,3.25,"['delta_strong_positive', 'cvd_strong_positive', 'aggressive_buyers', 'big_trade_buy', 'above_vwap', 'buy_absorption']",68182.1,68182.1,0.0,LOSS,1,1.0,1.1158353878803797,0.03578651874908998,0.0,dynamic_structure,trailing_stop,2.877313912402733,1.179953943498435,3.1557858431827666,1.5247340283804656,UP,BUY,4.906873424751164,True,68163.55339562563,0.0005486831581846912,BUY_ABSORPTION,-1.0,68267.327625,0.5,False,50.0,True,True,68239.5
2026-03-07 04:00:00+00:00,2026-03-07 04:00:00+00:00,2026-03-07 04:05:00+00:00,2026-03-07 04:35:00+00:00,SHORT,SHORT,-4.25,"['delta_strong_negative', 'cvd_strong_negative', 'aggressive_sellers', 'below_vwap']",67875.8,68045.4895,-48.56134304379667,LOSS,7,30.0,0.2899413340247752,1.2982535749118413,-0.9999999999999595,dynamic_structure,stop_loss,3.3629273428407034,3.74507422560245,-3.4622240371636552,-2.498067450596599,DOWN,SELL,0.5075055861247552,False,68192.89109093769,-0.004680815883360119,NONE,0.0,67764.1,0.658261118100985,False,50.0,False,False,67764.1
2026-03-07 06:50:00+00:00,2026-03-07 06:50:00+00:00,2026-03-07 06:55:00+00:00,2026-03-07 07:05:00+00:00,SHORT,SHORT,-4.25,"['delta_strong_negative', 'cvd_strong_negative', 'aggressive_sellers', 'below_vwap']",67664.5,67570.3,26.906907593506563,PARTIAL+TRAIL,3,10.0,1.4116708170458832,0.3931160357351344,0.5568651212969702,dynamic_structure,trailing_stop,3.3629273428407034,4.024857350946707,-3.9321605414785354,-3.3586898194380743,DOWN,SELL,0.46313583045639906,False,68081.35126982722,-0.005255893207975691,NONE,0.0,67570.3,0.5568651212969702,True,50.0,True,True,67570.3
2026-03-07 11:10:00+00:00,2026-03-07 11:10:00+00:00,2026-03-07 11:15:00+00:00,2026-03-07 11:55:00+00:00,LONG,LONG,4.25,"['delta_strong_positive', 'cvd_strong_positive', 'aggressive_buyers', 'above_vwap']",68160.0,67989.6,-48.453070866545524,LOSS,9,40.0,0.3262910798122407,1.1085680751173368,-0.9999999999999657,dynamic_structure,stop_loss,3.578388975571106,3.9852014030719873,3.8249121054884054,2.323047777311183,UP,BUY,2.55949037313139,False,67963.3404468714,0.004267267846566353,NONE,0.0,68245.2,0.5,False,50.0,False,False,68182.1
2026-03-08 01:25:00+00:00,2026-03-08 01:25:00+00:00,2026-03-08 01:30:00+00:00,2026-03-08 01:35:00+00:00,SHORT,SHORT,-4.25,"['delta_strong_negative', 'cvd_strong_negative', 'aggressive_sellers', 'below_vwap']",67197.7,67113.702875,24.105402756105622,PARTIAL+TRAIL,2,5.0,0.8476480593829502,0.157743494196974,0.4999999999999667,dynamic_structure,trailing_stop,3.578388975571106,1.4395914180412333,-2.2807376308397442,-1.7741071898361733,DOWN,SELL,0.3336173473094629,False,67262.15049757801,-0.0010719046211168477,NONE,0.0,67113.702875,0.5,True,50.0,False,True,67138.0
2026-03-08 02:40:00+00:00,2026-03-08 02:40:00+00:00,2026-03-08 02:45:00+00:00,2026-03-08 02:45:00+00:00,LONG,LONG,4.25,"['delta_strong_positive', 'cvd_strong_positive', 'aggressive_buyers', 'above_vwap']",67368.1,67199.67975000001,-48.3313325259937,LOSS,1,1.0,0.0,1.986103215023134,-0.9999999999999737,dynamic_structure,stop_loss,3.8206482732699802,3.3693182468177585,3.1165492161547923,2.3499795719850267,UP,BUY,2.145826476305216,False,67244.79672809748,0.0017251352700730735,NONE,0.0,67452.310125,0.5,False,50.0,False,False,67373.9
2026-03-08 04:50:00+00:00,2026-03-08 04:50:00+00:00,2026-03-08 04:55:00+00:00,2026-03-08 05:00:00+00:00,SHORT,SHORT,-4.25,"['delta_strong_negative', 'cvd_strong_negative', 'aggressive_sellers', 'below_vwap']",66583.5,66749.95875,-48.08967586336652,LOSS,2,5.0,0.45356582336464735,1.0441025178910865,-1.0000000000000315,dynamic_structure,stop_loss,4.301545031903642,4.0076006810054015,-3.8419012169879725,-3.3235520391414988,DOWN,SELL,0.3928063499384994,False,67052.1372091937,-0.006421051830690787,NONE,0.0,66500.270625,0.5,False,50.0,False,False,66561.8
2026-03-08 07:05:00+00:00,2026-03-08 07:05:00+00:00,2026-03-08 07:10:00+00:00,2026-03-08 08:15:00+00:00,LONG,LONG,4.25,"['delta_strong_positive', 'cvd_strong_positive', 'aggressive_buyers', 'above_vwap']",67346.0,67177.635,-47.84922748404967,LOSS,14,65.0,0.49891604549639174,1.3357883170492333,-1.000000000000031,dynamic_structure,stop_loss,4.780037306744143,3.8613839276305413,3.7618048806176714,1.8372029242083798,UP,BUY,2.2535302543634743,False,67043.03725218667,0.005607993982256563,NONE,0.0,67430.1825,0.5,False,50.0,False,False,67400.0
2026-03-08 08:40:00+00:00,2026-03-08 08:40:00+00:00,2026-03-08 08:45:00+00:00,2026-03-08 09:45:00+00:00,LONG,LONG,4.25,"['delta_strong_positive', 'cvd_strong_positive', 'aggressive_buyers', 'above_vwap']",67456.0,67681.8,47.30225554214686,PARTIAL+TRAIL,13,60.0,2.5616698292220113,0.3243595825426772,0.9935365275142486,dynamic_structure,trailing_stop,4.780037306744143,2.6297431404859335,2.8421471350833922,1.5012786067908472,UP,BUY,2.3707788906906275,False,67082.95889299984,0.005731937831396723,NONE,0.0,67565.3,0.6481261859582714,True,50.0,True,True,67565.3
2026-03-08 12:05:00+00:00,2026-03-08 12:05:00+00:00,2026-03-08 12:10:00+00:00,2026-03-08 12:10:00+00:00,SHORT,SHORT,-4.25,"['delta_strong_negative', 'cvd_strong_negative', 'aggressive_sellers', 'below_vwap']",67271.1,67271.1,0.0,LOSS,1,1.0,2.1191863965358597,0.550013304375876,0.0,dynamic_structure,trailing_stop,4.780037306744143,1.2485636405839595,-3.641131666868395,-1.619807693668057,DOWN,SELL,0.3322444872349585,False,67337.71817268885,-0.005967417068091528,NONE,0.0,67186.1,0.5054176310481023,False,50.0,True,True,67186.1
2026-03-09 01:55:00+00:00,2026-03-09 01:55:00+00:00,2026-03-09 02:00:00+00:00,2026-03-09 02:10:00+00:00,SHORT,SHORT,-4.25,"['delta_strong_negative', 'cvd_strong_negative', 'aggressive_sellers', 'below_vwap']",66150.1,66067.412375,23.92324631217105,PARTIAL+TRAIL,3,10.0,0.8253955776332914,1.0273605028563473,0.5000000000000359,dynamic_structure,trailing_stop,4.780037306744143,2.082705412119789,-2.155424275050804,-2.1296517833751607,DOWN,SELL,0.6117268317979077,False,66315.55935608203,0.00038706785495652463,NONE,0.0,66067.412375,0.5,True,50.0,False,True,66081.5
2026-03-09 03:00:00+00:00,2026-03-09 03:00:00+00:00,2026-03-09 03:05:00+00:00,2026-03-09 03:05:00+00:00,LONG,LONG,4.25,"['delta_strong_positive', 'cvd_strong_positive', 'aggressive_buyers', 'above_vwap']",66834.0,66834.0,0.0,LOSS,1,1.0,1.861328066552952,0.5045336206122806,0.0,dynamic_structure,trailing_stop,4.780037306744143,2.227386200612519,2.7828514248959446,1.8349835164711077,UP,BUY,1.7046523659043258,False,66344.31821244293,0.00775594582884255,NONE,0.0,66917.5425,0.5,False,50.0,True,True,66914.3
2026-03-09 05:30:00+00:00,2026-03-09 05:30:00+00:00,2026-03-09 05:35:00+00:00,2026-03-09 05:40:00+00:00,LONG,LONG,4.25,"['delta_strong_positive', 'cvd_strong_positive', 'aggressive_buyers', 'above_vwap']",67551.7,67551.7,0.0,LOSS,2,5.0,2.402308158047819,0.6916184196696925,0.0,dynamic_structure,trailing_stop,4.780037306744143,2.83654776173957,2.432547546787176,1.5258953728567575,UP,BUY,1.5240766659673344,False,66797.03487065125,0.008624372510155276,NONE,0.0,67636.139625,0.5,False,50.0,True,True,67593.0
2026-03-09 07:30:00+00:00,2026-03-09 07:30:00+00:00,2026-03-09 07:35:00+00:00,2026-03-09 07:40:00+00:00,LONG,LONG,4.25,"['delta_strong_positive', 'cvd_strong_positive', 'aggressive_buyers', 'above_vwap']",67263.0,67347.07875,23.983054427949927,PARTIAL+TRAIL,2,5.0,1.089454826576258,0.0005946805822269049,0.5000000000000034,dynamic_structure,trailing_stop,4.780037306744143,1.1105890100690903,2.3182211171939513,2.45249050781835,UP,BUY,2.0399243822298243,False,67084.7473363012,-0.0035245140646602336,NONE,0.0,67347.07875,0.5,True,50.0,True,True,67286.0
2026-03-09 09:30:00+00:00,2026-03-09 09:30:00+00:00,2026-03-09 09:35:00+00:00,2026-03-09 09:35:00+00:00,LONG,LONG,4.25,"['delta_strong_positive', 'cvd_strong_positive', 'aggressive_buyers', 'above_vwap']",68135.4,68135.4,0.0,LOSS,1,1.0,1.2492771745671292,0.08747288487332094,0.0,dynamic_structure,trailing_stop,4.780037306744143,3.690936496457107,3.5959459417278663,2.766904145290688,UP,BUY,1.846504807455695,False,67191.20190374058,0.007350294144451732,NONE,0.0,68260.0,0.7314846614241984,False,50.0,True,True,68260.0
2026-03-09 12:35:00+00:00,2026-03-09 12:35:00+00:00,2026-03-09 12:40:00+00:00,2026-03-09 12:40:00+00:00,LONG,LONG,4.25,"['delta_strong_positive', 'cvd_strong_positive', 'aggressive_buyers', 'above_vwap']",68245.3,68074.68675000001,-48.08602412803782,LOSS,1,1.0,0.3850814634853804,1.0567760710261536,-0.9999999999999698,dynamic_structure,stop_loss,4.780037306744143,3.8411671509488277,3.42728900761922,3.29652210647588,UP,BUY,1.5049103038499823,False,67340.8193967007,0.0051268986738726196,NONE,0.0,68441.5,1.1499693019152795,False,50.0,False,False,68441.5
2026-03-10 00:25:00+00:00,2026-03-10 00:25:00+00:00,2026-03-10 00:30:00+00:00,2026-03-10 00:35:00+00:00,LONG,LONG,3.5,"['delta_strong_positive', 'cvd_strong_positive', 'above_vwap']",68943.4,69029.57925,23.922797003699834,PARTIAL+TRAIL,2,5.0,1.3477722305543558,0.5488560181249621,0.5000000000000061,dynamic_structure,trailing_stop,4.780037306744143,3.653625948845386,2.481335115771491,2.5399634807358358,UP,BUY,1.2598250483260751,False,68649.41047753922,0.0032602322399530154,NONE,0.0,69029.57925,0.5,True,50.0,True,True,68977.8
2026-03-10 02:30:00+00:00,2026-03-10 02:30:00+00:00,2026-03-10 02:35:00+00:00,2026-03-10 02:35:00+00:00,LONG,LONG,4.25,"['delta_strong_positive', 'cvd_strong_positive', 'aggressive_buyers', 'above_vwap']",69971.9,69971.9,0.0,LOSS,1,1.0,1.2353530488667928,0.2846857095490525,0.0,dynamic_structure,trailing_stop,4.780037306744143,4.137028205887404,3.8973582717243325,3.4530264692381327,UP,BUY,1.9696672344383326,False,69159.26433376635,0.01329864519965561,NONE,0.0,70059.364875,0.5,False,50.0,True,True,70000.0
2026-03-10 03:45:00+00:00,2026-03-10 03:45:00+00:00,2026-03-10 03:50:00+00:00,2026-03-10 03:50:00+00:00,SHORT,SHORT,-4.25,"['delta_strong_negative', 'cvd_strong_negative', 'aggressive_sellers', 'below_vwap']",69527.3,69527.3,0.0,LOSS,1,1.0,1.0861920425502092,0.15015684486520414,0.0,dynamic_structure,trailing_stop,4.780037306744143,1.8970007153602289,-2.334813914272789,-1.715248119675423,DOWN,SELL,0.5209318557440953,False,69633.20419030557,-0.0012495645824649254,NONE,0.0,69103.0,2.4410555278286536,False,50.0,True,True,69103.0
2026-03-10 07:05:00+00:00,2026-03-10 07:05:00+00:00,2026-03-10 07:10:00+00:00,2026-03-10 07:10:00+00:00,LONG,LONG,4.25,"['delta_strong_positive', 'cvd_strong_positive', 'aggressive_buyers', 'above_vwap']",70108.3,70108.3,0.0,LOSS,1,1.0,1.664282260445608,0.04735530600515436,0.0,dynamic_structure,trailing_stop,4.780037306744143,3.459538176015389,3.7186295160234963,2.425822771765079,UP,BUY,1.8792754926546704,False,69711.12727254294,0.0036888128255325447,NONE,0.0,70195.935375,0.5,False,50.0,True,True,70160.3
2026-03-10 08:05:00+00:00,2026-03-10 08:05:00+00:00,2026-03-10 08:10:00+00:00,2026-03-10 08:15:00+00:00,LONG,LONG,4.25,"['delta_strong_positive', 'cvd_strong_positive', 'aggressive_buyers', 'above_vwap']",70892.6,70715.36850000001,-47.96520799241607,LOSS,2,5.0,0.22795044898900127,1.086714269190329,-0.9999999999999682,dynamic_structure,stop_loss,4.780037306744143,3.6841193267382106,3.8350398362874074,2.4594259729631447,UP,BUY,2.1380201222731046,False,69822.08630850719,0.010560910724984897,NONE,0.0,70981.21575,0.5,False,50.0,False,False,70900.0
2026-03-11 02:35:00+00:00,2026-03-11 02:35:00+00:00,2026-03-11 02:40:00+00:00,2026-03-11 03:00:00+00:00,SHORT,SHORT,-4.25,"['delta_strong_negative', 'cvd_strong_negative', 'aggressive_sellers', 'below_vwap']",69667.0,69841.1675,-47.725381952454384,LOSS,5,20.0,0.4386581882383004,1.125353467208291,-0.9999999999999766,dynamic_structure,stop_loss,5.026489914613539,3.692628701966072,-3.404714525613266,-2.595134123520731,DOWN,SELL,0.4934989031812892,False,69921.16308293292,-0.0029579314231001296,NONE,0.0,69579.91625,0.5,False,50.0,False,False,69650.1
2026-03-11 04:25:00+00:00,2026-03-11 04:25:00+00:00,2026-03-11 04:30:00+00:00,2026-03-11 04:55:00+00:00,LONG,LONG,4.25,"['delta_strong_positive', 'cvd_strong_positive', 'aggressive_buyers', 'above_vwap']",69942.5,70087.5,39.378515101350494,PARTIAL+TRAIL,6,25.0,1.7534403259820899,0.380312399470994,0.8292526003502876,dynamic_structure,trailing_stop,5.026489914613539,3.2938127822409813,2.7166593421993324,2.490036552983799,UP,BUY,1.6573799130840716,False,69814.25716408252,0.0021623237806276023,NONE,0.0,70087.5,0.8292526003502877,True,50.0,True,True,70087.5
2026-03-11 05:40:00+00:00,2026-03-11 05:40:00+00:00,2026-03-11 05:45:00+00:00,2026-03-11 06:10:00+00:00,SHORT,SHORT,-4.25,"['delta_strong_negative', 'cvd_strong_negative', 'aggressive_sellers', 'below_vwap']",69494.9,69668.63725,-47.68364761820152,LOSS,6,25.0,0.281459502783624,1.1183554476659607,-1.0000000000000322,dynamic_structure,stop_loss,5.109541239782047,3.2220459415767495,-2.84979696012215,-2.113569673808204,DOWN,SELL,0.5887242900481865,False,69829.86653617118,-0.004075316852194756,NONE,0.0,69408.03137499999,0.5,False,50.0,False,False,69462.3
2026-03-11 09:35:00+00:00,2026-03-11 09:35:00+00:00,2026-03-11 09:40:00+00:00,2026-03-11 09:45:00+00:00,SHORT,SHORT,-4.25,"['delta_strong_negative', 'cvd_strong_negative', 'aggressive_sellers', 'below_vwap']",69488.2,69661.9205,-47.44522938010784,LOSS,2,5.0,0.0949801549039981,1.3861346242959405,-0.9999999999999759,dynamic_structure,stop_loss,5.583993533583125,3.5743187188236973,-2.690558617881958,-2.7898680357420744,DOWN,SELL,0.5782434638695682,False,69748.44779923692,-0.0017465069581076166,NONE,0.0,69401.33975,0.5,False,50.0,False,False,69465.9
2026-03-11 11:50:00+00:00,2026-03-11 11:50:00+00:00,2026-03-11 11:55:00+00:00,2026-03-11 11:55:00+00:00,SHORT,SHORT,-4.25,"['delta_strong_negative', 'cvd_strong_negative', 'aggressive_sellers', 'below_vwap']",69293.2,69293.2,0.0,LOSS,1,1.0,1.126806093527198,0.11891498732923762,0.0,dynamic_structure,trailing_stop,5.583993533583125,3.5751680409425814,-2.431906464895991,-1.5466778078683188,DOWN,SELL,0.656356258859776,False,69705.25549584035,-0.0032339705664544667,NONE,0.0,69206.5835,0.5,False,50.0,True,True,69235.4
2026-03-11 12:30:00+00:00,2026-03-11 12:30:00+00:00,2026-03-11 12:35:00+00:00,2026-03-11 13:45:00+00:00,LONG,LONG,3.0,"['delta_strong_positive', 'cvd_strong_positive']",69248.2,70161.3,155.33711514117192,PARTIAL+TRAIL,15,70.0,10.469586213071242,0.7977102653931295,3.2904826407040266,dynamic_structure,trailing_stop,5.583993533583125,3.442866042513604,2.630810752720436,2.6476631313303427,UP,BUY,1.4110084482495482,False,69625.5892270786,-0.0020000340689436454,NONE,0.0,69474.4,1.3066043593912742,True,50.0,True,True,69474.4
2026-03-12 01:00:00+00:00,2026-03-12 01:00:00+00:00,2026-03-12 01:05:00+00:00,2026-03-12 01:10:00+00:00,SHORT,SHORT,-4.25,"['delta_strong_negative', 'cvd_strong_negative', 'aggressive_sellers', 'below_vwap']",69920.9,69833.49887499999,23.992344404458237,PARTIAL+TRAIL,2,5.0,0.5560569157433448,0.2808888329526984,0.5000000000000228,dynamic_structure,trailing_stop,5.583993533583125,3.8596856166093008,-3.888193428179395,-3.572600563777888,DOWN,SELL,0.4539434178038737,False,70123.8979206393,-0.005711508170314431,NONE,0.0,69833.49887499999,0.5,True,50.0,False,True,69878.7
2026-03-12 03:30:00+00:00,2026-03-12 03:30:00+00:00,2026-03-12 03:35:00+00:00,2026-03-12 03:45:00+00:00,LONG,LONG,3.75,"['delta_strong_positive', 'cvd_strong_positive', 'aggressive_buyers']",69545.2,69371.337,-48.10465053093591,LOSS,3,10.0,0.2864324209291391,1.8048693511558118,-0.999999999999986,dynamic_structure,stop_loss,5.583993533583125,1.3569238363382727,2.4464818178901546,2.2492019515430384,UP,BUY,2.2445970356843,False,69690.69748292255,-0.0027344317248794558,NONE,0.0,69851.5,1.7617319383652814,False,50.0,False,False,69851.5
2026-03-12 07:20:00+00:00,2026-03-12 07:20:00+00:00,2026-03-12 07:25:00+00:00,2026-03-12 07:35:00+00:00,LONG,LONG,3.75,"['delta_strong_positive', 'cvd_strong_positive', 'aggressive_buyers']",69544.5,69631.430625,23.932063639139194,PARTIAL+TRAIL,3,10.0,1.12043367915509,0.15299556399143466,0.4999999999999632,dynamic_structure,trailing_stop,5.583993533583125,2.6136298698567586,3.3363302765208687,2.887251720099392,UP,BUY,2.6872619469596883,False,69578.86297349351,0.0018384950914903599,NONE,0.0,69631.430625,0.5,True,50.0,True,True,69595.9
2026-03-12 09:45:00+00:00,2026-03-12 09:45:00+00:00,2026-03-12 09:50:00+00:00,2026-03-12 10:20:00+00:00,SHORT,SHORT,-3.75,"['delta_strong_negative', 'cvd_strong_negative', 'aggressive_sellers']",69906.1,70080.86525,-47.98378759647671,LOSS,7,30.0,0.5189818914229897,1.5866998731154411,-0.9999999999999812,dynamic_structure,stop_loss,5.583993533583125,3.146099429078654,-3.5218754123213736,-1.6059223060015155,DOWN,SELL,0.48175601092988685,False,69674.80153085574,0.0019613900470623175,NONE,0.0,69676.0,1.3166232989682205,False,50.0,False,False,69676.0
2026-03-12 12:00:00+00:00,2026-03-12 12:00:00+00:00,2026-03-12 12:05:00+00:00,2026-03-12 12:45:00+00:00,SHORT,SHORT,-3.75,"['delta_strong_negative', 'cvd_strong_negative', 'aggressive_sellers']",70314.3,70490.08575,-47.74386865849399,LOSS,9,40.0,0.3959365306915141,1.535391805080868,-0.9999999999999741,dynamic_structure,stop_loss,5.583993533583125,1.1265499782784667,-2.0006042441561416,-1.5052939671046641,DOWN,SELL,0.6447844943547839,False,69833.42638739491,0.002708035852590242,NONE,0.0,70214.4,0.5683054513804943,False,50.0,False,False,70214.4
2026-03-13 00:10:00+00:00,2026-03-13 00:10:00+00:00,2026-03-13 00:15:00+00:00,2026-03-13 00:15:00+00:00,LONG,LONG,4.75,"['delta_strong_positive', 'cvd_strong_positive', 'aggressive_buyers', 'big_trade_buy', 'above_vwap']",71085.0,71085.0,0.0,LOSS,1,1.0,3.1629739044805842,0.11197861714845145,0.0,dynamic_structure,trailing_stop,5.583993533583125,3.922188691434255,3.9388213552303815,2.886261448688556,UP,BUY,2.3533118371137154,True,70817.15561575495,0.008551428081754346,NONE,0.0,71173.85625,0.5,False,50.0,True,True,71089.0
2026-03-13 02:35:00+00:00,2026-03-13 02:35:00+00:00,2026-03-13 02:40:00+00:00,2026-03-13 02:45:00+00:00,SHORT,SHORT,-4.25,"['delta_strong_negative', 'cvd_strong_negative', 'aggressive_sellers', 'below_vwap']",71201.4,71112.39825,23.752574657600256,PARTIAL+TRAIL,2,5.0,0.9050383840766685,0.3842621072058062,0.49999999999997646,dynamic_structure,trailing_stop,5.583993533583125,2.2592659614006094,-2.542299830865271,-1.9584946793945757,DOWN,SELL,0.5235171608577092,False,71382.32906364286,-0.00029796542882450474,NONE,0.0,71112.39825,0.5,True,50.0,False,True,71200.0
2026-03-13 03:50:00+00:00,2026-03-13 03:50:00+00:00,2026-03-13 03:55:00+00:00,2026-03-13 04:20:00+00:00,LONG,LONG,4.25,"['delta_strong_positive', 'cvd_strong_positive', 'aggressive_buyers', 'above_vwap']",71436.3,71257.70925,-47.62391218849156,LOSS,6,25.0,0.2760501313758014,1.3231368365942966,-1.0000000000000169,dynamic_structure,stop_loss,5.583993533583125,2.525991982832994,3.4365506298706343,2.822718422778383,UP,BUY,2.5792404768619868,False,71348.38105640835,0.0012921078185079633,NONE,0.0,71698.7,1.4692810237931928,False,50.0,False,False,71698.7
2026-03-13 06:25:00+00:00,2026-03-13 06:25:00+00:00,2026-03-13 06:30:00+00:00,2026-03-13 07:00:00+00:00,SHORT,SHORT,-4.25,"['delta_strong_negative', 'cvd_strong_negative', 'aggressive_sellers', 'below_vwap']",71209.5,71387.52375,-47.385792627546444,LOSS,7,30.0,0.33422506828442833,1.4851950933512756,-0.9999999999999607,dynamic_structure,stop_loss,5.7022726711788705,2.8486155118083825,-3.2897220999553594,-2.1060798146118604,DOWN,SELL,0.38295515765204746,False,71357.56331789933,-0.0013223530105618512,NONE,0.0,71120.488125,0.5,False,50.0,False,False,71201.0
2026-03-13 08:35:00+00:00,2026-03-13 08:35:00+00:00,2026-03-13 08:40:00+00:00,2026-03-13 08:45:00+00:00,LONG,LONG,4.25,"['delta_strong_positive', 'cvd_strong_positive', 'aggressive_buyers', 'above_vwap']",71996.7,71816.70825,-47.14886366441084,LOSS,2,5.0,0.2794572529018853,1.7834150731908547,-1.0000000000000058,dynamic_structure,stop_loss,6.173761307822987,4.077559350462526,3.69095469761468,2.2602937818453412,UP,BUY,2.1639637401210465,False,71412.21657770836,0.006548100545731769,NONE,0.0,72156.4,0.8872628884379261,False,50.0,False,False,72156.4
2026-03-13 12:20:00+00:00,2026-03-13 12:20:00+00:00,2026-03-13 12:25:00+00:00,2026-03-13 12:30:00+00:00,LONG,LONG,4.25,"['delta_strong_positive', 'cvd_strong_positive', 'aggressive_buyers', 'above_vwap']",72393.8,72393.8,0.0,LOSS,2,5.0,1.138771552259952,0.5315372310888341,0.0,dynamic_structure,trailing_stop,6.173761307822987,0.10067114643095088,2.0332111497025394,1.55666736277045,UP,BUY,1.956751875654438,False,71645.05552219202,0.003873376037800657,NONE,0.0,72484.29225,0.5,False,50.0,True,True,72406.0
2026-03-13 12:45:00+00:00,2026-03-13 12:45:00+00:00,2026-03-13 12:50:00+00:00,2026-03-13 13:05:00+00:00,LONG,LONG,4.25,"['delta_strong_positive', 'cvd_strong_positive', 'aggressive_buyers', 'above_vwap']",72705.0,72705.0,0.0,LOSS,4,15.0,1.011209682965424,0.5446668042087889,0.0,dynamic_structure,trailing_stop,6.173761307822987,3.4843082181821554,3.26740337221221,2.4544253766018787,UP,BUY,1.5036806939628728,False,71694.99912046088,0.006398115570436316,NONE,0.0,72882.8,0.9781995736194369,False,50.0,True,True,72882.8
2026-03-14 01:35:00+00:00,2026-03-14 01:35:00+00:00,2026-03-14 01:40:00+00:00,2026-03-14 01:45:00+00:00,SHORT,SHORT,-3.5,"['delta_strong_negative', 'cvd_strong_negative', 'below_vwap']",70666.5,70843.16625,-46.91311934608712,LOSS,2,5.0,0.040754813100957826,1.0630213750504294,-0.9999999999999705,dynamic_structure,stop_loss,6.642892501283859,2.94151412440188,-2.3541467525591537,-1.5438819210281978,DOWN,SELL,0.7542395210069296,False,70674.1344732901,-0.001206187919655297,NONE,0.0,70578.166875,0.5,False,50.0,False,False,70658.9
2026-03-14 02:25:00+00:00,2026-03-14 02:25:00+00:00,2026-03-14 02:30:00+00:00,2026-03-14 03:50:00+00:00,LONG,LONG,3.25,"['cvd_strong_positive', 'aggressive_buyers', 'big_trade_buy', 'above_vwap']",70767.2,71031.3,48.73177900217411,PARTIAL+TRAIL,17,80.0,2.116799873387671,0.4357951141206167,1.0439864796120482,dynamic_structure,trailing_stop,6.642892501283859,-0.09316528703145496,1.3960816799260247,1.619335195211416,UP,BUY,3.654607508532423,True,70701.60577973729,0.0005259613222277558,NONE,0.0,70872.5,0.5951909924371908,True,50.0,True,True,70872.5
2026-03-14 06:25:00+00:00,2026-03-14 06:25:00+00:00,2026-03-14 06:30:00+00:00,2026-03-14 06:35:00+00:00,SHORT,SHORT,-4.25,"['delta_strong_negative', 'cvd_strong_negative', 'aggressive_sellers', 'below_vwap']",70669.8,70669.8,0.0,LOSS,2,5.0,1.0969324945026186,0.22300897979048576,0.0,dynamic_structure,trailing_stop,6.642892501283859,2.689551035981999,-2.8078924710966744,-2.4789144731287363,DOWN,SELL,0.348425750461239,False,70858.01703900658,-0.0043385948186939645,NONE,0.0,70581.46275,0.5,False,50.0,True,True,70643.1
2026-03-14 09:45:00+00:00,2026-03-14 09:45:00+00:00,2026-03-14 09:50:00+00:00,2026-03-14 11:00:00+00:00,SHORT,SHORT,-4.25,"['delta_strong_negative', 'cvd_strong_negative', 'aggressive_sellers', 'below_vwap']",70414.5,70590.53625,-46.922212644370184,LOSS,15,70.0,0.36640180644611553,1.2150906418422012,-1.0000000000000264,dynamic_structure,stop_loss,6.642892501283859,2.903338224658645,-2.1516017886905847,-2.526936651597796,DOWN,SELL,0.5532869827724325,False,70742.3448039713,-0.002490377399643474,NONE,0.0,70256.0,0.9003827336699117,False,50.0,False,False,70256.0
2026-03-14 12:00:00+00:00,2026-03-14 12:00:00+00:00,2026-03-14 12:05:00+00:00,2026-03-14 13:20:00+00:00,LONG,LONG,4.25,"['delta_strong_positive', 'cvd_strong_positive', 'aggressive_buyers', 'above_vwap']",70739.7,70828.124625,23.34380079057345,PARTIAL+TRAIL,16,75.0,0.9064217122775636,0.9708833936247799,0.499999999999998,dynamic_structure,trailing_stop,6.642892501283859,2.5566886150218022,2.2225904008523694,1.5383347625584554,UP,BUY,1.7460956259484794,False,70717.40101607089,0.0024510466647698482,NONE,0.0,70828.124625,0.5,True,50.0,False,True,70800.0
2026-03-15 02:00:00+00:00,2026-03-15 02:00:00+00:00,2026-03-15 02:05:00+00:00,2026-03-15 02:10:00+00:00,LONG,LONG,4.25,"['delta_strong_positive', 'cvd_strong_positive', 'aggressive_buyers', 'above_vwap']",71159.8,71248.74975,23.40216029254991,PARTIAL+TRAIL,2,5.0,0.776843105236367,0.23046720198763906,0.4999999999999986,dynamic_structure,trailing_stop,6.642892501283859,4.132109657434574,3.9256016088101258,3.728841604758375,UP,BUY,1.9557330299145916,False,71030.38718146842,0.0021700147069911757,NONE,0.0,71248.74975,0.5,True,50.0,False,True,71186.8
2026-03-15 02:45:00+00:00,2026-03-15 02:45:00+00:00,2026-03-15 02:50:00+00:00,2026-03-15 02:50:00+00:00,LONG,LONG,4.25,"['delta_strong_positive', 'cvd_strong_positive', 'aggressive_buyers', 'above_vwap']",71576.2,71397.2595,-46.9213313865619,LOSS,1,1.0,0.08215021194194211,1.2361650939837383,-0.9999999999999832,dynamic_structure,stop_loss,6.642892501283859,3.195873978559621,3.1563766481006232,2.0541675109525084,UP,BUY,2.0663049222656817,False,71168.20883012355,0.0065128811772776655,NONE,0.0,71665.67025,0.5,False,50.0,False,False,71599.9
2026-03-15 05:15:00+00:00,2026-03-15 05:15:00+00:00,2026-03-15 05:20:00+00:00,2026-03-15 05:50:00+00:00,LONG,LONG,4.25,"['delta_strong_positive', 'cvd_strong_positive', 'aggressive_buyers', 'above_vwap']",71639.9,71460.80025,-46.68672472962831,LOSS,7,30.0,0.27414890305545275,1.0346189762966636,-0.9999999999999662,dynamic_structure,stop_loss,7.093417788036513,3.3112317841490495,3.124774377635779,1.5453188560383517,UP,BUY,2.2141133274602356,False,71316.90461067733,0.0037235091291558243,NONE,0.0,71750.0,0.6147412266069932,False,50.0,False,False,71750.0
2026-03-15 07:10:00+00:00,2026-03-15 07:10:00+00:00,2026-03-15 07:15:00+00:00,2026-03-15 07:45:00+00:00,LONG,LONG,3.5,"['delta_strong_positive', 'cvd_strong_positive', 'above_vwap']",71576.8,71397.85800000001,-46.45329110598056,LOSS,7,30.0,0.26936102200711454,1.1294162354282717,-0.9999999999999745,dynamic_structure,stop_loss,7.557950699096327,3.723331941701895,2.399320534389593,1.9695577530637167,UP,BUY,1.2851754110825186,False,71363.52265359835,0.001327812987031134,NONE,0.0,71666.27100000001,0.5,False,50.0,False,False,71629.6
2026-03-15 09:00:00+00:00,2026-03-15 09:00:00+00:00,2026-03-15 09:05:00+00:00,2026-03-15 11:25:00+00:00,LONG,LONG,4.25,"['delta_strong_positive', 'cvd_strong_positive', 'aggressive_buyers', 'above_vwap']",71815.6,71636.061,-46.22102465045295,LOSS,29,140.0,0.4583962258895747,1.131787522488215,-1.000000000000024,dynamic_structure,stop_loss,8.020160945600855,3.9961138031665637,3.662526120378421,3.422225450429548,UP,BUY,1.8793403472126846,False,71403.99265051528,0.003631421271489898,NONE,0.0,71905.3695,0.5,False,50.0,False,False,71850.0
2026-03-15 11:40:00+00:00,2026-03-15 11:40:00+00:00,2026-03-15 11:45:00+00:00,2026-03-15 11:55:00+00:00,LONG,LONG,4.25,"['delta_strong_positive', 'cvd_strong_positive', 'aggressive_buyers', 'above_vwap']",71717.0,71806.64625,22.994959763601134,PARTIAL+TRAIL,3,10.0,0.741804593053251,0.11824253663704333,0.5000000000000293,dynamic_structure,trailing_stop,8.020160945600855,1.8706564205869702,2.82854432232904,2.1346559049435063,UP,BUY,3.432118886738424,False,71469.94488499517,0.00011654902053706899,NONE,0.0,71806.64625,0.5,True,50.0,False,True,71777.0
2026-03-16 03:20:00+00:00,2026-03-16 03:20:00+00:00,2026-03-16 03:25:00+00:00,2026-03-16 04:25:00+00:00,LONG,LONG,4.25,"['delta_strong_positive', 'cvd_strong_positive', 'aggressive_buyers', 'above_vwap']",72808.6,73551.2,105.57416441953809,PARTIAL+TRAIL,13,60.0,8.233642729018259,0.5960834297047326,2.289868916584009,dynamic_structure,trailing_stop,8.020160945600855,3.275311552357701,3.3942565950963086,2.485923993482755,UP,BUY,2.5980062322477457,False,72593.55414988217,0.0030247189339962337,NONE,0.0,72899.61075,0.5,True,50.0,True,True,72823.5
2026-03-16 06:05:00+00:00,2026-03-16 06:05:00+00:00,2026-03-16 06:10:00+00:00,2026-03-16 06:15:00+00:00,SHORT,SHORT,-3.75,"['delta_strong_negative', 'cvd_strong_negative', 'aggressive_sellers']",73687.8,73595.69025,23.316382574058455,PARTIAL+TRAIL,2,5.0,0.7496491956606429,0.5900569700818702,0.5000000000000177,dynamic_structure,trailing_stop,8.020160945600855,-0.12676279208848557,-2.122374857157727,-1.9539245314089668,DOWN,SELL,0.41600633689720784,False,73578.14493927732,-0.0005462244780575263,NONE,0.0,73595.69025,0.5,True,50.0,False,True,73677.9
2026-03-16 07:35:00+00:00,2026-03-16 07:35:00+00:00,2026-03-16 07:40:00+00:00,2026-03-16 07:55:00+00:00,SHORT,SHORT,-4.25,"['delta_strong_negative', 'cvd_strong_negative', 'aggressive_sellers', 'below_vwap']",73442.5,73350.696875,23.37467353049426,PARTIAL+TRAIL,4,15.0,0.5261258807911268,0.6454028661878339,0.5000000000000316,dynamic_structure,trailing_stop,8.020160945600855,1.6713101056316833,-2.1866087278001682,-1.5446540244958595,DOWN,SELL,0.5233379350208921,False,73590.20677520502,-0.005399466633753804,NONE,0.0,73350.696875,0.5,True,50.0,False,True,73389.2
2026-03-16 08:40:00+00:00,2026-03-16 08:40:00+00:00,2026-03-16 08:45:00+00:00,2026-03-16 08:45:00+00:00,SHORT,SHORT,-4.25,"['delta_strong_negative', 'cvd_strong_negative', 'aggressive_sellers', 'below_vwap']",72871.5,73053.67875,-46.866220428639664,LOSS,1,1.0,0.09496167912011093,1.3964307033613643,-1.000000000000035,dynamic_structure,stop_loss,8.020160945600855,3.5770293150294292,-3.253173189097184,-2.428194110945924,DOWN,SELL,0.5779401291638845,False,73563.36105431049,-0.012155098056912958,NONE,0.0,72780.410625,0.5,False,50.0,False,False,72841.9
2026-03-16 10:50:00+00:00,2026-03-16 10:50:00+00:00,2026-03-16 10:55:00+00:00,2026-03-16 10:55:00+00:00,LONG,LONG,3.0,"['delta_strong_positive', 'cvd_strong_positive']",73519.1,73519.1,0.0,LOSS,1,1.0,1.3264580224730083,0.0,0.0,dynamic_structure,trailing_stop,8.020160945600855,3.209494568443545,2.4199664495231663,1.7604944355872936,UP,BUY,1.4343801428203695,False,73523.58282601082,0.002617172426284079,NONE,0.0,73755.8,1.287828605083561,False,50.0,True,True,73755.8
2026-03-17 00:05:00+00:00,2026-03-17 00:05:00+00:00,2026-03-17 00:10:00+00:00,2026-03-17 00:10:00+00:00,LONG,LONG,4.25,"['delta_strong_positive', 'cvd_strong_positive', 'aggressive_buyers', 'above_vwap']",74989.3,74989.3,0.0,LOSS,1,1.0,2.4142110941160473,0.0005334094331101678,0.0,dynamic_structure,trailing_stop,8.020160945600855,3.7968468585244852,4.075156098331277,3.2920547254740056,UP,BUY,2.619194956983629,False,74879.12542439223,0.005779651894176409,NONE,0.0,75131.0,0.7558411666730965,False,50.0,True,True,75131.0
2026-03-17 03:30:00+00:00,2026-03-17 03:30:00+00:00,2026-03-17 03:35:00+00:00,2026-03-17 03:40:00+00:00,SHORT,SHORT,-4.25,"['delta_strong_negative', 'cvd_strong_negative', 'aggressive_sellers', 'below_vwap']",74556.9,74556.9,0.0,LOSS,2,5.0,1.4195869195204804,0.3755520951112506,0.0,dynamic_structure,trailing_stop,8.020160945600855,2.1080824920240193,-2.5798097572421543,-2.1042984703444154,DOWN,SELL,0.5164771443808175,False,75269.28103401943,-0.009147923655333385,NONE,0.0,74463.70387499999,0.5,False,50.0,True,True,74471.3
2026-03-17 05:35:00+00:00,2026-03-17 05:35:00+00:00,2026-03-17 05:40:00+00:00,2026-03-17 05:40:00+00:00,SHORT,SHORT,-4.25,"['delta_strong_negative', 'cvd_strong_negative', 'aggressive_sellers', 'below_vwap']",74091.8,74091.8,0.0,LOSS,1,1.0,1.450092992746867,0.24456147643870393,0.0,dynamic_structure,trailing_stop,8.020160945600855,0.37634208598981733,-2.822596269877821,-2.2302759230836187,DOWN,SELL,0.487342435226966,False,74935.35369135959,-0.007586954463593141,NONE,0.0,73999.18525000001,0.5,False,50.0,True,True,74050.0
2026-03-17 09:25:00+00:00,2026-03-17 09:25:00+00:00,2026-03-17 09:30:00+00:00,2026-03-17 09:45:00+00:00,LONG,LONG,3.0,"['delta_strong_positive', 'cvd_strong_positive']",74264.8,74079.138,-46.631889326493976,LOSS,4,15.0,0.1395008133058686,1.027673945126105,-0.9999999999999817,dynamic_structure,stop_loss,8.020160945600855,3.625485397783668,2.4085321668037984,2.456174812205138,UP,BUY,1.3719431029715323,False,74742.89257945598,0.0019126341610958973,NONE,0.0,74365.8,0.5439993105751312,False,50.0,False,False,74365.8
2026-03-17 10:05:00+00:00,2026-03-17 10:05:00+00:00,2026-03-17 10:10:00+00:00,2026-03-17 10:25:00+00:00,SHORT,SHORT,-4.25,"['delta_strong_negative', 'cvd_strong_negative', 'aggressive_sellers', 'below_vwap']",73623.1,73807.15775000001,-46.39872987986417,LOSS,4,15.0,0.4514887311183898,1.030111473165304,-1.000000000000039,dynamic_structure,stop_loss,8.020160945600855,3.679257253534507,-3.6137892717725784,-3.1977817796176824,DOWN,SELL,0.571257168111656,False,74692.52122379982,-0.0064143509170465525,NONE,0.0,73512.0,0.603614898041543,False,50.0,False,False,73512.0
2026-03-17 10:40:00+00:00,2026-03-17 10:40:00+00:00,2026-03-17 10:45:00+00:00,2026-03-17 11:55:00+00:00,LONG,LONG,4.25,"['delta_strong_positive', 'cvd_strong_positive', 'aggressive_buyers', 'big_trade_buy']",73710.0,74050.9,55.56793974177994,PARTIAL+TRAIL,15,70.0,2.8256681590014763,0.5388685388685547,1.2036358703025132,dynamic_structure,trailing_stop,8.020160945600855,0.4626252953958001,2.3737881420207567,1.5619399967787666,UP,BUY,3.20922340487634,True,74635.50973062257,-0.0038419271491036367,NONE,0.0,73812.7,0.5573192239858749,True,50.0,True,True,73812.7
2026-03-18 03:20:00+00:00,2026-03-18 03:20:00+00:00,2026-03-18 03:25:00+00:00,2026-03-18 03:30:00+00:00,LONG,LONG,4.25,"['delta_strong_positive', 'cvd_strong_positive', 'aggressive_buyers', 'above_vwap']",74461.7,74554.777125,23.222287964585014,PARTIAL+TRAIL,2,5.0,0.6779324135763599,0.13322285147936677,0.4999999999999794,dynamic_structure,trailing_stop,8.020160945600855,2.8920741262786938,3.001410113272639,1.6074552984240054,UP,BUY,2.3838282942731626,False,73983.95582894718,0.006479143279735208,NONE,0.0,74554.777125,0.5,True,50.0,False,True,74500.0
2026-03-18 10:35:00+00:00,2026-03-18 10:35:00+00:00,2026-03-18 10:40:00+00:00,2026-03-18 10:45:00+00:00,SHORT,SHORT,-4.25,"['delta_strong_negative', 'cvd_strong_negative', 'aggressive_sellers', 'below_vwap']",73947.9,73855.46512499999,23.28034368449902,PARTIAL+TRAIL,2,5.0,1.0082774493933928,0.2277279003190399,0.5000000000000341,dynamic_structure,trailing_stop,8.020160945600855,2.526218348105314,-2.039954390206146,-1.678618434807969,DOWN,SELL,0.5350188361302133,False,74036.84313315296,-0.00024062055069779884,NONE,0.0,73855.46512499999,0.5,True,50.0,True,True,73924.8
2026-03-18 11:30:00+00:00,2026-03-18 11:30:00+00:00,2026-03-18 11:35:00+00:00,2026-03-18 11:35:00+00:00,SHORT,SHORT,-3.5,"['delta_strong_negative', 'cvd_strong_negative', 'below_vwap']",73153.1,73153.1,0.0,LOSS,1,1.0,2.297646989669674,0.058507431674103154,0.0,dynamic_structure,trailing_stop,8.020160945600855,4.031247473899201,-2.932200346797738,-3.2374934461098652,DOWN,SELL,0.8581330033797483,False,73913.37528042436,-0.007879743944742338,NONE,0.0,73005.0,0.8098084701810631,False,50.0,True,True,73005.0
2026-03-19 03:15:00+00:00,2026-03-19 03:15:00+00:00,2026-03-19 03:20:00+00:00,2026-03-19 03:30:00+00:00,LONG,LONG,4.25,"['delta_strong_positive', 'cvd_strong_positive', 'aggressive_buyers', 'above_vwap']",71543.4,71364.54149999999,-46.67708908741791,LOSS,3,10.0,0.036900678469325314,1.2898464428584446,-1.0000000000000118,dynamic_structure,stop_loss,8.020160945600855,4.18937660269935,4.135505859417106,3.7589699963940144,UP,BUY,2.3530048190838637,False,71150.50406415865,0.005345268057808727,NONE,0.0,71632.82925,0.5,False,50.0,False,False,71598.3
2026-03-19 04:05:00+00:00,2026-03-19 04:05:00+00:00,2026-03-19 04:10:00+00:00,2026-03-19 04:30:00+00:00,SHORT,SHORT,-4.25,"['delta_strong_negative', 'cvd_strong_negative', 'aggressive_sellers', 'below_vwap']",70810.0,70688.0,32.007523481551154,PARTIAL+TRAIL,5,20.0,1.077248976133298,0.5575483688744363,0.6891681965824036,dynamic_structure,trailing_stop,8.020160945600855,2.6358611873996014,-2.202118416306515,-1.7590087935800454,DOWN,SELL,0.5704172680367191,False,71160.29368081951,-0.004893596909530739,NONE,0.0,70688.0,0.6891681965824036,True,50.0,True,True,70688.0
2026-03-19 06:30:00+00:00,2026-03-19 06:30:00+00:00,2026-03-19 06:35:00+00:00,2026-03-19 07:00:00+00:00,SHORT,SHORT,-4.25,"['delta_strong_negative', 'cvd_strong_negative', 'aggressive_sellers', 'below_vwap']",70603.4,70515.14575,23.30187062969352,PARTIAL+TRAIL,6,25.0,1.7188973902106368,0.5829747575896274,0.49999999999998945,dynamic_structure,trailing_stop,8.020160945600855,2.783037716796108,-2.1695966466028187,-1.7421372257386931,DOWN,SELL,0.5418458989087225,False,71017.82764013472,-0.005457807783912546,NONE,0.0,70515.14575,0.5,True,50.0,True,True,70550.6
2026-03-19 12:05:00+00:00,2026-03-19 12:05:00+00:00,2026-03-19 12:10:00+00:00,2026-03-19 12:10:00+00:00,SHORT,SHORT,-4.25,"['delta_strong_negative', 'cvd_strong_negative', 'aggressive_sellers', 'below_vwap']",69649.9,69824.02475,-46.72025061253722,LOSS,1,1.0,0.0,1.0681996671926308,-1.0000000000000155,dynamic_structure,stop_loss,8.020160945600855,4.117994623763171,-4.087150762455962,-3.9189018823796244,DOWN,SELL,0.4314207864507782,False,70359.56060786599,-0.006184513015603859,NONE,0.0,69562.837625,0.5,False,50.0,False,False,69568.1
2026-03-20 02:30:00+00:00,2026-03-20 02:30:00+00:00,2026-03-20 02:35:00+00:00,2026-03-20 02:40:00+00:00,SHORT,SHORT,-4.25,"['delta_strong_negative', 'cvd_strong_negative', 'aggressive_sellers', 'below_vwap']",70052.0,70227.13,-46.486649359475045,LOSS,2,5.0,0.011420087934677097,1.155712898989289,-1.0000000000000266,dynamic_structure,stop_loss,8.020160945600855,1.9310873357817644,-2.623652543043722,-2.640231309331311,DOWN,SELL,0.4128023567410247,False,70240.21623051736,-0.0010378617890830011,NONE,0.0,69931.6,0.687489293667528,False,50.0,False,False,69931.6
2026-03-20 04:05:00+00:00,2026-03-20 04:05:00+00:00,2026-03-20 04:10:00+00:00,2026-03-20 04:30:00+00:00,LONG,LONG,4.25,"['delta_strong_positive', 'cvd_strong_positive', 'aggressive_buyers', 'above_vwap']",70888.7,70711.47825,-46.25421611267564,LOSS,5,20.0,0.3171168324429541,1.8146756817376608,-0.9999999999999831,dynamic_structure,stop_loss,8.020160945600855,2.8169486451481154,3.48697517759583,2.6271513039192715,UP,BUY,2.7849536613767816,False,70403.44663977991,0.006562724205299479,NONE,0.0,70977.310875,0.5,False,50.0,False,False,70931.1
2026-03-20 07:30:00+00:00,2026-03-20 07:30:00+00:00,2026-03-20 07:35:00+00:00,2026-03-20 07:50:00+00:00,LONG,LONG,4.25,"['delta_strong_positive', 'cvd_strong_positive', 'aggressive_buyers', 'above_vwap']",70608.0,70833.8,58.87140827244087,PARTIAL+TRAIL,4,15.0,1.6542034896895534,0.10197144799456152,1.2791751642873492,dynamic_structure,trailing_stop,8.020160945600855,1.4371157012155602,2.7699848217293312,3.205447296161839,UP,BUY,3.014542655756299,False,70473.93534725715,0.00019844918022036065,NONE,0.0,70833.8,1.2791751642873492,True,50.0,True,True,70833.8
2026-03-20 11:35:00+00:00,2026-03-20 11:35:00+00:00,2026-03-20 11:40:00+00:00,2026-03-20 12:00:00+00:00,SHORT,SHORT,-4.25,"['delta_strong_negative', 'cvd_strong_negative', 'aggressive_sellers', 'below_vwap']",70300.0,70475.75,-46.31730207347526,LOSS,5,20.0,0.1934566145092461,1.4014224751067021,-1.0,dynamic_structure,stop_loss,8.020160945600855,3.126669020936301,-2.8223275306379767,-1.934047195938527,DOWN,SELL,0.6495074432526556,False,70610.397741511,-0.0062595323995723075,NONE,0.0,70175.0,0.7112375533428165,False,50.0,False,False,70175.0
2026-03-21 02:15:00+00:00,2026-03-21 02:15:00+00:00,2026-03-21 02:20:00+00:00,2026-03-21 02:30:00+00:00,LONG,LONG,3.75,"['delta_strong_positive', 'cvd_strong_positive', 'aggressive_buyers']",70522.1,70610.25262500001,23.042857781554577,PARTIAL+TRAIL,3,10.0,0.8354827777391106,0.06069019498858735,0.5000000000000138,dynamic_structure,trailing_stop,8.020160945600855,0.16965607627721685,2.3942681418518976,1.6844647918385676,UP,BUY,1.9762702099312233,False,70571.33539841534,-0.0007510067960554107,NONE,0.0,70610.25262500001,0.5,True,50.0,False,True,70566.6
2026-03-21 04:20:00+00:00,2026-03-21 04:20:00+00:00,2026-03-21 04:25:00+00:00,2026-03-21 07:30:00+00:00,LONG,LONG,4.25,"['delta_strong_positive', 'cvd_strong_positive', 'aggressive_buyers', 'above_vwap']",70740.9,70829.32612499999,23.100464926007337,PARTIAL+TRAIL,38,185.0,0.6123755847041975,0.8945320175457032,0.49999999999998945,dynamic_structure,trailing_stop,8.020160945600855,1.119361538415587,2.3967591170461264,1.7842077261714688,UP,BUY,3.1318086294704557,False,70610.56330800412,0.001854574489489305,NONE,0.0,70829.32612499999,0.5,True,50.0,False,True,70752.6
2026-03-21 08:15:00+00:00,2026-03-21 08:15:00+00:00,2026-03-21 08:20:00+00:00,2026-03-21 08:25:00+00:00,SHORT,SHORT,-4.75,"['delta_strong_negative', 'cvd_strong_negative', 'aggressive_sellers', 'big_trade_sell', 'below_vwap']",70585.9,70497.66762499999,23.158216088324647,PARTIAL+TRAIL,2,5.0,0.6511215412709574,0.02323410199490732,0.500000000000039,dynamic_structure,trailing_stop,8.020160945600855,2.9619169668310548,-3.0531905625588016,-2.7795652766172547,DOWN,SELL,0.3618524675671717,True,70652.46983938596,-0.0016236050932543105,NONE,0.0,70497.66762499999,0.5,True,50.0,False,True,70582.7
2026-03-21 11:10:00+00:00,2026-03-21 11:10:00+00:00,2026-03-21 11:15:00+00:00,2026-03-21 12:15:00+00:00,SHORT,SHORT,-4.25,"['delta_strong_negative', 'cvd_strong_negative', 'aggressive_sellers', 'below_vwap']",70525.1,70701.41275,-46.4322232570866,LOSS,13,60.0,0.0,1.0713916038403017,-0.9999999999999847,dynamic_structure,stop_loss,8.020160945600855,2.2568338251288718,-3.097099931147144,-2.468134925963638,DOWN,SELL,0.2465193344222816,False,70631.60134459325,-0.0013151046418988141,NONE,0.0,70436.943625,0.5,False,50.0,False,False,70521.2
2026-03-22 02:25:00+00:00,2026-03-22 02:25:00+00:00,2026-03-22 02:30:00+00:00,2026-03-22 03:00:00+00:00,LONG,LONG,4.25,"['delta_strong_positive', 'cvd_strong_positive', 'aggressive_buyers', 'above_vwap']",69314.7,69141.41325,-46.2000621408017,LOSS,7,30.0,0.09464081933563145,1.3526712226987592,-0.9999999999999961,dynamic_structure,stop_loss,8.061876339804277,3.5513668455457488,3.616016645112833,3.104864175763102,UP,BUY,2.127324968842456,False,68806.51193696937,0.004033484747787083,NONE,0.0,70171.7,4.9455598884507905,False,50.0,False,False,70171.7
2026-03-22 07:35:00+00:00,2026-03-22 07:35:00+00:00,2026-03-22 07:40:00+00:00,2026-03-22 07:45:00+00:00,SHORT,SHORT,-4.25,"['delta_strong_negative', 'cvd_strong_negative', 'aggressive_sellers', 'below_vwap']",68963.4,68877.19575,22.984530915047664,PARTIAL+TRAIL,2,5.0,0.5283962217639576,0.408912553615396,0.4999999999999724,dynamic_structure,trailing_stop,8.061876339804277,3.023368152485934,-3.606025120530995,-2.3199095485820123,DOWN,SELL,0.18489042196547809,False,68985.81404508287,-0.0036350414316996603,NONE,0.0,68877.19575,0.5,True,50.0,False,True,68932.2
2026-03-22 11:25:00+00:00,2026-03-22 11:25:00+00:00,2026-03-22 11:30:00+00:00,2026-03-22 11:45:00+00:00,SHORT,SHORT,-4.25,"['delta_strong_negative', 'cvd_strong_negative', 'aggressive_sellers', 'below_vwap']",68374.1,68288.632375,23.041992242337834,PARTIAL+TRAIL,4,15.0,0.8459343523352018,0.5937920937898999,0.5000000000000279,dynamic_structure,trailing_stop,8.061876339804277,4.162216201635669,-4.021189261939596,-3.0713835582190994,DOWN,SELL,0.4971088432578849,False,68904.9492660181,-0.00505747995028151,NONE,0.0,68288.632375,0.5,True,50.0,False,True,68339.0
2026-03-23 02:25:00+00:00,2026-03-23 02:25:00+00:00,2026-03-23 02:30:00+00:00,2026-03-23 03:05:00+00:00,LONG,LONG,4.25,"['delta_strong_positive', 'cvd_strong_positive', 'aggressive_buyers', 'above_vwap']",68235.8,68434.3,53.757939952389385,PARTIAL+TRAIL,8,35.0,1.8740895541636329,0.6219609061519368,1.1636120628760855,dynamic_structure,trailing_stop,8.061876339804277,3.219608024133405,3.0502056041134487,1.6080763401847444,UP,BUY,1.8514107258676111,False,67864.50357446395,0.0042481326358763455,NONE,0.0,68434.3,1.1636120628760855,True,50.0,True,True,68434.3
2026-03-23 04:50:00+00:00,2026-03-23 04:50:00+00:00,2026-03-23 04:55:00+00:00,2026-03-23 05:25:00+00:00,LONG,LONG,4.25,"['delta_strong_positive', 'cvd_strong_positive', 'aggressive_buyers', 'above_vwap']",68443.8,68636.9,41.38706958875042,PARTIAL+TRAIL,7,30.0,2.35404813876496,0.23201517157140364,0.890657736712422,dynamic_structure,trailing_stop,8.061876339804277,3.453030496908545,2.876210921512403,2.3342238739116077,UP,BUY,1.8523046538613714,False,68014.24962297858,0.0049273765977243585,NONE,0.0,68555.5,0.6527983542702018,True,50.0,True,True,68555.5
2026-03-23 06:40:00+00:00,2026-03-23 06:40:00+00:00,2026-03-23 06:45:00+00:00,2026-03-23 06:50:00+00:00,SHORT,SHORT,-3.5,"['delta_strong_negative', 'cvd_strong_negative', 'below_vwap']",67786.9,67661.0,34.6755633565941,PARTIAL+TRAIL,2,5.0,0.7895330808754398,0.7854024892715603,0.7429164042019575,dynamic_structure,trailing_stop,8.061876339804277,3.502082044592401,-2.264179437839897,-2.080242412458556,DOWN,SELL,0.7269602321942763,False,68188.78549895776,-0.008807447242731135,NONE,0.0,67661.0,0.7429164042019576,True,50.0,False,True,67661.0
2026-03-23 09:55:00+00:00,2026-03-23 09:55:00+00:00,2026-03-23 10:00:00+00:00,2026-03-23 10:20:00+00:00,LONG,LONG,4.25,"['delta_strong_positive', 'cvd_strong_positive', 'aggressive_buyers', 'above_vwap']",68304.9,68407.2,25.744979184642666,PARTIAL+TRAIL,5,20.0,2.243470087797542,0.2201891811567912,0.5495392717067232,dynamic_structure,trailing_stop,8.061876339804277,-0.4520268010428184,2.52127428366966,2.757822790307754,UP,BUY,2.459872826963072,False,68160.33027395362,0.002392184939616235,NONE,0.0,68390.281125,0.5,True,50.0,True,True,68332.3
2026-03-23 11:05:00+00:00,2026-03-23 11:05:00+00:00,2026-03-23 11:10:00+00:00,2026-03-23 11:10:00+00:00,LONG,LONG,4.75,"['delta_strong_positive', 'cvd_strong_positive', 'aggressive_buyers', 'big_trade_buy', 'above_vwap']",71194.0,71194.0,0.0,LOSS,1,1.0,1.5394555720987722,2.21872629715984,0.0,dynamic_structure,trailing_stop,8.061876339804277,4.242489979423901,4.2376010756077545,4.187527555808773,UP,BUY,1.5195619661296522,True,68735.73488875564,0.027601053630963386,NONE,0.0,71282.9925,0.5,False,50.0,True,True,71203.0
2026-03-24 00:30:00+00:00,2026-03-24 00:30:00+00:00,2026-03-24 00:35:00+00:00,2026-03-24 00:35:00+00:00,SHORT,SHORT,-4.25,"['delta_strong_negative', 'cvd_strong_negative', 'aggressive_sellers', 'below_vwap']",70623.9,70623.9,0.0,LOSS,1,1.0,1.3932960371772163,0.30414633006679975,0.0,dynamic_structure,trailing_stop,8.061876339804277,1.369033635552972,-2.5146965036370896,-2.3229705307517694,DOWN,SELL,0.6501279091991709,False,70798.24049963753,-0.0016391677809120566,NONE,0.0,70535.620125,0.5,False,50.0,True,True,70617.9
2026-03-24 04:30:00+00:00,2026-03-24 04:30:00+00:00,2026-03-24 04:35:00+00:00,2026-03-24 04:50:00+00:00,SHORT,SHORT,-4.25,"['delta_strong_negative', 'cvd_strong_negative', 'aggressive_sellers', 'below_vwap']",70352.7,70264.759125,23.4885111031484,PARTIAL+TRAIL,4,15.0,0.7868923296475854,0.33829547408983596,0.5000000000000014,dynamic_structure,trailing_stop,8.061876339804277,2.777877713600338,-2.6831380048522124,-3.3161441957074906,DOWN,SELL,0.4808831687991356,False,70581.78042765088,-0.0023597951325891376,NONE,0.0,70264.759125,0.5,True,50.0,False,True,70329.9
2026-03-24 07:10:00+00:00,2026-03-24 07:10:00+00:00,2026-03-24 07:15:00+00:00,2026-03-24 07:20:00+00:00,LONG,LONG,3.5,"['delta_strong_positive', 'cvd_strong_positive', 'above_vwap']",70794.8,70885.1,24.027923903969207,PARTIAL+TRAIL,2,5.0,1.1594071880985444,0.2813765982812461,0.5102069643533305,dynamic_structure,trailing_stop,8.061876339804277,3.052404701486683,2.2079318637742507,1.8613371979032516,UP,BUY,1.3548123308149165,False,70503.25980784686,0.005373583076946044,NONE,0.0,70885.1,0.5102069643533305,True,50.0,True,True,70885.1
2026-03-24 07:55:00+00:00,2026-03-24 07:55:00+00:00,2026-03-24 08:00:00+00:00,2026-03-24 08:05:00+00:00,LONG,LONG,4.25,"['delta_strong_positive', 'cvd_strong_positive', 'aggressive_buyers', 'above_vwap']",71255.2,71077.06199999999,-47.21460438133393,LOSS,2,5.0,0.3317652606406596,1.0671501869336766,-1.0000000000000353,dynamic_structure,stop_loss,8.061876339804277,3.397965420997988,3.5911329850824405,3.2919194848452564,UP,BUY,2.28912023724711,False,70613.03967293557,0.008881537448915731,NONE,0.0,71377.5,0.6865463853866267,False,50.0,False,False,71377.5
2026-03-25 00:40:00+00:00,2026-03-25 00:40:00+00:00,2026-03-25 00:45:00+00:00,2026-03-25 01:05:00+00:00,LONG,LONG,4.25,"['delta_strong_positive', 'cvd_strong_positive', 'aggressive_buyers', 'above_vwap']",70893.7,70716.46575,-46.978531359424025,LOSS,5,20.0,0.3853656954003129,1.316336994683606,-0.9999999999999665,dynamic_structure,stop_loss,8.061876339804277,1.7905419686164632,2.1324407303509325,2.245324779817168,UP,BUY,1.9353322105373836,False,70751.1573529585,0.006615717446718414,NONE,0.0,71028.0,0.7577542151136302,False,50.0,False,False,71028.0
2026-03-25 05:05:00+00:00,2026-03-25 05:05:00+00:00,2026-03-25 05:10:00+00:00,2026-03-25 05:15:00+00:00,LONG,LONG,3.5,"['delta_strong_positive', 'cvd_strong_positive', 'above_vwap']",71175.0,71273.9,25.980728445042132,PARTIAL+TRAIL,2,5.0,0.8143308746048145,0.5839128907621731,0.5558131366350217,dynamic_structure,trailing_stop,8.061876339804277,4.112429477443959,2.854671118745546,2.545607522764179,UP,BUY,1.3528944565435856,False,70738.72609545986,0.006353507431489185,NONE,0.0,71273.9,0.5558131366350217,True,50.0,False,True,71273.9
2026-03-25 06:55:00+00:00,2026-03-25 06:55:00+00:00,2026-03-25 07:00:00+00:00,2026-03-25 07:30:00+00:00,SHORT,SHORT,-3.75,"['delta_strong_negative', 'cvd_strong_negative', 'aggressive_sellers']",70962.8,71140.20700000001,-46.8735423448554,LOSS,7,30.0,0.2632365126516828,1.1701905787257056,-1.0000000000000366,dynamic_structure,stop_loss,8.061876339804277,2.3520570748609533,-2.0856004270189237,-2.3431625316073035,DOWN,SELL,0.440730026302988,False,70839.44679399424,0.0003737075018255081,NONE,0.0,70874.0965,0.5,False,50.0,False,False,70950.2
2026-03-25 08:30:00+00:00,2026-03-25 08:30:00+00:00,2026-03-25 08:35:00+00:00,2026-03-25 08:35:00+00:00,LONG,LONG,4.25,"['delta_strong_positive', 'cvd_strong_positive', 'aggressive_buyers', 'above_vwap']",71458.8,71280.153,-46.639174633128675,LOSS,1,1.0,0.07276920407283637,1.113928585422649,-0.9999999999999841,dynamic_structure,stop_loss,8.061876339804277,3.749127494867392,3.2966334177363157,3.2237350100657984,UP,BUY,1.9515004805983605,False,70892.29196997291,0.005307736564039584,NONE,0.0,71548.1235,0.5,False,50.0,False,False,71478.0
2026-03-25 11:25:00+00:00,2026-03-25 11:25:00+00:00,2026-03-25 11:30:00+00:00,2026-03-25 11:35:00+00:00,LONG,LONG,4.25,"['delta_strong_positive', 'cvd_strong_positive', 'aggressive_buyers', 'above_vwap']",71832.9,71935.9,26.61630429664551,PARTIAL+TRAIL,2,5.0,0.9299360042543181,0.3090505882402075,0.573553343941286,dynamic_structure,trailing_stop,8.061876339804277,2.931461151120148,3.3253918661668216,2.9199447772126947,UP,BUY,2.1351459854014596,False,71043.71009030915,0.007242118740035956,NONE,0.0,71935.9,0.573553343941286,True,50.0,False,True,71935.9
2026-03-25 12:15:00+00:00,2026-03-25 12:15:00+00:00,2026-03-25 12:20:00+00:00,2026-03-25 12:20:00+00:00,SHORT,SHORT,-3.75,"['delta_strong_negative', 'cvd_strong_negative', 'aggressive_sellers']",71390.4,71390.4,0.0,LOSS,1,1.0,1.708352943813141,0.0930097043860565,0.0,dynamic_structure,trailing_stop,8.061876339804277,2.5104442707353263,-2.472002095615627,-1.7962374518889952,DOWN,SELL,0.6486518263949748,False,71145.72007606541,-0.0016397209464696417,NONE,0.0,71278.7,0.6258544566216023,False,50.0,True,True,71278.7
2026-03-26 02:30:00+00:00,2026-03-26 02:30:00+00:00,2026-03-26 02:35:00+00:00,2026-03-26 06:15:00+00:00,SHORT,SHORT,-4.25,"['delta_strong_negative', 'cvd_strong_negative', 'aggressive_sellers', 'below_vwap']",70770.7,70080.7,107.9390391022935,PARTIAL+TRAIL,45,220.0,5.39940964269113,0.9845882547438253,2.3193214140880256,dynamic_structure,trailing_stop,8.061876339804277,3.7580516381708473,-3.44695221279822,-2.698634692704705,DOWN,SELL,0.6476051184674345,False,71111.84915928994,-0.005824456681524639,NONE,0.0,70640.0,0.7387237938864366,True,50.0,True,True,70640.0
2026-03-26 09:30:00+00:00,2026-03-26 09:30:00+00:00,2026-03-26 09:35:00+00:00,2026-03-26 10:15:00+00:00,SHORT,SHORT,-4.25,"['delta_strong_negative', 'cvd_strong_negative', 'aggressive_sellers', 'below_vwap']",69428.0,69601.57,-47.07875547696035,LOSS,9,40.0,0.3572045860459757,1.209886501123466,-1.0000000000000402,dynamic_structure,stop_loss,8.061876339804277,4.150121238596498,-4.184527507048447,-4.0165374441966915,DOWN,SELL,0.5318774727254846,False,70334.53018416047,-0.0077794316220039135,NONE,0.0,69341.215,0.5,False,50.0,False,False,69400.1
2026-03-26 11:25:00+00:00,2026-03-26 11:25:00+00:00,2026-03-26 11:30:00+00:00,2026-03-26 13:05:00+00:00,SHORT,SHORT,-4.25,"['delta_strong_negative', 'cvd_strong_negative', 'aggressive_sellers', 'below_vwap']",69282.0,69455.205,-46.843361699574125,LOSS,20,95.0,0.5461736093069243,1.2586241736670418,-1.00000000000001,dynamic_structure,stop_loss,8.061876339804277,4.049935784731337,-3.733849198913626,-2.111627866771509,DOWN,SELL,0.5619296642042646,False,70143.5176524751,-0.005267438831976611,NONE,0.0,69127.2,0.8937386334112924,False,50.0,False,False,69127.2
2026-03-27 00:05:00+00:00,2026-03-27 00:05:00+00:00,2026-03-27 00:10:00+00:00,2026-03-27 00:20:00+00:00,LONG,LONG,4.25,"['delta_strong_positive', 'cvd_strong_positive', 'aggressive_buyers', 'above_vwap']",68904.4,68732.139,-46.60914489107541,LOSS,3,10.0,0.21943446282096882,1.1703171350450263,-0.9999999999999918,dynamic_structure,stop_loss,8.061876339804277,0.5058256057035165,2.6184580461949705,1.5572619130837673,UP,BUY,3.284332108944885,False,68766.51457656715,-0.0008347719067714062,NONE,0.0,68990.5305,0.5,False,50.0,False,False,68968.9
2026-03-27 03:05:00+00:00,2026-03-27 03:05:00+00:00,2026-03-27 03:10:00+00:00,2026-03-27 03:35:00+00:00,SHORT,SHORT,-4.25,"['delta_strong_negative', 'cvd_strong_negative', 'aggressive_sellers', 'below_vwap']",68680.4,68852.101,-46.37609916662067,LOSS,6,25.0,0.293533526304414,1.121717404092031,-1.0000000000000053,dynamic_structure,stop_loss,8.061876339804277,3.554853282535542,-3.5733786317841623,-2.4106503262414614,DOWN,SELL,0.5248585304356547,False,68812.7724120445,-0.0017076584340363983,NONE,0.0,68594.5495,0.5,False,50.0,False,False,68654.8
2026-03-27 04:00:00+00:00,2026-03-27 04:00:00+00:00,2026-03-27 04:05:00+00:00,2026-03-27 04:05:00+00:00,SHORT,SHORT,-3.5,"['delta_strong_negative', 'cvd_strong_negative', 'below_vwap']",68499.9,68499.9,0.0,LOSS,1,1.0,1.417228346318737,0.21313899728320773,0.0,dynamic_structure,trailing_stop,8.061876339804277,3.8620746690353047,-2.72048891426356,-2.6009167664116055,DOWN,SELL,0.7214654329541113,False,68766.0803730183,-0.003908349178331391,NONE,0.0,68414.275125,0.5,False,50.0,True,True,68458.5
2026-03-27 07:10:00+00:00,2026-03-27 07:10:00+00:00,2026-03-27 07:15:00+00:00,2026-03-27 07:25:00+00:00,LONG,LONG,4.25,"['delta_strong_positive', 'cvd_strong_positive', 'aggressive_buyers', 'above_vwap']",68830.5,68916.538125,23.072109335395375,PARTIAL+TRAIL,3,10.0,0.5491751476453025,0.3515883220374688,0.5000000000000372,dynamic_structure,trailing_stop,8.061876339804277,3.8342868206353473,3.756666971768319,2.806394407261618,UP,BUY,2.249666047633011,False,68691.67331585953,0.0033879318624987216,NONE,0.0,68916.538125,0.5,True,50.0,False,True,68877.3
2026-03-27 08:25:00+00:00,2026-03-27 08:25:00+00:00,2026-03-27 08:30:00+00:00,2026-03-27 08:35:00+00:00,SHORT,SHORT,-4.25,"['delta_strong_negative', 'cvd_strong_negative', 'aggressive_sellers', 'below_vwap']",68201.0,68201.0,0.0,LOSS,2,5.0,3.7594756675122065,0.3976481283265812,0.0,dynamic_structure,trailing_stop,8.061876339804277,1.0265724319613272,-2.140639489008248,-3.154906812483099,DOWN,SELL,0.40464010917260457,False,68652.23037679274,-0.005734325156814047,NONE,0.0,68115.74875,0.5,False,50.0,True,True,68181.0
2026-03-27 10:35:00+00:00,2026-03-27 10:35:00+00:00,2026-03-27 10:40:00+00:00,2026-03-27 10:40:00+00:00,SHORT,SHORT,-4.25,"['delta_strong_negative', 'cvd_strong_negative', 'aggressive_sellers', 'below_vwap']",66942.8,66942.8,0.0,LOSS,1,1.0,1.3288957139528597,0.36867295661368865,0.0,dynamic_structure,trailing_stop,8.061876339804277,4.189518593685443,-4.194223022214162,-4.126364282264331,DOWN,SELL,0.5027064380413822,False,68165.05571077544,-0.013417983343083084,NONE,0.0,66770.9,1.0271455630777842,False,50.0,True,True,66770.9
2026-03-28 01:10:00+00:00,2026-03-28 01:10:00+00:00,2026-03-28 01:15:00+00:00,2026-03-28 02:20:00+00:00,SHORT,SHORT,-4.25,"['delta_strong_negative', 'cvd_strong_negative', 'aggressive_sellers', 'below_vwap']",66115.7,66002.0,31.821271843302306,PARTIAL+TRAIL,14,65.0,0.6999850262494208,0.8052550301970988,0.6878850257956708,dynamic_structure,trailing_stop,8.061876339804277,3.081371500095049,-3.0417308552213003,-2.280421048442001,DOWN,SELL,0.47312567932481653,False,66317.36373572778,-0.0010193713384683797,NONE,0.0,66002.0,0.6878850257956708,True,50.0,False,True,66002.0
2026-03-28 06:15:00+00:00,2026-03-28 06:15:00+00:00,2026-03-28 06:20:00+00:00,2026-03-28 08:00:00+00:00,LONG,LONG,4.25,"['delta_strong_positive', 'cvd_strong_positive', 'aggressive_buyers', 'above_vwap']",66445.4,66528.45675,23.20934278834135,PARTIAL+TRAIL,21,100.0,0.5327682578477969,0.785005433032199,0.5000000000000203,dynamic_structure,trailing_stop,8.061876339804277,2.385191729941739,2.4321356736122866,2.1599775007218827,UP,BUY,2.7189858554334134,False,66194.23530504371,0.004313487128535793,NONE,0.0,66528.45675,0.5,True,50.0,False,True,66460.0
2026-03-29 03:15:00+00:00,2026-03-29 03:15:00+00:00,2026-03-29 03:20:00+00:00,2026-03-29 03:45:00+00:00,LONG,LONG,3.5,"['delta_strong_positive', 'cvd_strong_positive', 'above_vwap']",67021.7,66854.14575,-46.5347322906228,LOSS,6,25.0,0.061472627522148264,1.1960305393625896,-1.0000000000000062,dynamic_structure,stop_loss,8.061876339804277,4.068283233893242,2.7598012289075133,1.5539298121159455,UP,BUY,1.4039536362520777,False,66620.55117198733,0.006694469283001454,NONE,0.0,67105.47712499999,0.5,False,50.0,False,False,67100.0
2026-03-29 04:20:00+00:00,2026-03-29 04:20:00+00:00,2026-03-29 04:25:00+00:00,2026-03-29 05:20:00+00:00,SHORT,SHORT,-4.25,"['delta_strong_negative', 'cvd_strong_negative', 'aggressive_sellers', 'big_trade_sell']",66791.3,66705.0,23.93046794835527,LOSS,12,55.0,1.2055462313205636,0.17127979242800345,0.5168337792497102,dynamic_structure,trailing_stop,8.061876339804277,0.9529490194795058,-3.282024087786042,-2.9154979125562726,DOWN,SELL,0.21639968821583103,True,66684.41666026846,0.0011658056935142892,NONE,0.0,66529.7,1.5666711083629503,False,50.0,True,True,66529.7
2026-03-29 05:50:00+00:00,2026-03-29 05:50:00+00:00,2026-03-29 05:55:00+00:00,2026-03-29 06:05:00+00:00,LONG,LONG,4.25,"['delta_strong_positive', 'cvd_strong_positive', 'aggressive_buyers', 'above_vwap']",66752.1,66835.540125,23.21085548445383,PARTIAL+TRAIL,3,10.0,0.5566866061142296,0.08688865219221567,0.49999999999996225,dynamic_structure,trailing_stop,8.061876339804277,2.053606118937486,2.286462215165857,2.596862391804493,UP,BUY,2.8350087319504196,False,66685.9757233791,-0.00037707813960094586,NONE,0.0,66835.540125,0.5,True,50.0,False,True,66819.9
2026-03-29 11:00:00+00:00,2026-03-29 11:00:00+00:00,2026-03-29 11:05:00+00:00,2026-03-29 11:05:00+00:00,LONG,LONG,3.75,"['delta_strong_positive', 'cvd_strong_positive', 'aggressive_buyers']",66655.4,66655.4,0.0,LOSS,1,1.0,1.0591790012512114,0.12482109476494543,0.0,dynamic_structure,trailing_stop,8.061876339804277,1.7680480308055289,3.22267384345099,2.274109160583268,UP,BUY,3.491049177398056,False,66656.04200206656,0.0010567347620177828,NONE,0.0,66738.71925,0.5,False,50.0,True,True,66670.1
2026-03-30 02:40:00+00:00,2026-03-30 02:40:00+00:00,2026-03-30 02:45:00+00:00,2026-03-30 02:45:00+00:00,LONG,LONG,4.25,"['delta_strong_positive', 'cvd_strong_positive', 'aggressive_buyers', 'above_vwap']",67020.9,67020.9,0.0,LOSS,1,1.0,2.7859966070285713,0.2799126839537767,0.0,dynamic_structure,trailing_stop,8.061876339804277,2.99052182115446,2.566292122997702,2.2580549335211555,UP,BUY,1.6605445762363182,False,66528.32416993457,0.014018508910258146,NONE,0.0,67104.676125,0.5,False,50.0,True,True,67043.2
2026-03-30 07:55:00+00:00,2026-03-30 07:55:00+00:00,2026-03-30 08:00:00+00:00,2026-03-30 08:00:00+00:00,LONG,LONG,3.5,"['delta_strong_positive', 'cvd_strong_positive', 'above_vwap']",67595.9,67595.9,0.0,LOSS,1,1.0,1.0136709474983123,0.1260431475872848,0.0,dynamic_structure,trailing_stop,8.061876339804277,3.260773044366494,2.1165813844225183,1.6686692963801713,UP,BUY,1.405259932591155,False,67003.41888153908,0.002258935663208607,NONE,0.0,67680.394875,0.5,False,50.0,True,True,67625.1
2026-03-30 11:00:00+00:00,2026-03-30 11:00:00+00:00,2026-03-30 11:05:00+00:00,2026-03-30 11:25:00+00:00,LONG,LONG,4.25,"['delta_strong_positive', 'cvd_strong_positive', 'aggressive_buyers', 'above_vwap']",67484.9,67569.256125,23.268882623168295,PARTIAL+TRAIL,5,20.0,3.0412729366125215,0.024301732683852353,0.5000000000000339,dynamic_structure,trailing_stop,8.061876339804277,1.3462846342148016,2.6395549283624615,1.8139618660305332,UP,BUY,2.5827207840630657,False,67134.327630352,-0.0015888235647748034,NONE,0.0,67569.256125,0.5,True,50.0,True,True,67564.1
2026-03-31 00:00:00+00:00,2026-03-31 00:00:00+00:00,2026-03-31 00:05:00+00:00,2026-03-31 00:25:00+00:00,SHORT,SHORT,-3.75,"['delta_strong_negative', 'cvd_strong_negative', 'aggressive_sellers']",66785.5,66680.1,26.38930818495635,PARTIAL+TRAIL,5,20.0,1.7165402669741534,0.02755089053765156,0.5656373763765843,dynamic_structure,trailing_stop,8.061876339804277,0.8882457783491127,-2.133005368889052,-1.7610749925374167,DOWN,SELL,0.5071660619269936,False,66749.33333333333,0.0013023460749207918,NONE,0.0,66702.018125,0.5,True,50.0,True,True,66782.4
2026-03-31 00:45:00+00:00,2026-03-31 00:45:00+00:00,2026-03-31 00:50:00+00:00,2026-03-31 00:50:00+00:00,LONG,LONG,4.25,"['delta_strong_positive', 'cvd_strong_positive', 'aggressive_buyers', 'above_vwap']",67222.2,67054.1445,-46.78605620037468,LOSS,1,1.0,0.06366944253533559,1.500694710973441,-1.0000000000000133,dynamic_structure,stop_loss,8.061876339804277,4.112254997188621,3.869742479266737,3.045571486171873,UP,BUY,1.9838427186488377,False,66899.39716344199,0.006731432562932429,NONE,0.0,67306.22774999999,0.5,False,50.0,False,False,67276.0
2026-03-31 01:30:00+00:00,2026-03-31 01:30:00+00:00,2026-03-31 01:35:00+00:00,2026-03-31 01:35:00+00:00,LONG,LONG,4.25,"['delta_strong_positive', 'cvd_strong_positive', 'aggressive_buyers', 'above_vwap']",68297.5,68126.75625,-46.552125919370596,LOSS,1,1.0,0.3080639847725367,1.3365057286137683,-0.9999999999999658,dynamic_structure,stop_loss,8.061876339804277,3.4815054782245873,3.12741834787541,2.6048779722069915,UP,BUY,1.5800625762678346,False,67461.3476487413,0.016069690072507616,NONE,0.0,68382.871875,0.5,False,50.0,False,False,68377.0
2026-03-31 07:10:00+00:00,2026-03-31 07:10:00+00:00,2026-03-31 07:15:00+00:00,2026-03-31 07:15:00+00:00,SHORT,SHORT,-4.25,"['delta_strong_negative', 'cvd_strong_negative', 'aggressive_sellers', 'below_vwap']",67267.2,67267.2,0.0,LOSS,1,1.0,1.1613386613386787,0.042814328528596936,0.0,dynamic_structure,trailing_stop,8.061876339804277,2.1304837249982183,-2.523627882191419,-1.8354330941002481,DOWN,SELL,0.5349918236926817,False,67630.6981327398,-0.004469520311704634,NONE,0.0,67183.116,0.5,False,50.0,True,True,67200.0
2026-03-31 08:40:00+00:00,2026-03-31 08:40:00+00:00,2026-03-31 08:45:00+00:00,2026-03-31 08:50:00+00:00,SHORT,SHORT,-4.75,"['delta_strong_negative', 'cvd_strong_negative', 'aggressive_sellers', 'big_trade_sell', 'below_vwap']",66818.9,66735.37637499999,23.15968264488812,PARTIAL+TRAIL,2,5.0,0.9811595222309507,0.5567287099907362,0.5000000000000098,dynamic_structure,trailing_stop,8.061876339804277,3.7729981089655587,-3.583657413703654,-2.421348478598084,DOWN,SELL,0.48544189325615683,True,67540.72082284339,-0.007384545464703247,NONE,0.0,66735.37637499999,0.5,True,50.0,False,True,66777.0
2026-04-01 03:05:00+00:00,2026-04-01 03:05:00+00:00,2026-04-01 03:10:00+00:00,2026-04-01 03:45:00+00:00,LONG,LONG,4.25,"['delta_strong_positive', 'cvd_strong_positive', 'aggressive_buyers', 'above_vwap']",68032.3,68032.3,0.0,LOSS,8,35.0,1.0712558593491448,0.9395537119868232,0.0,dynamic_structure,trailing_stop,8.061876339804277,2.4728468583216143,3.136897734812848,2.7022778323738694,UP,BUY,2.482267321980273,False,67934.01896061897,0.0008412648917093124,NONE,0.0,68330.0,1.750345056686292,False,50.0,True,True,68330.0
2026-04-01 05:25:00+00:00,2026-04-01 05:25:00+00:00,2026-04-01 05:30:00+00:00,2026-04-01 06:20:00+00:00,LONG,LONG,4.25,"['delta_strong_positive', 'cvd_strong_positive', 'aggressive_buyers', 'above_vwap']",68553.0,68732.5,48.63455653108374,PARTIAL+TRAIL,11,50.0,1.732965734541158,0.8694003180021298,1.0473648126267268,dynamic_structure,trailing_stop,8.061876339804277,3.2508799099732095,2.2015002888147652,2.2393633347133446,UP,BUY,1.5740100440070388,False,68080.04800227698,0.0069914755100013715,NONE,0.0,68732.5,1.0473648126267268,True,50.0,True,True,68732.5
2026-04-01 06:35:00+00:00,2026-04-01 06:35:00+00:00,2026-04-01 06:40:00+00:00,2026-04-01 06:40:00+00:00,LONG,LONG,4.75,"['delta_strong_positive', 'cvd_strong_positive', 'aggressive_buyers', 'big_trade_buy', 'above_vwap']",68940.0,68940.0,0.0,LOSS,1,1.0,1.624601102407891,0.0,0.0,dynamic_structure,trailing_stop,8.061876339804277,2.404462830206952,2.5273173503716504,2.0318414224868997,UP,BUY,1.9347759563843578,True,68248.84069370378,0.007909988183569068,NONE,0.0,69088.0,0.8587177255584567,False,50.0,True,True,69088.0
2026-04-01 12:00:00+00:00,2026-04-01 12:00:00+00:00,2026-04-01 12:05:00+00:00,2026-04-01 12:35:00+00:00,SHORT,SHORT,-4.25,"['delta_strong_negative', 'cvd_strong_negative', 'aggressive_sellers', 'below_vwap']",68468.8,68383.214,23.33916824282642,PARTIAL+TRAIL,7,30.0,1.301614750075964,0.9832215549272247,0.4999999999999748,dynamic_structure,trailing_stop,8.061876339804277,3.060644159229845,-2.916694669707228,-2.0027086770010207,DOWN,SELL,0.6367815494896502,False,68471.37514197263,-0.0013350701472628708,NONE,0.0,68383.214,0.5,True,50.0,True,True,68450.0
2026-04-02 00:10:00+00:00,2026-04-02 00:10:00+00:00,2026-04-02 00:15:00+00:00,2026-04-02 00:35:00+00:00,LONG,LONG,4.25,"['delta_strong_positive', 'cvd_strong_positive', 'aggressive_buyers', 'above_vwap']",68177.3,68262.52162500001,23.397516163436197,PARTIAL+TRAIL,5,20.0,1.005613305308331,0.4535233868164501,0.5000000000000328,dynamic_structure,trailing_stop,8.061876339804277,2.1458309514430063,2.9570002640078843,2.3176517678641133,UP,BUY,2.8566336555455725,False,68123.36600099734,-0.00019732518507527182,NONE,0.0,68262.52162500001,0.5,True,50.0,True,True,68220.9
2026-04-02 01:05:00+00:00,2026-04-02 01:05:00+00:00,2026-04-02 01:10:00+00:00,2026-04-02 01:10:00+00:00,SHORT,SHORT,-3.5,"['delta_strong_negative', 'cvd_strong_negative', 'below_vwap']",68135.1,68305.43775000001,-46.91201990768817,LOSS,1,1.0,0.49607324271924447,1.7418335043171407,-1.0000000000000353,dynamic_structure,stop_loss,8.061876339804277,4.0965492495362374,-2.7742770651919133,-2.859396864765986,DOWN,SELL,0.8537853928568413,False,68183.63373275269,-0.0009189935483389829,NONE,0.0,68040.2,0.5571284110539719,False,50.0,False,False,68040.2
2026-04-02 09:00:00+00:00,2026-04-02 09:00:00+00:00,2026-04-02 09:05:00+00:00,2026-04-02 09:10:00+00:00,SHORT,SHORT,-4.25,"['delta_strong_negative', 'cvd_strong_negative', 'aggressive_sellers', 'below_vwap']",66400.8,66317.799,23.338729904075116,PARTIAL+TRAIL,2,5.0,0.8722786472452314,0.03192732617681058,0.5000000000000231,dynamic_structure,trailing_stop,8.061876339804277,2.9034327884796087,-2.342693562793223,-1.6064300131879314,DOWN,SELL,0.5750341507838418,False,67074.29221249357,-0.002776272884625479,NONE,0.0,66317.799,0.5,True,50.0,False,True,66362.2
2026-04-02 12:20:00+00:00,2026-04-02 12:20:00+00:00,2026-04-02 12:25:00+00:00,2026-04-02 13:00:00+00:00,SHORT,SHORT,-3.5,"['delta_strong_negative', 'cvd_strong_negative', 'below_vwap']",66103.0,66020.37125,23.397076728835213,PARTIAL+TRAIL,8,35.0,1.1128087983903556,0.6432385822126252,0.5000000000000211,dynamic_structure,trailing_stop,8.061876339804277,3.0444874369568797,-3.537654843933777,-2.9339557255644437,DOWN,SELL,0.7441846990422883,False,66917.70551797867,-0.0028984618910665835,NONE,0.0,66020.37125,0.5,True,50.0,True,True,66065.1
2026-04-03 00:45:00+00:00,2026-04-03 00:45:00+00:00,2026-04-03 00:50:00+00:00,2026-04-03 01:30:00+00:00,SHORT,SHORT,-4.25,"['delta_strong_negative', 'cvd_strong_negative', 'aggressive_sellers', 'below_vwap']",66706.2,66872.96549999999,-46.91113884131095,LOSS,9,40.0,0.21107483262423637,1.0499773634235248,-0.9999999999999644,dynamic_structure,stop_loss,8.061876339804277,3.021282370514997,-3.2179129259101042,-3.2437693475471927,DOWN,SELL,0.36116472667301625,False,66819.35775313886,-0.002452299374490204,NONE,0.0,66622.81725,0.5,False,50.0,False,False,66681.3
2026-04-03 02:10:00+00:00,2026-04-03 02:10:00+00:00,2026-04-03 02:15:00+00:00,2026-04-03 02:15:00+00:00,SHORT,SHORT,-3.25,"['delta_strong_negative', 'cvd_strong_negative', 'aggressive_sellers', 'big_trade_sell', 'below_vwap', 'sell_absorption']",66479.6,66645.799,-46.67658314710416,LOSS,1,1.0,0.03489792357356488,1.4867718819005604,-0.9999999999999593,dynamic_structure,stop_loss,8.061876339804277,1.962116222071267,-2.093524010359842,-1.5217596198606684,DOWN,SELL,0.4258193750018053,True,66655.12123578097,-0.0037343040285776007,SELL_ABSORPTION,1.0,66396.50050000001,0.5,False,50.0,False,False,66457.6
2026-04-03 05:15:00+00:00,2026-04-03 05:15:00+00:00,2026-04-03 05:20:00+00:00,2026-04-03 05:30:00+00:00,SHORT,SHORT,-4.25,"['delta_strong_negative', 'cvd_strong_negative', 'aggressive_sellers', 'below_vwap']",66488.1,66654.32025,-46.44320023137012,LOSS,3,10.0,0.2785460856905395,1.8138584197773735,-0.9999999999999907,dynamic_structure,stop_loss,8.061876339804277,1.8503455943966005,-2.400313882154596,-1.6744898435047417,DOWN,SELL,0.6160780717387918,False,66573.15480942091,-0.0005914543774649494,NONE,0.0,66404.989875,0.5,False,50.0,False,False,66468.0
2026-04-03 07:30:00+00:00,2026-04-03 07:30:00+00:00,2026-04-03 07:35:00+00:00,2026-04-03 07:35:00+00:00,LONG,LONG,4.25,"['delta_strong_positive', 'cvd_strong_positive', 'aggressive_buyers', 'above_vwap']",67038.3,67038.3,0.0,LOSS,1,1.0,1.1635139912557448,0.04833058117527336,0.0,dynamic_structure,trailing_stop,8.061876339804277,3.6278868596457134,3.6209625398142906,2.6188669880576647,UP,BUY,2.06971780133445,False,66615.23373342946,0.005436570676559941,NONE,0.0,67122.097875,0.5,False,50.0,True,True,67068.4
2026-04-04 01:25:00+00:00,2026-04-04 01:25:00+00:00,2026-04-04 01:30:00+00:00,2026-04-04 06:45:00+00:00,SHORT,SHORT,-4.25,"['delta_strong_negative', 'cvd_strong_negative', 'aggressive_sellers', 'below_vwap']",66811.5,66978.52875,-46.21098423021306,LOSS,64,315.0,0.3951415549718237,1.045329022698223,-0.9999999999999861,dynamic_structure,stop_loss,8.061876339804277,1.1569107884660093,-2.1751429303464724,-1.6116786469422866,DOWN,SELL,0.2671765329690575,False,66867.55076883073,-0.0008931651327175602,NONE,0.0,66727.985625,0.5,False,50.0,False,False,66800.7
2026-04-04 10:10:00+00:00,2026-04-04 10:10:00+00:00,2026-04-04 10:15:00+00:00,2026-04-04 10:45:00+00:00,SHORT,SHORT,-4.25,"['delta_strong_negative', 'cvd_strong_negative', 'aggressive_sellers', 'below_vwap']",66880.9,67048.10225,-45.97992930906321,LOSS,7,30.0,0.0,1.6112223370200385,-1.0000000000000124,dynamic_structure,stop_loss,8.499940674965364,2.1353271693160614,-3.1541335360309,-2.357666697624855,DOWN,SELL,0.35759202453987726,False,66897.65638664537,-0.001052727603246658,NONE,0.0,66797.298875,0.5,False,50.0,False,False,66876.0
2026-04-04 11:00:00+00:00,2026-04-04 11:00:00+00:00,2026-04-04 11:05:00+00:00,2026-04-04 13:40:00+00:00,LONG,LONG,4.25,"['delta_strong_positive', 'cvd_strong_positive', 'aggressive_buyers', 'above_vwap']",67149.9,67233.83737499999,22.875014831257044,PARTIAL+TRAIL,32,155.0,0.5682808165016403,0.7428157003956647,0.49999999999996464,dynamic_structure,trailing_stop,8.499940674965364,2.884605580687609,2.259932488686163,2.4262174155588108,UP,BUY,1.8048243875366685,False,66932.93794538324,0.0022235133579902333,NONE,0.0,67233.83737499999,0.5,True,50.0,False,True,67150.3
2026-04-05 02:00:00+00:00,2026-04-05 02:00:00+00:00,2026-04-05 02:05:00+00:00,2026-04-05 06:00:00+00:00,SHORT,SHORT,-4.25,"['delta_strong_negative', 'cvd_strong_negative', 'aggressive_sellers', 'below_vwap']",67010.3,66900.0,30.1974105022973,PARTIAL+TRAIL,48,235.0,1.1192309242012048,0.9347816678927942,0.6584062450101128,dynamic_structure,trailing_stop,8.499940674965364,4.162328434918128,-3.934585471182569,-2.1734910904772753,DOWN,SELL,0.5180988702889451,False,67105.8167604494,-0.0025856548143435255,NONE,0.0,66900.0,0.6584062450101128,True,50.0,True,True,66900.0
2026-04-05 10:35:00+00:00,2026-04-05 10:35:00+00:00,2026-04-05 10:40:00+00:00,2026-04-05 12:00:00+00:00,LONG,LONG,4.25,"['delta_strong_positive', 'cvd_strong_positive', 'aggressive_buyers', 'above_vwap']",67084.6,66916.8885,-46.015391789186424,LOSS,17,80.0,0.04412339046513911,1.1764249917268814,-1.000000000000029,dynamic_structure,stop_loss,8.499940674965364,3.194197965893016,3.2728334505806806,2.130616796973282,UP,BUY,2.9735647548630553,False,66908.6620734555,0.0031719049146767585,NONE,0.0,67168.45575000001,0.5,False,50.0,False,False,67132.8
2026-04-05 12:30:00+00:00,2026-04-05 12:30:00+00:00,2026-04-05 12:35:00+00:00,2026-04-05 12:50:00+00:00,SHORT,SHORT,-3.5,"['delta_strong_negative', 'cvd_strong_negative', 'below_vwap']",66735.1,66651.681125,22.892657415120407,PARTIAL+TRAIL,4,15.0,0.5100764065686921,0.2469465094080751,0.500000000000018,dynamic_structure,trailing_stop,8.499940674965364,4.015208764362544,-2.623034141758857,-1.6895749377197617,DOWN,SELL,0.6984002414729852,False,66908.68526088135,-0.0029066086086176265,NONE,0.0,66651.681125,0.5,True,50.0,False,True,66694.4
2026-04-06 02:10:00+00:00,2026-04-06 02:10:00+00:00,2026-04-06 02:15:00+00:00,2026-04-06 02:15:00+00:00,LONG,LONG,3.75,"['delta_strong_positive', 'cvd_strong_positive', 'aggressive_buyers']",69089.5,69089.5,0.0,LOSS,1,1.0,1.0525477822245228,0.10421265170539662,0.0,dynamic_structure,trailing_stop,8.499940674965364,2.6508495093138507,3.2527075441756206,2.395938966240638,UP,BUY,1.892822672771978,False,69124.38968637296,0.005116125926056841,NONE,0.0,69175.861875,0.5,False,50.0,True,True,69108.0
2026-04-06 06:25:00+00:00,2026-04-06 06:25:00+00:00,2026-04-06 06:30:00+00:00,2026-04-06 06:50:00+00:00,SHORT,SHORT,-4.25,"['delta_strong_negative', 'cvd_strong_negative', 'aggressive_sellers', 'below_vwap']",68813.8,68985.8345,-45.89977811731325,LOSS,5,20.0,0.0511525304517577,1.5444576523894746,-0.9999999999999669,dynamic_structure,stop_loss,8.659441546543603,3.184981968549398,-3.6795373696558746,-2.5759541223058666,DOWN,SELL,0.5504484089534865,False,69123.2711957863,-0.004368753637325458,NONE,0.0,68727.78275,0.5,False,50.0,False,False,68769.6
2026-04-06 09:10:00+00:00,2026-04-06 09:10:00+00:00,2026-04-06 09:15:00+00:00,2026-04-06 09:15:00+00:00,LONG,LONG,4.25,"['delta_strong_positive', 'cvd_strong_positive', 'aggressive_buyers', 'above_vwap']",69604.0,69604.0,0.0,LOSS,1,1.0,2.1176943853801506,0.085627262800955,0.0,dynamic_structure,trailing_stop,8.659441546543603,4.078511718902898,4.085407324338212,3.279552739768315,UP,BUY,2.682544538304636,False,69140.56247229215,0.006447555532913897,NONE,0.0,69769.2,0.9493707258203384,False,50.0,True,True,69769.2
2026-04-06 12:35:00+00:00,2026-04-06 12:35:00+00:00,2026-04-06 12:40:00+00:00,2026-04-06 12:55:00+00:00,LONG,LONG,4.25,"['delta_strong_positive', 'cvd_strong_positive', 'aggressive_buyers', 'above_vwap']",69478.2,69304.5045,-45.670279226728624,LOSS,4,15.0,0.2423781848119601,1.123805740505638,-1.0000000000000093,dynamic_structure,stop_loss,9.116144338810882,-0.5629137560736488,2.3428562179334493,2.2155643953982826,UP,BUY,2.2540584851905607,False,69344.54931490318,-0.003618492376198156,NONE,0.0,69565.04775,0.5,False,50.0,False,False,69505.0
2026-04-07 04:45:00+00:00,2026-04-07 04:45:00+00:00,2026-04-07 04:50:00+00:00,2026-04-07 05:00:00+00:00,LONG,LONG,4.25,"['delta_strong_positive', 'cvd_strong_positive', 'aggressive_buyers', 'above_vwap']",68932.2,68759.8695,-45.441927830593606,LOSS,3,10.0,0.0,1.0218736671685584,-0.9999999999999792,dynamic_structure,stop_loss,9.570563617116823,2.985491320923848,2.716769639212508,2.6987366729581956,UP,BUY,1.9448654601849806,False,68679.64080685608,0.004621911558462298,NONE,0.0,69018.36525,0.5,False,50.0,False,False,68955.6
2026-04-07 05:15:00+00:00,2026-04-07 05:15:00+00:00,2026-04-07 05:20:00+00:00,2026-04-07 06:10:00+00:00,SHORT,SHORT,-3.75,"['delta_strong_negative', 'cvd_strong_negative', 'aggressive_sellers']",68749.0,68518.0,60.76946516879086,PARTIAL+TRAIL,11,50.0,1.7396616678060772,0.2333124845452636,1.3440195493752636,dynamic_structure,trailing_stop,9.570563617116823,0.9108783862695704,-2.1905361079396934,-1.642636564226465,DOWN,SELL,0.362821774958069,False,68685.585193927,0.0018352132949989554,NONE,0.0,68518.0,1.3440195493752636,True,50.0,True,True,68518.0
2026-04-07 08:20:00+00:00,2026-04-07 08:20:00+00:00,2026-04-07 08:25:00+00:00,2026-04-07 08:55:00+00:00,LONG,LONG,4.25,"['delta_strong_positive', 'cvd_strong_positive', 'aggressive_buyers', 'above_vwap']",68822.4,68955.6,35.23895084683455,PARTIAL+TRAIL,7,30.0,0.8195006277026086,0.63002743292878,0.7741665504255106,dynamic_structure,trailing_stop,9.570563617116823,1.6712687793594596,2.2121364852654666,2.675374519890201,UP,BUY,1.883074898255164,False,68662.86353105475,0.002486928266973499,NONE,0.0,68955.6,0.7741665504255106,True,50.0,False,True,68955.6
2026-04-07 10:05:00+00:00,2026-04-07 10:05:00+00:00,2026-04-07 10:10:00+00:00,2026-04-07 10:25:00+00:00,SHORT,SHORT,-3.75,"['delta_strong_negative', 'cvd_strong_negative', 'aggressive_sellers']",68901.3,68901.3,0.0,LOSS,4,15.0,1.5924227844757814,0.4336638060529893,0.0,dynamic_structure,trailing_stop,9.570563617116823,2.3916028764664126,-2.0275912074215108,-2.259177856600681,DOWN,SELL,0.6036094090965399,False,68739.93939473186,0.00086137842643137,NONE,0.0,68569.7,1.925072531287542,False,50.0,True,True,68569.7
2026-04-08 02:05:00+00:00,2026-04-08 02:05:00+00:00,2026-04-08 02:10:00+00:00,2026-04-08 02:20:00+00:00,LONG,LONG,3.75,"['delta_strong_positive', 'cvd_strong_positive', 'aggressive_buyers']",71655.8,71476.6605,-45.694760271520934,LOSS,3,10.0,0.23557060279836156,1.5423734017344188,-1.0000000000000266,dynamic_structure,stop_loss,9.570563617116823,0.6284569390813738,2.0114458129081147,1.512593880371025,UP,BUY,2.0358667874031595,False,71724.43538024949,0.00093568300802271,NONE,0.0,71745.36975,0.5,False,50.0,False,False,71700.0
2026-04-08 10:30:00+00:00,2026-04-08 10:30:00+00:00,2026-04-08 10:35:00+00:00,2026-04-08 11:10:00+00:00,SHORT,SHORT,-4.25,"['delta_strong_negative', 'cvd_strong_negative', 'aggressive_sellers', 'below_vwap']",71453.3,71631.93325,-45.46628647016184,LOSS,8,35.0,0.21216654794115167,1.0233257246341478,-0.9999999999999941,dynamic_structure,stop_loss,9.570563617116823,2.253039650651896,-2.6856719018696884,-1.862289417044131,DOWN,SELL,0.37729538054357453,False,71637.03541533466,-0.003306471488058615,NONE,0.0,71363.983375,0.5,False,50.0,False,False,71415.3
2026-04-08 11:50:00+00:00,2026-04-08 11:50:00+00:00,2026-04-08 11:55:00+00:00,2026-04-08 12:15:00+00:00,LONG,LONG,4.25,"['delta_strong_positive', 'cvd_strong_positive', 'aggressive_buyers', 'above_vwap']",71684.2,71782.1,24.713360535248334,PARTIAL+TRAIL,5,20.0,0.7834362383900985,0.24886934638311523,0.5462849554016574,dynamic_structure,trailing_stop,9.570563617116823,2.8846312837155383,2.9381925336973973,2.9489580857796525,UP,BUY,2.5098802427914464,False,71627.87330752659,0.0006948738676329186,NONE,0.0,71782.1,0.5462849554016574,True,50.0,False,True,71782.1
2026-04-09 00:30:00+00:00,2026-04-09 00:30:00+00:00,2026-04-09 00:35:00+00:00,2026-04-09 00:50:00+00:00,SHORT,SHORT,-4.25,"['delta_strong_negative', 'cvd_strong_negative', 'aggressive_sellers', 'below_vwap']",70795.0,70706.50625,22.681260920242277,PARTIAL+TRAIL,4,15.0,0.9723850554418013,0.6740589024648798,0.499999999999967,dynamic_structure,trailing_stop,9.570563617116823,2.359277104654843,-2.9942729682156326,-3.0901720422301806,DOWN,SELL,0.4009670427388428,False,70897.67364761136,-0.005283641870365544,NONE,0.0,70706.50625,0.5,True,50.0,False,True,70731.4
2026-04-09 01:05:00+00:00,2026-04-09 01:05:00+00:00,2026-04-09 01:10:00+00:00,2026-04-09 01:25:00+00:00,SHORT,SHORT,-4.75,"['delta_strong_negative', 'cvd_strong_negative', 'aggressive_sellers', 'big_trade_sell', 'below_vwap']",70553.9,70444.4,28.231545708385894,PARTIAL+TRAIL,4,15.0,0.7137805280784999,0.5624068974217535,0.6208019684241409,dynamic_structure,trailing_stop,9.570563617116823,3.744876809922543,-3.6636081119571235,-2.8662891151424597,DOWN,SELL,0.38150408590264895,True,70758.23648849108,-0.006595381774719138,NONE,0.0,70444.4,0.620801968424141,True,50.0,False,True,70444.4
2026-04-09 04:45:00+00:00,2026-04-09 04:45:00+00:00,2026-04-09 04:50:00+00:00,2026-04-09 05:20:00+00:00,SHORT,SHORT,-4.25,"['delta_strong_negative', 'cvd_strong_negative', 'aggressive_sellers', 'below_vwap']",70735.5,70912.33875,-45.617085873629485,LOSS,7,30.0,0.39301340910858057,1.1660340281753694,-0.9999999999999737,dynamic_structure,stop_loss,9.570563617116823,3.8852569796165355,-3.884904527581503,-2.9928352924785475,DOWN,SELL,0.27356722437569364,False,70822.21550595376,-0.0011628050080760505,NONE,0.0,70647.080625,0.5,False,50.0,False,False,70666.8
2026-04-09 08:40:00+00:00,2026-04-09 08:40:00+00:00,2026-04-09 08:45:00+00:00,2026-04-09 09:00:00+00:00,LONG,LONG,4.25,"['delta_strong_positive', 'cvd_strong_positive', 'aggressive_buyers', 'above_vwap']",71294.2,71115.9645,-45.38900044426131,LOSS,4,15.0,0.26818450869777855,1.1950481245318694,-0.999999999999973,dynamic_structure,stop_loss,9.675889115917544,4.10263056482912,3.6671780197415162,3.398095262572085,UP,BUY,1.7835897172406328,False,70875.22993446978,0.004726568434214515,NONE,0.0,71383.31775,0.5,False,50.0,False,False,71311.6
2026-04-10 01:30:00+00:00,2026-04-10 01:30:00+00:00,2026-04-10 01:35:00+00:00,2026-04-10 01:35:00+00:00,LONG,LONG,4.25,"['delta_strong_positive', 'cvd_strong_positive', 'aggressive_buyers', 'above_vwap']",72138.5,72138.5,0.0,LOSS,1,1.0,1.0673911988743874,0.0654296942686799,0.0,dynamic_structure,trailing_stop,9.675889115917544,3.209371285755466,3.1621375619565244,2.521837244310007,UP,BUY,3.0239138438880704,False,71838.51653378448,-0.00015047789432172997,NONE,0.0,72442.6,1.6862008497543244,False,50.0,True,True,72442.6
2026-04-10 07:40:00+00:00,2026-04-10 07:40:00+00:00,2026-04-10 07:45:00+00:00,2026-04-10 08:05:00+00:00,SHORT,SHORT,-4.25,"['delta_strong_negative', 'cvd_strong_negative', 'aggressive_sellers', 'below_vwap']",71633.6,71544.058,22.581027721020934,PARTIAL+TRAIL,5,20.0,1.4043688995108439,0.18259587679523065,0.5000000000000071,dynamic_structure,trailing_stop,9.675889115917544,2.880940673762875,-3.9476193881666135,-3.4943926334314486,DOWN,SELL,0.14432813211985368,False,71942.78647470321,-0.003855179715667793,NONE,0.0,71544.058,0.5,True,50.0,True,True,71618.0
2026-04-10 10:50:00+00:00,2026-04-10 10:50:00+00:00,2026-04-10 10:55:00+00:00,2026-04-10 11:05:00+00:00,LONG,LONG,4.25,"['delta_strong_positive', 'cvd_strong_positive', 'aggressive_buyers', 'above_vwap']",71860.8,71950.626,22.6374802903234,PARTIAL+TRAIL,3,10.0,1.1839556475853152,0.0005566317102276666,0.5000000000000052,dynamic_structure,trailing_stop,9.675889115917544,3.223064751132579,3.4183334816705218,2.2733324934245114,UP,BUY,2.28602099155218,False,71848.36356519927,0.0029733133988657716,NONE,0.0,71950.626,0.5,True,50.0,True,True,71910.0
2026-04-11 01:15:00+00:00,2026-04-11 01:15:00+00:00,2026-04-11 01:20:00+00:00,2026-04-11 01:30:00+00:00,SHORT,SHORT,-4.25,"['delta_strong_negative', 'cvd_strong_negative', 'aggressive_sellers', 'below_vwap']",72700.0,72881.75,-45.38814798209795,LOSS,3,10.0,0.14415405777164836,1.1609353507565336,-1.0,dynamic_structure,stop_loss,9.677585515625086,4.080757585401009,-4.094116194582062,-3.278535958083753,DOWN,SELL,0.38491178865570297,False,72771.8229606035,-0.0024963844358663794,NONE,0.0,72609.125,0.5,False,50.0,False,False,72669.1
2026-04-11 02:30:00+00:00,2026-04-11 02:30:00+00:00,2026-04-11 02:35:00+00:00,2026-04-11 03:55:00+00:00,LONG,LONG,4.25,"['delta_strong_positive', 'cvd_strong_positive', 'aggressive_buyers', 'above_vwap']",73000.1,72817.59975000001,-45.16120724218679,LOSS,17,80.0,0.2652051161573432,1.2641078573865603,-0.9999999999999852,dynamic_structure,stop_loss,10.129197588046955,2.419366473674962,2.3947027290977245,1.8277732979919028,UP,BUY,2.5145560566916263,False,72845.7993693287,0.0022258843849161077,NONE,0.0,73091.35012500001,0.5,False,50.0,False,False,73066.2
2026-04-11 04:10:00+00:00,2026-04-11 04:10:00+00:00,2026-04-11 04:15:00+00:00,2026-04-11 04:20:00+00:00,SHORT,SHORT,-4.25,"['delta_strong_negative', 'cvd_strong_negative', 'aggressive_sellers', 'below_vwap']",72796.1,72705.104875,22.467700602988575,PARTIAL+TRAIL,2,5.0,0.6373967836189025,0.036815159053834416,0.500000000000007,dynamic_structure,trailing_stop,10.129197588046955,1.8621079506615204,-2.6479018458405963,-1.8875940684857941,DOWN,SELL,0.2535610351631816,False,72867.50475522963,-0.0010177476479271109,NONE,0.0,72705.104875,0.5,True,50.0,False,True,72774.0
2026-04-11 06:00:00+00:00,2026-04-11 06:00:00+00:00,2026-04-11 06:05:00+00:00,2026-04-11 09:20:00+00:00,SHORT,SHORT,-4.25,"['delta_strong_negative', 'cvd_strong_negative', 'aggressive_sellers', 'below_vwap']",72643.5,72825.10875,-45.047739708991315,LOSS,40,195.0,0.3496527562686269,1.2367245520934746,-0.9999999999999967,dynamic_structure,stop_loss,10.354997979106976,2.268362235821353,-2.6783034529791268,-1.5558660989593278,DOWN,SELL,0.4799872556625961,False,72812.4095169809,-0.0023970091965898757,NONE,0.0,72552.695625,0.5,False,50.0,False,False,72633.5
2026-04-11 12:00:00+00:00,2026-04-11 12:00:00+00:00,2026-04-11 12:05:00+00:00,2026-04-11 13:10:00+00:00,LONG,LONG,4.25,"['delta_strong_positive', 'cvd_strong_positive', 'aggressive_buyers', 'above_vwap']",72881.3,72699.09675,-44.82250101044798,LOSS,14,65.0,0.34960957063058473,2.3567087853812088,-1.0000000000000326,dynamic_structure,stop_loss,10.803222989211463,2.997692522882648,2.1148141185706395,2.504961050843206,UP,BUY,2.0781743362932734,False,72779.22347479852,0.0016529082844996617,NONE,0.0,72972.401625,0.5,False,50.0,False,False,72886.0
2026-04-12 01:30:00+00:00,2026-04-12 01:30:00+00:00,2026-04-12 01:35:00+00:00,2026-04-12 01:35:00+00:00,SHORT,SHORT,-4.25,"['delta_strong_negative', 'cvd_strong_negative', 'aggressive_sellers', 'below_vwap']",72557.4,72557.4,0.0,LOSS,1,1.0,3.4422402125764937,0.09757791762114763,0.0,dynamic_structure,trailing_stop,10.803222989211463,4.080941480965302,-3.9402371891521137,-3.3969917081437355,DOWN,SELL,0.37884129453694815,False,72886.6966001056,-0.007009301032780829,NONE,0.0,72376.00649999999,1.0000000000000309,False,50.0,True,True,72376.00649999999
2026-04-12 12:50:00+00:00,2026-04-12 12:50:00+00:00,2026-04-12 12:55:00+00:00,2026-04-12 13:05:00+00:00,SHORT,SHORT,-4.75,"['delta_strong_negative', 'cvd_strong_negative', 'aggressive_sellers', 'big_trade_sell', 'below_vwap']",71117.4,71000.0,29.44905640832217,PARTIAL+TRAIL,3,10.0,1.2880110915190939,0.40777643727132884,0.6603166032503673,dynamic_structure,trailing_stop,10.803222989211463,4.200329186458657,-4.144979362299941,-3.6649218137834647,DOWN,SELL,0.452306536388772,True,71737.2403173161,-0.0034082798887225653,NONE,0.0,71000.0,0.6603166032503673,True,50.0,True,True,71000.0
2026-04-13 05:35:00+00:00,2026-04-13 05:35:00+00:00,2026-04-13 05:40:00+00:00,2026-04-13 05:55:00+00:00,SHORT,SHORT,-4.25,"['delta_strong_negative', 'cvd_strong_negative', 'aggressive_sellers', 'below_vwap']",70674.0,70850.685,-44.74563378743529,LOSS,4,15.0,0.0005659790022119635,1.082151852166268,-0.9999999999999868,dynamic_structure,stop_loss,10.956188763002592,3.15642421264718,-3.320326773879638,-1.5690322234593732,DOWN,SELL,0.42558290601655463,False,70984.20009987996,-0.00437781803805056,NONE,0.0,70585.6575,0.5,False,50.0,False,False,70627.9
2026-04-13 07:20:00+00:00,2026-04-13 07:20:00+00:00,2026-04-13 07:25:00+00:00,2026-04-13 08:45:00+00:00,SHORT,SHORT,-3.5,"['delta_strong_negative', 'cvd_strong_negative', 'below_vwap']",70677.3,70588.953375,22.260952809250764,PARTIAL+TRAIL,17,80.0,0.90552412160623,0.8811881608380461,0.5000000000000316,dynamic_structure,trailing_stop,10.956188763002592,3.729696630905014,-2.1973186800321844,-1.7161206649464613,DOWN,SELL,0.7219841495211298,False,70964.51849326982,-0.0029722138210685613,NONE,0.0,70588.953375,0.5,True,50.0,False,True,70627.9
2026-04-13 11:40:00+00:00,2026-04-13 11:40:00+00:00,2026-04-13 11:45:00+00:00,2026-04-13 12:10:00+00:00,LONG,LONG,4.25,"['delta_strong_positive', 'cvd_strong_positive', 'aggressive_buyers', 'above_vwap']",70898.5,70987.123125,22.31660519127204,PARTIAL+TRAIL,6,25.0,0.8457160588728629,0.5551598411813744,0.4999999999999901,dynamic_structure,trailing_stop,10.956188763002592,2.5536855299142234,2.9301716805108677,2.616384774879707,UP,BUY,2.31393475916355,False,70883.37129166648,0.002410083580925626,NONE,0.0,70987.123125,0.5,True,50.0,False,True,70920.5
2026-04-13 12:50:00+00:00,2026-04-13 12:50:00+00:00,2026-04-13 12:55:00+00:00,2026-04-13 13:35:00+00:00,LONG,LONG,4.25,"['delta_strong_positive', 'cvd_strong_positive', 'aggressive_buyers', 'above_vwap']",71172.5,70994.56875,-44.74479340849985,LOSS,9,40.0,0.3484491903473954,2.2059081808282692,-0.9999999999999672,dynamic_structure,stop_loss,10.957861117082357,3.1865980547157555,2.8263723706688877,2.1580897049497234,UP,BUY,2.4709174450135585,False,70888.7671479481,0.0047855678613352125,NONE,0.0,71261.465625,0.5,False,50.0,False,False,71187.5
2026-04-14 06:50:00+00:00,2026-04-14 06:50:00+00:00,2026-04-14 06:55:00+00:00,2026-04-14 07:05:00+00:00,LONG,LONG,4.25,"['delta_strong_positive', 'cvd_strong_positive', 'aggressive_buyers', 'above_vwap']",74464.8,74557.88100000001,22.260534720730746,PARTIAL+TRAIL,3,10.0,2.337748842406061,0.37171925527227406,0.50000000000003,dynamic_structure,trailing_stop,10.957861117082357,0.8865254587492236,2.311922812849809,2.6163351569118527,UP,BUY,2.5299983714759215,False,74302.15511186935,0.0018051988733088758,NONE,0.0,74557.88100000001,0.5,True,50.0,True,True,74476.1
2026-04-15 00:00:00+00:00,2026-04-15 00:00:00+00:00,2026-04-15 00:05:00+00:00,2026-04-15 00:10:00+00:00,LONG,LONG,4.25,"['delta_strong_positive', 'cvd_strong_positive', 'aggressive_buyers', 'above_vwap']",74502.6,74595.72825,22.31618605752987,PARTIAL+TRAIL,2,5.0,0.7108476751146626,0.42307248337643466,0.49999999999996936,dynamic_structure,trailing_stop,10.957861117082357,3.4589119036757587,3.456047347770075,2.803832613117072,UP,BUY,2.035433915623232,False,74392.09999999999,0.005055031717790748,NONE,0.0,74595.72825,0.5,True,50.0,False,True,74588.6
2026-04-15 02:25:00+00:00,2026-04-15 02:25:00+00:00,2026-04-15 02:30:00+00:00,2026-04-15 03:20:00+00:00,SHORT,SHORT,-4.25,"['delta_strong_negative', 'cvd_strong_negative', 'aggressive_sellers', 'below_vwap']",74311.4,74243.8,16.28116938109242,LOSS,11,50.0,1.0108812376027816,0.054904092777213954,0.36387418350342626,dynamic_structure,trailing_stop,10.957861117082357,1.775902818193273,-2.2073204409256877,-2.5384390746005443,DOWN,SELL,0.6479006813578049,False,74511.71596679934,-0.0005789851335088198,NONE,0.0,74010.0,1.622362114022851,False,50.0,True,True,74010.0
2026-04-15 05:35:00+00:00,2026-04-15 05:35:00+00:00,2026-04-15 05:40:00+00:00,2026-04-15 07:15:00+00:00,SHORT,SHORT,-4.25,"['delta_strong_negative', 'cvd_strong_negative', 'aggressive_sellers', 'below_vwap']",73850.1,73850.1,0.0,LOSS,20,95.0,1.6254548064254797,0.8969520691237588,0.0,dynamic_structure,trailing_stop,10.957861117082357,2.157129939032982,-2.2199906248677466,-1.8924965652800716,DOWN,SELL,0.5430780489113153,False,74351.71243815617,-0.00520427587596022,NONE,0.0,73757.787375,0.5,False,50.0,True,True,73849.7
2026-04-15 07:45:00+00:00,2026-04-15 07:45:00+00:00,2026-04-15 07:50:00+00:00,2026-04-15 09:00:00+00:00,LONG,LONG,3.75,"['delta_strong_positive', 'cvd_strong_positive', 'aggressive_buyers']",73659.5,73991.7,80.23099961790331,PARTIAL+TRAIL,15,70.0,2.6869582334933195,0.18083207189841316,1.7898573843156607,dynamic_structure,trailing_stop,10.957861117082357,2.553458209952108,2.260805090468764,1.6080447124510264,UP,BUY,1.6128597838260892,False,74146.80636321212,-0.0031989048418481175,NONE,0.0,73986.5,1.775738363686965,True,50.0,True,True,73986.5
2026-04-15 12:35:00+00:00,2026-04-15 12:35:00+00:00,2026-04-15 12:40:00+00:00,2026-04-15 13:00:00+00:00,LONG,LONG,4.25,"['delta_strong_positive', 'cvd_strong_positive', 'aggressive_buyers', 'above_vwap']",74408.0,74221.98,-45.226513890346084,LOSS,5,20.0,0.05053220083858821,1.4944629609719384,-1.0000000000000218,dynamic_structure,stop_loss,10.957861117082357,3.247540657077368,3.795193871386495,2.6590963281759223,UP,BUY,1.8753726546952556,False,74087.56509357934,0.004894301726044211,NONE,0.0,74501.01,0.5,False,50.0,False,False,74473.5
2026-04-16 02:25:00+00:00,2026-04-16 02:25:00+00:00,2026-04-16 02:30:00+00:00,2026-04-16 02:30:00+00:00,LONG,LONG,4.25,"['delta_strong_positive', 'cvd_strong_positive', 'aggressive_buyers', 'above_vwap']",74855.8,74855.8,0.0,LOSS,1,1.0,1.047347032561271,0.0,0.0,dynamic_structure,trailing_stop,10.957861117082357,2.603456958742177,3.0763438689274767,1.810557919443981,UP,BUY,2.1662744490891264,False,74634.61046909745,0.0008268694623029389,NONE,0.0,75425.6,3.0447874446602823,False,50.0,True,True,75425.6
2026-04-16 04:30:00+00:00,2026-04-16 04:30:00+00:00,2026-04-16 04:35:00+00:00,2026-04-16 04:45:00+00:00,LONG,LONG,4.75,"['delta_strong_positive', 'cvd_strong_positive', 'aggressive_buyers', 'big_trade_buy', 'above_vwap']",74915.7,75009.344625,22.50019066044688,PARTIAL+TRAIL,3,10.0,1.1442194359793896,1.2830421393646614,0.5000000000000043,dynamic_structure,trailing_stop,10.957861117082357,2.8441879241827115,3.95045590104121,2.9527619623158348,UP,BUY,5.775731752920779,True,74804.41598710342,0.0009166393792350735,NONE,0.0,75009.344625,0.5,True,50.0,True,True,74974.0
2026-04-16 06:40:00+00:00,2026-04-16 06:40:00+00:00,2026-04-16 06:45:00+00:00,2026-04-16 07:30:00+00:00,SHORT,SHORT,-3.75,"['delta_strong_negative', 'cvd_strong_negative', 'aggressive_sellers']",74907.3,74813.665875,22.55644113709704,PARTIAL+TRAIL,10,45.0,0.5366633158584009,0.7032692407815905,0.4999999999999831,dynamic_structure,trailing_stop,10.957861117082357,3.7998328836428388,-3.8035922232547894,-2.671982744803054,DOWN,SELL,0.28872161863248974,False,74857.37268772245,-0.0004050179818364564,NONE,0.0,74813.665875,0.5,True,50.0,False,True,74907.0
2026-04-16 07:45:00+00:00,2026-04-16 07:45:00+00:00,2026-04-16 07:50:00+00:00,2026-04-16 07:55:00+00:00,SHORT,SHORT,-4.25,"['delta_strong_negative', 'cvd_strong_negative', 'aggressive_sellers', 'below_vwap']",74726.8,74633.3915,22.612832239941756,PARTIAL+TRAIL,2,5.0,0.7306615564964645,0.017129062130304466,0.5000000000000268,dynamic_structure,trailing_stop,10.957861117082357,3.0683164150983555,-2.72653293070146,-1.9954690243919266,DOWN,SELL,0.3697707455667679,False,74855.8165612361,-0.0024899953200124363,NONE,0.0,74633.3915,0.5,True,50.0,False,True,74675.4
2026-04-16 10:05:00+00:00,2026-04-16 10:05:00+00:00,2026-04-16 10:10:00+00:00,2026-04-16 10:15:00+00:00,SHORT,SHORT,-4.25,"['delta_strong_negative', 'cvd_strong_negative', 'aggressive_sellers', 'below_vwap']",74516.0,74422.855,22.66936432054139,PARTIAL+TRAIL,2,5.0,1.3870846529604068,0.0005367974663472048,0.5000000000000219,dynamic_structure,trailing_stop,10.957861117082357,3.993317201470308,-3.427001456468352,-2.0706749680832823,DOWN,SELL,0.553688503885376,False,74794.12196849883,-0.0024433733914586806,NONE,0.0,74422.855,0.5,True,50.0,True,True,74514.1
2026-04-17 00:20:00+00:00,2026-04-17 00:20:00+00:00,2026-04-17 00:25:00+00:00,2026-04-17 00:30:00+00:00,SHORT,SHORT,-4.75,"['delta_strong_negative', 'cvd_strong_negative', 'aggressive_sellers', 'big_trade_sell', 'below_vwap']",74870.2,75057.3755,-45.45207546268292,LOSS,2,5.0,0.11646823435761043,1.094160293414485,-0.999999999999987,dynamic_structure,stop_loss,10.957861117082357,2.4215301058381886,-3.1462584315078352,-3.3482957537089373,DOWN,SELL,0.25398831898948326,True,74955.79416121845,-0.0015215697925283417,NONE,0.0,74776.61224999999,0.5,False,50.0,False,False,74863.6
2026-04-17 01:55:00+00:00,2026-04-17 01:55:00+00:00,2026-04-17 02:00:00+00:00,2026-04-17 02:30:00+00:00,LONG,LONG,3.75,"['delta_strong_positive', 'cvd_strong_positive', 'aggressive_buyers']",74707.7,74520.93075,-45.2248150853695,LOSS,7,30.0,0.33356668723573557,1.2191514395436995,-0.999999999999987,dynamic_structure,stop_loss,10.957861117082357,0.7493617142599506,2.3074160031898368,1.639098989978905,UP,BUY,2.201605686115264,False,74799.77597665461,-0.002141461436293228,NONE,0.0,74801.084625,0.5,False,50.0,False,False,74789.6
2026-04-17 07:05:00+00:00,2026-04-17 07:05:00+00:00,2026-04-17 07:10:00+00:00,2026-04-17 09:30:00+00:00,LONG,LONG,4.25,"['delta_strong_positive', 'cvd_strong_positive', 'aggressive_buyers', 'above_vwap']",75049.9,75688.0,87.76853482543936,PARTIAL+TRAIL,29,140.0,6.9292564014076286,0.812259576628319,1.9504686215437994,dynamic_structure,trailing_stop,10.957861117082357,2.764143125263527,2.7585446906336997,2.8139939583798297,UP,BUY,2.072008841963886,False,74738.86239006225,0.004296219303645589,NONE,0.0,75143.71237499999,0.5,True,50.0,True,True,75060.4
2026-04-17 10:25:00+00:00,2026-04-17 10:25:00+00:00,2026-04-17 10:30:00+00:00,2026-04-17 11:15:00+00:00,SHORT,SHORT,-4.25,"['delta_strong_negative', 'cvd_strong_negative', 'aggressive_sellers', 'below_vwap']",75186.7,75374.66675,-45.4375336840721,LOSS,10,45.0,0.8325940625137159,1.3316184910363291,-1.0000000000000366,dynamic_structure,stop_loss,10.957861117082357,1.8893082790871059,-2.325266816656536,-1.830705166223221,DOWN,SELL,0.48689199386833754,False,75321.394328888,-0.0048862331734877,NONE,0.0,74951.6,1.2507531252202386,False,50.0,False,False,74951.6
2026-04-17 12:45:00+00:00,2026-04-17 12:45:00+00:00,2026-04-17 12:50:00+00:00,2026-04-17 13:00:00+00:00,LONG,LONG,3.5,"['delta_strong_positive', 'cvd_strong_positive', 'above_vwap']",76100.0,76100.0,0.0,LOSS,3,10.0,2.049934296977661,0.8630749014454512,0.0,dynamic_structure,trailing_stop,10.957861117082357,3.606405885053545,2.178429628572721,1.791834713428534,UP,BUY,1.261470140522588,False,75362.90978190812,0.005901027625653526,NONE,0.0,76350.0,1.314060446780552,False,50.0,True,True,76350.0
2026-04-18 03:50:00+00:00,2026-04-18 03:50:00+00:00,2026-04-18 03:55:00+00:00,2026-04-18 04:35:00+00:00,SHORT,SHORT,-4.25,"['delta_strong_negative', 'cvd_strong_negative', 'aggressive_sellers', 'below_vwap']",76960.0,76863.8,22.60517300782436,PARTIAL+TRAIL,9,40.0,0.7063409563409261,0.4911642411642411,0.4999999999999849,dynamic_structure,trailing_stop,10.957861117082357,2.679177312120997,-3.2789284091502546,-1.9420272177546734,DOWN,SELL,0.30841536587818585,False,77160.35328412012,-0.002569082271615505,NONE,0.0,76863.8,0.5,True,50.0,False,True,76931.0
2026-04-18 07:35:00+00:00,2026-04-18 07:35:00+00:00,2026-04-18 07:40:00+00:00,2026-04-18 07:55:00+00:00,SHORT,SHORT,-4.25,"['delta_strong_negative', 'cvd_strong_negative', 'aggressive_sellers', 'below_vwap']",76987.5,76891.265625,22.661685940344604,PARTIAL+TRAIL,4,15.0,0.8349407371326363,0.0462412729338876,0.5,dynamic_structure,trailing_stop,10.957861117082357,2.7943361004208986,-2.1928764751554386,-1.7249530220538545,DOWN,SELL,0.5456291370620029,False,77098.26518566746,-0.000663984073979537,NONE,0.0,76891.265625,0.5,True,50.0,False,True,76903.2
2026-04-18 08:10:00+00:00,2026-04-18 08:10:00+00:00,2026-04-18 08:15:00+00:00,2026-04-18 08:20:00+00:00,SHORT,SHORT,-4.25,"['delta_strong_negative', 'cvd_strong_negative', 'aggressive_sellers', 'below_vwap']",76761.6,76665.648,22.718340155196593,PARTIAL+TRAIL,2,5.0,0.9218150742038139,0.30431882607967614,0.5000000000000248,dynamic_structure,trailing_stop,10.957861117082357,3.157154425224747,-3.8525993859784653,-3.153600515048259,DOWN,SELL,0.23251516620100895,False,77064.44730063065,-0.0030821959587799016,NONE,0.0,76665.648,0.5,True,50.0,False,True,76744.0
2026-04-19 00:20:00+00:00,2026-04-19 00:20:00+00:00,2026-04-19 00:25:00+00:00,2026-04-19 01:00:00+00:00,SHORT,SHORT,-3.5,"['delta_strong_negative', 'cvd_strong_negative', 'below_vwap']",75553.3,75742.18325,-45.55027201116666,LOSS,8,35.0,0.2498898128870458,1.0821499524176663,-0.9999999999999943,dynamic_structure,stop_loss,10.957861117082357,3.753450044295525,-2.7817100807325326,-2.01926468936553,DOWN,SELL,0.6998844297800637,False,75640.14603858885,-0.0019485329365054632,NONE,0.0,75458.858375,0.5,False,50.0,False,False,75551.0
2026-04-19 01:30:00+00:00,2026-04-19 01:30:00+00:00,2026-04-19 01:35:00+00:00,2026-04-19 02:30:00+00:00,SHORT,SHORT,-4.25,"['delta_strong_negative', 'cvd_strong_negative', 'aggressive_sellers', 'below_vwap']",75490.0,75395.6375,22.661260325556242,PARTIAL+TRAIL,12,55.0,0.7259239634388661,0.84779440985561,0.5000000000000154,dynamic_structure,trailing_stop,10.957861117082357,2.1449904308553895,-2.6153814230173156,-2.1469400775119114,DOWN,SELL,0.5083992935173677,False,75588.02756686274,-0.0021606322355919145,NONE,0.0,75395.6375,0.5,True,50.0,False,True,75408.5
2026-04-19 06:15:00+00:00,2026-04-19 06:15:00+00:00,2026-04-19 06:20:00+00:00,2026-04-19 07:10:00+00:00,SHORT,SHORT,-4.25,"['delta_strong_negative', 'cvd_strong_negative', 'aggressive_sellers', 'below_vwap']",75336.7,75242.529125,22.717913476368505,PARTIAL+TRAIL,11,50.0,0.8957121827741172,0.5797970975633235,0.49999999999997957,dynamic_structure,trailing_stop,10.957861117082357,2.6707532760387607,-2.785042321459349,-1.930345556508913,DOWN,SELL,0.5907037182742629,False,75521.79703994724,-0.0021286479446510896,NONE,0.0,75242.529125,0.5,True,50.0,False,True,75314.0
2026-04-19 11:05:00+00:00,2026-04-19 11:05:00+00:00,2026-04-19 11:10:00+00:00,2026-04-19 11:20:00+00:00,LONG,LONG,4.75,"['delta_strong_positive', 'cvd_strong_positive', 'aggressive_buyers', 'big_trade_buy', 'above_vwap']",75395.7,75489.944625,22.774708260061953,PARTIAL+TRAIL,3,10.0,0.6254998627243131,0.6636983276234123,0.5000000000000352,dynamic_structure,trailing_stop,10.957861117082357,3.489322246605698,3.7109376127049702,3.126431962129551,UP,BUY,2.5131490958236844,True,75311.8631070382,0.004245116095552323,NONE,0.0,75489.944625,0.5,True,50.0,False,True,75400.0
2026-04-20 00:00:00+00:00,2026-04-20 00:00:00+00:00,2026-04-20 00:05:00+00:00,2026-04-20 00:05:00+00:00,LONG,LONG,4.25,"['delta_strong_positive', 'cvd_strong_positive', 'aggressive_buyers', 'above_vwap']",74029.1,73844.02725,-45.66329006142265,LOSS,1,1.0,0.29826108922030437,1.408094924833644,-1.0000000000000357,dynamic_structure,stop_loss,10.957861117082357,3.9507495662113907,3.5243542496267986,2.949761170391782,UP,BUY,1.8550492621415933,False,73966.03333333334,-0.0012189812214546524,NONE,0.0,74143.1,0.6159739886071828,False,50.0,False,False,74143.1
2026-04-20 01:30:00+00:00,2026-04-20 01:30:00+00:00,2026-04-20 01:35:00+00:00,2026-04-20 01:45:00+00:00,LONG,LONG,4.25,"['delta_strong_positive', 'cvd_strong_positive', 'aggressive_buyers', 'above_vwap']",74560.0,74653.2,22.71748680555624,PARTIAL+TRAIL,3,10.0,0.7381974248927351,0.3519313304721342,0.49999999999998435,dynamic_structure,trailing_stop,10.957861117082357,1.640481320174924,2.4754974111790253,1.5264077330239783,UP,BUY,2.2018217804538662,False,74141.55678225879,0.006847348569628786,NONE,0.0,74653.2,0.5,True,50.0,False,True,74580.0
2026-04-20 03:45:00+00:00,2026-04-20 03:45:00+00:00,2026-04-20 03:50:00+00:00,2026-04-20 05:05:00+00:00,LONG,LONG,4.25,"['delta_strong_positive', 'cvd_strong_positive', 'aggressive_buyers', 'above_vwap']",74555.2,74368.81199999999,-45.54856104514322,LOSS,16,75.0,0.24035882138336648,1.4764899027834253,-1.0000000000000338,dynamic_structure,stop_loss,10.957861117082357,2.1228846292814274,2.5202510257575232,1.7817875864535704,UP,BUY,2.759754681876249,False,74278.21085080851,0.00392592792462296,NONE,0.0,74648.394,0.5,False,50.0,False,False,74556.3
2026-04-20 06:40:00+00:00,2026-04-20 06:40:00+00:00,2026-04-20 06:45:00+00:00,2026-04-20 07:35:00+00:00,LONG,LONG,4.25,"['delta_strong_positive', 'cvd_strong_positive', 'aggressive_buyers', 'above_vwap']",74740.0,74860.8,29.203246005276682,PARTIAL+TRAIL,11,50.0,4.277762911426294,0.6845062884666534,0.6443671394166521,dynamic_structure,trailing_stop,10.957861117082357,3.691732395898878,3.0985859798591195,2.4362552303649063,UP,BUY,1.71022560940707,False,74318.38860229962,0.004377851931780082,NONE,0.0,74860.0,0.6422263848006422,True,50.0,True,True,74860.0
2026-04-20 12:20:00+00:00,2026-04-20 12:20:00+00:00,2026-04-20 12:25:00+00:00,2026-04-20 12:35:00+00:00,LONG,LONG,4.25,"['delta_strong_positive', 'cvd_strong_positive', 'aggressive_buyers', 'above_vwap']",75472.6,75283.9185,-45.46683446994379,LOSS,3,10.0,0.14521826464170667,1.7139995177058094,-1.000000000000032,dynamic_structure,stop_loss,10.957861117082357,3.9201514901091405,3.7246466952110233,3.4166091648508736,UP,BUY,1.899926524854727,False,74710.43487681728,0.005051678763567336,NONE,0.0,75633.0,0.8501098411873669,False,50.0,False,False,75633.0
2026-04-21 01:05:00+00:00,2026-04-21 01:05:00+00:00,2026-04-21 01:10:00+00:00,2026-04-21 01:50:00+00:00,LONG,LONG,4.25,"['delta_strong_positive', 'cvd_strong_positive', 'aggressive_buyers', 'above_vwap']",76125.7,75935.38575,-45.239500297591626,LOSS,9,40.0,0.3399640331714367,1.7187362480738635,-0.999999999999978,dynamic_structure,stop_loss,10.957861117082357,2.4871925078798616,2.206467845389472,2.3775934853846588,UP,BUY,1.6297912188477661,False,75917.43593342061,0.0033415872682233567,NONE,0.0,76232.3,0.5601262123041539,False,50.0,False,False,76232.3
2026-04-21 05:25:00+00:00,2026-04-21 05:25:00+00:00,2026-04-21 05:30:00+00:00,2026-04-21 06:30:00+00:00,SHORT,SHORT,-3.75,"['delta_strong_negative', 'cvd_strong_negative', 'aggressive_sellers']",75859.6,75760.0,23.640119159564698,LOSS,13,60.0,1.0614345448697482,0.9159025357370567,0.5251807286091981,dynamic_structure,trailing_stop,10.957861117082357,3.6570853326129846,-3.7549202271862874,-3.0779004270612513,DOWN,SELL,0.24468376936753872,False,75773.54288841835,0.0020862318074497187,NONE,0.0,75558.8,1.5860879835907538,False,50.0,True,True,75558.8
2026-04-21 07:25:00+00:00,2026-04-21 07:25:00+00:00,2026-04-21 07:30:00+00:00,2026-04-21 07:55:00+00:00,LONG,LONG,4.25,"['delta_strong_positive', 'cvd_strong_positive', 'aggressive_buyers', 'above_vwap']",76139.3,76276.4,32.50636197091088,PARTIAL+TRAIL,6,25.0,0.72130949457115,0.8316335978922995,0.7202587888251731,dynamic_structure,trailing_stop,10.957861117082357,3.1223066482379283,2.6978192480980296,1.8540539818577386,UP,BUY,2.048577155862206,False,75814.56792742916,0.004122608792825109,NONE,0.0,76276.4,0.7202587888251731,True,50.0,False,True,76276.4
2026-04-21 08:45:00+00:00,2026-04-21 08:45:00+00:00,2026-04-21 08:50:00+00:00,2026-04-21 08:55:00+00:00,LONG,LONG,4.75,"['delta_strong_positive', 'cvd_strong_positive', 'aggressive_buyers', 'big_trade_buy', 'above_vwap']",76618.8,76427.253,-45.29403520175844,LOSS,2,5.0,0.03027977467672639,1.1213957931995953,-1.0000000000000309,dynamic_structure,stop_loss,10.957861117082357,4.132529707297429,4.058304952868385,3.7066256175016505,UP,BUY,2.1859868788171997,True,75996.43401190985,0.005763389612266294,NONE,0.0,76999.0,1.984891436566467,False,50.0,False,False,76999.0
2026-04-21 10:45:00+00:00,2026-04-21 10:45:00+00:00,2026-04-21 10:50:00+00:00,2026-04-21 11:10:00+00:00,LONG,LONG,4.25,"['delta_strong_positive', 'cvd_strong_positive', 'aggressive_buyers', 'above_vwap']",76685.8,76494.0855,-45.067565025748685,LOSS,5,20.0,0.8277934115572744,2.1109514408143206,-1.0000000000000095,dynamic_structure,stop_loss,10.957861117082357,2.6848123674064297,3.42540739455045,2.058915655960123,UP,BUY,2.364873173815524,False,76089.0331104055,0.004268264853983592,NONE,0.0,76999.0,1.6336792470052972,False,50.0,False,False,76999.0
2026-04-21 12:40:00+00:00,2026-04-21 12:40:00+00:00,2026-04-21 12:45:00+00:00,2026-04-21 12:55:00+00:00,SHORT,SHORT,-4.25,"['delta_strong_negative', 'cvd_strong_negative', 'aggressive_sellers', 'below_vwap']",75783.4,75972.85849999999,-44.84222720061794,LOSS,3,10.0,0.49562305201399875,1.2752133052885242,-0.999999999999965,dynamic_structure,stop_loss,10.957861117082357,3.8930272445680543,-3.601821899998926,-3.309404550485881,DOWN,SELL,0.6349615043962865,False,76143.7305439589,-0.007716545706681186,NONE,0.0,75631.2,0.8033421567256,False,50.0,False,False,75631.2
2026-04-22 02:10:00+00:00,2026-04-22 02:10:00+00:00,2026-04-22 02:15:00+00:00,2026-04-22 02:15:00+00:00,LONG,LONG,4.25,"['delta_strong_positive', 'cvd_strong_positive', 'aggressive_buyers', 'above_vwap']",76696.4,76696.4,0.0,LOSS,1,1.0,2.2999775739148123,0.0005215368647877546,0.0,dynamic_structure,trailing_stop,10.957861117082357,4.132941286347469,4.062539357128904,3.3567404156956187,UP,BUY,1.6222550121338373,False,76367.90607864442,0.006966256889689366,NONE,0.0,76850.0,0.801080624383965,False,50.0,True,True,76850.0
2026-04-22 05:15:00+00:00,2026-04-22 05:15:00+00:00,2026-04-22 05:20:00+00:00,2026-04-22 05:20:00+00:00,LONG,LONG,4.25,"['delta_strong_positive', 'cvd_strong_positive', 'aggressive_buyers', 'above_vwap']",77893.5,77893.5,0.0,LOSS,1,1.0,2.8449100374228915,0.2470039220217647,0.0,dynamic_structure,trailing_stop,10.957861117082357,4.214369355786169,4.160008179545019,3.969346379118327,UP,BUY,1.9039109897539004,False,77124.46274290851,0.008261272142365573,NONE,0.0,77992.2,0.506845885728576,False,50.0,True,True,77992.2
2026-04-22 07:20:00+00:00,2026-04-22 07:20:00+00:00,2026-04-22 07:25:00+00:00,2026-04-22 07:45:00+00:00,SHORT,SHORT,-3.75,"['delta_strong_negative', 'cvd_strong_negative', 'aggressive_sellers']",77845.6,78040.214,-44.61801606461673,LOSS,5,20.0,0.2682232521813006,1.2044354465762697,-1.000000000000007,dynamic_structure,stop_loss,11.210148031413318,1.1017813946169464,-2.092944367612681,-2.017295255978548,DOWN,SELL,0.4943263130613119,False,77475.05245476044,-0.001126725830329887,NONE,0.0,77405.1,2.2634548388091296,False,50.0,False,False,77405.1
2026-04-22 08:00:00+00:00,2026-04-22 08:00:00+00:00,2026-04-22 08:05:00+00:00,2026-04-22 08:15:00+00:00,LONG,LONG,4.25,"['delta_strong_positive', 'cvd_strong_positive', 'aggressive_buyers', 'above_vwap']",78022.7,78120.22837499999,22.1974629921454,PARTIAL+TRAIL,3,10.0,0.6039268059167545,0.036912334487256095,0.49999999999997136,dynamic_structure,trailing_stop,11.210148031413318,1.4796830754167138,2.2833633802325104,1.7343693400156819,UP,BUY,2.374836193366932,False,77494.89758660134,0.000599285752689629,NONE,0.0,78120.22837499999,0.5,True,50.0,False,True,78080.0
2026-04-22 11:00:00+00:00,2026-04-22 11:00:00+00:00,2026-04-22 11:05:00+00:00,2026-04-22 11:35:00+00:00,LONG,LONG,4.25,"['delta_strong_positive', 'cvd_strong_positive', 'aggressive_buyers', 'above_vwap']",78186.1,78283.83262500001,22.252956649627983,PARTIAL+TRAIL,7,30.0,0.9193449986634303,0.6732654525548956,0.5000000000000213,dynamic_structure,trailing_stop,11.210148031413318,3.6645109805929255,3.332503627575439,1.6133913395943067,UP,BUY,1.9256023866846932,False,77560.87933683474,0.002291174791922916,NONE,0.0,78283.83262500001,0.5,True,50.0,False,True,78254.4
2026-04-23 00:10:00+00:00,2026-04-23 00:10:00+00:00,2026-04-23 00:15:00+00:00,2026-04-23 00:15:00+00:00,SHORT,SHORT,-4.25,"['delta_strong_negative', 'cvd_strong_negative', 'aggressive_sellers', 'below_vwap']",77839.1,77839.1,0.0,LOSS,1,1.0,1.6048489769280625,2.861800817326994,0.0,dynamic_structure,trailing_stop,11.210148031413318,3.797116564423778,-3.520474688403825,-2.259052777679709,DOWN,SELL,0.608236754271553,False,78018.37131243516,-0.006928428979102962,NONE,0.0,77741.80112500001,0.5,False,50.0,True,True,77839.0
2026-04-23 06:20:00+00:00,2026-04-23 06:20:00+00:00,2026-04-23 06:25:00+00:00,2026-04-23 06:45:00+00:00,LONG,LONG,4.25,"['delta_strong_positive', 'cvd_strong_positive', 'aggressive_buyers', 'above_vwap']",78262.6,78066.94350000001,-44.617178082501596,LOSS,5,20.0,0.1911513289872515,1.073820701075639,-0.9999999999999861,dynamic_structure,stop_loss,11.211815615820598,2.2873106006763226,3.6045262007683068,2.727364943224447,UP,BUY,3.51259993189226,False,77991.40173431335,0.005367528443176226,NONE,0.0,78360.42825000001,0.5,False,50.0,False,False,78310.1
2026-04-23 10:05:00+00:00,2026-04-23 10:05:00+00:00,2026-04-23 10:10:00+00:00,2026-04-23 11:00:00+00:00,SHORT,SHORT,-4.75,"['delta_strong_negative', 'cvd_strong_negative', 'aggressive_sellers', 'big_trade_sell', 'below_vwap']",77263.3,77456.45825,-44.394092192088124,LOSS,11,50.0,0.758963181743497,1.0183360016980745,-0.9999999999999645,dynamic_structure,stop_loss,11.655756537741473,4.1828054934910455,-4.195155137074735,-4.086343870020746,DOWN,SELL,0.39262073175236734,True,77825.04618989697,-0.004660854897033351,NONE,0.0,76504.6,3.927867435121187,False,50.0,False,False,76504.6
2026-04-23 12:10:00+00:00,2026-04-23 12:10:00+00:00,2026-04-23 12:15:00+00:00,2026-04-23 12:45:00+00:00,SHORT,SHORT,-4.25,"['delta_strong_negative', 'cvd_strong_negative', 'aggressive_sellers', 'below_vwap']",77669.6,77669.6,0.0,LOSS,7,30.0,1.077384201798447,0.8209132015614561,0.0,dynamic_structure,trailing_stop,11.655756537741473,2.032925511829222,-3.3121240304824227,-1.577631554399044,DOWN,SELL,0.3918170526577567,False,77753.26738228253,0.003152641270591819,NONE,0.0,77500.0,0.8734434064293151,False,50.0,True,True,77500.0
2026-04-24 01:00:00+00:00,2026-04-24 01:00:00+00:00,2026-04-24 01:05:00+00:00,2026-04-24 01:05:00+00:00,SHORT,SHORT,-4.25,"['delta_strong_negative', 'cvd_strong_negative', 'aggressive_sellers', 'below_vwap']",78199.5,78199.5,0.0,LOSS,1,1.0,1.0025639550125,0.000511512221974927,0.0,dynamic_structure,trailing_stop,11.655756537741473,2.4447968721081947,-2.732207874896952,-3.117424163328789,DOWN,SELL,0.4300925059166343,False,78313.56171183487,0.0006169999430108588,NONE,0.0,78101.750625,0.5,False,50.0,True,True,78120.0
2026-04-24 03:20:00+00:00,2026-04-24 03:20:00+00:00,2026-04-24 03:25:00+00:00,2026-04-24 03:35:00+00:00,SHORT,SHORT,-4.25,"['delta_strong_negative', 'cvd_strong_negative', 'aggressive_sellers', 'below_vwap']",77655.4,77558.33075,22.08606086556474,PARTIAL+TRAIL,3,10.0,0.8004594657937204,0.86278610373522,0.5000000000000024,dynamic_structure,trailing_stop,11.655756537741473,3.159829891223744,-3.0293261176851796,-1.767144673894581,DOWN,SELL,0.2789050499392015,False,78159.32718711685,-0.006467325224327219,NONE,0.0,77558.33075,0.5,True,50.0,False,True,77591.4
2026-04-24 05:55:00+00:00,2026-04-24 05:55:00+00:00,2026-04-24 06:00:00+00:00,2026-04-24 06:35:00+00:00,LONG,LONG,3.75,"['delta_strong_positive', 'cvd_strong_positive', 'aggressive_buyers']",77911.1,77716.32225000001,-44.28255203545568,LOSS,8,35.0,0.17404451997209217,1.0632631293872417,-0.9999999999999682,dynamic_structure,stop_loss,11.877721449440395,4.134765582317112,4.062922279803668,3.9153304183668314,UP,BUY,2.4848456184941767,False,77941.6632111786,0.0008273689894577961,NONE,0.0,78134.0,1.1443812242414453,False,50.0,False,False,78134.0
2026-04-24 08:20:00+00:00,2026-04-24 08:20:00+00:00,2026-04-24 08:25:00+00:00,2026-04-24 09:00:00+00:00,LONG,LONG,3.75,"['delta_strong_positive', 'cvd_strong_positive', 'aggressive_buyers']",77875.2,77680.512,-44.06113927527859,LOSS,8,35.0,0.02465483234715499,1.2070595003287312,-0.9999999999999726,dynamic_structure,stop_loss,12.318332842193175,3.4356413851948377,2.9833336727555175,2.6660547519174296,UP,BUY,1.7448887818498604,False,77895.88570131402,0.002003077791725073,NONE,0.0,77972.544,0.5,False,50.0,False,False,77875.9
2026-04-24 11:05:00+00:00,2026-04-24 11:05:00+00:00,2026-04-24 11:10:00+00:00,2026-04-24 11:20:00+00:00,LONG,LONG,4.25,"['delta_strong_positive', 'cvd_strong_positive', 'aggressive_buyers', 'above_vwap']",78081.1,78081.1,0.0,LOSS,3,10.0,1.0701693495608755,0.08247834623234468,0.0,dynamic_structure,trailing_stop,12.318332842193175,3.007615957452539,3.83253900538112,3.4983780828369277,UP,BUY,1.612141207580902,False,77848.48667348978,0.004759162887677561,NONE,0.0,78278.7,1.012280820838801,False,50.0,True,True,78278.7
2026-04-25 07:25:00+00:00,2026-04-25 07:25:00+00:00,2026-04-25 07:30:00+00:00,2026-04-25 08:40:00+00:00,LONG,LONG,4.25,"['delta_strong_positive', 'cvd_strong_positive', 'aggressive_buyers', 'above_vwap']",77500.2,77597.07525,21.920416789451103,PARTIAL+TRAIL,15,70.0,0.5956113661642615,0.29006376757735897,0.49999999999998623,dynamic_structure,trailing_stop,12.318332842193175,2.634664416788794,2.7260863010174767,2.77454018924568,UP,BUY,2.8603893255117265,False,77489.34084246359,-0.0002457756528113901,NONE,0.0,77597.07525,0.5,True,50.0,False,True,77511.8
2026-04-25 10:30:00+00:00,2026-04-25 10:30:00+00:00,2026-04-25 10:35:00+00:00,2026-04-25 11:20:00+00:00,LONG,LONG,4.25,"['delta_strong_positive', 'cvd_strong_positive', 'aggressive_buyers', 'above_vwap']",77822.1,77627.54475,-43.950435662851774,LOSS,10,45.0,0.0005139928117656493,1.2186769568027889,-1.000000000000025,dynamic_structure,stop_loss,12.538633030927176,1.9539503303279457,2.3185324188293874,1.647135225286744,UP,BUY,2.366389257990069,False,77541.0486606691,0.0028178055447292297,NONE,0.0,77919.37762500001,0.5,False,50.0,False,False,77847.0
2026-04-26 00:05:00+00:00,2026-04-26 00:05:00+00:00,2026-04-26 00:10:00+00:00,2026-04-26 00:35:00+00:00,SHORT,SHORT,-4.25,"['delta_strong_negative', 'cvd_strong_negative', 'aggressive_sellers', 'below_vwap']",77518.8,77421.9015,21.86534174226723,PARTIAL+TRAIL,6,25.0,0.6037245158593786,0.015996119650929935,0.4999999999999777,dynamic_structure,trailing_stop,12.538633030927176,2.0481684400554276,-2.528897612631452,-3.030300159373381,DOWN,SELL,0.25405434378423286,False,77562.79719869485,0.00036176158801119447,NONE,0.0,77421.9015,0.5,True,50.0,False,True,77516.2
2026-04-26 03:30:00+00:00,2026-04-26 03:30:00+00:00,2026-04-26 03:35:00+00:00,2026-04-26 04:45:00+00:00,SHORT,SHORT,-4.25,"['delta_strong_negative', 'cvd_strong_negative', 'aggressive_sellers', 'below_vwap']",77329.3,77522.62325,-43.840010193248034,LOSS,15,70.0,0.25501330026265806,2.3158104366650005,-1.0000000000000067,dynamic_structure,stop_loss,12.758379715436984,3.5890051952251123,-2.8510478253633385,-2.635708806907569,DOWN,SELL,0.3717933820917424,False,77481.38372401109,-0.002089948663157146,NONE,0.0,77232.63837500001,0.5,False,50.0,False,False,77300.0
2026-04-26 05:10:00+00:00,2026-04-26 05:10:00+00:00,2026-04-26 05:15:00+00:00,2026-04-26 06:15:00+00:00,LONG,LONG,4.25,"['delta_strong_positive', 'cvd_strong_positive', 'aggressive_buyers', 'above_vwap']",78089.5,77894.27625,-43.620810142282544,LOSS,13,60.0,0.3851990344412352,1.0321490085094667,-1.0000000000000238,dynamic_structure,stop_loss,13.194587816859805,3.5706270728225427,3.5815327814909335,2.1769473874673597,UP,BUY,2.117642020387857,False,77621.46020550841,0.00566484106216385,NONE,0.0,78187.111875,0.5,False,50.0,False,False,78119.6
2026-04-26 07:50:00+00:00,2026-04-26 07:50:00+00:00,2026-04-26 07:55:00+00:00,2026-04-26 08:40:00+00:00,LONG,LONG,4.25,"['delta_strong_positive', 'cvd_strong_positive', 'aggressive_buyers', 'above_vwap']",78014.7,78164.7,33.38040607083289,PARTIAL+TRAIL,10,45.0,0.8618888491528178,0.21124224024445185,0.7690858261327674,dynamic_structure,trailing_stop,13.194587816859805,2.0689131229435307,2.232010875639085,1.6183629905885983,UP,BUY,1.8803159889104162,False,77762.32980137214,0.0016659463957412286,NONE,0.0,78164.7,0.7690858261327673,True,50.0,False,True,78164.7
2026-04-26 10:40:00+00:00,2026-04-26 10:40:00+00:00,2026-04-26 10:45:00+00:00,2026-04-26 13:05:00+00:00,SHORT,SHORT,-3.75,"['delta_strong_negative', 'cvd_strong_negative', 'aggressive_sellers']",77945.7,77840.9,22.608493953904883,PARTIAL+TRAIL,29,140.0,1.1839011003814044,0.8662440647784441,0.5189051480710534,dynamic_structure,trailing_stop,13.194587816859805,1.5253875960972987,-2.6031472438891203,-1.5463826100151767,DOWN,SELL,0.1793580449601482,False,77808.79967202967,-0.0005783274535867728,NONE,0.0,77848.26787499999,0.5,True,50.0,True,True,77926.4
2026-04-27 00:25:00+00:00,2026-04-27 00:25:00+00:00,2026-04-27 00:30:00+00:00,2026-04-27 00:40:00+00:00,SHORT,SHORT,-4.25,"['delta_strong_negative', 'cvd_strong_negative', 'aggressive_sellers', 'below_vwap']",78443.3,78639.40825000001,-43.68265059169486,LOSS,3,10.0,0.4415928447681616,1.7577026973622838,-1.0000000000000244,dynamic_structure,stop_loss,13.194587816859805,1.4324797707799402,-3.033355822358123,-2.5452080652294837,DOWN,SELL,0.3174700806206062,False,78586.6290354409,0.00037944457887491165,NONE,0.0,78215.0,1.164152961438404,False,50.0,False,False,78215.0
2026-04-27 00:55:00+00:00,2026-04-27 00:55:00+00:00,2026-04-27 01:00:00+00:00,2026-04-27 01:05:00+00:00,LONG,LONG,4.25,"['delta_strong_positive', 'cvd_strong_positive', 'aggressive_buyers', 'above_vwap']",79264.1,79363.180125,21.732118669366155,PARTIAL+TRAIL,2,5.0,0.9633617236554464,0.8836282756002064,0.49999999999996536,dynamic_structure,trailing_stop,13.194587816859805,3.850703685144773,3.3635513594331203,2.460190453302938,UP,BUY,1.7123872775767903,False,78850.58906574172,0.009295728518509854,NONE,0.0,79363.180125,0.5,True,50.0,False,True,79338.0
2026-04-27 05:10:00+00:00,2026-04-27 05:10:00+00:00,2026-04-27 05:15:00+00:00,2026-04-27 05:15:00+00:00,SHORT,SHORT,-4.25,"['delta_strong_negative', 'cvd_strong_negative', 'aggressive_sellers', 'below_vwap']",78351.6,78351.6,0.0,LOSS,1,1.0,2.085471132689058,0.07555684887092724,0.0,dynamic_structure,trailing_stop,13.194587816859805,4.085892612828621,-4.184772425878673,-3.9497192303550928,DOWN,SELL,0.3348311042794165,False,78952.49225119609,-0.0074102168500318685,NONE,0.0,78253.66050000001,0.5,False,50.0,True,True,78311.0
2026-04-27 09:20:00+00:00,2026-04-27 09:20:00+00:00,2026-04-27 09:25:00+00:00,2026-04-27 09:30:00+00:00,SHORT,SHORT,-4.25,"['delta_strong_negative', 'cvd_strong_negative', 'aggressive_sellers', 'below_vwap']",77661.1,77855.25275,-43.57289793208076,LOSS,2,5.0,0.020602335017145004,1.4622507278418366,-0.999999999999968,dynamic_structure,stop_loss,13.28993311515651,-0.04166158376930307,-2.2115140705298173,-2.733181400514042,DOWN,SELL,0.3991815876431261,False,78321.56069034185,-0.00041510491742541533,NONE,0.0,77564.023625,0.5,False,50.0,False,False,77610.0
2026-04-28 02:35:00+00:00,2026-04-28 02:35:00+00:00,2026-04-28 02:40:00+00:00,2026-04-28 02:55:00+00:00,SHORT,SHORT,-4.25,"['delta_strong_negative', 'cvd_strong_negative', 'aggressive_sellers', 'below_vwap']",76669.9,76861.57475,-43.35503344242302,LOSS,4,15.0,0.1439939272125894,1.0496948606950662,-1.0000000000000293,dynamic_structure,stop_loss,13.723483449580746,3.140002023095262,-2.8146688346826956,-2.1910955344038205,DOWN,SELL,0.5546061559442873,False,77145.2149695954,-0.006303216757511038,NONE,0.0,76574.06262499999,0.5,False,50.0,False,False,76632.4
2026-04-28 05:25:00+00:00,2026-04-28 05:25:00+00:00,2026-04-28 05:30:00+00:00,2026-04-28 05:50:00+00:00,SHORT,SHORT,-3.5,"['delta_strong_negative', 'cvd_strong_negative', 'big_trade_sell']",77025.8,76929.51775,21.569129137605675,PARTIAL+TRAIL,5,20.0,1.3756429663827379,0.06283608868712182,0.50000000000002,dynamic_structure,trailing_stop,13.723483449580746,3.0369218762143007,-2.4816333182710055,-2.0949667595527313,DOWN,SELL,0.7354603758902145,True,76988.16295123586,0.00195861031575833,NONE,0.0,76929.51775,0.5,True,50.0,True,True,77003.9
2026-04-28 06:35:00+00:00,2026-04-28 06:35:00+00:00,2026-04-28 06:40:00+00:00,2026-04-28 06:40:00+00:00,SHORT,SHORT,-4.25,"['delta_strong_negative', 'cvd_strong_negative', 'aggressive_sellers', 'below_vwap']",76746.4,76746.4,0.0,LOSS,1,1.0,1.1508031647086423,0.060980058999570756,0.0,dynamic_structure,trailing_stop,13.723483449580746,1.3364251978511075,-3.4411908643416136,-2.9036022174930025,DOWN,SELL,0.24707122313113494,False,76970.94135593007,-0.0010301779967325348,NONE,0.0,76650.46699999999,0.5,False,50.0,True,True,76727.5
2026-04-28 11:15:00+00:00,2026-04-28 11:15:00+00:00,2026-04-28 11:20:00+00:00,2026-04-28 11:30:00+00:00,SHORT,SHORT,-3.5,"['delta_strong_negative', 'cvd_strong_negative', 'below_vwap']",76334.7,76239.281625,21.62305196044743,PARTIAL+TRAIL,3,10.0,0.592653144637976,0.5187680045903108,0.49999999999996764,dynamic_structure,trailing_stop,13.723483449580746,3.6588846436639244,-2.5893865630704878,-2.507881111629201,DOWN,SELL,0.6910962771405037,False,76817.40974806156,-0.003985000869772282,NONE,0.0,76239.281625,0.5,True,50.0,False,True,76269.3
2026-04-28 12:45:00+00:00,2026-04-28 12:45:00+00:00,2026-04-28 12:50:00+00:00,2026-04-28 13:05:00+00:00,LONG,LONG,3.75,"['delta_strong_positive', 'cvd_strong_positive', 'aggressive_buyers']",76367.9,76176.98025,-43.354219180700106,LOSS,4,15.0,0.09585179113215322,1.8578486510693477,-1.0000000000000049,dynamic_structure,stop_loss,13.725103830407223,1.7148320718184993,2.997213819723999,1.8520438379958335,UP,BUY,2.0021454206965896,False,76709.18089019271,-2.968840673439786e-05,NONE,0.0,76612.3,1.280119002879528,False,50.0,False,False,76612.3
2026-04-29 00:50:00+00:00,2026-04-29 00:50:00+00:00,2026-04-29 00:55:00+00:00,2026-04-29 01:05:00+00:00,LONG,LONG,4.25,"['delta_strong_positive', 'cvd_strong_positive', 'aggressive_buyers', 'above_vwap']",76498.8,76307.553,-43.13744808479707,LOSS,3,10.0,0.10980564401010211,1.2345291690850355,-1.0000000000000158,dynamic_structure,stop_loss,14.156478311255198,3.414282218636777,3.328957301895944,1.8159762307561593,UP,BUY,2.5556772986748832,False,76344.2816090444,0.0024437475534955697,NONE,0.0,76594.4235,0.5,False,50.0,False,False,76499.9
2026-04-29 01:20:00+00:00,2026-04-29 01:20:00+00:00,2026-04-29 01:25:00+00:00,2026-04-29 01:45:00+00:00,SHORT,SHORT,-4.25,"['delta_strong_negative', 'cvd_strong_negative', 'aggressive_sellers', 'below_vwap']",76202.7,76393.20675,-42.92176084437251,LOSS,5,20.0,0.335946101647317,1.9542614631765172,-1.0000000000000024,dynamic_structure,stop_loss,14.585695919698919,0.8393125216522048,-2.0074257036892,-2.932593119504228,DOWN,SELL,0.33483033350053076,False,76347.34917732236,-0.0014466601491095938,NONE,0.0,76107.446625,0.5,False,50.0,False,False,76150.0
2026-04-29 03:35:00+00:00,2026-04-29 03:35:00+00:00,2026-04-29 03:40:00+00:00,2026-04-29 03:45:00+00:00,LONG,LONG,4.75,"['delta_strong_positive', 'cvd_strong_positive', 'aggressive_buyers', 'big_trade_buy', 'above_vwap']",76961.5,77057.701875,21.35357602007501,PARTIAL+TRAIL,2,5.0,0.7136035550242805,0.28221903159373407,0.49999999999999395,dynamic_structure,trailing_stop,14.585695919698919,3.0918961341330773,2.6088651079596237,1.975802632452366,UP,BUY,1.5947522425411755,True,76560.78929056929,0.005363763476126019,NONE,0.0,77057.701875,0.5,True,50.0,False,True,77013.6
2026-04-29 06:20:00+00:00,2026-04-29 06:20:00+00:00,2026-04-29 06:25:00+00:00,2026-04-29 06:55:00+00:00,SHORT,SHORT,-3.75,"['delta_strong_negative', 'cvd_strong_negative', 'aggressive_sellers']",77105.7,76900.0,45.68701575938219,PARTIAL+TRAIL,7,30.0,1.1293587892983117,0.0,1.0671065822630341,dynamic_structure,trailing_stop,14.585695919698919,1.1177746302907139,-3.3883383758230976,-1.519962337663451,DOWN,SELL,0.2659735310564795,False,76892.5066112503,0.0007096903892293175,NONE,0.0,76900.0,1.0671065822630341,True,50.0,True,True,76900.0
2026-04-29 09:30:00+00:00,2026-04-29 09:30:00+00:00,2026-04-29 09:35:00+00:00,2026-04-29 10:35:00+00:00,LONG,LONG,4.25,"['delta_strong_positive', 'cvd_strong_positive', 'aggressive_buyers', 'above_vwap']",77182.5,77666.2,66.42963531223403,PARTIAL+TRAIL,13,60.0,3.5795679072328417,0.08188384672692857,1.5433550351439544,dynamic_structure,trailing_stop,14.585695919698919,2.965402816614828,2.889113233461424,2.7636670876771645,UP,BUY,2.1992485460565323,False,76923.23221629605,0.0016833933507815987,NONE,0.0,77294.4,0.5799242056165279,True,50.0,True,True,77294.4
2026-04-29 12:20:00+00:00,2026-04-29 12:20:00+00:00,2026-04-29 12:25:00+00:00,2026-04-29 13:25:00+00:00,SHORT,SHORT,-4.25,"['delta_strong_negative', 'cvd_strong_negative', 'aggressive_sellers', 'below_vwap']",77097.4,76921.2,39.65159634198912,PARTIAL+TRAIL,13,60.0,1.3894113160754493,0.6656515005694248,0.9141683117718475,dynamic_structure,trailing_stop,14.585695919698919,3.8401387434596974,-3.073355063499155,-2.6246553832140482,DOWN,SELL,0.6255608778974664,False,77158.98694663966,-0.005219841997236466,NONE,0.0,76921.2,0.9141683117718475,True,50.0,True,True,76921.2
2026-04-30 00:30:00+00:00,2026-04-30 00:30:00+00:00,2026-04-30 00:35:00+00:00,2026-04-30 00:35:00+00:00,LONG,LONG,4.25,"['delta_strong_positive', 'cvd_strong_positive', 'aggressive_buyers', 'above_vwap']",75905.1,75905.1,0.0,LOSS,1,1.0,1.2905588689033762,0.0,0.0,dynamic_structure,trailing_stop,14.585695919698919,2.0408702957470877,2.0364776387159202,2.083865337230473,UP,BUY,1.6916085547634478,False,75766.65057828698,0.0012962198242929864,NONE,0.0,75999.981375,0.5,False,50.0,True,True,75937.3
2026-04-30 02:30:00+00:00,2026-04-30 02:30:00+00:00,2026-04-30 02:35:00+00:00,2026-04-30 02:35:00+00:00,SHORT,SHORT,-4.25,"['delta_strong_negative', 'cvd_strong_negative', 'aggressive_sellers', 'below_vwap']",75724.0,75724.0,0.0,LOSS,1,1.0,1.4531720458507518,0.2826052506470868,0.0,dynamic_structure,trailing_stop,14.585695919698919,3.9528742742366454,-3.1732838061922357,-2.586554031970586,DOWN,SELL,0.6417997917759417,False,76076.90184897398,-0.004024788298839625,NONE,0.0,75629.345,0.5,False,50.0,True,True,75651.3
2026-04-30 05:40:00+00:00,2026-04-30 05:40:00+00:00,2026-04-30 05:45:00+00:00,2026-04-30 07:35:00+00:00,LONG,LONG,3.75,"['delta_strong_positive', 'cvd_strong_positive', 'aggressive_buyers']",75675.1,75947.0,62.622626246544854,PARTIAL+TRAIL,23,110.0,1.970000700362455,0.7135768568525181,1.4371966472458928,dynamic_structure,trailing_stop,14.585695919698919,1.1361386928501913,2.5194977239669036,2.7336409673034994,UP,BUY,2.8860517763395466,False,75866.56860029427,-0.0009837914597582023,NONE,0.0,75947.0,1.4371966472458928,True,50.0,True,True,75947.0
2026-04-30 08:20:00+00:00,2026-04-30 08:20:00+00:00,2026-04-30 08:25:00+00:00,2026-04-30 09:25:00+00:00,SHORT,SHORT,-3.75,"['delta_strong_negative', 'cvd_strong_negative', 'aggressive_sellers']",75999.9,76189.89975,-43.885874288552294,LOSS,13,60.0,0.14000018421072277,1.0384224189768825,-1.0000000000000142,dynamic_structure,stop_loss,14.585695919698919,0.8892567675760495,-2.13891537686579,-2.2891030435324597,DOWN,SELL,0.3415900851933972,False,75873.68499434752,0.0032588062308642955,NONE,0.0,75742.5,1.3547386246560547,False,50.0,False,False,75742.5
2026-04-30 12:20:00+00:00,2026-04-30 12:20:00+00:00,2026-04-30 12:25:00+00:00,2026-04-30 13:25:00+00:00,LONG,LONG,4.25,"['delta_strong_positive', 'cvd_strong_positive', 'aggressive_buyers', 'above_vwap']",76315.0,76124.2125,-43.66644491711024,LOSS,13,60.0,0.3150101552774989,1.0687282971892509,-1.0000000000000306,dynamic_structure,stop_loss,14.585695919698919,2.136289587822547,3.27930462175896,2.4917239359473737,UP,BUY,2.5701675285198533,False,75931.79619513183,0.003056565746751808,NONE,0.0,76410.39375,0.5,False,50.0,False,False,76332.6
2026-05-01 01:45:00+00:00,2026-05-01 01:45:00+00:00,2026-05-01 01:50:00+00:00,2026-05-01 03:35:00+00:00,LONG,LONG,4.25,"['delta_strong_positive', 'cvd_strong_positive', 'aggressive_buyers', 'above_vwap']",76649.9,77138.1,66.20813721303865,PARTIAL+TRAIL,22,105.0,4.025054174891307,0.859492315058452,1.5238438014922544,dynamic_structure,trailing_stop,14.585695919698919,3.435769941019701,3.6869126309722393,2.084116843060908,UP,BUY,2.4036411048447435,False,76494.14976015608,0.003209621496942752,NONE,0.0,76745.71237499999,0.5,True,50.0,True,True,76688.0
2026-05-01 06:45:00+00:00,2026-05-01 06:45:00+00:00,2026-05-01 06:50:00+00:00,2026-05-01 06:55:00+00:00,SHORT,SHORT,-4.25,"['delta_strong_negative', 'cvd_strong_negative', 'aggressive_sellers', 'below_vwap']",76933.2,76837.03349999999,21.889576689295787,PARTIAL+TRAIL,2,5.0,0.5173319191194439,0.741422428808399,0.5000000000000345,dynamic_structure,trailing_stop,14.585695919698919,1.087819574207128,-2.4609211829727062,-2.0398948284395546,DOWN,SELL,0.435306083830069,False,76949.90759696419,-0.002155745459797229,NONE,0.0,76837.03349999999,0.5,True,50.0,False,True,76900.0
2026-05-01 08:10:00+00:00,2026-05-01 08:10:00+00:00,2026-05-01 08:15:00+00:00,2026-05-01 08:40:00+00:00,LONG,LONG,4.25,"['delta_strong_positive', 'cvd_strong_positive', 'aggressive_buyers', 'above_vwap']",77221.7,77336.4,24.00999476792302,PARTIAL+TRAIL,6,25.0,1.3379658826469913,0.14969885407855138,0.5470667571420735,dynamic_structure,trailing_stop,14.585695919698919,1.4342121111646404,2.2864296252187915,1.731849687134373,UP,BUY,3.4389103378815857,False,76961.37251828492,0.0023693618048157374,NONE,0.0,77318.22712499999,0.5,True,50.0,True,True,77229.5
2026-05-01 09:00:00+00:00,2026-05-01 09:00:00+00:00,2026-05-01 09:05:00+00:00,2026-05-01 11:20:00+00:00,SHORT,SHORT,-4.25,"['delta_strong_negative', 'cvd_strong_negative', 'aggressive_sellers', 'big_trade_sell']",77286.3,77479.51575,-44.008651235875334,LOSS,28,135.0,0.8705294470041758,1.5635371340068873,-1.0000000000000158,dynamic_structure,stop_loss,14.585695919698919,0.8318899218982142,-3.2565264546944315,-2.022082745077426,DOWN,SELL,0.22881869157249765,True,77026.32010750195,0.0014096461072657036,NONE,0.0,77043.6,1.2561087799519297,False,50.0,False,False,77043.6
2026-05-01 12:30:00+00:00,2026-05-01 12:30:00+00:00,2026-05-01 12:35:00+00:00,2026-05-01 12:35:00+00:00,LONG,LONG,4.25,"['delta_strong_positive', 'cvd_strong_positive', 'aggressive_buyers', 'above_vwap']",77901.7,77901.7,0.0,LOSS,1,1.0,1.2508071069052709,0.03337539488868664,0.0,dynamic_structure,trailing_stop,14.585695919698919,3.9392915435284492,3.6568753708725334,3.2951742427755257,UP,BUY,1.6195788178721138,False,77204.87421494053,0.004779763256170815,NONE,0.0,78130.5,1.1748139000817848,False,50.0,True,True,78130.5
2026-05-02 01:30:00+00:00,2026-05-02 01:30:00+00:00,2026-05-02 01:35:00+00:00,2026-05-02 02:55:00+00:00,LONG,LONG,4.25,"['delta_strong_positive', 'cvd_strong_positive', 'aggressive_buyers', 'above_vwap']",78380.9,78478.876125,21.894303989847867,PARTIAL+TRAIL,17,80.0,0.5057354534076839,0.870620265906573,0.5000000000000053,dynamic_structure,trailing_stop,14.585695919698919,2.6855370925645268,2.2302679891615216,2.1509785899381892,UP,BUY,1.726260402964275,False,78268.74367918618,0.002373311436437436,NONE,0.0,78478.876125,0.5,True,50.0,False,True,78413.4
2026-05-02 04:05:00+00:00,2026-05-02 04:05:00+00:00,2026-05-02 04:10:00+00:00,2026-05-02 04:45:00+00:00,SHORT,SHORT,-4.25,"['delta_strong_negative', 'cvd_strong_negative', 'aggressive_sellers', 'below_vwap']",78235.9,78138.10512499999,21.949039749823793,PARTIAL+TRAIL,8,35.0,1.0015862283171495,0.19939695203864213,0.5000000000000351,dynamic_structure,trailing_stop,14.585695919698919,3.171562383022817,-2.796970622173458,-1.9209785833458006,DOWN,SELL,0.4837601467919184,False,78303.85005668984,-0.0009440660647331239,NONE,0.0,78138.10512499999,0.5,True,50.0,True,True,78232.3
2026-05-02 11:00:00+00:00,2026-05-02 11:00:00+00:00,2026-05-02 11:05:00+00:00,2026-05-02 13:10:00+00:00,SHORT,SHORT,-4.25,"['delta_strong_negative', 'cvd_strong_negative', 'aggressive_sellers', 'below_vwap']",78146.8,78342.167,-44.00782469839324,LOSS,26,125.0,0.46630188312256327,1.3118899302338822,-0.9999999999999916,dynamic_structure,stop_loss,14.585695919698919,1.9792739696164232,-2.536221547965538,-1.6028043857991308,DOWN,SELL,0.3783876013081188,False,78233.2980733799,-0.00110328116658249,NONE,0.0,78049.1165,0.5,False,50.0,False,False,78113.0
2026-05-03 01:00:00+00:00,2026-05-03 01:00:00+00:00,2026-05-03 01:05:00+00:00,2026-05-03 01:25:00+00:00,SHORT,SHORT,-4.25,"['delta_strong_negative', 'cvd_strong_negative', 'aggressive_sellers', 'below_vwap']",78331.1,78192.8,30.924374839669174,PARTIAL+TRAIL,5,20.0,0.8247043639116519,0.2083463656197263,0.7062329011082592,dynamic_structure,trailing_stop,14.585695919698919,3.886571450788023,-3.4228732679843192,-3.4752719330487527,DOWN,SELL,0.4957712030355905,False,78488.0358480788,-0.004467978337507992,NONE,0.0,78192.8,0.7062329011082592,True,50.0,False,True,78192.8
2026-05-03 09:35:00+00:00,2026-05-03 09:35:00+00:00,2026-05-03 09:40:00+00:00,2026-05-03 10:45:00+00:00,LONG,LONG,4.25,"['delta_strong_positive', 'cvd_strong_positive', 'aggressive_buyers', 'above_vwap']",78561.0,78364.5975,-43.942407449099214,LOSS,14,65.0,0.0,1.0320642558012096,-0.9999999999999822,dynamic_structure,stop_loss,14.585695919698919,3.072842380646998,2.9462338155604972,2.692509147259243,UP,BUY,2.370022870932306,False,78283.21400968796,0.0031094096425884855,NONE,0.0,78659.20125,0.5,False,50.0,False,False,78579.0
2026-05-03 11:40:00+00:00,2026-05-03 11:40:00+00:00,2026-05-03 11:45:00+00:00,2026-05-03 11:50:00+00:00,LONG,LONG,4.25,"['delta_strong_positive', 'cvd_strong_positive', 'aggressive_buyers', 'above_vwap']",78679.1,78777.448875,21.861347705926367,PARTIAL+TRAIL,2,5.0,0.6893825679246014,0.2658901792216886,0.49999999999997985,dynamic_structure,trailing_stop,14.585695919698919,3.8510805895649804,3.839796748642519,3.2568275654998433,UP,BUY,2.455174639397449,False,78318.2355248401,0.0026948732262819784,NONE,0.0,78777.448875,0.5,True,50.0,False,True,78743.8
2026-05-04 01:50:00+00:00,2026-05-04 01:50:00+00:00,2026-05-04 01:55:00+00:00,2026-05-04 01:55:00+00:00,LONG,LONG,4.25,"['delta_strong_positive', 'cvd_strong_positive', 'aggressive_buyers', 'above_vwap']",79208.6,79208.6,0.0,LOSS,1,1.0,3.238032233873579,0.029794744510109914,0.0,dynamic_structure,trailing_stop,14.585695919698919,2.3237204804833653,3.3356355999821656,1.8847047877456147,UP,BUY,1.6234534196826866,False,78667.73546344251,0.004635728573645485,NONE,0.0,79350.0,0.7140638769022261,False,50.0,True,True,79350.0
2026-05-04 09:40:00+00:00,2026-05-04 09:40:00+00:00,2026-05-04 09:45:00+00:00,2026-05-04 10:00:00+00:00,LONG,LONG,4.25,"['delta_strong_positive', 'cvd_strong_positive', 'aggressive_buyers', 'above_vwap']",79821.4,79621.8465,-43.83200215038293,LOSS,4,15.0,0.3938793356167936,3.3645112714134013,-0.9999999999999726,dynamic_structure,stop_loss,14.585695919698919,2.1742720559093724,2.071867122549881,1.9863163234049148,UP,BUY,1.9761175534883313,False,79763.60051966149,0.0010709946996626466,NONE,0.0,79921.17675,0.5,False,50.0,False,False,79835.2
2026-05-04 10:15:00+00:00,2026-05-04 10:15:00+00:00,2026-05-04 10:20:00+00:00,2026-05-04 10:25:00+00:00,SHORT,SHORT,-4.25,"['delta_strong_negative', 'cvd_strong_negative', 'aggressive_sellers', 'below_vwap']",78358.7,78260.75162499999,21.806421069817716,PARTIAL+TRAIL,2,5.0,1.1761297724438724,0.8269662462496188,0.5000000000000369,dynamic_structure,trailing_stop,14.585695919698919,1.8894247328373002,-2.9414522457845766,-3.188129923173088,DOWN,SELL,0.5301769261795456,False,79604.46983744533,-0.011167903894114765,NONE,0.0,78260.75162499999,0.5,True,50.0,True,True,78308.1
2026-05-05 00:00:00+00:00,2026-05-05 00:00:00+00:00,2026-05-05 00:05:00+00:00,2026-05-05 00:35:00+00:00,LONG,LONG,4.25,"['delta_strong_positive', 'cvd_strong_positive', 'aggressive_buyers', 'above_vwap']",79949.1,80049.03637500001,21.86093712249169,PARTIAL+TRAIL,7,30.0,0.749977172976277,0.6874373820343629,0.5000000000000238,dynamic_structure,trailing_stop,14.585695919698919,2.931046386652589,2.214816211624185,3.083652206227854,UP,BUY,1.9914954335873583,False,79899.23333333332,-0.000769744889313437,NONE,0.0,80049.03637500001,0.5,True,50.0,False,True,79974.1
2026-05-05 02:00:00+00:00,2026-05-05 02:00:00+00:00,2026-05-05 02:05:00+00:00,2026-05-05 02:35:00+00:00,LONG,LONG,4.25,"['delta_strong_positive', 'cvd_strong_positive', 'aggressive_buyers', 'above_vwap']",80451.0,80451.0,0.0,LOSS,7,30.0,1.357347950926651,0.5807261562939077,0.0,dynamic_structure,trailing_stop,14.585695919698919,3.433848492599139,2.7852609713616214,2.5769232678055927,UP,BUY,1.7710480202649332,False,80126.13743194939,0.004891105754680957,NONE,0.0,80551.56375,0.5,False,50.0,True,True,80473.5
2026-05-05 03:35:00+00:00,2026-05-05 03:35:00+00:00,2026-05-05 03:40:00+00:00,2026-05-05 03:45:00+00:00,LONG,LONG,4.25,"['delta_strong_positive', 'cvd_strong_positive', 'aggressive_buyers', 'above_vwap']",80817.8,80918.82225,21.915589465295692,PARTIAL+TRAIL,2,5.0,0.678563385788731,0.2553892830540095,0.4999999999999729,dynamic_structure,trailing_stop,14.585695919698919,3.225017877717246,3.5738984605939685,2.589111571330594,UP,BUY,2.5096518163371577,False,80491.85498010206,0.004453749736112003,NONE,0.0,80918.82225,0.5,True,50.0,False,True,80871.4
2026-05-05 05:20:00+00:00,2026-05-05 05:20:00+00:00,2026-05-05 05:25:00+00:00,2026-05-05 05:40:00+00:00,LONG,LONG,4.75,"['delta_strong_positive', 'cvd_strong_positive', 'aggressive_buyers', 'big_trade_buy', 'above_vwap']",81124.5,81225.905625,21.970378438959994,PARTIAL+TRAIL,4,15.0,0.7578475059938593,0.7775702777828996,0.4999999999999971,dynamic_structure,trailing_stop,14.585695919698919,3.851696761866498,3.9215632373513998,2.1967931333577506,UP,BUY,3.582366849877409,True,80614.46903320271,0.0050954417784145264,NONE,0.0,81225.905625,0.5,True,50.0,False,True,81168.0
2026-05-05 07:40:00+00:00,2026-05-05 07:40:00+00:00,2026-05-05 07:45:00+00:00,2026-05-05 07:50:00+00:00,SHORT,SHORT,-3.75,"['delta_strong_negative', 'cvd_strong_negative', 'aggressive_sellers']",80985.5,80863.7,26.500369316483273,PARTIAL+TRAIL,2,5.0,0.7813744435732178,0.07161775873458828,0.6015891733705561,dynamic_structure,trailing_stop,14.585695919698919,1.5807028543616812,-3.0078474793022885,-1.8370216708222615,DOWN,SELL,0.2998748029417676,False,80746.06964602158,0.00034957877495537984,NONE,0.0,80863.7,0.601589173370556,True,50.0,False,True,80863.7
2026-05-05 11:10:00+00:00,2026-05-05 11:10:00+00:00,2026-05-05 11:15:00+00:00,2026-05-05 13:25:00+00:00,LONG,LONG,4.75,"['delta_strong_positive', 'cvd_strong_positive', 'aggressive_buyers', 'big_trade_buy', 'above_vwap']",80905.6,81417.2,78.31173691851104,PARTIAL+TRAIL,27,130.0,3.7129691887829765,0.6540956373848184,1.7724360242059523,dynamic_structure,trailing_stop,14.585695919698919,4.003879767212795,4.081504331108042,4.051156132983556,UP,BUY,7.976657205087663,True,80745.5579128646,0.0016460034278661315,NONE,0.0,81111.0,1.0155044891824259,True,50.0,True,True,81111.0
2026-05-06 00:00:00+00:00,2026-05-06 00:00:00+00:00,2026-05-06 00:05:00+00:00,2026-05-06 00:15:00+00:00,LONG,LONG,4.25,"['delta_strong_positive', 'cvd_strong_positive', 'aggressive_buyers', 'above_vwap']",81011.3,81176.9,36.44708941243129,PARTIAL+TRAIL,3,10.0,1.0719492218986302,0.19305948676298648,0.8176637086430721,dynamic_structure,trailing_stop,14.585695919698919,0.5997701126783809,3.005502084060572,2.488632379966373,UP,BUY,3.159669812902923,False,80980.06666666667,-0.00289703752940824,NONE,0.0,81176.9,0.817663708643072,True,50.0,True,True,81176.9
2026-05-06 03:20:00+00:00,2026-05-06 03:20:00+00:00,2026-05-06 03:25:00+00:00,2026-05-06 03:30:00+00:00,LONG,LONG,4.25,"['delta_strong_positive', 'cvd_strong_positive', 'aggressive_buyers', 'above_vwap']",81608.0,81710.01,22.378452374174934,PARTIAL+TRAIL,2,5.0,0.5308303107538619,0.29408881482207627,0.4999999999999743,dynamic_structure,trailing_stop,14.585695919698919,3.5130293701214916,3.256709631051348,1.7456461563985266,UP,BUY,2.1148352451231096,False,81152.91052607827,0.006218222615963614,NONE,0.0,81710.01,0.5,True,50.0,False,True,81635.5
2026-05-06 05:35:00+00:00,2026-05-06 05:35:00+00:00,2026-05-06 05:40:00+00:00,2026-05-06 05:50:00+00:00,SHORT,SHORT,-4.25,"['delta_strong_negative', 'cvd_strong_negative', 'aggressive_sellers', 'below_vwap']",81027.8,81230.3695,-44.86879701022255,LOSS,3,10.0,0.0004936577323132098,1.0411241573879295,-0.9999999999999891,dynamic_structure,stop_loss,14.585695919698919,3.6320363586735995,-3.7369142808561118,-2.2926753436482747,DOWN,SELL,0.4424747105816052,False,81238.38463285474,-0.004132246342867162,NONE,0.0,80926.51525,0.5,False,50.0,False,False,81000.0
2026-05-06 08:30:00+00:00,2026-05-06 08:30:00+00:00,2026-05-06 08:35:00+00:00,2026-05-06 08:50:00+00:00,LONG,LONG,4.25,"['delta_strong_positive', 'cvd_strong_positive', 'aggressive_buyers', 'above_vwap']",81683.6,81683.6,0.0,LOSS,4,15.0,1.168410794822908,0.5220142109309864,0.0,dynamic_structure,trailing_stop,14.585695919698919,4.121250730541502,4.118908100572681,3.560797171954152,UP,BUY,2.0292870326604424,False,81308.38456783837,0.0034665215362122753,NONE,0.0,81878.0,0.951965878095452,False,50.0,True,True,81878.0
2026-05-06 12:10:00+00:00,2026-05-06 12:10:00+00:00,2026-05-06 12:15:00+00:00,2026-05-06 12:20:00+00:00,SHORT,SHORT,-3.75,"['delta_strong_negative', 'cvd_strong_negative', 'aggressive_sellers']",82150.1,82355.47525,-44.644453025171345,LOSS,2,5.0,0.07060247035609207,1.479730395945929,-0.9999999999999868,dynamic_structure,stop_loss,14.585695919698919,0.8579289097430753,-2.4340066212010396,-1.9153705045874994,DOWN,SELL,0.2750782279314888,False,81802.035695731,0.00035456765781320584,NONE,0.0,82047.412375,0.5,False,50.0,False,False,82095.8
2026-05-07 04:25:00+00:00,2026-05-07 04:25:00+00:00,2026-05-07 04:30:00+00:00,2026-05-07 05:05:00+00:00,LONG,LONG,3.75,"['delta_strong_positive', 'cvd_strong_positive', 'aggressive_buyers']",80899.9,81001.02487499999,22.210615380021736,PARTIAL+TRAIL,8,35.0,0.7891233487309914,0.39307835980019756,0.49999999999997075,dynamic_structure,trailing_stop,14.585695919698919,0.39471172895012835,2.0098075762288565,2.927914207507514,UP,BUY,2.6342731006733913,False,80992.78817697876,-0.000895473037499176,NONE,0.0,81001.02487499999,0.5,True,50.0,False,True,80972.2
2026-05-07 06:05:00+00:00,2026-05-07 06:05:00+00:00,2026-05-07 06:10:00+00:00,2026-05-07 06:30:00+00:00,SHORT,SHORT,-4.25,"['delta_strong_negative', 'cvd_strong_negative', 'aggressive_sellers', 'below_vwap']",80942.2,81144.5555,-44.53228383694731,LOSS,5,20.0,0.493191437840844,1.461783840814818,-1.0000000000000253,dynamic_structure,stop_loss,14.585695919698919,2.516653341696004,-2.369511242478302,-2.5334962129866385,DOWN,SELL,0.540558009505172,False,80993.23214889047,0.0001504615861033292,NONE,0.0,80836.0,0.5248189448767001,False,50.0,False,False,80836.0
2026-05-07 09:35:00+00:00,2026-05-07 09:35:00+00:00,2026-05-07 09:40:00+00:00,2026-05-07 10:15:00+00:00,SHORT,SHORT,-4.75,"['delta_strong_negative', 'cvd_strong_negative', 'aggressive_sellers', 'big_trade_sell', 'below_vwap']",80879.3,80778.20087500001,22.15481120887927,PARTIAL+TRAIL,8,35.0,0.5158303793430601,0.4520316075930142,0.4999999999999672,dynamic_structure,trailing_stop,14.585695919698919,3.503347229047552,-2.426113577890639,-2.882574548104674,DOWN,SELL,0.5387975350185176,True,81127.69815720929,-0.004942056772905177,NONE,0.0,80778.20087500001,0.5,True,50.0,False,True,80842.4
2026-05-08 00:25:00+00:00,2026-05-08 00:25:00+00:00,2026-05-08 00:30:00+00:00,2026-05-08 00:40:00+00:00,SHORT,SHORT,-4.25,"['delta_strong_negative', 'cvd_strong_negative', 'aggressive_sellers', 'below_vwap']",79976.0,79876.03,22.21019823690318,PARTIAL+TRAIL,3,10.0,0.64219265779731,0.10053015904774343,0.5000000000000059,dynamic_structure,trailing_stop,14.585695919698919,3.77404147027662,-3.9546073507618433,-3.0204229830695972,DOWN,SELL,0.2622540379645185,False,80011.55602750607,0.0017937180483414735,NONE,0.0,79876.03,0.5,True,50.0,False,True,79952.5
2026-05-08 02:15:00+00:00,2026-05-08 02:15:00+00:00,2026-05-08 02:20:00+00:00,2026-05-08 02:30:00+00:00,SHORT,SHORT,-4.25,"['delta_strong_negative', 'cvd_strong_negative', 'aggressive_sellers', 'below_vwap']",79346.4,79544.76599999999,-44.53144746498914,LOSS,3,10.0,0.031759474909956134,1.493703558069442,-0.9999999999999726,dynamic_structure,stop_loss,14.585695919698919,3.6842678811445437,-3.5818171182791576,-2.4271627745966473,DOWN,SELL,0.5574040644129532,False,79701.76372742289,-0.005036143489907255,NONE,0.0,79247.21699999999,0.5,False,50.0,False,False,79288.0
2026-05-08 07:30:00+00:00,2026-05-08 07:30:00+00:00,2026-05-08 07:35:00+00:00,2026-05-08 09:00:00+00:00,LONG,LONG,3.75,"['delta_strong_positive', 'cvd_strong_positive', 'aggressive_buyers']",79454.1,79834.5,54.50620115075071,PARTIAL+TRAIL,18,85.0,2.5040872654777746,0.034737036855284904,1.230144196460554,dynamic_structure,trailing_stop,14.585695919698919,0.8592601837042262,2.495420849505736,2.5632459890585135,UP,BUY,2.4538687265351915,False,79550.28313469456,-0.0006201967671312742,NONE,0.0,79562.4,0.5452204480322015,True,50.0,True,True,79562.4
2026-05-09 01:10:00+00:00,2026-05-09 01:10:00+00:00,2026-05-09 01:15:00+00:00,2026-05-09 01:55:00+00:00,LONG,LONG,4.25,"['delta_strong_positive', 'cvd_strong_positive', 'aggressive_buyers', 'above_vwap']",80287.4,80387.75924999999,22.290660616708266,PARTIAL+TRAIL,9,40.0,0.5858951715960703,0.4444034804963025,0.4999999999999704,dynamic_structure,trailing_stop,14.585695919698919,1.5424897105844226,2.038914688234979,2.0118594418633395,UP,BUY,2.8802819865319864,False,80168.24773335176,0.0009578535913986776,NONE,0.0,80387.75924999999,0.5,True,50.0,False,True,80309.9
2026-05-09 04:05:00+00:00,2026-05-09 04:05:00+00:00,2026-05-09 04:10:00+00:00,2026-05-09 04:50:00+00:00,LONG,LONG,4.75,"['delta_strong_positive', 'cvd_strong_positive', 'aggressive_buyers', 'big_trade_buy', 'above_vwap']",80550.2,80348.8245,-44.692774536501524,LOSS,9,40.0,0.0844194055384096,1.1148327378454679,-0.9999999999999735,dynamic_structure,stop_loss,14.585695919698919,4.073447231764583,3.6843444200459343,2.5000082763336136,UP,BUY,2.2442181135724764,True,80358.48245657698,0.002308169489741043,NONE,0.0,80650.88775,0.5,False,50.0,False,False,80641.8
2026-05-09 06:35:00+00:00,2026-05-09 06:35:00+00:00,2026-05-09 06:40:00+00:00,2026-05-09 08:10:00+00:00,SHORT,SHORT,-4.25,"['delta_strong_negative', 'cvd_strong_negative', 'aggressive_sellers', 'below_vwap']",80180.1,80380.55025,-44.469310663818966,LOSS,19,90.0,0.4779240734297059,1.0037403295830116,-0.999999999999972,dynamic_structure,stop_loss,14.585695919698919,3.642652750961463,-3.2195053726189955,-2.6790135580476417,DOWN,SELL,0.3117930795644114,False,80360.74410753862,-0.0026975721257097786,NONE,0.0,80079.87487500001,0.5,False,50.0,False,False,80160.0
2026-05-09 10:35:00+00:00,2026-05-09 10:35:00+00:00,2026-05-09 10:40:00+00:00,2026-05-09 16:35:00+00:00,LONG,LONG,3.75,"['delta_strong_positive', 'cvd_strong_positive', 'aggressive_buyers']",80300.1,80564.4,40.188660208062636,PARTIAL+TRAIL,72,355.0,2.4747167189081374,0.5484426544923645,0.9082806248061814,dynamic_structure,trailing_stop,14.585695919698919,2.011288063974212,2.663957750942084,2.67488085705363,UP,BUY,4.118481697629422,False,80313.78310854676,0.0006753613678303861,NONE,0.0,80400.47512500001,0.5,True,50.0,True,True,80381.3
2026-05-10 00:35:00+00:00,2026-05-10 00:35:00+00:00,2026-05-10 00:40:00+00:00,2026-05-10 03:40:00+00:00,LONG,LONG,4.25,"['delta_strong_positive', 'cvd_strong_positive', 'aggressive_buyers', 'above_vwap']",80700.1,80800.97512500001,22.223953705772022,PARTIAL+TRAIL,37,180.0,0.7920684113154176,0.8247821254249187,0.5000000000000294,dynamic_structure,trailing_stop,14.585695919698919,1.1300463279294926,3.342868094230111,1.5609087096640273,UP,BUY,4.076988963120671,False,80664.66506103748,-1.4526568475453132e-05,NONE,0.0,80800.97512500001,0.5,True,50.0,False,True,80739.9
2026-05-10 06:40:00+00:00,2026-05-10 06:40:00+00:00,2026-05-10 06:45:00+00:00,2026-05-10 08:15:00+00:00,LONG,LONG,4.25,"['delta_strong_positive', 'cvd_strong_positive', 'aggressive_buyers', 'above_vwap']",80676.3,80777.14537500001,22.27951359003612,PARTIAL+TRAIL,19,90.0,0.5513391169401526,0.03421079052960401,0.5000000000000219,dynamic_structure,trailing_stop,14.585695919698919,3.183576130499354,2.6046718854484414,2.0289129907925196,UP,BUY,1.9652141006607864,False,80675.17133420963,-0.0005523414029216954,NONE,0.0,80777.14537500001,0.5,True,50.0,False,True,80708.3
2026-05-10 10:05:00+00:00,2026-05-10 10:05:00+00:00,2026-05-10 10:10:00+00:00,2026-05-10 11:05:00+00:00,LONG,LONG,4.25,"['delta_strong_positive', 'cvd_strong_positive', 'aggressive_buyers', 'above_vwap']",80786.5,80887.483125,22.335212374009977,PARTIAL+TRAIL,12,55.0,0.7575523138148081,0.7179417353146875,0.49999999999999417,dynamic_structure,trailing_stop,14.585695919698919,4.051083817517256,3.942801475483657,2.179959057341413,UP,BUY,3.099678164056725,False,80704.22947987604,0.0005072089308028215,NONE,0.0,80887.483125,0.5,True,50.0,False,True,80873.6
2026-05-11 00:15:00+00:00,2026-05-11 00:15:00+00:00,2026-05-11 00:20:00+00:00,2026-05-11 00:20:00+00:00,SHORT,SHORT,-4.25,"['delta_strong_negative', 'cvd_strong_negative', 'aggressive_sellers', 'below_vwap']",81541.2,81541.2,0.0,LOSS,1,1.0,1.0949066238907306,1.0021927565451718,0.0,dynamic_structure,trailing_stop,14.585695919698919,2.906666422068546,-3.688927494396194,-2.185620761014959,DOWN,SELL,0.32829331661592015,False,81807.9080389822,0.0013012112850900104,NONE,0.0,80614.0,4.548375545123187,False,50.0,True,True,80614.0
2026-05-11 02:15:00+00:00,2026-05-11 02:15:00+00:00,2026-05-11 02:20:00+00:00,2026-05-11 02:25:00+00:00,SHORT,SHORT,-3.5,"['delta_strong_negative', 'cvd_strong_negative', 'below_vwap']",81244.3,81142.744625,22.391050404944433,PARTIAL+TRAIL,2,5.0,0.7409750591733819,0.0,0.49999999999998157,dynamic_structure,trailing_stop,14.585695919698919,1.7880563301961434,-2.5534967520314447,-1.6206088857019991,DOWN,SELL,0.7026277986563547,False,81582.58165811474,-0.00685273052417479,NONE,0.0,81142.744625,0.5,True,50.0,False,True,81230.0
2026-05-11 03:10:00+00:00,2026-05-11 03:10:00+00:00,2026-05-11 03:15:00+00:00,2026-05-11 04:30:00+00:00,SHORT,SHORT,-4.25,"['delta_strong_negative', 'cvd_strong_negative', 'aggressive_sellers', 'below_vwap']",80569.7,80771.12425,-44.89405606191443,LOSS,16,75.0,0.494478693603135,1.0793139356358965,-0.9999999999999821,dynamic_structure,stop_loss,14.585695919698919,3.802199749054686,-4.045951900814963,-3.2964686641608765,DOWN,SELL,0.5283352808859639,False,81405.86365006307,-0.012034418516674288,NONE,0.0,80468.98787499999,0.5,False,50.0,False,False,80560.0
2026-05-11 05:35:00+00:00,2026-05-11 05:35:00+00:00,2026-05-11 05:40:00+00:00,2026-05-11 06:25:00+00:00,SHORT,SHORT,-4.25,"['delta_strong_negative', 'cvd_strong_negative', 'aggressive_sellers', 'below_vwap']",80829.5,81031.57375,-44.669585781604766,LOSS,10,45.0,0.6007707582008756,1.0085426731577105,-0.9999999999999798,dynamic_structure,stop_loss,14.585695919698919,1.1510832417742793,-2.59525215652434,-1.9761271610478683,DOWN,SELL,0.4571381634408789,False,81185.53693212575,-0.0004387086543862211,NONE,0.0,80685.9,0.7106316382014279,False,50.0,False,False,80685.9
2026-05-12 01:15:00+00:00,2026-05-12 01:15:00+00:00,2026-05-12 01:20:00+00:00,2026-05-12 01:25:00+00:00,SHORT,SHORT,-4.25,"['delta_strong_negative', 'cvd_strong_negative', 'aggressive_sellers', 'below_vwap']",81337.3,81224.1,24.742961101119626,PARTIAL+TRAIL,2,5.0,0.612757000785646,0.48145192918867075,0.5566941612273684,dynamic_structure,trailing_stop,14.585695919698919,2.5183443241926335,-2.167091501646886,-2.076273877074372,DOWN,SELL,0.6261174715754744,False,81502.0350857503,-0.0034614255228631622,NONE,0.0,81224.1,0.5566941612273684,True,50.0,False,True,81224.1
2026-05-12 04:00:00+00:00,2026-05-12 04:00:00+00:00,2026-05-12 04:05:00+00:00,2026-05-12 04:35:00+00:00,SHORT,SHORT,-4.25,"['delta_strong_negative', 'cvd_strong_negative', 'aggressive_sellers', 'below_vwap']",80999.6,81202.099,-44.56995265820239,LOSS,7,30.0,0.17382801890385452,1.2958088681919129,-0.9999999999999809,dynamic_structure,stop_loss,14.585695919698919,2.929311112623865,-2.920555338328059,-1.9610309285276046,DOWN,SELL,0.5032709502404246,False,81165.16288650437,-0.0018976989622554517,NONE,0.0,80661.2,1.6711193635524555,False,50.0,False,False,80661.2
2026-05-12 07:45:00+00:00,2026-05-12 07:45:00+00:00,2026-05-12 07:50:00+00:00,2026-05-12 08:20:00+00:00,SHORT,SHORT,-4.25,"['delta_strong_negative', 'cvd_strong_negative', 'aggressive_sellers', 'below_vwap']",80835.6,80734.5555,22.1735514474569,PARTIAL+TRAIL,7,30.0,0.5754890172152017,0.43545170692120794,0.5000000000000178,dynamic_structure,trailing_stop,14.585695919698919,3.277213656883164,-3.0740425622617926,-2.212401764406375,DOWN,SELL,0.5644629548253864,False,81123.82092536126,-0.0026981311425650733,NONE,0.0,80734.5555,0.5,True,50.0,False,True,80756.0
2026-05-13 01:20:00+00:00,2026-05-13 01:20:00+00:00,2026-05-13 01:25:00+00:00,2026-05-13 01:35:00+00:00,LONG,LONG,4.25,"['delta_strong_positive', 'cvd_strong_positive', 'aggressive_buyers', 'above_vwap']",80993.8,81095.04225,22.228985326073804,PARTIAL+TRAIL,3,10.0,0.7294385496173637,0.1743343317636802,0.4999999999999787,dynamic_structure,trailing_stop,14.585695919698919,3.075963319947508,3.299869631446751,2.50727951801403,UP,BUY,1.7398494626371823,False,80762.86554500139,0.004021483611969041,NONE,0.0,81095.04225,0.5,True,50.0,False,True,81090.6
2026-05-13 03:45:00+00:00,2026-05-13 03:45:00+00:00,2026-05-13 03:50:00+00:00,2026-05-13 05:30:00+00:00,LONG,LONG,4.25,"['delta_strong_positive', 'cvd_strong_positive', 'aggressive_buyers', 'above_vwap']",81236.1,81033.00975000001,-44.569115578778515,LOSS,21,100.0,0.15707302541601173,1.0103882387264362,-0.9999999999999696,dynamic_structure,stop_loss,14.585695919698919,2.19617218801656,2.4373824126532506,2.3295610887899985,UP,BUY,2.4674021788997162,False,80933.47955774618,0.003867895304341618,NONE,0.0,81337.64512500001,0.5,False,50.0,False,False,81239.1
2026-05-13 06:25:00+00:00,2026-05-13 06:25:00+00:00,2026-05-13 06:30:00+00:00,2026-05-13 07:20:00+00:00,LONG,LONG,4.25,"['delta_strong_positive', 'cvd_strong_positive', 'aggressive_buyers', 'above_vwap']",81070.1,80867.42475,-44.34627000088603,LOSS,11,50.0,0.04884661545992507,1.0583433349656655,-1.000000000000001,dynamic_structure,stop_loss,14.585695919698919,2.211828584807351,3.290849285265234,3.1261210595195768,UP,BUY,4.215579611002266,False,80994.10008733826,-0.00034036660141131527,NONE,0.0,81171.437625,0.5,False,50.0,False,False,81117.9
2026-05-13 09:00:00+00:00,2026-05-13 09:00:00+00:00,2026-05-13 09:05:00+00:00,2026-05-13 10:10:00+00:00,LONG,LONG,4.75,"['delta_strong_positive', 'cvd_strong_positive', 'aggressive_buyers', 'big_trade_buy', 'above_vwap']",81270.1,81066.92475,-44.124538650881604,LOSS,14,65.0,0.0004921859330369661,1.0025827456838943,-1.000000000000001,dynamic_structure,stop_loss,14.585695919698919,3.9907170643142336,4.0970316516647225,3.562176196365741,UP,BUY,5.5195414347708285,True,81004.83104611866,0.0028241980245208953,NONE,0.0,81371.687625,0.5,False,50.0,False,False,81270.2
2026-05-13 12:30:00+00:00,2026-05-13 12:30:00+00:00,2026-05-13 12:35:00+00:00,2026-05-13 12:35:00+00:00,SHORT,SHORT,-3.5,"['delta_strong_negative', 'cvd_strong_negative', 'below_vwap']",80072.9,80072.9,0.0,LOSS,1,1.0,1.2818319306531487,0.25227011885419415,0.0,dynamic_structure,trailing_stop,14.585695919698919,2.6642044171902324,-2.2442120675050656,-1.5699822355456372,DOWN,SELL,0.6757784813463216,False,80852.025077561,-0.007842599987107356,NONE,0.0,79972.80887499999,0.5,False,50.0,True,True,80009.2
2026-05-14 02:30:00+00:00,2026-05-14 02:30:00+00:00,2026-05-14 02:35:00+00:00,2026-05-14 02:45:00+00:00,SHORT,SHORT,-3.75,"['delta_strong_negative', 'cvd_strong_negative', 'aggressive_sellers']",79623.4,79521.8,22.408678158905722,PARTIAL+TRAIL,3,10.0,1.237827070936404,0.0,0.5104027208081608,dynamic_structure,trailing_stop,14.585695919698919,0.1621660935255865,-2.356403482930143,-2.2291047337097547,DOWN,SELL,0.2309574678349914,False,79530.7352257867,0.001956779082857678,NONE,0.0,79521.8,0.5104027208081608,True,50.0,True,True,79521.8
2026-05-14 05:30:00+00:00,2026-05-14 05:30:00+00:00,2026-05-14 05:35:00+00:00,2026-05-14 05:55:00+00:00,LONG,LONG,3.5,"['delta_strong_positive', 'cvd_strong_positive', 'above_vwap']",79643.6,79743.1545,22.00797967421047,PARTIAL+TRAIL,5,20.0,1.601635285195517,0.0005022374679488158,0.4999999999999918,dynamic_structure,trailing_stop,14.585695919698919,3.140379080600982,2.624838911885758,2.644419402767378,UP,BUY,1.4868422945312212,False,79366.62059705191,0.003925325186961809,NONE,0.0,79743.1545,0.5,True,50.0,True,True,79648.0
2026-05-15 02:10:00+00:00,2026-05-15 02:10:00+00:00,2026-05-15 02:15:00+00:00,2026-05-15 02:35:00+00:00,SHORT,SHORT,-4.25,"['delta_strong_negative', 'cvd_strong_negative', 'aggressive_sellers', 'below_vwap']",80907.0,80805.86625,22.06299962339496,PARTIAL+TRAIL,5,20.0,0.9892839927324252,0.4672030850235455,0.4999999999999683,dynamic_structure,trailing_stop,14.585695919698919,2.1987586592675226,-2.468246135366964,-2.979933902910527,DOWN,SELL,0.5964602148391557,False,81261.59946680529,-0.004299483162298185,NONE,0.0,80805.86625,0.5,True,50.0,False,True,80828.9
2026-05-15 05:35:00+00:00,2026-05-15 05:35:00+00:00,2026-05-15 05:40:00+00:00,2026-05-15 06:40:00+00:00,SHORT,SHORT,-4.0,"['delta_strong_negative', 'cvd_strong_negative', 'big_trade_sell', 'below_vwap']",80376.1,80577.04025,-44.23631424490961,LOSS,13,60.0,0.5434451285892778,1.0993317665325595,-0.9999999999999981,dynamic_structure,stop_loss,14.585695919698919,3.7339415648968415,-3.1044157033728035,-2.772174854524038,DOWN,SELL,0.7490995567651431,True,80960.22052646404,-0.005789700095728788,NONE,0.0,80266.8,0.5439427889634003,False,50.0,False,False,80266.8
2026-05-15 08:00:00+00:00,2026-05-15 08:00:00+00:00,2026-05-15 08:05:00+00:00,2026-05-15 08:20:00+00:00,SHORT,SHORT,-4.25,"['delta_strong_negative', 'cvd_strong_negative', 'aggressive_sellers', 'below_vwap']",80659.9,80559.07512499999,22.007566336843816,PARTIAL+TRAIL,4,15.0,0.6937772052779346,0.2484505931696212,0.5000000000000283,dynamic_structure,trailing_stop,14.585695919698919,0.3715132440594214,-2.172178660087734,-1.802651512209142,DOWN,SELL,0.4897889352666048,False,80841.7044382202,0.000703845759530008,NONE,0.0,80559.07512499999,0.5,True,50.0,False,True,80616.4
2026-05-15 09:55:00+00:00,2026-05-15 09:55:00+00:00,2026-05-15 10:00:00+00:00,2026-05-15 10:50:00+00:00,LONG,LONG,3.75,"['delta_strong_positive', 'cvd_strong_positive', 'aggressive_buyers']",80449.9,80597.0,32.272570040932756,PARTIAL+TRAIL,11,50.0,1.3926679834282247,0.4241148839214884,0.7313868631285102,dynamic_structure,trailing_stop,14.585695919698919,0.7820254418271874,2.9915804668024033,1.7682443323344095,UP,BUY,2.6749628791628366,False,80801.50576347468,-0.0017139767483127673,NONE,0.0,80597.0,0.7313868631285102,True,50.0,True,True,80597.0
2026-05-15 12:50:00+00:00,2026-05-15 12:50:00+00:00,2026-05-15 12:55:00+00:00,2026-05-15 13:00:00+00:00,SHORT,SHORT,-4.25,"['delta_strong_negative', 'cvd_strong_negative', 'aggressive_sellers', 'below_vwap']",80321.9,80321.9,0.0,LOSS,2,5.0,1.4187911391538008,0.139438932594971,0.0,dynamic_structure,trailing_stop,14.585695919698919,1.2006331161088055,-2.729904313603373,-2.961427952603143,DOWN,SELL,0.37000821595650096,False,80744.77176591364,-0.0021313542903941274,NONE,0.0,80221.49762499999,0.5,False,50.0,True,True,80317.1
2026-05-16 00:25:00+00:00,2026-05-16 00:25:00+00:00,2026-05-16 00:30:00+00:00,2026-05-16 04:30:00+00:00,LONG,LONG,4.25,"['delta_strong_positive', 'cvd_strong_positive', 'aggressive_buyers', 'above_vwap']",79142.9,78945.04275,-44.28653335557423,LOSS,49,240.0,0.2870756568182511,1.6774720158093483,-1.0000000000000047,dynamic_structure,stop_loss,14.585695919698919,0.7646473304980835,2.0990167896946055,2.7325850030219034,UP,BUY,2.673801116524964,False,79125.2907223829,0.0010783585944350235,NONE,0.0,79241.828625,0.5,False,50.0,False,False,79164.9
2026-05-16 06:20:00+00:00,2026-05-16 06:20:00+00:00,2026-05-16 06:25:00+00:00,2026-05-16 07:25:00+00:00,SHORT,SHORT,-4.25,"['delta_strong_negative', 'cvd_strong_negative', 'aggressive_sellers', 'below_vwap']",78793.1,78444.0,50.0631629084574,PARTIAL+TRAIL,13,60.0,4.024210241759807,0.3685601911842091,1.1361182007054007,dynamic_structure,trailing_stop,14.585695919698919,4.030543494631658,-3.501037505208715,-1.872109293756146,DOWN,SELL,0.5433902867300076,False,79015.29457067895,-0.002266491868041188,NONE,0.0,78694.60862500001,0.5,True,50.0,True,True,78762.3
2026-05-16 09:10:00+00:00,2026-05-16 09:10:00+00:00,2026-05-16 09:15:00+00:00,2026-05-16 09:15:00+00:00,SHORT,SHORT,-4.25,"['delta_strong_negative', 'cvd_strong_negative', 'aggressive_sellers', 'below_vwap']",78228.0,78228.0,0.0,LOSS,1,1.0,1.9328117809479983,0.061359104157079306,0.0,dynamic_structure,trailing_stop,14.585695919698919,1.3596661659184779,-2.6525344372213775,-2.43136083506793,DOWN,SELL,0.36074568252897404,False,78620.74974288707,-0.003082347144524313,NONE,0.0,78000.4,1.163777675512634,False,50.0,True,True,78000.4
2026-05-17 00:55:00+00:00,2026-05-17 00:55:00+00:00,2026-05-17 01:00:00+00:00,2026-05-17 01:40:00+00:00,SHORT,SHORT,-4.75,"['delta_strong_negative', 'cvd_strong_negative', 'aggressive_sellers', 'big_trade_sell', 'below_vwap']",77915.3,77915.3,0.0,LOSS,9,40.0,1.2315937948002957,0.8732559587140973,0.0,dynamic_structure,trailing_stop,14.585695919698919,4.141533630645598,-3.8086580570910322,-3.749807979696576,DOWN,SELL,0.5983258106237345,True,78031.9895141569,-0.002474587235146494,NONE,0.0,77760.0,0.797276016392174,False,50.0,True,True,77760.0
2026-05-17 05:05:00+00:00,2026-05-17 05:05:00+00:00,2026-05-17 05:10:00+00:00,2026-05-17 06:20:00+00:00,LONG,LONG,4.25,"['delta_strong_positive', 'cvd_strong_positive', 'aggressive_buyers', 'above_vwap']",78240.3,78044.69925,-44.31541650333794,LOSS,15,70.0,0.05316953028040117,1.1646172113348385,-0.9999999999999888,dynamic_structure,stop_loss,14.585695919698919,3.782916156156672,3.5691651696098705,1.7064166969651369,UP,BUY,3.70187829976362,False,77958.30842437215,0.0038873815789251436,NONE,0.0,78338.10037500001,0.5,False,50.0,False,False,78300.0
2026-05-17 07:30:00+00:00,2026-05-17 07:30:00+00:00,2026-05-17 07:35:00+00:00,2026-05-17 10:00:00+00:00,LONG,LONG,4.25,"['delta_strong_positive', 'cvd_strong_positive', 'aggressive_buyers', 'above_vwap']",78167.9,78265.609875,22.046919710410982,PARTIAL+TRAIL,30,145.0,0.7465980280908595,0.8996020105439105,0.5000000000000024,dynamic_structure,trailing_stop,14.585695919698919,1.387540570433976,2.1356428730642674,1.8956840125891152,UP,BUY,3.592496429962353,False,77985.44509827453,0.0008659802072286753,NONE,0.0,78265.609875,0.5,True,50.0,False,True,78172.7
2026-05-18 05:40:00+00:00,2026-05-18 05:40:00+00:00,2026-05-18 05:45:00+00:00,2026-05-18 06:10:00+00:00,SHORT,SHORT,-4.25,"['delta_strong_negative', 'cvd_strong_negative', 'aggressive_sellers', 'below_vwap']",76865.8,76769.71775,22.102037009688456,PARTIAL+TRAIL,6,25.0,1.7240437229561283,0.43556432119354554,0.5000000000000351,dynamic_structure,trailing_stop,14.585695919698919,2.029621192726353,-3.025894873429152,-2.685187778933318,DOWN,SELL,0.31862104207381875,False,76988.6096694169,-0.0009105624396816401,NONE,0.0,76769.71775,0.5,True,50.0,True,True,76858.0
2026-05-18 08:05:00+00:00,2026-05-18 08:05:00+00:00,2026-05-18 08:10:00+00:00,2026-05-18 08:30:00+00:00,LONG,LONG,4.25,"['delta_strong_positive', 'cvd_strong_positive', 'aggressive_buyers', 'above_vwap']",77077.9,76885.20525,-44.314584204421124,LOSS,5,20.0,0.0,1.0067736666411513,-0.9999999999999747,dynamic_structure,stop_loss,14.585695919698919,2.675948609880952,2.366883016933504,2.4348376733025923,UP,BUY,1.9203221089065285,False,76954.16858048685,0.002537110866663264,NONE,0.0,77193.5,0.599912555998572,False,50.0,False,False,77193.5
2026-05-18 11:35:00+00:00,2026-05-18 11:35:00+00:00,2026-05-18 11:40:00+00:00,2026-05-18 11:40:00+00:00,LONG,LONG,3.5,"['delta_strong_positive', 'cvd_strong_positive', 'above_vwap']",77135.1,77135.1,0.0,LOSS,1,1.0,1.2440510221675691,0.017631402565155063,0.0,dynamic_structure,trailing_stop,14.585695919698919,2.348754205834724,2.3492416222056045,1.6296855103716228,UP,BUY,1.4956595272752478,False,76935.06682999042,0.0031854024326105007,NONE,0.0,77231.51887500001,0.5,False,50.0,True,True,77193.5
2026-05-18 12:25:00+00:00,2026-05-18 12:25:00+00:00,2026-05-18 12:30:00+00:00,2026-05-18 12:30:00+00:00,SHORT,SHORT,-3.75,"['delta_strong_negative', 'cvd_strong_negative', 'aggressive_sellers']",77303.2,77496.458,-44.09301128340051,LOSS,1,1.0,0.2281923646109929,1.1751130612963283,-1.0000000000000084,dynamic_structure,stop_loss,14.585695919698919,1.3359474237131423,-3.442805100415427,-1.6755050120531916,DOWN,SELL,0.45019976066491885,False,76995.93226057733,0.0027279879985837425,NONE,0.0,76869.5,2.244150306843686,False,50.0,False,False,76869.5
2026-05-19 00:20:00+00:00,2026-05-19 00:20:00+00:00,2026-05-19 00:25:00+00:00,2026-05-19 01:00:00+00:00,LONG,LONG,4.25,"['delta_strong_positive', 'cvd_strong_positive', 'aggressive_buyers', 'above_vwap']",77210.7,77017.67324999999,-43.87254622698417,LOSS,8,35.0,0.3362228292193115,1.085859861392223,-1.0000000000000235,dynamic_structure,stop_loss,14.585695919698919,2.9933242343200686,3.1375051987886056,3.130322323022592,UP,BUY,2.0775359812105707,False,77148.80227729572,0.002362597446095903,NONE,0.0,77384.6,0.9009114021761685,False,50.0,False,False,77384.6
2026-05-19 02:20:00+00:00,2026-05-19 02:20:00+00:00,2026-05-19 02:25:00+00:00,2026-05-19 02:30:00+00:00,LONG,LONG,4.25,"['delta_strong_positive', 'cvd_strong_positive', 'aggressive_buyers', 'above_vwap']",76959.7,76767.30075,-43.653183495848715,LOSS,2,5.0,0.05145550203552629,1.1673642178958143,-1.0000000000000115,dynamic_structure,stop_loss,14.585695919698919,0.17020459268794774,2.092820263910783,2.039186314887691,UP,BUY,3.0257105610454826,False,76917.93494993729,0.0001595981614483519,NONE,0.0,77080.0,0.6252623126129802,False,50.0,False,False,77080.0
2026-05-19 11:40:00+00:00,2026-05-19 11:40:00+00:00,2026-05-19 11:45:00+00:00,2026-05-19 12:20:00+00:00,SHORT,SHORT,-4.25,"['delta_strong_negative', 'cvd_strong_negative', 'aggressive_sellers', 'below_vwap']",76618.7,76810.24674999999,-43.43491757836762,LOSS,8,35.0,0.048030050105246316,1.0075869206864643,-0.9999999999999691,dynamic_structure,stop_loss,14.585695919698919,3.1635612065195007,-3.6988149144554012,-3.032549947307768,DOWN,SELL,0.36370717546916875,False,76899.06573434759,-0.003860592721055629,NONE,0.0,76522.926625,0.5,False,50.0,False,False,76576.8
2026-05-20 00:10:00+00:00,2026-05-20 00:10:00+00:00,2026-05-20 00:15:00+00:00,2026-05-20 00:30:00+00:00,SHORT,SHORT,-4.25,"['delta_strong_negative', 'cvd_strong_negative', 'aggressive_sellers', 'below_vwap']",76543.1,76734.45775,-43.21774299047612,LOSS,4,15.0,0.3036197906800525,1.465840813868265,-0.9999999999999768,dynamic_structure,stop_loss,14.585695919698919,3.9034910912129233,-3.6253841821749266,-2.604523178939353,DOWN,SELL,0.3891068543734133,False,76637.57677154451,-0.003158652954415623,NONE,0.0,76447.42112500001,0.5,False,50.0,False,False,76500.0
2026-05-20 01:35:00+00:00,2026-05-20 01:35:00+00:00,2026-05-20 01:40:00+00:00,2026-05-20 01:50:00+00:00,SHORT,SHORT,-4.25,"['delta_strong_negative', 'cvd_strong_negative', 'aggressive_sellers', 'below_vwap']",76583.3,76774.75825,-43.00165427552384,LOSS,3,10.0,0.4256802723309128,1.6541465306404768,-0.9999999999999791,dynamic_structure,stop_loss,14.585695919698919,2.747586773311318,-2.5409645732277646,-1.8870883139151744,DOWN,SELL,0.25942297503272,False,76665.28758937519,-0.0016598271058149488,NONE,0.0,76485.0,0.5134278622101837,False,50.0,False,False,76485.0
2026-05-20 05:00:00+00:00,2026-05-20 05:00:00+00:00,2026-05-20 05:05:00+00:00,2026-05-20 05:05:00+00:00,LONG,LONG,4.25,"['delta_strong_positive', 'cvd_strong_positive', 'aggressive_buyers', 'above_vwap']",76821.8,76821.8,0.0,LOSS,1,1.0,1.0648019182055093,0.009372339622361935,0.0,dynamic_structure,trailing_stop,14.585695919698919,1.6189285006917644,2.3676651281102368,1.6614715652845633,UP,BUY,2.440955680669843,False,76687.07648313574,0.0016308964357758002,NONE,0.0,76917.82725,0.5,False,50.0,True,True,76827.2
2026-05-20 08:35:00+00:00,2026-05-20 08:35:00+00:00,2026-05-20 08:40:00+00:00,2026-05-20 09:15:00+00:00,LONG,LONG,4.25,"['delta_strong_positive', 'cvd_strong_positive', 'aggressive_buyers', 'above_vwap']",77550.1,77356.22475000001,-42.78664600414652,LOSS,8,35.0,0.31927747352998476,1.115150077175976,-0.999999999999986,dynamic_structure,stop_loss,14.85457445174723,4.012752491136822,3.6354801783693382,3.2379895969266888,UP,BUY,2.600389504537689,False,76989.75567945678,0.004181898946664599,NONE,0.0,77647.03762500001,0.5,False,50.0,False,False,77560.0
2026-05-20 12:55:00+00:00,2026-05-20 12:55:00+00:00,2026-05-20 13:00:00+00:00,2026-05-20 13:15:00+00:00,LONG,LONG,4.25,"['delta_strong_positive', 'cvd_strong_positive', 'aggressive_buyers', 'above_vwap']",77590.2,77396.2245,-42.57271277412649,LOSS,4,15.0,0.13919283620869646,1.1351949086353539,-1.0000000000000024,dynamic_structure,stop_loss,15.280301579488494,4.045679342084674,4.0452408561008735,3.3350039602056443,UP,BUY,2.2939344683395584,False,77137.78586913519,0.0014184472401535292,NONE,0.0,77687.18775,0.5,False,50.0,False,False,77629.6
2026-05-21 00:00:00+00:00,2026-05-21 00:00:00+00:00,2026-05-21 00:05:00+00:00,2026-05-21 00:35:00+00:00,LONG,LONG,4.25,"['delta_strong_positive', 'cvd_strong_positive', 'aggressive_buyers', 'above_vwap']",77605.3,77702.306625,21.179924605126683,PARTIAL+TRAIL,7,30.0,0.5566630114180346,0.48501842013370644,0.4999999999999718,dynamic_structure,trailing_stop,15.280301579488494,3.700388515816485,2.9252285126794075,1.6004662727896986,UP,BUY,2.401509073371255,False,77561.03333333333,0.001354344025942601,NONE,0.0,77702.306625,0.5,True,50.0,False,True,77622.4
2026-05-21 06:05:00+00:00,2026-05-21 06:05:00+00:00,2026-05-21 06:10:00+00:00,2026-05-21 07:00:00+00:00,SHORT,SHORT,-4.25,"['delta_strong_negative', 'cvd_strong_negative', 'aggressive_sellers', 'below_vwap']",77710.1,77612.962375,21.23287441664135,PARTIAL+TRAIL,11,50.0,1.0747637694456853,0.602238319085936,0.5000000000000154,dynamic_structure,trailing_stop,15.280301579488494,1.338431830034994,-2.3779774635235067,-2.005564690497585,DOWN,SELL,0.3307453616078901,False,77890.46502849123,-0.0028132815466420063,NONE,0.0,77612.962375,0.5,True,50.0,True,True,77651.7
2026-05-21 08:05:00+00:00,2026-05-21 08:05:00+00:00,2026-05-21 08:10:00+00:00,2026-05-21 08:35:00+00:00,LONG,LONG,4.25,"['delta_strong_positive', 'cvd_strong_positive', 'aggressive_buyers', 'above_vwap']",78076.2,77881.0095,-42.571913205363934,LOSS,6,25.0,0.33966817032592733,1.1588678752295687,-0.9999999999999847,dynamic_structure,stop_loss,15.281892721324459,3.663485786755652,3.0487023322880082,2.4254198754674876,UP,BUY,1.5671181785552661,False,77849.86137878308,0.0036364525019634175,NONE,0.0,78173.79525,0.5,False,50.0,False,False,78106.8
2026-05-21 10:25:00+00:00,2026-05-21 10:25:00+00:00,2026-05-21 10:30:00+00:00,2026-05-21 11:05:00+00:00,SHORT,SHORT,-3.5,"['delta_strong_negative', 'cvd_strong_negative', 'below_vwap']",77349.0,77140.7,45.628984850866495,PARTIAL+TRAIL,8,35.0,1.2307851426650636,0.3588928105081859,1.0771955681392282,dynamic_structure,trailing_stop,15.281892721324459,4.203385563927543,-3.7135408607094296,-1.7339556559029123,DOWN,SELL,0.761474817502734,False,77797.45991316125,-0.004420720464997751,NONE,0.0,77140.7,1.0771955681392282,True,50.0,True,True,77140.7
2026-05-22 00:55:00+00:00,2026-05-22 00:55:00+00:00,2026-05-22 01:00:00+00:00,2026-05-22 01:45:00+00:00,SHORT,SHORT,-4.25,"['delta_strong_negative', 'cvd_strong_negative', 'aggressive_sellers', 'below_vwap']",77344.8,77538.162,-42.58719856359071,LOSS,10,45.0,0.29374954748090576,1.3704864451133105,-0.9999999999999672,dynamic_structure,stop_loss,15.281892721324459,0.8681390173288669,-2.059175460608261,-1.5020341625520128,DOWN,SELL,0.4987975398848793,False,77449.910798875,-0.003187872042621647,NONE,0.0,77248.119,0.5,False,50.0,False,False,77333.3
2026-05-22 04:45:00+00:00,2026-05-22 04:45:00+00:00,2026-05-22 04:50:00+00:00,2026-05-22 05:45:00+00:00,SHORT,SHORT,-3.75,"['delta_strong_negative', 'cvd_strong_negative', 'aggressive_sellers']",77604.1,77507.09487500001,21.187131285386204,PARTIAL+TRAIL,12,55.0,0.575742776477076,0.4520379722205249,0.4999999999999795,dynamic_structure,trailing_stop,15.281892721324459,1.2217157675610857,-2.455842219034298,-2.0822122237114833,DOWN,SELL,0.2992727430246382,False,77596.25469116938,-0.00027302640132685174,NONE,0.0,77507.09487500001,0.5,True,50.0,False,True,77575.0
2026-05-22 11:15:00+00:00,2026-05-22 11:15:00+00:00,2026-05-22 11:20:00+00:00,2026-05-22 11:45:00+00:00,SHORT,SHORT,-4.25,"['delta_strong_negative', 'cvd_strong_negative', 'aggressive_sellers', 'below_vwap']",77174.5,77367.43625,-42.480198227200816,LOSS,6,25.0,0.1876267419937782,1.115394333620546,-0.999999999999994,dynamic_structure,stop_loss,15.464405527869857,1.3392465501449904,-2.001484037617097,-2.048506314577984,DOWN,SELL,0.527336313050015,False,77455.0960025141,-0.001768619941727797,NONE,0.0,77078.031875,0.5,False,50.0,False,False,77170.0
2026-05-22 12:10:00+00:00,2026-05-22 12:10:00+00:00,2026-05-22 12:15:00+00:00,2026-05-22 13:25:00+00:00,LONG,LONG,4.25,"['delta_strong_positive', 'cvd_strong_positive', 'aggressive_buyers', 'above_vwap']",77494.8,77301.06300000001,-42.26779723606369,LOSS,15,70.0,0.2771798881989351,1.1334954087242282,-0.9999999999999674,dynamic_structure,stop_loss,15.887083500230492,3.7401672349087876,3.780748514840273,2.3371597978444787,UP,BUY,2.244647399596904,False,77447.31707873999,0.0024452204183201816,NONE,0.0,77591.6685,0.5,False,50.0,False,False,77505.7
2026-05-23 04:15:00+00:00,2026-05-23 04:15:00+00:00,2026-05-23 04:20:00+00:00,2026-05-23 06:15:00+00:00,SHORT,SHORT,-3.75,"['delta_strong_negative', 'cvd_strong_negative', 'aggressive_sellers']",75543.1,75432.2,24.696160045921264,PARTIAL+TRAIL,24,115.0,0.6025699236594892,0.407184772666169,0.587214451088233,dynamic_structure,trailing_stop,15.887083500230492,1.096970907985038,-2.9521918143338297,-2.5843184478971595,DOWN,SELL,0.19106119458412377,False,75437.40199786413,0.0015908385588518168,NONE,0.0,75432.2,0.5872144510882329,True,50.0,False,True,75432.2
2026-05-23 07:45:00+00:00,2026-05-23 07:45:00+00:00,2026-05-23 07:50:00+00:00,2026-05-23 07:50:00+00:00,SHORT,SHORT,-3.5,"['delta_strong_negative', 'cvd_strong_negative', 'below_vwap']",74993.7,74993.7,0.0,LOSS,1,1.0,4.214220661202161,0.014934587838727309,0.0,dynamic_structure,trailing_stop,15.887083500230492,4.117655184648031,-3.0234645768591677,-2.1456527100668414,DOWN,SELL,0.7802965803620076,False,75354.47297581729,-0.0038023650150052647,NONE,0.0,74899.957875,0.5,False,50.0,True,True,74910.0
2026-05-23 10:50:00+00:00,2026-05-23 10:50:00+00:00,2026-05-23 10:55:00+00:00,2026-05-23 13:00:00+00:00,SHORT,SHORT,-4.25,"['delta_strong_negative', 'cvd_strong_negative', 'aggressive_sellers', 'below_vwap']",74682.6,74869.3065,-42.17993905011441,LOSS,26,125.0,0.3304651953735496,1.3786343806990875,-1.000000000000001,dynamic_structure,stop_loss,16.061921290272423,0.08843778116864863,-2.15772906302911,-2.233836325123981,DOWN,SELL,0.27104763997916853,False,74947.96129907426,-0.0003721541591143927,NONE,0.0,74589.24675,0.5,False,50.0,False,False,74633.9
2026-05-24 03:40:00+00:00,2026-05-24 03:40:00+00:00,2026-05-24 03:45:00+00:00,2026-05-24 05:45:00+00:00,SHORT,SHORT,-4.25,"['delta_strong_negative', 'cvd_strong_negative', 'aggressive_sellers', 'below_vwap']",76724.2,76628.29475,20.984519677431056,PARTIAL+TRAIL,25,120.0,0.5901658146973033,0.5197838491636125,0.49999999999998,dynamic_structure,trailing_stop,16.061921290272423,1.3219881028351712,-2.781954235072074,-2.6769828157920905,DOWN,SELL,0.33420861481590103,False,76800.35570557122,-0.000912133978019239,NONE,0.0,76628.29475,0.5,True,50.0,False,True,76720.8
2026-05-24 06:45:00+00:00,2026-05-24 06:45:00+00:00,2026-05-24 06:50:00+00:00,2026-05-24 06:55:00+00:00,LONG,LONG,4.25,"['delta_strong_positive', 'cvd_strong_positive', 'aggressive_buyers', 'above_vwap']",76866.9,76962.983625,21.03698097662532,PARTIAL+TRAIL,2,5.0,0.900777838055162,0.0,0.4999999999999964,dynamic_structure,trailing_stop,16.061921290272423,3.0622459201009407,3.391242721167844,2.9723712840527505,UP,BUY,2.4553493803931747,False,76777.3906451301,0.0012479163751969303,NONE,0.0,76962.983625,0.5,True,50.0,False,True,76894.4
2026-05-24 09:20:00+00:00,2026-05-24 09:20:00+00:00,2026-05-24 09:25:00+00:00,2026-05-24 10:25:00+00:00,LONG,LONG,4.25,"['delta_strong_positive', 'cvd_strong_positive', 'aggressive_buyers', 'above_vwap']",76951.5,76951.5,0.0,LOSS,13,60.0,3.3709544323372516,0.5052533089023454,0.0,dynamic_structure,trailing_stop,16.061921290272423,0.6298308056463081,2.034092172842812,1.5434704570483515,UP,BUY,1.9626736838576675,False,76795.25651351712,0.0018467031248466093,NONE,0.0,77047.689375,0.5,False,50.0,True,True,77040.0
2026-05-25 02:05:00+00:00,2026-05-25 02:05:00+00:00,2026-05-25 02:10:00+00:00,2026-05-25 02:25:00+00:00,LONG,LONG,4.25,"['delta_strong_positive', 'cvd_strong_positive', 'aggressive_buyers', 'above_vwap']",77360.7,77167.29824999999,-42.17914685813507,LOSS,4,15.0,0.34229266281198123,1.9265596097242723,-1.0000000000000235,dynamic_structure,stop_loss,16.063497752313218,3.8468472451649767,4.155653562358099,3.7620144716125243,UP,BUY,2.595560771657009,False,77144.2801875075,0.004259729312937777,NONE,0.0,77457.40087499999,0.5,False,50.0,False,False,77450.6
2026-05-25 04:50:00+00:00,2026-05-25 04:50:00+00:00,2026-05-25 04:55:00+00:00,2026-05-25 05:20:00+00:00,LONG,LONG,3.5,"['delta_strong_positive', 'cvd_strong_positive', 'above_vwap']",77341.3,77450.6,23.72408970542882,PARTIAL+TRAIL,6,25.0,0.5859741173215496,0.2875565836105978,0.5652865933207893,dynamic_structure,trailing_stop,16.063497752313218,3.706643702865465,2.6354145441408954,2.2333650233673477,UP,BUY,1.3941725029970342,False,77142.05234448312,0.0025802832446868533,NONE,0.0,77450.6,0.5652865933207893,True,50.0,False,True,77450.6
2026-05-25 06:05:00+00:00,2026-05-25 06:05:00+00:00,2026-05-25 06:10:00+00:00,2026-05-25 06:10:00+00:00,LONG,LONG,4.25,"['delta_strong_positive', 'cvd_strong_positive', 'aggressive_buyers', 'above_vwap']",77540.8,77346.948,-42.08687157237031,LOSS,1,1.0,0.0,1.3417452489528394,-0.9999999999999946,dynamic_structure,stop_loss,16.247125570982625,3.9002875319718386,3.963362099570446,2.8090568511494443,UP,BUY,2.4941753732143788,False,77215.59180109396,0.0035328866427038917,NONE,0.0,77677.6,0.705693002909451,False,50.0,False,False,77677.6
2026-05-25 09:30:00+00:00,2026-05-25 09:30:00+00:00,2026-05-25 09:35:00+00:00,2026-05-25 11:00:00+00:00,LONG,LONG,4.75,"['delta_strong_positive', 'cvd_strong_positive', 'aggressive_buyers', 'big_trade_buy', 'above_vwap']",77586.2,77392.23449999999,-41.87643721450993,LOSS,18,85.0,0.32892447368219047,1.0842134297078754,-1.0000000000000295,dynamic_structure,stop_loss,16.66588994312773,4.116707362891584,3.9835262947497174,3.276295794135002,UP,BUY,2.470229074285429,True,77272.47417669542,0.002357168223352922,NONE,0.0,77683.18274999999,0.5,False,50.0,False,False,77677.6
2026-05-26 00:15:00+00:00,2026-05-26 00:15:00+00:00,2026-05-26 00:20:00+00:00,2026-05-26 01:10:00+00:00,SHORT,SHORT,-4.25,"['delta_strong_negative', 'cvd_strong_negative', 'aggressive_sellers', 'below_vwap']",77121.2,76821.4,42.81196273618502,PARTIAL+TRAIL,11,50.0,3.0554503819960854,0.2448094687323179,1.0274775288766516,dynamic_structure,trailing_stop,16.66588994312773,2.064803645821417,-3.2558512646791846,-2.6776022826301045,DOWN,SELL,0.3803560152749797,False,77202.10257254902,-0.001553774271914898,NONE,0.0,77024.79849999999,0.5,True,50.0,True,True,77040.2
2026-05-26 04:00:00+00:00,2026-05-26 04:00:00+00:00,2026-05-26 04:05:00+00:00,2026-05-26 04:30:00+00:00,LONG,LONG,3.75,"['delta_strong_positive', 'cvd_strong_positive', 'aggressive_buyers']",76614.9,76710.66862499999,20.940557421057868,PARTIAL+TRAIL,6,25.0,0.689160985656837,0.2354633367660404,0.49999999999998423,dynamic_structure,trailing_stop,16.66588994312773,0.5090382851411781,2.077898707130439,2.1556219959930196,UP,BUY,2.0976112576369643,False,76748.90484641935,-0.0016011891874175362,NONE,0.0,76710.66862499999,0.5,True,50.0,False,True,76655.0
2026-05-26 06:00:00+00:00,2026-05-26 06:00:00+00:00,2026-05-26 06:05:00+00:00,2026-05-26 06:40:00+00:00,SHORT,SHORT,-3.75,"['delta_strong_negative', 'cvd_strong_negative', 'aggressive_sellers']",76834.9,77026.98724999999,-41.985817629221664,LOSS,8,35.0,0.5190349697858504,1.0984591637393946,-0.9999999999999838,dynamic_structure,stop_loss,16.66588994312773,2.85566229193328,-2.6692995662996455,-2.9323668386320367,DOWN,SELL,0.6175365208829983,False,76753.69929274297,0.0019196063562908299,NONE,0.0,76668.2,0.8678347990301132,False,50.0,False,False,76668.2
2026-05-26 10:15:00+00:00,2026-05-26 10:15:00+00:00,2026-05-26 10:20:00+00:00,2026-05-26 11:05:00+00:00,LONG,LONG,4.25,"['delta_strong_positive', 'cvd_strong_positive', 'aggressive_buyers', 'above_vwap']",76860.2,77378.8,76.56175315567776,PARTIAL+TRAIL,10,45.0,3.8501070775251844,0.05256296496751905,1.8326780310225654,dynamic_structure,trailing_stop,16.66588994312773,2.155143531906008,2.6639816140523314,2.486111940120344,UP,BUY,2.2955950878362823,False,76747.1301455121,0.001723442208227333,NONE,0.0,77045.9,0.9664299598491656,True,50.0,True,True,77045.9
2026-05-27 00:50:00+00:00,2026-05-27 00:50:00+00:00,2026-05-27 00:55:00+00:00,2026-05-27 01:20:00+00:00,LONG,LONG,4.25,"['delta_strong_positive', 'cvd_strong_positive', 'aggressive_buyers', 'above_vwap']",76010.1,75820.07475,-42.15869730685596,LOSS,6,25.0,0.3883694403769412,1.1324810781725672,-1.0000000000000318,dynamic_structure,stop_loss,16.66588994312773,1.619491946350614,2.1721010671121013,3.3098522721133925,UP,BUY,1.9534306448952663,False,75938.64843770352,0.0019023136569731945,NONE,0.0,76105.11262500001,0.5,False,50.0,False,False,76031.9
2026-05-27 04:15:00+00:00,2026-05-27 04:15:00+00:00,2026-05-27 04:20:00+00:00,2026-05-27 04:45:00+00:00,SHORT,SHORT,-4.25,"['delta_strong_negative', 'cvd_strong_negative', 'aggressive_sellers', 'below_vwap']",75508.3,75413.914625,20.973951910159737,PARTIAL+TRAIL,6,25.0,1.2210578174849651,0.06939634450777606,0.4999999999999895,dynamic_structure,trailing_stop,16.66588994312773,3.408711238625027,-3.41682747563781,-2.3958480631528416,DOWN,SELL,0.38820663845205355,False,75800.08954872725,-0.0037199106592201757,NONE,0.0,75413.914625,0.5,True,50.0,True,True,75467.1
2026-05-27 07:30:00+00:00,2026-05-27 07:30:00+00:00,2026-05-27 07:35:00+00:00,2026-05-27 08:30:00+00:00,LONG,LONG,4.25,"['delta_strong_positive', 'cvd_strong_positive', 'aggressive_buyers', 'above_vwap']",75903.2,75998.079,21.02638678993576,PARTIAL+TRAIL,12,55.0,0.7103784820666476,0.36678295513228043,0.5000000000000043,dynamic_structure,trailing_stop,16.66588994312773,2.4481379869643183,2.977298174576558,1.763127304614632,UP,BUY,2.9520260449111566,False,75683.97157093903,0.004309981868923254,NONE,0.0,75998.079,0.5,True,50.0,False,True,75914.1
2026-05-27 12:15:00+00:00,2026-05-27 12:15:00+00:00,2026-05-27 12:20:00+00:00,2026-05-27 12:20:00+00:00,LONG,LONG,4.25,"['delta_strong_positive', 'cvd_strong_positive', 'aggressive_buyers', 'above_vwap']",75808.1,75808.1,0.0,LOSS,1,1.0,1.8330495026256781,0.17201328090273107,0.0,dynamic_structure,trailing_stop,16.66588994312773,3.5003363579252573,3.718379905643109,2.493737767963882,UP,BUY,1.887977612635171,False,75743.13361367388,-0.00034749616361872624,NONE,0.0,75943.7,0.7154908248590389,False,50.0,True,True,75943.7
2026-05-28 01:15:00+00:00,2026-05-28 01:15:00+00:00,2026-05-28 01:20:00+00:00,2026-05-28 01:20:00+00:00,SHORT,SHORT,-4.25,"['delta_strong_negative', 'cvd_strong_negative', 'aggressive_sellers', 'below_vwap']",74325.1,74510.91275,-42.157905513820225,LOSS,1,1.0,0.5048092770813785,1.011233082767432,-0.9999999999999855,dynamic_structure,stop_loss,16.66588994312773,3.921009379503537,-4.054832327220219,-3.406521944249588,DOWN,SELL,0.39699032710625415,False,74417.10339365275,-0.001885076461173511,NONE,0.0,74232.193625,0.5,False,50.0,False,False,74300.1
2026-05-28 03:15:00+00:00,2026-05-28 03:15:00+00:00,2026-05-28 03:20:00+00:00,2026-05-28 03:20:00+00:00,SHORT,SHORT,-4.25,"['delta_strong_negative', 'cvd_strong_negative', 'aggressive_sellers', 'below_vwap']",73692.8,73877.032,-41.947115986252555,LOSS,1,1.0,0.08576143123888852,1.1740631377828115,-1.0000000000000195,dynamic_structure,stop_loss,16.66588994312773,4.240334146674467,-4.2396598960440475,-4.205998116301787,DOWN,SELL,0.3983054511199784,False,74104.37553184954,-0.006031538906906621,NONE,0.0,73436.4,1.3917234790916275,False,50.0,False,False,73436.4
2026-05-28 06:45:00+00:00,2026-05-28 06:45:00+00:00,2026-05-28 06:50:00+00:00,2026-05-28 07:05:00+00:00,LONG,LONG,3.75,"['delta_strong_positive', 'cvd_strong_positive', 'aggressive_buyers']",73112.4,73203.79049999999,20.868690203158877,PARTIAL+TRAIL,4,15.0,0.5263129099852373,0.34358056909628665,0.4999999999999676,dynamic_structure,trailing_stop,16.66588994312773,4.064289468644195,3.4462921448853896,1.8668368982748196,UP,BUY,1.5042237676954051,False,73482.5795763005,-0.002650469462949543,NONE,0.0,73203.79049999999,0.5,True,50.0,False,True,73162.6
2026-05-28 10:15:00+00:00,2026-05-28 10:15:00+00:00,2026-05-28 10:20:00+00:00,2026-05-28 10:25:00+00:00,SHORT,SHORT,-4.25,"['delta_strong_negative', 'cvd_strong_negative', 'aggressive_sellers', 'below_vwap']",73431.6,73330.4,23.065723499762587,PARTIAL+TRAIL,2,5.0,0.62697803125633,0.06863530142331785,0.5512613098448713,dynamic_structure,trailing_stop,16.66588994312773,1.6984674921772023,-2.862313621256666,-2.1927979497833023,DOWN,SELL,0.3726753092724068,False,73455.58167548219,0.0026173923403213324,NONE,0.0,73330.4,0.5512613098448713,True,50.0,False,True,73330.4
2026-05-29 00:45:00+00:00,2026-05-29 00:45:00+00:00,2026-05-29 00:50:00+00:00,2026-05-29 01:45:00+00:00,SHORT,SHORT,-4.25,"['delta_strong_negative', 'cvd_strong_negative', 'aggressive_sellers', 'below_vwap']",73725.3,73569.1,28.26794044269186,PARTIAL+TRAIL,12,55.0,1.5994509347537569,0.6440122997125659,0.6737351356996861,dynamic_structure,trailing_stop,16.66588994312773,0.9767589541720637,-3.0816087216353014,-2.161715291807583,DOWN,SELL,0.17660441641792718,False,73736.08522089785,0.000625095776378266,NONE,0.0,73633.143375,0.5,True,50.0,True,True,73718.4
2026-05-29 02:25:00+00:00,2026-05-29 02:25:00+00:00,2026-05-29 02:30:00+00:00,2026-05-29 03:00:00+00:00,SHORT,SHORT,-4.25,"['delta_strong_negative', 'cvd_strong_negative', 'aggressive_sellers', 'below_vwap']",73359.2,73267.501,21.04919608852272,PARTIAL+TRAIL,7,30.0,1.092705482066294,0.5419906433004108,0.4999999999999632,dynamic_structure,trailing_stop,16.66588994312773,3.101173172328598,-2.3174020891508467,-1.9617651934761156,DOWN,SELL,0.4784993173769659,False,73635.21800648568,-0.003351316236381188,NONE,0.0,73267.501,0.5,True,50.0,True,True,73331.1
2026-05-29 04:55:00+00:00,2026-05-29 04:55:00+00:00,2026-05-29 05:00:00+00:00,2026-05-29 05:50:00+00:00,LONG,LONG,3.75,"['delta_strong_positive', 'cvd_strong_positive', 'aggressive_buyers']",73466.3,73614.9,34.146054069432196,PARTIAL+TRAIL,11,50.0,1.0726006345766699,0.03920164755811625,0.8090784482136233,dynamic_structure,trailing_stop,16.66588994312773,1.444082190850656,2.663051935150001,1.9152961826610941,UP,BUY,2.5280012981682463,False,73477.57132983005,0.0007290228085076,NONE,0.0,73614.9,0.8090784482136232,True,50.0,True,True,73614.9
2026-05-29 07:30:00+00:00,2026-05-29 07:30:00+00:00,2026-05-29 07:35:00+00:00,2026-05-29 07:55:00+00:00,SHORT,SHORT,-4.25,"['delta_strong_negative', 'cvd_strong_negative', 'aggressive_sellers', 'below_vwap']",73495.5,73403.630625,21.18718421391794,PARTIAL+TRAIL,5,20.0,0.8844078889183691,0.09197842044747871,0.4999999999999714,dynamic_structure,trailing_stop,16.66588994312773,3.2067750916876094,-2.5352836107148087,-2.072054375075423,DOWN,SELL,0.5542573069462822,False,73547.62403432508,-0.0008992073804818585,NONE,0.0,73403.630625,0.5,True,50.0,False,True,73460.8
2026-05-29 11:50:00+00:00,2026-05-29 11:50:00+00:00,2026-05-29 11:55:00+00:00,2026-05-29 12:15:00+00:00,SHORT,SHORT,-4.25,"['delta_strong_negative', 'cvd_strong_negative', 'aggressive_sellers', 'below_vwap']",73393.1,73301.35862500001,21.240152174453435,PARTIAL+TRAIL,5,20.0,0.5847961184362176,0.3013907301911943,0.49999999999998795,dynamic_structure,trailing_stop,16.66588994312773,3.9668330346659206,-2.744841685827694,-2.3994345188248962,DOWN,SELL,0.5952350211821666,False,73567.54828964287,-0.0034349096964940273,NONE,0.0,73301.35862500001,0.5,True,50.0,False,True,73305.1
2026-05-29 12:45:00+00:00,2026-05-29 12:45:00+00:00,2026-05-29 12:50:00+00:00,2026-05-29 13:35:00+00:00,SHORT,SHORT,-4.25,"['delta_strong_negative', 'cvd_strong_negative', 'aggressive_sellers', 'below_vwap']",73216.4,73099.8,24.210763535764055,PARTIAL+TRAIL,10,45.0,1.9143252058281706,0.7063991127671009,0.568507875284745,dynamic_structure,trailing_stop,16.66588994312773,1.9312147584980546,-2.876575144835697,-2.1869612607948983,DOWN,SELL,0.3594738215109556,False,73541.41045885932,-0.00428290444900169,NONE,0.0,73124.8795,0.5,True,50.0,True,True,73166.0
2026-05-30 04:45:00+00:00,2026-05-30 04:45:00+00:00,2026-05-30 04:50:00+00:00,2026-05-30 05:10:00+00:00,LONG,LONG,3.75,"['delta_strong_positive', 'cvd_strong_positive', 'aggressive_buyers']",73330.1,73549.7,51.15814619355282,PARTIAL+TRAIL,5,20.0,1.8606274913029779,0.1129140693931231,1.197870997039367,dynamic_structure,trailing_stop,16.66588994312773,0.9806834691552054,2.1688382854904034,1.6241452846708364,UP,BUY,2.882084807359442,False,73479.7970651009,-0.0020910973117397925,NONE,0.0,73549.7,1.1978709970393673,True,50.0,True,True,73549.7
2026-05-30 10:25:00+00:00,2026-05-30 10:25:00+00:00,2026-05-30 10:30:00+00:00,2026-05-30 13:20:00+00:00,SHORT,SHORT,-3.75,"['delta_strong_negative', 'cvd_strong_negative', 'aggressive_sellers']",73597.3,73781.29325,-42.96334965842664,LOSS,35,170.0,0.3706657717062832,1.178847593593755,-0.9999999999999973,dynamic_structure,stop_loss,16.66588994312773,1.3845536362796678,-2.5037672698759597,-2.168220205598001,DOWN,SELL,0.37828936397291796,False,73491.67739878704,0.0007001210577466141,NONE,0.0,73505.303375,0.5,False,50.0,False,False,73514.8
2026-05-31 01:00:00+00:00,2026-05-31 01:00:00+00:00,2026-05-31 01:05:00+00:00,2026-05-31 01:25:00+00:00,LONG,LONG,4.25,"['delta_strong_positive', 'cvd_strong_positive', 'aggressive_buyers', 'above_vwap']",74080.0,74172.6,21.374266455068653,PARTIAL+TRAIL,5,20.0,0.91792656587473,0.25971922246223444,0.5000000000000314,dynamic_structure,trailing_stop,16.66588994312773,2.1609202247616115,2.85345688036882,2.0455505663625657,UP,BUY,2.3670527222238347,False,73944.67129799553,0.0024918384430757286,NONE,0.0,74172.6,0.5,True,50.0,False,True,74087.9
2026-05-31 02:25:00+00:00,2026-05-31 02:25:00+00:00,2026-05-31 02:30:00+00:00,2026-05-31 02:35:00+00:00,SHORT,SHORT,-4.25,"['delta_strong_negative', 'cvd_strong_negative', 'aggressive_sellers', 'below_vwap']",73933.1,73840.683625,21.427702121205144,PARTIAL+TRAIL,2,5.0,0.5091089106232841,0.3597847242980478,0.5000000000000038,dynamic_structure,trailing_stop,16.66588994312773,2.370881802252673,-2.602675866429789,-1.607423528241524,DOWN,SELL,0.27897913745671205,False,74061.40312334271,-0.000970548839813767,NONE,0.0,73840.683625,0.5,True,50.0,False,True,73888.0
2026-05-31 04:30:00+00:00,2026-05-31 04:30:00+00:00,2026-05-31 04:35:00+00:00,2026-05-31 05:55:00+00:00,SHORT,SHORT,-3.75,"['delta_strong_negative', 'cvd_strong_negative', 'aggressive_sellers']",74123.1,74030.446125,21.48127137650883,PARTIAL+TRAIL,17,80.0,0.5666249792574783,0.3858446287324734,0.5000000000000194,dynamic_structure,trailing_stop,16.66588994312773,1.4880035211126634,-2.8801825487581496,-3.1063825898595283,DOWN,SELL,0.19953527168732127,False,74058.4648219111,0.0006477819390003853,NONE,0.0,74030.446125,0.5,True,50.0,False,True,74098.2
2026-05-31 06:30:00+00:00,2026-05-31 06:30:00+00:00,2026-05-31 06:35:00+00:00,2026-05-31 07:25:00+00:00,LONG,LONG,3.75,"['delta_strong_positive', 'cvd_strong_positive', 'aggressive_buyers']",74045.3,73860.18675000001,-43.06994910989734,LOSS,11,50.0,0.04537762693915308,1.0118130387749278,-0.9999999999999721,dynamic_structure,stop_loss,16.66588994312773,1.9814162852238337,2.5547749728193456,2.549144825118971,UP,BUY,2.9104192499748653,False,74059.65740622013,-0.00038583421483389394,NONE,0.0,74137.856625,0.5,False,50.0,False,False,74135.5
2026-05-31 10:20:00+00:00,2026-05-31 10:20:00+00:00,2026-05-31 10:25:00+00:00,2026-05-31 11:25:00+00:00,SHORT,SHORT,-4.25,"['delta_strong_negative', 'cvd_strong_negative', 'aggressive_sellers', 'below_vwap']",73742.1,73926.45525,-42.85459936434747,LOSS,13,60.0,0.0,1.0957105913718215,-0.9999999999999631,dynamic_structure,stop_loss,16.66588994312773,3.724789572121819,-3.212747710517209,-2.622715176226627,DOWN,SELL,0.3749639069086989,False,73996.59966788253,-0.0018876533383992275,NONE,0.0,73649.92237500001,0.5,False,50.0,False,False,73701.0
2026-05-31 12:15:00+00:00,2026-05-31 12:15:00+00:00,2026-05-31 12:20:00+00:00,2026-05-31 13:50:00+00:00,LONG,LONG,3.75,"['delta_strong_positive', 'cvd_strong_positive', 'aggressive_buyers']",73960.2,73775.2995,-42.6403263675281,LOSS,19,90.0,0.20335261397349289,1.0281205296902458,-1.0000000000000184,dynamic_structure,stop_loss,16.66588994312773,1.887368959783823,2.143025882652,1.7622516496064415,UP,BUY,2.8378134040501446,False,73984.51065994936,0.0013442368534857516,NONE,0.0,74052.65024999999,0.5,False,50.0,False,False,73998.9
