timestamp,signal_timestamp,entry_timestamp,exit_timestamp,signal,direction,score,reasons,entry,exit,pnl,outcome,duration_bars,duration_minutes,mfe_r,mae_r,rr_realized,rr_model,exit_reason,drawdown,volume_z,delta_z,cvd_slope_z,cvd_condition,delta_condition,buy_sell_ratio,big_trade,vwap,distance_to_poc,absorption,absorption_score,target_price,target_r
2026-03-01 02:00:00+00:00,2026-03-01 02:00:00+00:00,2026-03-01 02:05:00+00:00,2026-03-01 02:05:00+00:00,LONG,LONG,4.25,"['delta_strong_positive', 'cvd_strong_positive', 'aggressive_buyers', 'above_vwap']",67991.0,67821.0225,-49.99999999999812,LOSS,1,1.0,0.5353649747760734,2.076745451603889,-0.9999999999999624,0.75,stop_loss,0.4999999999999818,2.6787496418473773,2.5486969794164747,2.3443438081131505,UP,BUY,1.6585883218873945,False,67020.8535345461,0.014475292603574821,NONE,0.0,68118.483125,0.75
2026-03-01 06:05:00+00:00,2026-03-01 06:05:00+00:00,2026-03-01 06:10:00+00:00,2026-03-01 06:10:00+00:00,SHORT,SHORT,-4.25,"['delta_strong_negative', 'cvd_strong_negative', 'aggressive_sellers', 'below_vwap']",67080.6,66954.823875,37.31250000000118,WIN,1,1.0,1.1484691550165371,0.10435207794802073,0.7500000000000236,0.75,take_profit,0.4999999999999818,3.364546923956765,-3.180717027456477,-2.6388439547692557,DOWN,SELL,0.39459802012286693,False,67290.70765587836,-0.006592027811863395,NONE,0.0,66954.823875,0.75
2026-03-01 08:50:00+00:00,2026-03-01 08:50:00+00:00,2026-03-01 08:55:00+00:00,2026-03-01 09:00:00+00:00,SHORT,SHORT,-3.5,"['delta_strong_negative', 'cvd_strong_negative', 'below_vwap']",66487.1,66653.31775,-49.93656249999886,LOSS,2,5.0,0.9782348756375646,1.0859249388227188,-0.9999999999999767,0.75,stop_loss,0.6262406249999549,4.098518759744508,-3.4137022576866864,-3.193933698013648,DOWN,SELL,0.7231534386289661,False,67220.70996326448,-0.008304355657138556,NONE,0.0,66362.43668750001,0.75
2026-03-01 11:05:00+00:00,2026-03-01 11:05:00+00:00,2026-03-01 11:10:00+00:00,2026-03-01 11:15:00+00:00,LONG,LONG,4.25,"['delta_strong_positive', 'cvd_strong_positive', 'aggressive_buyers', 'big_trade_buy']",66484.7,66609.3588125,37.26515976562443,WIN,2,5.0,0.9223174655221602,0.16003682050150647,0.7499999999999881,0.75,take_profit,0.6262406249999549,0.23305575905152684,2.832697949409894,3.500560028688794,UP,BUY,5.437083110817914,True,67102.96873593489,-0.002549092966593908,NONE,0.0,66609.3588125,0.75
2026-03-02 02:05:00+00:00,2026-03-02 02:05:00+00:00,2026-03-02 02:10:00+00:00,2026-03-02 02:10:00+00:00,SHORT,SHORT,-4.25,"['delta_strong_negative', 'cvd_strong_negative', 'aggressive_sellers', 'below_vwap']",66145.8,66021.776625,37.4049041147474,WIN,1,1.0,1.8341300581442987,0.05140160070631846,0.750000000000026,0.75,take_profit,0.6262406249999549,1.3889618101113475,-2.68760251640343,-2.4798250539077293,DOWN,SELL,0.505231387185235,False,66427.61782093406,0.0019493101038703996,NONE,0.0,66021.776625,0.75
2026-03-02 06:15:00+00:00,2026-03-02 06:15:00+00:00,2026-03-02 06:20:00+00:00,2026-03-02 06:20:00+00:00,SHORT,SHORT,-4.25,"['delta_strong_negative', 'cvd_strong_negative', 'aggressive_sellers', 'below_vwap']",66197.1,66072.98043750001,37.545172505175316,WIN,1,1.0,1.1003503174610718,0.3450302203570323,0.7499999999999781,0.75,take_profit,0.6262406249999549,2.6777264120333357,-2.695365388213822,-2.423016609716881,DOWN,SELL,0.5758815220623557,False,66508.47325512764,-0.0064676136103467025,NONE,0.0,66072.98043750001,0.75
2026-03-02 07:05:00+00:00,2026-03-02 07:05:00+00:00,2026-03-02 07:10:00+00:00,2026-03-02 07:20:00+00:00,SHORT,SHORT,-4.25,"['delta_strong_negative', 'cvd_strong_negative', 'aggressive_sellers', 'below_vwap']",65634.1,65511.0360625,37.68596690207167,WIN,3,10.0,0.762408565059966,0.7624085650598774,0.7500000000000169,0.75,take_profit,0.6262406249999549,3.119176968371475,-3.174839322990238,-2.768083780261411,DOWN,SELL,0.5060266613593003,False,66444.91620208607,-0.013368763626247704,NONE,0.0,65511.0360625,0.75
2026-03-02 11:55:00+00:00,2026-03-02 11:55:00+00:00,2026-03-02 12:00:00+00:00,2026-03-02 12:15:00+00:00,LONG,LONG,3.25,"['cvd_strong_positive', 'aggressive_buyers', 'big_trade_buy', 'above_vwap']",66329.8,66163.9755,-50.43638570393886,LOSS,4,15.0,0.23699754861315975,1.1331256840817172,-1.0000000000000147,0.75,stop_loss,0.6262406249999549,-0.5392301016947143,1.3971517369023432,1.5685204366416465,UP,BUY,2.487873860669629,True,66299.66580326472,0.0024915792839550178,NONE,0.0,66454.16837500001,0.75
2026-03-03 02:00:00+00:00,2026-03-03 02:00:00+00:00,2026-03-03 02:05:00+00:00,2026-03-03 02:20:00+00:00,SHORT,SHORT,-4.75,"['delta_strong_negative', 'cvd_strong_negative', 'aggressive_sellers', 'big_trade_sell', 'below_vwap']",68547.5,68418.9734375,37.638152831564675,WIN,4,15.0,2.3656588497027267,0.7288376673109548,0.750000000000017,0.75,take_profit,0.6262406249999549,3.9977876413555427,-3.1724024094729417,-2.670954935282671,DOWN,SELL,0.6345537122236725,True,68853.76706793802,-0.006114353568050972,NONE,0.0,68418.9734375,0.75
2026-03-03 04:45:00+00:00,2026-03-03 04:45:00+00:00,2026-03-03 04:50:00+00:00,2026-03-03 05:05:00+00:00,SHORT,SHORT,-4.25,"['delta_strong_negative', 'cvd_strong_negative', 'aggressive_sellers', 'below_vwap']",68067.9,68238.06975,-50.37239453957654,LOSS,4,15.0,0.39313685305404855,1.4426770915512306,-1.0000000000000056,0.75,stop_loss,0.6262406249999913,3.5686150017450946,-3.7895065196470634,-3.6244438063378444,DOWN,SELL,0.39929123247369125,False,68588.49484077079,-0.006598701648280231,NONE,0.0,67940.2726875,0.75
2026-03-03 05:45:00+00:00,2026-03-03 05:45:00+00:00,2026-03-03 05:50:00+00:00,2026-03-03 06:00:00+00:00,SHORT,SHORT,-4.25,"['delta_strong_negative', 'cvd_strong_negative', 'aggressive_sellers', 'below_vwap']",67835.5,68005.08875,-50.120532566876996,LOSS,3,10.0,0.20343330557009234,1.0342667187534207,-0.9999999999999725,0.75,stop_loss,1.1231094218749693,2.635208144719467,-3.014777355409091,-2.1354861776007716,DOWN,SELL,0.3974543535210573,False,68494.18648225299,-0.007211191099248532,NONE,0.0,67708.3084375,0.75
2026-03-03 08:40:00+00:00,2026-03-03 08:40:00+00:00,2026-03-03 08:45:00+00:00,2026-03-03 08:45:00+00:00,SHORT,SHORT,-4.25,"['delta_strong_negative', 'cvd_strong_negative', 'aggressive_sellers', 'below_vwap']",67310.1,67183.8935625,37.402447428034336,WIN,1,1.0,1.308570333426999,0.11112745338365022,0.7500000000000269,0.75,take_profit,1.1231094218749693,2.9414647293149176,-3.467243950628078,-2.7384300014812175,DOWN,SELL,0.5965709828059474,False,68235.66167847127,-0.00936096362573615,NONE,0.0,67183.8935625,0.75
2026-03-03 10:45:00+00:00,2026-03-03 10:45:00+00:00,2026-03-03 10:50:00+00:00,2026-03-03 10:50:00+00:00,LONG,LONG,3.75,"['delta_strong_positive', 'cvd_strong_positive', 'aggressive_buyers']",66942.0,66774.645,-50.05694214118295,LOSS,1,1.0,0.0005975321920816275,1.3856771533566024,-0.9999999999999757,0.75,stop_loss,1.2485594767959507,1.485064892108466,2.9166727728674884,1.5374543846616293,UP,BUY,2.2710376524613145,False,67708.46308114592,-0.003136130888298079,NONE,0.0,67067.51625,0.75
2026-03-04 01:30:00+00:00,2026-03-04 01:30:00+00:00,2026-03-04 01:35:00+00:00,2026-03-04 01:35:00+00:00,LONG,LONG,4.25,"['delta_strong_positive', 'cvd_strong_positive', 'aggressive_buyers', 'above_vwap']",68471.5,68599.8840625,37.354993072859024,WIN,1,1.0,1.1111192247869381,0.0,0.7500000000000068,0.75,take_profit,1.2485594767959507,3.46569340790925,3.3203464873297936,2.8039181984144603,UP,BUY,2.4723745372993022,False,68160.65934952511,0.0032804191957866075,NONE,0.0,68599.8840625,0.75
2026-03-04 03:30:00+00:00,2026-03-04 03:30:00+00:00,2026-03-04 03:35:00+00:00,2026-03-04 03:35:00+00:00,SHORT,SHORT,-4.25,"['delta_strong_negative', 'cvd_strong_negative', 'aggressive_sellers', 'below_vwap']",67500.1,67373.5373125,37.495074296882386,WIN,1,1.0,0.8894801637331251,0.8965912643091689,0.7500000000000097,0.75,take_profit,1.2485594767959507,3.970658104610324,-3.447387372690174,-2.847338718085972,DOWN,SELL,0.5828674221761861,False,68188.64686962537,-0.010236947004530884,NONE,0.0,67373.5373125,0.75
2026-03-04 07:40:00+00:00,2026-03-04 07:40:00+00:00,2026-03-04 07:45:00+00:00,2026-03-04 07:45:00+00:00,LONG,LONG,4.25,"['delta_strong_positive', 'cvd_strong_positive', 'aggressive_buyers', 'above_vwap']",68937.6,69066.85800000001,37.63568082549568,WIN,1,1.0,3.3903123984588284,0.537877732906348,0.7500000000000093,0.75,take_profit,1.2485594767959507,2.115717408984842,2.9053943272002205,2.945607799565145,UP,BUY,2.83010505774987,False,68124.46522577536,0.011969759994638226,NONE,0.0,69066.85800000001,0.75
2026-03-04 08:45:00+00:00,2026-03-04 08:45:00+00:00,2026-03-04 08:50:00+00:00,2026-03-04 08:50:00+00:00,LONG,LONG,4.25,"['delta_strong_positive', 'cvd_strong_positive', 'aggressive_buyers', 'above_vwap']",70567.8,70700.114625,37.77681462859056,WIN,1,1.0,0.9466073761687341,0.5957391331457453,0.7499999999999947,0.75,take_profit,1.2485594767959507,3.3505581605456523,2.94415671097814,1.583026031841534,UP,BUY,1.8472584992584318,False,68624.54514739286,0.02154854314288626,NONE,0.0,70700.114625,0.75
2026-03-05 04:20:00+00:00,2026-03-05 04:20:00+00:00,2026-03-05 04:25:00+00:00,2026-03-05 04:35:00+00:00,LONG,LONG,4.25,"['delta_strong_positive', 'cvd_strong_positive', 'aggressive_buyers', 'above_vwap']",72708.7,72526.92825,-50.55797024459735,LOSS,3,10.0,0.6794235077782989,1.1866530415204624,-0.9999999999999993,0.75,stop_loss,1.2485594767959507,0.9999350872878741,2.2170518359657088,1.8966041542956964,UP,BUY,2.5750578150325865,False,72676.14342513465,0.0005481778843536097,NONE,0.0,72845.0288125,0.75
2026-03-05 07:50:00+00:00,2026-03-05 07:50:00+00:00,2026-03-05 07:55:00+00:00,2026-03-05 07:55:00+00:00,SHORT,SHORT,-4.75,"['delta_strong_negative', 'cvd_strong_negative', 'aggressive_sellers', 'big_trade_sell', 'below_vwap']",71766.1,71945.51525000001,-50.30518039337593,LOSS,1,1.0,0.14547258385229694,1.5985263237098761,-1.0000000000000304,0.75,stop_loss,1.2485594767959507,3.9341138332323506,-3.534640558902839,-3.408559997248079,DOWN,SELL,0.6036417359187443,True,72517.94116047713,-0.008694385578925884,NONE,0.0,71631.5385625,0.75
2026-03-05 10:25:00+00:00,2026-03-05 10:25:00+00:00,2026-03-05 10:30:00+00:00,2026-03-05 10:30:00+00:00,LONG,LONG,3.5,"['delta_strong_positive', 'cvd_strong_positive', 'above_vwap']",73122.4,73259.5045,37.54024086855599,WIN,1,1.0,2.0300208964695132,0.002188111987539683,0.7500000000000071,0.75,take_profit,1.2485594767959507,3.8498221230508824,3.737837589855979,3.387962564812826,UP,BUY,1.4998367836982878,False,72498.89703961558,0.01020972240231326,NONE,0.0,73259.5045,0.75
2026-03-06 01:25:00+00:00,2026-03-06 01:25:00+00:00,2026-03-06 01:30:00+00:00,2026-03-06 01:30:00+00:00,SHORT,SHORT,-4.25,"['delta_strong_negative', 'cvd_strong_negative', 'aggressive_sellers', 'below_vwap']",70423.1,70599.15775000001,-50.241355695752354,LOSS,1,1.0,0.052823576354934156,2.287885651157011,-1.0000000000000409,0.75,stop_loss,1.2485594767959507,4.047843402819207,-3.89616794470495,-2.881279378511338,DOWN,SELL,0.522928012704841,False,70762.89015476471,-0.007332803940450232,NONE,0.0,70291.05668750001,0.75
2026-03-06 04:10:00+00:00,2026-03-06 04:10:00+00:00,2026-03-06 04:15:00+00:00,2026-03-06 04:35:00+00:00,SHORT,SHORT,-4.25,"['delta_strong_negative', 'cvd_strong_negative', 'aggressive_sellers', 'below_vwap']",70872.0,70739.115,37.49261168795218,WIN,5,20.0,1.1547578733491692,0.4204763517327012,0.7499999999999704,0.75,take_profit,1.2485594767959507,1.6651313179736262,-2.4092135143330684,-1.8263687161898896,DOWN,SELL,0.395524982697163,False,70968.20416365618,-0.0014027758910697711,NONE,0.0,70739.115,0.75
2026-03-06 10:00:00+00:00,2026-03-06 10:00:00+00:00,2026-03-06 10:05:00+00:00,2026-03-06 10:25:00+00:00,LONG,LONG,3.75,"['delta_strong_positive', 'cvd_strong_positive', 'aggressive_buyers']",70620.5,70752.9134375,37.633208981783305,WIN,5,20.0,0.8365842779362768,0.16482466139438728,0.7499999999999966,0.75,take_profit,1.2485594767959507,0.3185051497915559,2.7141043224775987,2.2765345404631514,UP,BUY,1.586170072455444,False,70725.64333449418,-0.000823031116476946,NONE,0.0,70752.9134375,0.75
2026-03-06 12:00:00+00:00,2026-03-06 12:00:00+00:00,2026-03-06 12:05:00+00:00,2026-03-06 12:05:00+00:00,SHORT,SHORT,-4.25,"['delta_strong_negative', 'cvd_strong_negative', 'aggressive_sellers', 'below_vwap']",70132.5,70001.0015625,37.77433351546683,WIN,1,1.0,2.169607528606533,0.12205468220864323,0.7500000000000333,0.75,take_profit,1.2485594767959507,2.8294072663968732,-2.029288568051648,-2.0299296691422075,DOWN,SELL,0.6325116368173888,False,70677.74268812544,-0.005617092681805996,NONE,0.0,70001.0015625,0.75
2026-03-07 00:25:00+00:00,2026-03-07 00:25:00+00:00,2026-03-07 00:30:00+00:00,2026-03-07 00:30:00+00:00,LONG,LONG,3.25,"['delta_strong_positive', 'cvd_strong_positive', 'aggressive_buyers', 'big_trade_buy', 'above_vwap', 'buy_absorption']",68182.1,68309.9414375,37.915987266147944,WIN,1,1.0,1.1158353878803797,0.03578651874908998,0.7499999999999959,0.75,take_profit,1.2485594767959507,1.179953943498435,3.1557858431827666,1.5247340283804656,UP,BUY,4.906873424751164,True,68163.55339562563,0.0005486831581846912,BUY_ABSORPTION,-1.0,68309.9414375,0.75
2026-03-07 04:00:00+00:00,2026-03-07 04:00:00+00:00,2026-03-07 04:05:00+00:00,2026-03-07 04:35:00+00:00,SHORT,SHORT,-4.25,"['delta_strong_negative', 'cvd_strong_negative', 'aggressive_sellers', 'below_vwap']",67875.8,68045.4895,-50.74422962452623,LOSS,7,30.0,0.2899413340247752,1.2982535749118413,-0.9999999999999596,0.75,stop_loss,1.2485594767959507,3.74507422560245,-3.4622240371636552,-2.498067450596599,DOWN,SELL,0.5075055861247552,False,68192.89109093769,-0.004680815883360119,NONE,0.0,67748.532875,0.75
2026-03-07 06:50:00+00:00,2026-03-07 06:50:00+00:00,2026-03-07 06:55:00+00:00,2026-03-07 07:00:00+00:00,SHORT,SHORT,-4.25,"['delta_strong_negative', 'cvd_strong_negative', 'aggressive_sellers', 'below_vwap']",67664.5,67537.6290625,37.867881357305286,WIN,2,5.0,0.7714532731343615,0.3931160357351344,0.7500000000000208,0.75,take_profit,1.2485594767959507,4.024857350946707,-3.9321605414785354,-3.3586898194380743,DOWN,SELL,0.46313583045639906,False,68081.35126982722,-0.005255893207975691,NONE,0.0,67537.6290625,0.75
2026-03-07 11:10:00+00:00,2026-03-07 11:10:00+00:00,2026-03-07 11:15:00+00:00,2026-03-07 11:55:00+00:00,LONG,LONG,4.25,"['delta_strong_positive', 'cvd_strong_positive', 'aggressive_buyers', 'above_vwap']",68160.0,67989.6,-50.67984788319045,LOSS,9,40.0,0.3262910798122407,1.1085680751173368,-0.9999999999999658,0.75,stop_loss,1.2485594767959507,3.9852014030719873,3.8249121054884054,2.323047777311183,UP,BUY,2.55949037313139,False,67963.3404468714,0.004267267846566353,NONE,0.0,68287.8,0.75
2026-03-08 01:25:00+00:00,2026-03-08 01:25:00+00:00,2026-03-08 01:30:00+00:00,2026-03-08 01:30:00+00:00,SHORT,SHORT,-4.25,"['delta_strong_negative', 'cvd_strong_negative', 'aggressive_sellers', 'below_vwap']",67197.7,67071.70431249999,37.81983648283403,WIN,1,1.0,0.8476480593829502,0.000595258468702475,0.7500000000000367,0.75,take_profit,1.2485594767959507,1.4395914180412333,-2.2807376308397442,-1.7741071898361733,DOWN,SELL,0.3336173473094629,False,67262.15049757801,-0.0010719046211168477,NONE,0.0,67071.70431249999,0.75
2026-03-08 02:40:00+00:00,2026-03-08 02:40:00+00:00,2026-03-08 02:45:00+00:00,2026-03-08 02:45:00+00:00,LONG,LONG,4.25,"['delta_strong_positive', 'cvd_strong_positive', 'aggressive_buyers', 'above_vwap']",67368.1,67199.67975000001,-50.615547826189065,LOSS,1,1.0,0.0,1.986103215023134,-0.9999999999999738,0.75,stop_loss,1.2485594767959507,3.3693182468177585,3.1165492161547923,2.3499795719850267,UP,BUY,2.145826476305216,False,67244.79672809748,0.0017251352700730735,NONE,0.0,67494.41518750001,0.75
2026-03-08 04:50:00+00:00,2026-03-08 04:50:00+00:00,2026-03-08 04:55:00+00:00,2026-03-08 05:00:00+00:00,SHORT,SHORT,-4.25,"['delta_strong_negative', 'cvd_strong_negative', 'aggressive_sellers', 'below_vwap']",66583.5,66749.95875,-50.362470087061034,LOSS,2,5.0,0.45356582336464735,1.0441025178910865,-1.0000000000000315,0.75,stop_loss,1.2485594767959507,4.0076006810054015,-3.8419012169879725,-3.3235520391414988,DOWN,SELL,0.3928063499384994,False,67052.1372091937,-0.006421051830690787,NONE,0.0,66458.6559375,0.75
2026-03-08 07:05:00+00:00,2026-03-08 07:05:00+00:00,2026-03-08 07:10:00+00:00,2026-03-08 08:15:00+00:00,LONG,LONG,4.25,"['delta_strong_positive', 'cvd_strong_positive', 'aggressive_buyers', 'above_vwap']",67346.0,67177.635,-50.110657736625704,LOSS,14,65.0,0.49891604549639174,1.3357883170492333,-1.000000000000031,0.75,stop_loss,1.7423166794119724,3.8613839276305413,3.7618048806176714,1.8372029242083798,UP,BUY,2.2535302543634743,False,67043.03725218667,0.005607993982256563,NONE,0.0,67472.27375,0.75
2026-03-08 08:40:00+00:00,2026-03-08 08:40:00+00:00,2026-03-08 08:45:00+00:00,2026-03-08 09:10:00+00:00,LONG,LONG,4.25,"['delta_strong_positive', 'cvd_strong_positive', 'aggressive_buyers', 'above_vwap']",67456.0,67582.48,37.39507833595455,WIN,6,25.0,2.1833491461100394,0.3243595825426772,0.7499999999999758,0.75,take_profit,1.7423166794119724,2.6297431404859335,2.8421471350833922,1.5012786067908472,UP,BUY,2.3707788906906275,False,67082.95889299984,0.005731937831396723,NONE,0.0,67582.48,0.75
2026-03-08 12:05:00+00:00,2026-03-08 12:05:00+00:00,2026-03-08 12:10:00+00:00,2026-03-08 12:10:00+00:00,SHORT,SHORT,-4.25,"['delta_strong_negative', 'cvd_strong_negative', 'aggressive_sellers', 'below_vwap']",67271.1,67144.96668750001,37.535309879713985,WIN,1,1.0,2.1191863965358597,0.550013304375876,0.749999999999968,0.75,take_profit,1.7423166794119724,1.2485636405839595,-3.641131666868395,-1.619807693668057,DOWN,SELL,0.3322444872349585,False,67337.71817268885,-0.005967417068091528,NONE,0.0,67144.96668750001,0.75
2026-03-09 01:55:00+00:00,2026-03-09 01:55:00+00:00,2026-03-09 02:00:00+00:00,2026-03-09 02:05:00+00:00,SHORT,SHORT,-4.25,"['delta_strong_negative', 'cvd_strong_negative', 'aggressive_sellers', 'below_vwap']",66150.1,66026.0685625,37.676067291765,WIN,2,5.0,0.8253955776332914,0.6409665291511274,0.7500000000000097,0.75,take_profit,1.7423166794119724,2.082705412119789,-2.155424275050804,-2.1296517833751607,DOWN,SELL,0.6117268317979077,False,66315.55935608203,0.00038706785495652463,NONE,0.0,66026.0685625,0.75
2026-03-09 03:00:00+00:00,2026-03-09 03:00:00+00:00,2026-03-09 03:05:00+00:00,2026-03-09 03:05:00+00:00,LONG,LONG,4.25,"['delta_strong_positive', 'cvd_strong_positive', 'aggressive_buyers', 'above_vwap']",66834.0,66959.31375,37.81735254410898,WIN,1,1.0,1.861328066552952,0.5045336206122806,0.7500000000000069,0.75,take_profit,1.7423166794119724,2.227386200612519,2.7828514248959446,1.8349835164711077,UP,BUY,1.7046523659043258,False,66344.31821244293,0.00775594582884255,NONE,0.0,66959.31375,0.75
2026-03-09 05:30:00+00:00,2026-03-09 05:30:00+00:00,2026-03-09 05:35:00+00:00,2026-03-09 05:40:00+00:00,LONG,LONG,4.25,"['delta_strong_positive', 'cvd_strong_positive', 'aggressive_buyers', 'above_vwap']",67551.7,67678.3594375,37.959167616148626,WIN,2,5.0,2.402308158047819,0.6916184196696925,0.7499999999999918,0.75,take_profit,1.7423166794119724,2.83654776173957,2.432547546787176,1.5258953728567575,UP,BUY,1.5240766659673344,False,66797.03487065125,0.008624372510155276,NONE,0.0,67678.3594375,0.75
2026-03-09 07:30:00+00:00,2026-03-09 07:30:00+00:00,2026-03-09 07:35:00+00:00,2026-03-09 07:35:00+00:00,LONG,LONG,4.25,"['delta_strong_positive', 'cvd_strong_positive', 'aggressive_buyers', 'above_vwap']",67263.0,67389.118125,38.101514494707665,WIN,1,1.0,0.9901431693501628,0.0005946805822269049,0.7499999999999618,0.75,take_profit,1.7423166794119724,1.1105890100690903,2.3182211171939513,2.45249050781835,UP,BUY,2.0399243822298243,False,67084.7473363012,-0.0035245140646602336,NONE,0.0,67389.118125,0.75
2026-03-09 09:30:00+00:00,2026-03-09 09:30:00+00:00,2026-03-09 09:35:00+00:00,2026-03-09 09:35:00+00:00,LONG,LONG,4.25,"['delta_strong_positive', 'cvd_strong_positive', 'aggressive_buyers', 'above_vwap']",68135.4,68263.15387499999,38.24439517406322,WIN,1,1.0,1.2492771745671292,0.08747288487332094,0.74999999999997,0.75,take_profit,1.7423166794119724,3.690936496457107,3.5959459417278663,2.766904145290688,UP,BUY,1.846504807455695,False,67191.20190374058,0.007350294144451732,NONE,0.0,68263.15387499999,0.75
2026-03-09 12:35:00+00:00,2026-03-09 12:35:00+00:00,2026-03-09 12:40:00+00:00,2026-03-09 12:40:00+00:00,LONG,LONG,4.25,"['delta_strong_positive', 'cvd_strong_positive', 'aggressive_buyers', 'above_vwap']",68245.3,68074.68675000001,-51.18374887462176,LOSS,1,1.0,0.3850814634853804,1.0567760710261536,-0.9999999999999699,0.75,stop_loss,1.7423166794119724,3.8411671509488277,3.42728900761922,3.29652210647588,UP,BUY,1.5049103038499823,False,67340.8193967007,0.0051268986738726196,NONE,0.0,68373.2599375,0.75
2026-03-10 00:25:00+00:00,2026-03-10 00:25:00+00:00,2026-03-10 00:30:00+00:00,2026-03-10 00:35:00+00:00,LONG,LONG,3.5,"['delta_strong_positive', 'cvd_strong_positive', 'above_vwap']",68943.4,69072.66887499999,38.19587259768596,WIN,2,5.0,1.3477722305543558,0.5488560181249621,0.7499999999999669,0.75,take_profit,1.7423166794119724,3.653625948845386,2.481335115771491,2.5399634807358358,UP,BUY,1.2598250483260751,False,68649.41047753922,0.0032602322399530154,NONE,0.0,69072.66887499999,0.75
2026-03-10 02:30:00+00:00,2026-03-10 02:30:00+00:00,2026-03-10 02:35:00+00:00,2026-03-10 02:35:00+00:00,LONG,LONG,4.25,"['delta_strong_positive', 'cvd_strong_positive', 'aggressive_buyers', 'above_vwap']",69971.9,70103.09731249999,38.33910711992696,WIN,1,1.0,1.2353530488667928,0.2846857095490525,0.7499999999999608,0.75,take_profit,1.7423166794119724,4.137028205887404,3.8973582717243325,3.4530264692381327,UP,BUY,1.9696672344383326,False,69159.26433376635,0.01329864519965561,NONE,0.0,70103.09731249999,0.75
2026-03-10 03:45:00+00:00,2026-03-10 03:45:00+00:00,2026-03-10 03:50:00+00:00,2026-03-10 03:50:00+00:00,SHORT,SHORT,-4.25,"['delta_strong_negative', 'cvd_strong_negative', 'aggressive_sellers', 'below_vwap']",69527.3,69396.93631250001,38.48287877162688,WIN,1,1.0,1.0861920425502092,0.15015684486520414,0.7499999999999645,0.75,take_profit,1.7423166794119724,1.8970007153602289,-2.334813914272789,-1.715248119675423,DOWN,SELL,0.5209318557440953,False,69633.20419030557,-0.0012495645824649254,NONE,0.0,69396.93631250001,0.75
2026-03-10 07:05:00+00:00,2026-03-10 07:05:00+00:00,2026-03-10 07:10:00+00:00,2026-03-10 07:10:00+00:00,LONG,LONG,4.25,"['delta_strong_positive', 'cvd_strong_positive', 'aggressive_buyers', 'above_vwap']",70108.3,70239.7530625,38.62718956702356,WIN,1,1.0,1.664282260445608,0.04735530600515436,0.7500000000000245,0.75,take_profit,1.7423166794119724,3.459538176015389,3.7186295160234963,2.425822771765079,UP,BUY,1.8792754926546704,False,69711.12727254294,0.0036888128255325447,NONE,0.0,70239.7530625,0.75
2026-03-10 08:05:00+00:00,2026-03-10 08:05:00+00:00,2026-03-10 08:10:00+00:00,2026-03-10 08:15:00+00:00,LONG,LONG,4.25,"['delta_strong_positive', 'cvd_strong_positive', 'aggressive_buyers', 'above_vwap']",70892.6,70715.36850000001,-51.69605537052988,LOSS,2,5.0,0.22795044898900127,1.086714269190329,-0.9999999999999684,0.75,stop_loss,1.7423166794119724,3.6841193267382106,3.8350398362874074,2.4594259729631447,UP,BUY,2.1380201222731046,False,69822.08630850719,0.010560910724984897,NONE,0.0,71025.523625,0.75
2026-03-11 02:35:00+00:00,2026-03-11 02:35:00+00:00,2026-03-11 02:40:00+00:00,2026-03-11 03:00:00+00:00,SHORT,SHORT,-4.25,"['delta_strong_negative', 'cvd_strong_negative', 'aggressive_sellers', 'below_vwap']",69667.0,69841.1675,-51.43757509367766,LOSS,5,20.0,0.4386581882383004,1.125353467208291,-0.9999999999999767,0.75,stop_loss,1.7423166794119724,3.692628701966072,-3.404714525613266,-2.595134123520731,DOWN,SELL,0.4934989031812892,False,69921.16308293292,-0.0029579314231001296,NONE,0.0,69536.374375,0.75
2026-03-11 04:25:00+00:00,2026-03-11 04:25:00+00:00,2026-03-11 04:30:00+00:00,2026-03-11 04:50:00+00:00,LONG,LONG,4.25,"['delta_strong_positive', 'cvd_strong_positive', 'aggressive_buyers', 'above_vwap']",69942.5,70073.6421875,38.38529041365614,WIN,5,20.0,1.7534403259820899,0.380312399470994,0.7499999999999666,0.75,take_profit,1.7423166794119724,3.2938127822409813,2.7166593421993324,2.490036552983799,UP,BUY,1.6573799130840716,False,69814.25716408252,0.0021623237806276023,NONE,0.0,70073.6421875,0.75
2026-03-11 05:40:00+00:00,2026-03-11 05:40:00+00:00,2026-03-11 05:45:00+00:00,2026-03-11 06:10:00+00:00,SHORT,SHORT,-4.25,"['delta_strong_negative', 'cvd_strong_negative', 'aggressive_sellers', 'below_vwap']",69494.9,69668.63725,-51.37231367028041,LOSS,6,25.0,0.281459502783624,1.1183554476659607,-1.0000000000000322,0.75,stop_loss,1.7423166794119724,3.2220459415767495,-2.84979696012215,-2.113569673808204,DOWN,SELL,0.5887242900481865,False,69829.86653617118,-0.004075316852194756,NONE,0.0,69364.59706249999,0.75
2026-03-11 09:35:00+00:00,2026-03-11 09:35:00+00:00,2026-03-11 09:40:00+00:00,2026-03-11 09:45:00+00:00,SHORT,SHORT,-4.25,"['delta_strong_negative', 'cvd_strong_negative', 'aggressive_sellers', 'below_vwap']",69488.2,69661.9205,-51.115452101926124,LOSS,2,5.0,0.0949801549039981,1.3861346242959405,-0.9999999999999759,0.75,stop_loss,1.7423166794119724,3.5743187188236973,-2.690558617881958,-2.7898680357420744,DOWN,SELL,0.5782434638695682,False,69748.44779923692,-0.0017465069581076166,NONE,0.0,69357.909625,0.75
2026-03-11 11:50:00+00:00,2026-03-11 11:50:00+00:00,2026-03-11 11:55:00+00:00,2026-03-11 11:55:00+00:00,SHORT,SHORT,-4.25,"['delta_strong_negative', 'cvd_strong_negative', 'aggressive_sellers', 'below_vwap']",69293.2,69163.27524999999,38.14490613106493,WIN,1,1.0,1.126806093527198,0.11891498732923762,0.7500000000000322,0.75,take_profit,1.7423166794119724,3.5751680409425814,-2.431906464895991,-1.5466778078683188,DOWN,SELL,0.656356258859776,False,69705.25549584035,-0.0032339705664544667,NONE,0.0,69163.27524999999,0.75
2026-03-11 12:30:00+00:00,2026-03-11 12:30:00+00:00,2026-03-11 12:35:00+00:00,2026-03-11 13:05:00+00:00,LONG,LONG,3.0,"['delta_strong_positive', 'cvd_strong_positive']",69248.2,69378.040375,38.28794952905472,WIN,7,30.0,1.1587304796370494,0.7977102653931295,0.7499999999999988,0.75,take_profit,1.7423166794119724,3.442866042513604,2.630810752720436,2.6476631313303427,UP,BUY,1.4110084482495482,False,69625.5892270786,-0.0020000340689436454,NONE,0.0,69378.040375,0.75
2026-03-12 01:00:00+00:00,2026-03-12 01:00:00+00:00,2026-03-12 01:05:00+00:00,2026-03-12 01:30:00+00:00,SHORT,SHORT,-4.25,"['delta_strong_negative', 'cvd_strong_negative', 'aggressive_sellers', 'below_vwap']",69920.9,69789.79831249999,38.43152933979049,WIN,6,25.0,0.9771041276641941,0.2808888329526984,0.7500000000000341,0.75,take_profit,1.7423166794119724,3.8596856166093008,-3.888193428179395,-3.572600563777888,DOWN,SELL,0.4539434178038737,False,70123.8979206393,-0.005711508170314431,NONE,0.0,69789.79831249999,0.75
2026-03-12 03:30:00+00:00,2026-03-12 03:30:00+00:00,2026-03-12 03:35:00+00:00,2026-03-12 03:45:00+00:00,LONG,LONG,3.75,"['delta_strong_positive', 'cvd_strong_positive', 'aggressive_buyers']",69545.2,69371.337,-51.43419676641655,LOSS,3,10.0,0.2864324209291391,1.8048693511558118,-0.9999999999999859,0.75,stop_loss,1.7423166794119724,1.3569238363382727,2.4464818178901546,2.2492019515430384,UP,BUY,2.2445970356843,False,69690.69748292255,-0.0027344317248794558,NONE,0.0,69675.59724999999,0.75
2026-03-12 07:20:00+00:00,2026-03-12 07:20:00+00:00,2026-03-12 07:25:00+00:00,2026-03-12 07:30:00+00:00,LONG,LONG,3.75,"['delta_strong_positive', 'cvd_strong_positive', 'aggressive_buyers']",69544.5,69674.8959375,38.38276933693821,WIN,2,5.0,1.12043367915509,0.15299556399143466,0.7499999999999866,0.75,take_profit,1.7423166794119724,2.6136298698567586,3.3363302765208687,2.887251720099392,UP,BUY,2.6872619469596883,False,69578.86297349351,0.0018384950914903599,NONE,0.0,69674.8959375,0.75
2026-03-12 09:45:00+00:00,2026-03-12 09:45:00+00:00,2026-03-12 09:50:00+00:00,2026-03-12 10:20:00+00:00,SHORT,SHORT,-3.75,"['delta_strong_negative', 'cvd_strong_negative', 'aggressive_sellers']",69906.1,70080.86525,-51.368939629268915,LOSS,7,30.0,0.5189818914229897,1.5866998731154411,-0.9999999999999813,0.75,stop_loss,1.7423166794119724,3.146099429078654,-3.5218754123213736,-1.6059223060015155,DOWN,SELL,0.48175601092988685,False,69674.80153085574,0.0019613900470623175,NONE,0.0,69775.02606250001,0.75
2026-03-12 12:00:00+00:00,2026-03-12 12:00:00+00:00,2026-03-12 12:05:00+00:00,2026-03-12 12:45:00+00:00,SHORT,SHORT,-3.75,"['delta_strong_negative', 'cvd_strong_negative', 'aggressive_sellers']",70314.3,70490.08575,-51.112094931122215,LOSS,9,40.0,0.3959365306915141,1.535391805080868,-0.999999999999974,0.75,stop_loss,1.7423166794119724,1.1265499782784667,-2.0006042441561416,-1.5052939671046641,DOWN,SELL,0.6447844943547839,False,69833.42638739491,0.002708035852590242,NONE,0.0,70182.4606875,0.75
2026-03-13 00:10:00+00:00,2026-03-13 00:10:00+00:00,2026-03-13 00:15:00+00:00,2026-03-13 00:15:00+00:00,LONG,LONG,4.75,"['delta_strong_positive', 'cvd_strong_positive', 'aggressive_buyers', 'big_trade_buy', 'above_vwap']",71085.0,71218.284375,38.142400842351776,WIN,1,1.0,3.1629739044805842,0.11197861714845145,0.7500000000000163,0.75,take_profit,1.7423166794119724,3.922188691434255,3.9388213552303815,2.886261448688556,UP,BUY,2.3533118371137154,True,70817.15561575495,0.008551428081754346,NONE,0.0,71218.284375,0.75
2026-03-13 02:35:00+00:00,2026-03-13 02:35:00+00:00,2026-03-13 02:40:00+00:00,2026-03-13 02:45:00+00:00,SHORT,SHORT,-4.25,"['delta_strong_negative', 'cvd_strong_negative', 'aggressive_sellers', 'below_vwap']",71201.4,71067.897375,38.28543484550796,WIN,2,5.0,0.9050383840766685,0.3842621072058062,0.7499999999999647,0.75,take_profit,1.7423166794119724,2.2592659614006094,-2.542299830865271,-1.9584946793945757,DOWN,SELL,0.5235171608577092,False,71382.32906364286,-0.00029796542882450474,NONE,0.0,71067.897375,0.75
2026-03-13 03:50:00+00:00,2026-03-13 03:50:00+00:00,2026-03-13 03:55:00+00:00,2026-03-13 04:20:00+00:00,LONG,LONG,4.25,"['delta_strong_positive', 'cvd_strong_positive', 'aggressive_buyers', 'above_vwap']",71436.3,71257.70925,-51.23867363490809,LOSS,6,25.0,0.2760501313758014,1.3231368365942966,-1.0000000000000169,0.75,stop_loss,1.7423166794119724,2.525991982832994,3.4365506298706343,2.822718422778383,UP,BUY,2.5792404768619868,False,71348.38105640835,0.0012921078185079633,NONE,0.0,71570.2430625,0.75
2026-03-13 06:25:00+00:00,2026-03-13 06:25:00+00:00,2026-03-13 06:30:00+00:00,2026-03-13 07:00:00+00:00,SHORT,SHORT,-4.25,"['delta_strong_negative', 'cvd_strong_negative', 'aggressive_sellers', 'below_vwap']",71209.5,71387.52375,-50.98248026673067,LOSS,7,30.0,0.33422506828442833,1.4851950933512756,-0.9999999999999607,0.75,stop_loss,1.8734263150077004,2.8486155118083825,-3.2897220999553594,-2.1060798146118604,DOWN,SELL,0.38295515765204746,False,71357.56331789933,-0.0013223530105618512,NONE,0.0,71075.9821875,0.75
2026-03-13 08:35:00+00:00,2026-03-13 08:35:00+00:00,2026-03-13 08:40:00+00:00,2026-03-13 08:45:00+00:00,LONG,LONG,4.25,"['delta_strong_positive', 'cvd_strong_positive', 'aggressive_buyers', 'above_vwap']",71996.7,71816.70825,-50.727567865399315,LOSS,2,5.0,0.2794572529018853,1.7834150731908547,-1.0000000000000058,0.75,stop_loss,2.364059183432658,4.077559350462526,3.69095469761468,2.2602937818453412,UP,BUY,2.1639637401210465,False,71412.21657770836,0.006548100545731769,NONE,0.0,72131.6938125,0.75
2026-03-13 12:20:00+00:00,2026-03-13 12:20:00+00:00,2026-03-13 12:25:00+00:00,2026-03-13 12:30:00+00:00,LONG,LONG,4.25,"['delta_strong_positive', 'cvd_strong_positive', 'aggressive_buyers', 'above_vwap']",72393.8,72529.538375,37.855447519554254,WIN,2,5.0,1.138771552259952,0.5315372310888341,0.7500000000000046,0.75,take_profit,2.364059183432658,0.10067114643095088,2.0332111497025394,1.55666736277045,UP,BUY,1.956751875654438,False,71645.05552219202,0.003873376037800657,NONE,0.0,72529.538375,0.75
2026-03-13 12:45:00+00:00,2026-03-13 12:45:00+00:00,2026-03-13 12:50:00+00:00,2026-03-13 13:05:00+00:00,LONG,LONG,4.25,"['delta_strong_positive', 'cvd_strong_positive', 'aggressive_buyers', 'above_vwap']",72705.0,72841.321875,37.99740544775073,WIN,4,15.0,1.011209682965424,0.5446668042087889,0.7499999999999678,0.75,take_profit,2.364059183432658,3.4843082181821554,3.26740337221221,2.4544253766018787,UP,BUY,1.5036806939628728,False,71694.99912046088,0.006398115570436316,NONE,0.0,72841.321875,0.75
2026-03-14 01:35:00+00:00,2026-03-14 01:35:00+00:00,2026-03-14 01:40:00+00:00,2026-03-14 01:45:00+00:00,SHORT,SHORT,-3.5,"['delta_strong_negative', 'cvd_strong_negative', 'below_vwap']",70666.5,70843.16625,-50.853194290907055,LOSS,2,5.0,0.040754813100957826,1.0630213750504294,-0.9999999999999704,0.75,stop_loss,2.364059183432658,2.94151412440188,-2.3541467525591537,-1.5438819210281978,DOWN,SELL,0.7542395210069296,False,70674.1344732901,-0.001206187919655297,NONE,0.0,70534.0003125,0.75
2026-03-14 02:25:00+00:00,2026-03-14 02:25:00+00:00,2026-03-14 02:30:00+00:00,2026-03-14 03:05:00+00:00,LONG,LONG,3.25,"['cvd_strong_positive', 'aggressive_buyers', 'big_trade_buy', 'above_vwap']",70767.2,70899.8885,37.949196239591615,WIN,8,35.0,1.1536418001560373,0.4357951141206167,0.7500000000000216,0.75,take_profit,2.364059183432658,-0.09316528703145496,1.3960816799260247,1.619335195211416,UP,BUY,3.654607508532423,True,70701.60577973729,0.0005259613222277558,NONE,0.0,70899.8885,0.75
2026-03-14 06:25:00+00:00,2026-03-14 06:25:00+00:00,2026-03-14 06:30:00+00:00,2026-03-14 06:35:00+00:00,SHORT,SHORT,-4.25,"['delta_strong_negative', 'cvd_strong_negative', 'aggressive_sellers', 'below_vwap']",70669.8,70537.294125,38.09150572548972,WIN,2,5.0,1.0969324945026186,0.22300897979048576,0.7500000000000143,0.75,take_profit,2.364059183432658,2.689551035981999,-2.8078924710966744,-2.4789144731287363,DOWN,SELL,0.348425750461239,False,70858.01703900658,-0.0043385948186939645,NONE,0.0,70537.294125,0.75
2026-03-14 09:45:00+00:00,2026-03-14 09:45:00+00:00,2026-03-14 09:50:00+00:00,2026-03-14 11:00:00+00:00,SHORT,SHORT,-4.25,"['delta_strong_negative', 'cvd_strong_negative', 'aggressive_sellers', 'below_vwap']",70414.5,70590.53625,-50.97913182928078,LOSS,15,70.0,0.36640180644611553,1.2150906418422012,-1.0000000000000264,0.75,stop_loss,2.364059183432658,2.903338224658645,-2.1516017886905847,-2.526936651597796,DOWN,SELL,0.5532869827724325,False,70742.3448039713,-0.002490377399643474,NONE,0.0,70282.4728125,0.75
2026-03-14 12:00:00+00:00,2026-03-14 12:00:00+00:00,2026-03-14 12:05:00+00:00,2026-03-14 13:15:00+00:00,LONG,LONG,4.25,"['delta_strong_positive', 'cvd_strong_positive', 'aggressive_buyers', 'above_vwap']",70739.7,70872.3369375,38.04317712760171,WIN,15,70.0,0.9064217122775636,0.9708833936247799,0.7500000000000383,0.75,take_profit,2.364059183432658,2.5566886150218022,2.2225904008523694,1.5383347625584554,UP,BUY,1.7460956259484794,False,70717.40101607089,0.0024510466647698482,NONE,0.0,70872.3369375,0.75
2026-03-15 02:00:00+00:00,2026-03-15 02:00:00+00:00,2026-03-15 02:05:00+00:00,2026-03-15 02:05:00+00:00,LONG,LONG,4.25,"['delta_strong_positive', 'cvd_strong_positive', 'aggressive_buyers', 'above_vwap']",71159.8,71293.224625,38.185839041828174,WIN,1,1.0,0.776843105236367,0.23046720198763906,0.749999999999998,0.75,take_profit,2.364059183432658,4.132109657434574,3.9256016088101258,3.728841604758375,UP,BUY,1.9557330299145916,False,71030.38718146842,0.0021700147069911757,NONE,0.0,71293.224625,0.75
2026-03-15 02:45:00+00:00,2026-03-15 02:45:00+00:00,2026-03-15 02:50:00+00:00,2026-03-15 02:50:00+00:00,LONG,LONG,4.25,"['delta_strong_positive', 'cvd_strong_positive', 'aggressive_buyers', 'above_vwap']",71576.2,71397.2595,-51.10538125097931,LOSS,1,1.0,0.08215021194194211,1.2361650939837383,-0.999999999999983,0.75,stop_loss,2.364059183432658,3.195873978559621,3.1563766481006232,2.0541675109525084,UP,BUY,2.0663049222656817,False,71168.20883012355,0.0065128811772776655,NONE,0.0,71710.405375,0.75
2026-03-15 05:15:00+00:00,2026-03-15 05:15:00+00:00,2026-03-15 05:20:00+00:00,2026-03-15 05:50:00+00:00,LONG,LONG,4.25,"['delta_strong_positive', 'cvd_strong_positive', 'aggressive_buyers', 'above_vwap']",71639.9,71460.80025,-50.84985434472355,LOSS,7,30.0,0.27414890305545275,1.0346189762966636,-0.9999999999999664,0.75,stop_loss,2.364059183432658,3.3112317841490495,3.124774377635779,1.5453188560383517,UP,BUY,2.2141133274602356,False,71316.90461067733,0.0037235091291558243,NONE,0.0,71774.22481249999,0.75
2026-03-15 07:10:00+00:00,2026-03-15 07:10:00+00:00,2026-03-15 07:15:00+00:00,2026-03-15 07:45:00+00:00,LONG,LONG,3.5,"['delta_strong_positive', 'cvd_strong_positive', 'above_vwap']",71576.8,71397.85800000001,-50.595605073000364,LOSS,7,30.0,0.26936102200711454,1.1294162354282717,-0.9999999999999746,0.75,stop_loss,2.618049507248014,3.723331941701895,2.399320534389593,1.9695577530637167,UP,BUY,1.2851754110825186,False,71363.52265359835,0.001327812987031134,NONE,0.0,71711.0065,0.75
2026-03-15 09:00:00+00:00,2026-03-15 09:00:00+00:00,2026-03-15 09:05:00+00:00,2026-03-15 11:25:00+00:00,LONG,LONG,4.25,"['delta_strong_positive', 'cvd_strong_positive', 'aggressive_buyers', 'above_vwap']",71815.6,71636.061,-50.342627047637855,LOSS,29,140.0,0.4583962258895747,1.131787522488215,-1.0000000000000238,0.75,stop_loss,3.1049592597117823,3.9961138031665637,3.662526120378421,3.422225450429548,UP,BUY,1.8793403472126846,False,71403.99265051528,0.003631421271489898,NONE,0.0,71950.25425000001,0.75
2026-03-15 11:40:00+00:00,2026-03-15 11:40:00+00:00,2026-03-15 11:45:00+00:00,2026-03-15 12:40:00+00:00,LONG,LONG,4.25,"['delta_strong_positive', 'cvd_strong_positive', 'aggressive_buyers', 'above_vwap']",71717.0,71537.7075,-50.090913912397326,LOSS,12,55.0,0.741804593053251,1.0602785950332883,-0.9999999999999774,0.75,stop_loss,3.5894344634132165,1.8706564205869702,2.82854432232904,2.1346559049435063,UP,BUY,3.432118886738424,False,71469.94488499517,0.00011654902053706899,NONE,0.0,71851.469375,0.75
2026-03-16 03:20:00+00:00,2026-03-16 03:20:00+00:00,2026-03-16 03:25:00+00:00,2026-03-16 03:30:00+00:00,LONG,LONG,4.25,"['delta_strong_positive', 'cvd_strong_positive', 'aggressive_buyers', 'above_vwap']",72808.6,72945.116125,37.38034450712588,WIN,2,5.0,5.243336638803625,0.5960834297047326,0.7499999999999705,0.75,take_profit,3.5894344634132165,3.275311552357701,3.3942565950963086,2.485923993482755,UP,BUY,2.5980062322477457,False,72593.55414988217,0.0030247189339962337,NONE,0.0,72945.116125,0.75
2026-03-16 06:05:00+00:00,2026-03-16 06:05:00+00:00,2026-03-16 06:10:00+00:00,2026-03-16 07:00:00+00:00,SHORT,SHORT,-3.75,"['delta_strong_negative', 'cvd_strong_negative', 'aggressive_sellers']",73687.8,73872.01950000001,-50.027361065373874,LOSS,11,50.0,0.7496491956606429,1.013464915494815,-1.0000000000000353,0.75,stop_loss,3.7117553684377818,-0.12676279208848557,-2.122374857157727,-1.9539245314089668,DOWN,SELL,0.41600633689720784,False,73578.14493927732,-0.0005462244780575263,NONE,0.0,73549.635375,0.75
2026-03-16 07:35:00+00:00,2026-03-16 07:35:00+00:00,2026-03-16 07:40:00+00:00,2026-03-16 08:00:00+00:00,SHORT,SHORT,-4.25,"['delta_strong_negative', 'cvd_strong_negative', 'aggressive_sellers', 'below_vwap']",73442.5,73626.10625,-49.77722426004445,LOSS,5,20.0,0.5261258807911268,1.2935289512203423,-0.999999999999984,0.75,stop_loss,4.193196591595581,1.6713101056316833,-2.1866087278001682,-1.5446540244958595,DOWN,SELL,0.5233379350208921,False,73590.20677520502,-0.005399466633753804,NONE,0.0,73304.7953125,0.75
2026-03-16 08:40:00+00:00,2026-03-16 08:40:00+00:00,2026-03-16 08:45:00+00:00,2026-03-16 08:45:00+00:00,SHORT,SHORT,-4.25,"['delta_strong_negative', 'cvd_strong_negative', 'aggressive_sellers', 'below_vwap']",72871.5,73053.67875,-49.528338138746754,LOSS,1,1.0,0.09496167912011093,1.3964307033613643,-1.000000000000035,0.75,stop_loss,4.672230608637623,3.5770293150294292,-3.253173189097184,-2.428194110945924,DOWN,SELL,0.5779401291638845,False,73563.36105431049,-0.012155098056912958,NONE,0.0,72734.8659375,0.75
2026-03-16 10:50:00+00:00,2026-03-16 10:50:00+00:00,2026-03-16 10:55:00+00:00,2026-03-16 10:55:00+00:00,LONG,LONG,3.0,"['delta_strong_positive', 'cvd_strong_positive']",73519.1,73656.94831250001,36.96052233603999,WIN,1,1.0,1.3264580224730083,0.0,0.750000000000031,0.75,take_profit,4.672230608637623,3.209494568443545,2.4199664495231663,1.7604944355872936,UP,BUY,1.4343801428203695,False,73523.58282601082,0.002617172426284079,NONE,0.0,73656.94831250001,0.75
2026-03-17 00:05:00+00:00,2026-03-17 00:05:00+00:00,2026-03-17 00:10:00+00:00,2026-03-17 00:10:00+00:00,LONG,LONG,4.25,"['delta_strong_positive', 'cvd_strong_positive', 'aggressive_buyers', 'above_vwap']",74989.3,75129.9049375,37.09912429479867,WIN,1,1.0,2.4142110941160473,0.0005334094331101678,0.7500000000000012,0.75,take_profit,4.672230608637623,3.7968468585244852,4.075156098331277,3.2920547254740056,UP,BUY,2.619194956983629,False,74879.12542439223,0.005779651894176409,NONE,0.0,75129.9049375,0.75
2026-03-17 03:30:00+00:00,2026-03-17 03:30:00+00:00,2026-03-17 03:35:00+00:00,2026-03-17 03:40:00+00:00,SHORT,SHORT,-4.25,"['delta_strong_negative', 'cvd_strong_negative', 'aggressive_sellers', 'below_vwap']",74556.9,74417.1058125,37.23824601090305,WIN,2,5.0,1.4195869195204804,0.3755520951112506,0.7499999999999788,0.75,take_profit,4.672230608637623,2.1080824920240193,-2.5798097572421543,-2.1042984703444154,DOWN,SELL,0.5164771443808175,False,75269.28103401943,-0.009147923655333385,NONE,0.0,74417.1058125,0.75
2026-03-17 05:35:00+00:00,2026-03-17 05:35:00+00:00,2026-03-17 05:40:00+00:00,2026-03-17 05:40:00+00:00,SHORT,SHORT,-4.25,"['delta_strong_negative', 'cvd_strong_negative', 'aggressive_sellers', 'below_vwap']",74091.8,73952.877875,37.377889433444274,WIN,1,1.0,1.450092992746867,0.24456147643870393,0.7499999999999857,0.75,take_profit,4.672230608637623,0.37634208598981733,-2.822596269877821,-2.2302759230836187,DOWN,SELL,0.487342435226966,False,74935.35369135959,-0.007586954463593141,NONE,0.0,73952.877875,0.75
2026-03-17 09:25:00+00:00,2026-03-17 09:25:00+00:00,2026-03-17 09:30:00+00:00,2026-03-17 09:45:00+00:00,LONG,LONG,3.0,"['delta_strong_positive', 'cvd_strong_positive']",74264.8,74079.138,-50.02407535842631,LOSS,4,15.0,0.1395008133058686,1.027673945126105,-0.9999999999999817,0.75,stop_loss,4.672230608637623,3.625485397783668,2.4085321668037984,2.456174812205138,UP,BUY,1.3719431029715323,False,74742.89257945598,0.0019126341610958973,NONE,0.0,74404.0465,0.75
2026-03-17 10:05:00+00:00,2026-03-17 10:05:00+00:00,2026-03-17 10:10:00+00:00,2026-03-17 10:25:00+00:00,SHORT,SHORT,-4.25,"['delta_strong_negative', 'cvd_strong_negative', 'aggressive_sellers', 'below_vwap']",73623.1,73807.15775000001,-49.773954981637026,LOSS,4,15.0,0.4514887311183898,1.030111473165304,-1.000000000000039,0.75,stop_loss,4.672230608637623,3.679257253534507,-3.6137892717725784,-3.1977817796176824,DOWN,SELL,0.571257168111656,False,74692.52122379982,-0.0064143509170465525,NONE,0.0,73485.05668750001,0.75
2026-03-17 10:40:00+00:00,2026-03-17 10:40:00+00:00,2026-03-17 10:45:00+00:00,2026-03-17 11:05:00+00:00,LONG,LONG,4.25,"['delta_strong_positive', 'cvd_strong_positive', 'aggressive_buyers', 'big_trade_buy']",73710.0,73848.20625,37.14381390504596,WIN,5,20.0,1.0809930809930652,0.5388685388685547,0.7500000000000159,0.75,take_profit,4.672230608637623,0.4626252953958001,2.3737881420207567,1.5619399967787666,UP,BUY,3.20922340487634,True,74635.50973062257,-0.0038419271491036367,NONE,0.0,73848.20625,0.75
2026-03-18 03:20:00+00:00,2026-03-18 03:20:00+00:00,2026-03-18 03:25:00+00:00,2026-03-18 03:35:00+00:00,LONG,LONG,4.25,"['delta_strong_positive', 'cvd_strong_positive', 'aggressive_buyers', 'above_vwap']",74461.7,74601.3156875,37.283103207189505,WIN,3,10.0,0.9202046152585983,0.19714833263273382,0.7500000000000082,0.75,take_profit,4.672230608637623,2.8920741262786938,3.001410113272639,1.6074552984240054,UP,BUY,2.3838282942731626,False,73983.95582894718,0.006479143279735208,NONE,0.0,74601.3156875,0.75
2026-03-18 10:35:00+00:00,2026-03-18 10:35:00+00:00,2026-03-18 10:40:00+00:00,2026-03-18 10:45:00+00:00,SHORT,SHORT,-4.25,"['delta_strong_negative', 'cvd_strong_negative', 'aggressive_sellers', 'below_vwap']",73947.9,73809.2476875,37.42291484421468,WIN,2,5.0,1.0082774493933928,0.2277279003190399,0.7499999999999724,0.75,take_profit,4.672230608637623,2.526218348105314,-2.039954390206146,-1.678618434807969,DOWN,SELL,0.5350188361302133,False,74036.84313315296,-0.00024062055069779884,NONE,0.0,73809.2476875,0.75
2026-03-18 11:30:00+00:00,2026-03-18 11:30:00+00:00,2026-03-18 11:35:00+00:00,2026-03-18 11:35:00+00:00,SHORT,SHORT,-3.5,"['delta_strong_negative', 'cvd_strong_negative', 'below_vwap']",73153.1,73015.9379375,37.56325077488375,WIN,1,1.0,2.297646989669674,0.058507431674103154,0.7500000000000375,0.75,take_profit,4.672230608637623,4.031247473899201,-2.932200346797738,-3.2374934461098652,DOWN,SELL,0.8581330033797483,False,73913.37528042436,-0.007879743944742338,NONE,0.0,73015.9379375,0.75
2026-03-19 03:15:00+00:00,2026-03-19 03:15:00+00:00,2026-03-19 03:20:00+00:00,2026-03-19 03:30:00+00:00,LONG,LONG,4.25,"['delta_strong_positive', 'cvd_strong_positive', 'aggressive_buyers', 'above_vwap']",71543.4,71364.54149999999,-50.27215062038416,LOSS,3,10.0,0.036900678469325314,1.2898464428584446,-1.0000000000000118,0.75,stop_loss,4.672230608637623,4.18937660269935,4.135505859417106,3.7589699963940144,UP,BUY,2.3530048190838637,False,71150.50406415865,0.005345268057808727,NONE,0.0,71677.54387499999,0.75
2026-03-19 04:05:00+00:00,2026-03-19 04:05:00+00:00,2026-03-19 04:10:00+00:00,2026-03-19 04:25:00+00:00,SHORT,SHORT,-4.25,"['delta_strong_negative', 'cvd_strong_negative', 'aggressive_sellers', 'below_vwap']",70810.0,70677.23125,37.51559240046206,WIN,4,15.0,1.0399661064821681,0.5575483688744363,0.7500000000000163,0.75,take_profit,4.672230608637623,2.6358611873996014,-2.202118416306515,-1.7590087935800454,DOWN,SELL,0.5704172680367191,False,71160.29368081951,-0.004893596909530739,NONE,0.0,70677.23125,0.75
2026-03-19 06:30:00+00:00,2026-03-19 06:30:00+00:00,2026-03-19 06:35:00+00:00,2026-03-19 06:55:00+00:00,SHORT,SHORT,-4.25,"['delta_strong_negative', 'cvd_strong_negative', 'aggressive_sellers', 'below_vwap']",70603.4,70471.018625,37.65627587196218,WIN,5,20.0,0.7671018676154077,0.5829747575896274,0.7499999999999841,0.75,take_profit,4.672230608637623,2.783037716796108,-2.1695966466028187,-1.7421372257386931,DOWN,SELL,0.5418458989087225,False,71017.82764013472,-0.005457807783912546,NONE,0.0,70471.018625,0.75
2026-03-19 07:10:00+00:00,2026-03-19 07:10:00+00:00,2026-03-19 07:15:00+00:00,2026-03-19 07:15:00+00:00,SHORT,SHORT,-4.25,"['delta_strong_negative', 'cvd_strong_negative', 'aggressive_sellers', 'below_vwap']",69940.3,69809.1619375,37.7974869064834,WIN,1,1.0,1.2530686885815807,0.3357148882689785,0.7500000000000113,0.75,take_profit,4.672230608637623,3.7002426217221545,-3.8397724299114673,-3.662397230604942,DOWN,SELL,0.38504471729995327,False,70785.49381953455,-0.010611941198123328,NONE,0.0,69809.1619375,0.75
2026-03-19 12:05:00+00:00,2026-03-19 12:05:00+00:00,2026-03-19 12:10:00+00:00,2026-03-19 12:10:00+00:00,SHORT,SHORT,-4.25,"['delta_strong_negative', 'cvd_strong_negative', 'aggressive_sellers', 'below_vwap']",69649.9,69824.02475,-50.585636643176976,LOSS,1,1.0,0.0,1.0681996671926308,-1.0000000000000155,0.75,stop_loss,4.672230608637623,4.117994623763171,-4.087150762455962,-3.9189018823796244,DOWN,SELL,0.4314207864507782,False,70359.56060786599,-0.006184513015603859,NONE,0.0,69519.3064375,0.75
2026-03-20 02:30:00+00:00,2026-03-20 02:30:00+00:00,2026-03-20 02:35:00+00:00,2026-03-20 02:40:00+00:00,SHORT,SHORT,-4.25,"['delta_strong_negative', 'cvd_strong_negative', 'aggressive_sellers', 'below_vwap']",70052.0,70227.13,-50.33270845996166,LOSS,2,5.0,0.011420087934677097,1.155712898989289,-1.0000000000000266,0.75,stop_loss,4.672230608637623,1.9310873357817644,-2.623652543043722,-2.640231309331311,DOWN,SELL,0.4128023567410247,False,70240.21623051736,-0.0010378617890830011,NONE,0.0,69920.6525,0.75
2026-03-20 04:05:00+00:00,2026-03-20 04:05:00+00:00,2026-03-20 04:10:00+00:00,2026-03-20 04:30:00+00:00,LONG,LONG,4.25,"['delta_strong_positive', 'cvd_strong_positive', 'aggressive_buyers', 'above_vwap']",70888.7,70711.47825,-50.08104491765966,LOSS,5,20.0,0.3171168324429541,1.8146756817376608,-0.999999999999983,0.75,stop_loss,4.672230608637623,2.8169486451481154,3.48697517759583,2.6271513039192715,UP,BUY,2.7849536613767816,False,70403.44663977991,0.006562724205299479,NONE,0.0,71021.6163125,0.75
2026-03-20 07:30:00+00:00,2026-03-20 07:30:00+00:00,2026-03-20 07:35:00+00:00,2026-03-20 07:40:00+00:00,LONG,LONG,4.25,"['delta_strong_positive', 'cvd_strong_positive', 'aggressive_buyers', 'above_vwap']",70608.0,70740.39,37.37297976980399,WIN,2,5.0,1.217992295490596,0.10197144799456152,0.7499999999999967,0.75,take_profit,4.672230608637623,1.4371157012155602,2.7699848217293312,3.205447296161839,UP,BUY,3.014542655756299,False,70473.93534725715,0.00019844918022036065,NONE,0.0,70740.39,0.75
2026-03-20 11:35:00+00:00,2026-03-20 11:35:00+00:00,2026-03-20 11:40:00+00:00,2026-03-20 12:00:00+00:00,SHORT,SHORT,-4.25,"['delta_strong_negative', 'cvd_strong_negative', 'aggressive_sellers', 'below_vwap']",70300.0,70475.75,-50.017504591921224,LOSS,5,20.0,0.1934566145092461,1.4014224751067021,-1.0,0.75,stop_loss,4.672230608637623,3.126669020936301,-2.8223275306379767,-1.934047195938527,DOWN,SELL,0.6495074432526556,False,70610.397741511,-0.0062595323995723075,NONE,0.0,70168.1875,0.75
2026-03-21 02:15:00+00:00,2026-03-21 02:15:00+00:00,2026-03-21 02:20:00+00:00,2026-03-21 02:25:00+00:00,LONG,LONG,3.75,"['delta_strong_positive', 'cvd_strong_positive', 'aggressive_buyers']",70522.1,70654.3289375,37.325562801720196,WIN,2,5.0,0.8354827777391106,0.06069019498858735,0.7499999999999793,0.75,take_profit,4.672230608637623,0.16965607627721685,2.3942681418518976,1.6844647918385676,UP,BUY,1.9762702099312233,False,70571.33539841534,-0.0007510067960554107,NONE,0.0,70654.3289375,0.75
2026-03-21 04:20:00+00:00,2026-03-21 04:20:00+00:00,2026-03-21 04:25:00+00:00,2026-03-21 08:15:00+00:00,LONG,LONG,4.25,"['delta_strong_positive', 'cvd_strong_positive', 'aggressive_buyers', 'above_vwap']",70740.9,70564.04775,-49.95404488296917,LOSS,47,230.0,0.6123755847041975,1.1444581564554264,-0.9999999999999789,0.75,stop_loss,4.672230608637623,1.119361538415587,2.3967591170461264,1.7842077261714688,UP,BUY,3.1318086294704557,False,70610.56330800412,0.001854574489489305,NONE,0.0,70873.53918749999,0.75
2026-03-21 11:10:00+00:00,2026-03-21 11:10:00+00:00,2026-03-21 11:15:00+00:00,2026-03-21 12:15:00+00:00,SHORT,SHORT,-4.25,"['delta_strong_negative', 'cvd_strong_negative', 'aggressive_sellers', 'below_vwap']",70525.1,70701.41275,-49.70427465855462,LOSS,13,60.0,0.0,1.0713916038403017,-0.9999999999999847,0.75,stop_loss,4.672230608637623,2.2568338251288718,-3.097099931147144,-2.468134925963638,DOWN,SELL,0.2465193344222816,False,70631.60134459325,-0.0013151046418988141,NONE,0.0,70392.8654375,0.75
2026-03-22 02:25:00+00:00,2026-03-22 02:25:00+00:00,2026-03-22 02:30:00+00:00,2026-03-22 03:00:00+00:00,LONG,LONG,4.25,"['delta_strong_positive', 'cvd_strong_positive', 'aggressive_buyers', 'above_vwap']",69314.7,69141.41325,-49.45575328526241,LOSS,7,30.0,0.09464081933563145,1.3526712226987592,-0.999999999999996,0.75,stop_loss,4.811935521705636,3.5513668455457488,3.616016645112833,3.104864175763102,UP,BUY,2.127324968842456,False,68806.51193696937,0.004033484747787083,NONE,0.0,69444.6650625,0.75
2026-03-22 07:35:00+00:00,2026-03-22 07:35:00+00:00,2026-03-22 07:40:00+00:00,2026-03-22 08:00:00+00:00,SHORT,SHORT,-4.25,"['delta_strong_negative', 'cvd_strong_negative', 'aggressive_sellers', 'below_vwap']",68963.4,68834.093625,36.906355889127255,WIN,5,20.0,1.7249729566697363,0.5626172723502613,0.7500000000000008,0.75,take_profit,4.811935521705636,3.023368152485934,-3.606025120530995,-2.3199095485820123,DOWN,SELL,0.18489042196547809,False,68985.81404508287,-0.0036350414316996603,NONE,0.0,68834.093625,0.75
2026-03-22 11:25:00+00:00,2026-03-22 11:25:00+00:00,2026-03-22 11:30:00+00:00,2026-03-22 11:40:00+00:00,SHORT,SHORT,-4.25,"['delta_strong_negative', 'cvd_strong_negative', 'aggressive_sellers', 'below_vwap']",68374.1,68245.8985625,37.0447547237114,WIN,3,10.0,0.7839225671709024,0.5937920937898999,0.7499999999999992,0.75,take_profit,4.811935521705636,4.162216201635669,-4.021189261939596,-3.0713835582190994,DOWN,SELL,0.4971088432578849,False,68904.9492660181,-0.00505747995028151,NONE,0.0,68245.8985625,0.75
2026-03-23 02:25:00+00:00,2026-03-23 02:25:00+00:00,2026-03-23 02:30:00+00:00,2026-03-23 02:40:00+00:00,LONG,LONG,4.25,"['delta_strong_positive', 'cvd_strong_positive', 'aggressive_buyers', 'above_vwap']",68235.8,68363.742125,37.18367255392576,WIN,3,10.0,0.8206835707942165,0.439065710374957,0.7500000000000082,0.75,take_profit,4.811935521705636,3.219608024133405,3.0502056041134487,1.6080763401847444,UP,BUY,1.8514107258676111,False,67864.50357446395,0.0042481326358763455,NONE,0.0,68363.742125,0.75
2026-03-23 04:50:00+00:00,2026-03-23 04:50:00+00:00,2026-03-23 04:55:00+00:00,2026-03-23 05:00:00+00:00,LONG,LONG,4.25,"['delta_strong_positive', 'cvd_strong_positive', 'aggressive_buyers', 'above_vwap']",68443.8,68572.132125,37.32311132600281,WIN,2,5.0,1.9472910621560877,0.23201517157140364,0.7500000000000048,0.75,take_profit,4.811935521705636,3.453030496908545,2.876210921512403,2.3342238739116077,UP,BUY,1.8523046538613714,False,68014.24962297858,0.0049273765977243585,NONE,0.0,68572.132125,0.75
2026-03-23 06:40:00+00:00,2026-03-23 06:40:00+00:00,2026-03-23 06:45:00+00:00,2026-03-23 06:45:00+00:00,SHORT,SHORT,-3.5,"['delta_strong_negative', 'cvd_strong_negative', 'below_vwap']",67786.9,67659.79956249999,37.4630729934765,WIN,1,1.0,0.7895330808754398,0.7854024892715603,0.7500000000000282,0.75,take_profit,4.811935521705636,3.502082044592401,-2.264179437839897,-2.080242412458556,DOWN,SELL,0.7269602321942763,False,68188.78549895776,-0.008807447242731135,NONE,0.0,67659.79956249999,0.75
2026-03-23 09:55:00+00:00,2026-03-23 09:55:00+00:00,2026-03-23 10:00:00+00:00,2026-03-23 10:05:00+00:00,LONG,LONG,4.25,"['delta_strong_positive', 'cvd_strong_positive', 'aggressive_buyers', 'above_vwap']",68304.9,68432.9716875,37.603559517202704,WIN,2,5.0,2.0174248113971327,0.2201891811567912,0.7500000000000416,0.75,take_profit,4.811935521705636,-0.4520268010428184,2.52127428366966,2.757822790307754,UP,BUY,2.459872826963072,False,68160.33027395362,0.002392184939616235,NONE,0.0,68432.9716875,0.75
2026-03-23 11:05:00+00:00,2026-03-23 11:05:00+00:00,2026-03-23 11:10:00+00:00,2026-03-23 11:10:00+00:00,LONG,LONG,4.75,"['delta_strong_positive', 'cvd_strong_positive', 'aggressive_buyers', 'big_trade_buy', 'above_vwap']",71194.0,71016.015,-50.326097153853674,LOSS,1,1.0,1.5394555720987722,2.21872629715984,-1.000000000000003,0.75,stop_loss,4.811935521705636,4.242489979423901,4.2376010756077545,4.187527555808773,UP,BUY,1.5195619661296522,True,68735.73488875564,0.027601053630963386,NONE,0.0,71327.48875,0.75
2026-03-24 00:30:00+00:00,2026-03-24 00:30:00+00:00,2026-03-24 00:35:00+00:00,2026-03-24 00:35:00+00:00,SHORT,SHORT,-4.25,"['delta_strong_negative', 'cvd_strong_negative', 'aggressive_sellers', 'below_vwap']",70623.9,70491.4801875,37.55585000106224,WIN,1,1.0,1.3932960371772163,0.30414633006679975,0.749999999999981,0.75,take_profit,4.811935521705636,1.369033635552972,-2.5146965036370896,-2.3229705307517694,DOWN,SELL,0.6501279091991709,False,70798.24049963753,-0.0016391677809120566,NONE,0.0,70491.4801875,0.75
2026-03-24 04:30:00+00:00,2026-03-24 04:30:00+00:00,2026-03-24 04:35:00+00:00,2026-03-24 04:50:00+00:00,SHORT,SHORT,-4.25,"['delta_strong_negative', 'cvd_strong_negative', 'aggressive_sellers', 'below_vwap']",70352.7,70220.7886875,37.696684438567274,WIN,4,15.0,0.7868923296475854,0.33829547408983596,0.750000000000002,0.75,take_profit,4.811935521705636,2.777877713600338,-2.6831380048522124,-3.3161441957074906,DOWN,SELL,0.4808831687991356,False,70581.78042765088,-0.0023597951325891376,NONE,0.0,70220.7886875,0.75
2026-03-24 07:10:00+00:00,2026-03-24 07:10:00+00:00,2026-03-24 07:15:00+00:00,2026-03-24 07:15:00+00:00,LONG,LONG,3.5,"['delta_strong_positive', 'cvd_strong_positive', 'above_vwap']",70794.8,70927.54025,37.83804700521253,WIN,1,1.0,0.8294394503551271,0.2813765982812461,0.7500000000000143,0.75,take_profit,4.811935521705636,3.052404701486683,2.2079318637742507,1.8613371979032516,UP,BUY,1.3548123308149165,False,70503.25980784686,0.005373583076946044,NONE,0.0,70927.54025,0.75
2026-03-24 07:55:00+00:00,2026-03-24 07:55:00+00:00,2026-03-24 08:00:00+00:00,2026-03-24 08:05:00+00:00,LONG,LONG,4.25,"['delta_strong_positive', 'cvd_strong_positive', 'aggressive_buyers', 'above_vwap']",71255.2,71077.06199999999,-50.63991957531026,LOSS,2,5.0,0.3317652606406596,1.0671501869336766,-1.0000000000000353,0.75,stop_loss,4.811935521705636,3.397965420997988,3.5911329850824405,3.2919194848452564,UP,BUY,2.28912023724711,False,70613.03967293557,0.008881537448915731,NONE,0.0,71388.8035,0.75
2026-03-25 00:40:00+00:00,2026-03-25 00:40:00+00:00,2026-03-25 00:45:00+00:00,2026-03-25 01:05:00+00:00,LONG,LONG,4.25,"['delta_strong_positive', 'cvd_strong_positive', 'aggressive_buyers', 'above_vwap']",70893.7,70716.46575,-50.386719977430225,LOSS,5,20.0,0.3853656954003129,1.316336994683606,-0.9999999999999665,0.75,stop_loss,4.811935521705636,1.7905419686164632,2.1324407303509325,2.245324779817168,UP,BUY,1.9353322105373836,False,70751.1573529585,0.006615717446718414,NONE,0.0,71026.6256875,0.75
2026-03-25 05:05:00+00:00,2026-03-25 05:05:00+00:00,2026-03-25 05:10:00+00:00,2026-03-25 05:10:00+00:00,LONG,LONG,3.5,"['delta_strong_positive', 'cvd_strong_positive', 'above_vwap']",71175.0,71308.453125,37.60108978315857,WIN,1,1.0,0.8143308746048145,0.08991921320688444,0.75,0.75,take_profit,4.811935521705636,4.112429477443959,2.854671118745546,2.545607522764179,UP,BUY,1.3528944565435856,False,70738.72609545986,0.006353507431489185,NONE,0.0,71308.453125,0.75
2026-03-25 06:55:00+00:00,2026-03-25 06:55:00+00:00,2026-03-25 07:00:00+00:00,2026-03-25 07:30:00+00:00,SHORT,SHORT,-3.75,"['delta_strong_negative', 'cvd_strong_negative', 'aggressive_sellers']",70962.8,71140.20700000001,-50.3227918264624,LOSS,7,30.0,0.2632365126516828,1.1701905787257056,-1.0000000000000366,0.75,stop_loss,4.811935521705636,2.3520570748609533,-2.0856004270189237,-2.3431625316073035,DOWN,SELL,0.440730026302988,False,70839.44679399424,0.0003737075018255081,NONE,0.0,70829.74475,0.75
2026-03-25 08:30:00+00:00,2026-03-25 08:30:00+00:00,2026-03-25 08:35:00+00:00,2026-03-25 08:35:00+00:00,LONG,LONG,4.25,"['delta_strong_positive', 'cvd_strong_positive', 'aggressive_buyers', 'above_vwap']",71458.8,71280.153,-50.07117786732746,LOSS,1,1.0,0.07276920407283637,1.113928585422649,-0.9999999999999842,0.75,stop_loss,4.811935521705636,3.749127494867392,3.2966334177363157,3.2237350100657984,UP,BUY,1.9515004805983605,False,70892.29196997291,0.005307736564039584,NONE,0.0,71592.78525,0.75
2026-03-25 11:25:00+00:00,2026-03-25 11:25:00+00:00,2026-03-25 11:30:00+00:00,2026-03-25 11:35:00+00:00,LONG,LONG,4.25,"['delta_strong_positive', 'cvd_strong_positive', 'aggressive_buyers', 'above_vwap']",71832.9,71967.58668749999,37.3656164834931,WIN,2,5.0,0.9299360042543181,0.3090505882402075,0.7499999999999878,0.75,take_profit,4.811935521705636,2.931461151120148,3.3253918661668216,2.9199447772126947,UP,BUY,2.1351459854014596,False,71043.71009030915,0.007242118740035956,NONE,0.0,71967.58668749999,0.75
2026-03-25 12:15:00+00:00,2026-03-25 12:15:00+00:00,2026-03-25 12:20:00+00:00,2026-03-25 12:20:00+00:00,SHORT,SHORT,-3.75,"['delta_strong_negative', 'cvd_strong_negative', 'aggressive_sellers']",71390.4,71256.54299999999,37.505737545307824,WIN,1,1.0,1.708352943813141,0.0930097043860565,0.7500000000000202,0.75,take_profit,4.811935521705636,2.5104442707353263,-2.472002095615627,-1.7962374518889952,DOWN,SELL,0.6486518263949748,False,71145.72007606541,-0.0016397209464696417,NONE,0.0,71256.54299999999,0.75
2026-03-26 02:30:00+00:00,2026-03-26 02:30:00+00:00,2026-03-26 02:35:00+00:00,2026-03-26 05:05:00+00:00,SHORT,SHORT,-4.25,"['delta_strong_negative', 'cvd_strong_negative', 'aggressive_sellers', 'below_vwap']",70770.7,70638.0049375,37.646384061102474,WIN,31,150.0,1.896830185373276,0.9845882547438253,0.7500000000000151,0.75,take_profit,4.811935521705636,3.7580516381708473,-3.44695221279822,-2.698634692704705,DOWN,SELL,0.6476051184674345,False,71111.84915928994,-0.005824456681524639,NONE,0.0,70638.0049375,0.75
2026-03-26 05:40:00+00:00,2026-03-26 05:40:00+00:00,2026-03-26 05:45:00+00:00,2026-03-26 05:50:00+00:00,SHORT,SHORT,-4.75,"['delta_strong_negative', 'cvd_strong_negative', 'aggressive_sellers', 'big_trade_sell', 'below_vwap']",70279.0,70147.226875,37.78755800133285,WIN,2,5.0,1.14571920488341,0.3733690006972542,0.7500000000000397,0.75,take_profit,4.811935521705636,2.6482029525350295,-3.2317147511815536,-2.097502983449499,DOWN,SELL,0.34177817392398,True,70856.9019876293,-0.006513646270480914,NONE,0.0,70147.226875,0.75
2026-03-26 09:30:00+00:00,2026-03-26 09:30:00+00:00,2026-03-26 09:35:00+00:00,2026-03-26 10:15:00+00:00,SHORT,SHORT,-4.25,"['delta_strong_negative', 'cvd_strong_negative', 'aggressive_sellers', 'below_vwap']",69428.0,69601.57,-50.57234845844984,LOSS,9,40.0,0.3572045860459757,1.209886501123466,-1.0000000000000402,0.75,stop_loss,4.811935521705636,4.150121238596498,-4.184527507048447,-4.0165374441966915,DOWN,SELL,0.5318774727254846,False,70334.53018416047,-0.0077794316220039135,NONE,0.0,69297.8225,0.75
2026-03-26 11:25:00+00:00,2026-03-26 11:25:00+00:00,2026-03-26 11:30:00+00:00,2026-03-26 13:05:00+00:00,SHORT,SHORT,-4.25,"['delta_strong_negative', 'cvd_strong_negative', 'aggressive_sellers', 'below_vwap']",69282.0,69455.205,-50.31948671615605,LOSS,20,95.0,0.5461736093069243,1.2586241736670418,-1.00000000000001,0.75,stop_loss,4.811935521705636,4.049935784731337,-3.733849198913626,-2.111627866771509,DOWN,SELL,0.5619296642042646,False,70143.5176524751,-0.005267438831976611,NONE,0.0,69152.09625,0.75
2026-03-27 00:05:00+00:00,2026-03-27 00:05:00+00:00,2026-03-27 00:10:00+00:00,2026-03-27 00:20:00+00:00,LONG,LONG,4.25,"['delta_strong_positive', 'cvd_strong_positive', 'aggressive_buyers', 'above_vwap']",68904.4,68732.139,-50.067889282574356,LOSS,3,10.0,0.21943446282096882,1.1703171350450263,-0.9999999999999919,0.75,stop_loss,4.811935521705636,0.5058256057035165,2.6184580461949705,1.5572619130837673,UP,BUY,3.284332108944885,False,68766.51457656715,-0.0008347719067714062,NONE,0.0,69033.59575,0.75
2026-03-27 03:05:00+00:00,2026-03-27 03:05:00+00:00,2026-03-27 03:10:00+00:00,2026-03-27 03:35:00+00:00,SHORT,SHORT,-4.25,"['delta_strong_negative', 'cvd_strong_negative', 'aggressive_sellers', 'below_vwap']",68680.4,68852.101,-49.817549836162165,LOSS,6,25.0,0.293533526304414,1.121717404092031,-1.0000000000000056,0.75,stop_loss,4.811935521705636,3.554853282535542,-3.5733786317841623,-2.4106503262414614,DOWN,SELL,0.5248585304356547,False,68812.7724120445,-0.0017076584340363983,NONE,0.0,68551.62425,0.75
2026-03-27 04:00:00+00:00,2026-03-27 04:00:00+00:00,2026-03-27 04:05:00+00:00,2026-03-27 04:05:00+00:00,SHORT,SHORT,-3.5,"['delta_strong_negative', 'cvd_strong_negative', 'below_vwap']",68499.9,68371.4626875,37.17634656523534,WIN,1,1.0,1.417228346318737,0.21313899728320773,0.7499999999999906,0.75,take_profit,4.811935521705636,3.8620746690353047,-2.72048891426356,-2.6009167664116055,DOWN,SELL,0.7214654329541113,False,68766.0803730183,-0.003908349178331391,NONE,0.0,68371.4626875,0.75
2026-03-27 07:10:00+00:00,2026-03-27 07:10:00+00:00,2026-03-27 07:15:00+00:00,2026-03-27 07:35:00+00:00,LONG,LONG,4.25,"['delta_strong_positive', 'cvd_strong_positive', 'aggressive_buyers', 'above_vwap']",68830.5,68658.42375,-49.75434381980674,LOSS,5,20.0,0.5491751476453025,1.256419755776855,-0.9999999999999897,0.75,stop_loss,4.811935521705636,3.8342868206353473,3.756666971768319,2.806394407261618,UP,BUY,2.249666047633011,False,68691.67331585953,0.0033879318624987216,NONE,0.0,68959.5571875,0.75
2026-03-27 08:25:00+00:00,2026-03-27 08:25:00+00:00,2026-03-27 08:30:00+00:00,2026-03-27 08:35:00+00:00,SHORT,SHORT,-4.25,"['delta_strong_negative', 'cvd_strong_negative', 'aggressive_sellers', 'below_vwap']",68201.0,68073.123125,37.129179075531674,WIN,2,5.0,3.7594756675122065,0.3976481283265812,0.7500000000000102,0.75,take_profit,4.811935521705636,1.0265724319613272,-2.140639489008248,-3.154906812483099,DOWN,SELL,0.40464010917260457,False,68652.23037679274,-0.005734325156814047,NONE,0.0,68073.123125,0.75
2026-03-27 10:35:00+00:00,2026-03-27 10:35:00+00:00,2026-03-27 10:40:00+00:00,2026-03-27 10:40:00+00:00,SHORT,SHORT,-4.25,"['delta_strong_negative', 'cvd_strong_negative', 'aggressive_sellers', 'below_vwap']",66942.8,66817.28225,37.26841349706414,WIN,1,1.0,1.3288957139528597,0.36867295661368865,0.7499999999999944,0.75,take_profit,4.811935521705636,4.189518593685443,-4.194223022214162,-4.126364282264331,DOWN,SELL,0.5027064380413822,False,68165.05571077544,-0.013417983343083084,NONE,0.0,66817.28225,0.75
2026-03-28 01:10:00+00:00,2026-03-28 01:10:00+00:00,2026-03-28 01:15:00+00:00,2026-03-28 02:25:00+00:00,SHORT,SHORT,-4.25,"['delta_strong_negative', 'cvd_strong_negative', 'aggressive_sellers', 'below_vwap']",66115.7,65991.7330625,37.40817004767657,WIN,15,70.0,0.8772500328968762,0.8052550301970988,0.7499999999999633,0.75,take_profit,4.811935521705636,3.081371500095049,-3.0417308552213003,-2.280421048442001,DOWN,SELL,0.47312567932481653,False,66317.36373572778,-0.0010193713384683797,NONE,0.0,65991.7330625,0.75
2026-03-28 06:15:00+00:00,2026-03-28 06:15:00+00:00,2026-03-28 06:20:00+00:00,2026-03-28 09:05:00+00:00,LONG,LONG,4.25,"['delta_strong_positive', 'cvd_strong_positive', 'aggressive_buyers', 'above_vwap']",66445.4,66279.28649999999,-50.064600913811624,LOSS,34,165.0,0.5327682578477969,1.0396506003425194,-1.0000000000000406,0.75,stop_loss,4.811935521705636,2.385191729941739,2.4321356736122866,2.1599775007218827,UP,BUY,2.7189858554334134,False,66194.23530504371,0.004313487128535793,NONE,0.0,66569.98512499999,0.75
2026-03-29 03:15:00+00:00,2026-03-29 03:15:00+00:00,2026-03-29 03:20:00+00:00,2026-03-29 03:45:00+00:00,LONG,LONG,3.5,"['delta_strong_positive', 'cvd_strong_positive', 'above_vwap']",67021.7,66854.14575,-49.81427790924084,LOSS,6,25.0,0.061472627522148264,1.1960305393625896,-1.0000000000000062,0.75,stop_loss,4.811935521705636,4.068283233893242,2.7598012289075133,1.5539298121159455,UP,BUY,1.4039536362520777,False,66620.55117198733,0.006694469283001454,NONE,0.0,67147.3656875,0.75
2026-03-29 04:20:00+00:00,2026-03-29 04:20:00+00:00,2026-03-29 04:25:00+00:00,2026-03-29 05:05:00+00:00,SHORT,SHORT,-4.25,"['delta_strong_negative', 'cvd_strong_negative', 'aggressive_sellers', 'big_trade_sell']",66791.3,66666.0663125,37.17390488977185,WIN,9,40.0,0.9516209446440403,0.17127979242800345,0.7500000000000223,0.75,take_profit,4.811935521705636,0.9529490194795058,-3.282024087786042,-2.9154979125562726,DOWN,SELL,0.21639968821583103,True,66684.41666026846,0.0011658056935142892,NONE,0.0,66666.0663125,0.75
2026-03-29 05:50:00+00:00,2026-03-29 05:50:00+00:00,2026-03-29 05:55:00+00:00,2026-03-29 07:00:00+00:00,LONG,LONG,4.25,"['delta_strong_positive', 'cvd_strong_positive', 'aggressive_buyers', 'above_vwap']",66752.1,66585.21975,-49.751076044143765,LOSS,14,65.0,0.5566866061142296,1.3638522233757788,-1.0000000000000118,0.75,stop_loss,4.811935521705636,2.053606118937486,2.286462215165857,2.596862391804493,UP,BUY,2.8350087319504196,False,66685.9757233791,-0.00037707813960094586,NONE,0.0,66877.26018750001,0.75
2026-03-29 11:00:00+00:00,2026-03-29 11:00:00+00:00,2026-03-29 11:05:00+00:00,2026-03-29 11:05:00+00:00,LONG,LONG,3.75,"['delta_strong_positive', 'cvd_strong_positive', 'aggressive_buyers']",66655.4,66780.378875,37.126740497942066,WIN,1,1.0,1.0591790012512114,0.12482109476494543,0.7500000000000043,0.75,take_profit,4.811935521705636,1.7680480308055289,3.22267384345099,2.274109160583268,UP,BUY,3.491049177398056,False,66656.04200206656,0.0010567347620177828,NONE,0.0,66780.378875,0.75
2026-03-30 02:40:00+00:00,2026-03-30 02:40:00+00:00,2026-03-30 02:45:00+00:00,2026-03-30 02:45:00+00:00,LONG,LONG,4.25,"['delta_strong_positive', 'cvd_strong_positive', 'aggressive_buyers', 'above_vwap']",67020.9,67146.5641875,37.265965774810894,WIN,1,1.0,2.7859966070285713,0.2799126839537767,0.7500000000000354,0.75,take_profit,4.811935521705636,2.99052182115446,2.566292122997702,2.2580549335211555,UP,BUY,1.6605445762363182,False,66528.32416993457,0.014018508910258146,NONE,0.0,67146.5641875,0.75
2026-03-30 07:55:00+00:00,2026-03-30 07:55:00+00:00,2026-03-30 08:00:00+00:00,2026-03-30 08:00:00+00:00,LONG,LONG,3.5,"['delta_strong_positive', 'cvd_strong_positive', 'above_vwap']",67595.9,67722.6423125,37.40571314646643,WIN,1,1.0,1.0136709474983123,0.1260431475872848,0.7500000000000353,0.75,take_profit,4.811935521705636,3.260773044366494,2.1165813844225183,1.6686692963801713,UP,BUY,1.405259932591155,False,67003.41888153908,0.002258935663208607,NONE,0.0,67722.6423125,0.75
2026-03-30 11:00:00+00:00,2026-03-30 11:00:00+00:00,2026-03-30 11:05:00+00:00,2026-03-30 11:25:00+00:00,LONG,LONG,4.25,"['delta_strong_positive', 'cvd_strong_positive', 'aggressive_buyers', 'above_vwap']",67484.9,67611.4341875,37.54598457076431,WIN,5,20.0,3.0412729366125215,0.024301732683852353,0.7500000000000077,0.75,take_profit,4.811935521705636,1.3462846342148016,2.6395549283624615,1.8139618660305332,UP,BUY,2.5827207840630657,False,67134.327630352,-0.0015888235647748034,NONE,0.0,67611.4341875,0.75
2026-03-31 00:00:00+00:00,2026-03-31 00:00:00+00:00,2026-03-31 00:05:00+00:00,2026-03-31 00:05:00+00:00,SHORT,SHORT,-3.75,"['delta_strong_negative', 'cvd_strong_negative', 'aggressive_sellers']",66785.5,66660.2771875,37.686782012903244,WIN,1,1.0,0.8397032289943002,0.0,0.749999999999979,0.75,take_profit,4.811935521705636,0.8882457783491127,-2.133005368889052,-1.7610749925374167,DOWN,SELL,0.5071660619269936,False,66749.33333333333,0.0013023460749207918,NONE,0.0,66660.2771875,0.75
2026-03-31 00:45:00+00:00,2026-03-31 00:45:00+00:00,2026-03-31 00:50:00+00:00,2026-03-31 00:50:00+00:00,LONG,LONG,4.25,"['delta_strong_positive', 'cvd_strong_positive', 'aggressive_buyers', 'above_vwap']",67222.2,67054.1445,-50.43747659393757,LOSS,1,1.0,0.06366944253533559,1.500694710973441,-1.000000000000013,0.75,stop_loss,4.811935521705636,4.112254997188621,3.869742479266737,3.045571486171873,UP,BUY,1.9838427186488377,False,66899.39716344199,0.006731432562932429,NONE,0.0,67348.241625,0.75
2026-03-31 01:30:00+00:00,2026-03-31 01:30:00+00:00,2026-03-31 01:35:00+00:00,2026-03-31 01:35:00+00:00,LONG,LONG,4.25,"['delta_strong_positive', 'cvd_strong_positive', 'aggressive_buyers', 'above_vwap']",68297.5,68126.75625,-50.1852892109655,LOSS,1,1.0,0.3080639847725367,1.3365057286137683,-0.9999999999999659,0.75,stop_loss,4.811935521705636,3.4815054782245873,3.12741834787541,2.6048779722069915,UP,BUY,1.5800625762678346,False,67461.3476487413,0.016069690072507616,NONE,0.0,68425.5578125,0.75
2026-03-31 07:10:00+00:00,2026-03-31 07:10:00+00:00,2026-03-31 07:15:00+00:00,2026-03-31 07:15:00+00:00,SHORT,SHORT,-4.25,"['delta_strong_negative', 'cvd_strong_negative', 'aggressive_sellers', 'below_vwap']",67267.2,67141.074,37.450772073685435,WIN,1,1.0,1.1613386613386787,0.042814328528596936,0.7500000000000229,0.75,take_profit,4.811935521705636,2.1304837249982183,-2.523627882191419,-1.8354330941002481,DOWN,SELL,0.5349918236926817,False,67630.6981327398,-0.004469520311704634,NONE,0.0,67141.074,0.75
2026-03-31 08:40:00+00:00,2026-03-31 08:40:00+00:00,2026-03-31 08:45:00+00:00,2026-03-31 08:45:00+00:00,SHORT,SHORT,-4.75,"['delta_strong_negative', 'cvd_strong_negative', 'aggressive_sellers', 'big_trade_sell', 'below_vwap']",66818.9,66693.61456249999,37.59121246896135,WIN,1,1.0,0.9811595222309507,0.5459533156038884,0.7500000000000147,0.75,take_profit,4.811935521705636,3.7729981089655587,-3.583657413703654,-2.421348478598084,DOWN,SELL,0.48544189325615683,True,67540.72082284339,-0.007384545464703247,NONE,0.0,66693.61456249999,0.75
2026-04-01 03:05:00+00:00,2026-04-01 03:05:00+00:00,2026-04-01 03:10:00+00:00,2026-04-01 03:45:00+00:00,LONG,LONG,4.25,"['delta_strong_positive', 'cvd_strong_positive', 'aggressive_buyers', 'above_vwap']",68032.3,68159.8605625,37.73217951571998,WIN,8,35.0,1.0712558593491448,0.9395537119868232,0.750000000000015,0.75,take_profit,4.811935521705636,2.4728468583216143,3.136897734812848,2.7022778323738694,UP,BUY,2.482267321980273,False,67934.01896061897,0.0008412648917093124,NONE,0.0,68159.8605625,0.75
2026-04-01 05:25:00+00:00,2026-04-01 05:25:00+00:00,2026-04-01 05:30:00+00:00,2026-04-01 06:15:00+00:00,LONG,LONG,4.25,"['delta_strong_positive', 'cvd_strong_positive', 'aggressive_buyers', 'above_vwap']",68553.0,68681.536875,37.87367518890472,WIN,10,45.0,1.1564774699867086,0.8694003180021298,0.7500000000000306,0.75,take_profit,4.811935521705636,3.2508799099732095,2.2015002888147652,2.2393633347133446,UP,BUY,1.5740100440070388,False,68080.04800227698,0.0069914755100013715,NONE,0.0,68681.536875,0.75
2026-04-01 06:35:00+00:00,2026-04-01 06:35:00+00:00,2026-04-01 06:40:00+00:00,2026-04-01 06:40:00+00:00,LONG,LONG,4.75,"['delta_strong_positive', 'cvd_strong_positive', 'aggressive_buyers', 'big_trade_buy', 'above_vwap']",68940.0,69069.2625,38.01570147086071,WIN,1,1.0,1.624601102407891,0.0,0.7499999999999831,0.75,take_profit,4.811935521705636,2.404462830206952,2.5273173503716504,2.0318414224868997,UP,BUY,1.9347759563843578,True,68248.84069370378,0.007909988183569068,NONE,0.0,69069.2625,0.75
2026-04-01 12:00:00+00:00,2026-04-01 12:00:00+00:00,2026-04-01 12:05:00+00:00,2026-04-01 12:35:00+00:00,SHORT,SHORT,-4.25,"['delta_strong_negative', 'cvd_strong_negative', 'aggressive_sellers', 'below_vwap']",68468.8,68340.421,38.158260351377535,WIN,7,30.0,1.301614750075964,0.9832215549272247,0.7500000000000048,0.75,take_profit,4.811935521705636,3.060644159229845,-2.916694669707228,-2.0027086770010207,DOWN,SELL,0.6367815494896502,False,68471.37514197263,-0.0013350701472628708,NONE,0.0,68340.421,0.75
2026-04-02 00:10:00+00:00,2026-04-02 00:10:00+00:00,2026-04-02 00:15:00+00:00,2026-04-02 00:35:00+00:00,LONG,LONG,4.25,"['delta_strong_positive', 'cvd_strong_positive', 'aggressive_buyers', 'above_vwap']",68177.3,68305.1324375,38.30135382769311,WIN,5,20.0,1.005613305308331,0.4535233868164501,0.7499999999999638,0.75,take_profit,4.811935521705636,2.1458309514430063,2.9570002640078843,2.3176517678641133,UP,BUY,2.8566336555455725,False,68123.36600099734,-0.00019732518507527182,NONE,0.0,68305.1324375,0.75
2026-04-02 01:05:00+00:00,2026-04-02 01:05:00+00:00,2026-04-02 01:10:00+00:00,2026-04-02 01:10:00+00:00,SHORT,SHORT,-3.5,"['delta_strong_negative', 'cvd_strong_negative', 'below_vwap']",68135.1,68305.43775000001,-51.25997853940023,LOSS,1,1.0,0.49607324271924447,1.7418335043171407,-1.0000000000000353,0.75,stop_loss,4.811935521705636,4.0965492495362374,-2.7742770651919133,-2.859396864765986,DOWN,SELL,0.8537853928568413,False,68183.63373275269,-0.0009189935483389829,NONE,0.0,68007.3466875,0.75
2026-04-02 09:00:00+00:00,2026-04-02 09:00:00+00:00,2026-04-02 09:05:00+00:00,2026-04-02 09:05:00+00:00,SHORT,SHORT,-4.25,"['delta_strong_negative', 'cvd_strong_negative', 'aggressive_sellers', 'below_vwap']",66400.8,66276.2985,38.252758985025594,WIN,1,1.0,0.8722786472452314,0.03192732617681058,0.7499999999999909,0.75,take_profit,4.811935521705636,2.9034327884796087,-2.342693562793223,-1.6064300131879314,DOWN,SELL,0.5750341507838418,False,67074.29221249357,-0.002776272884625479,NONE,0.0,66276.2985,0.75
2026-04-02 12:20:00+00:00,2026-04-02 12:20:00+00:00,2026-04-02 12:25:00+00:00,2026-04-02 12:55:00+00:00,SHORT,SHORT,-3.5,"['delta_strong_negative', 'cvd_strong_negative', 'below_vwap']",66103.0,65979.056875,38.396206831221534,WIN,7,30.0,0.8520036912091912,0.6432385822126252,0.7500000000000318,0.75,take_profit,4.811935521705636,3.0444874369568797,-3.537654843933777,-2.9339557255644437,DOWN,SELL,0.7441846990422883,False,66917.70551797867,-0.0028984618910665835,NONE,0.0,65979.056875,0.75
2026-04-03 00:45:00+00:00,2026-04-03 00:45:00+00:00,2026-04-03 00:50:00+00:00,2026-04-03 01:30:00+00:00,SHORT,SHORT,-4.25,"['delta_strong_negative', 'cvd_strong_negative', 'aggressive_sellers', 'below_vwap']",66706.2,66872.96549999999,-51.38692347578082,LOSS,9,40.0,0.21107483262423637,1.0499773634235248,-0.9999999999999644,0.75,stop_loss,4.811935521705636,3.021282370514997,-3.2179129259101042,-3.2437693475471927,DOWN,SELL,0.36116472667301625,False,66819.35775313886,-0.002452299374490204,NONE,0.0,66581.125875,0.75
2026-04-03 02:10:00+00:00,2026-04-03 02:10:00+00:00,2026-04-03 02:15:00+00:00,2026-04-03 02:15:00+00:00,SHORT,SHORT,-3.25,"['delta_strong_negative', 'cvd_strong_negative', 'aggressive_sellers', 'big_trade_sell', 'below_vwap', 'sell_absorption']",66479.6,66645.799,-51.12998885840167,LOSS,1,1.0,0.03489792357356488,1.4867718819005604,-0.9999999999999593,0.75,stop_loss,4.811935521705636,1.962116222071267,-2.093524010359842,-1.5217596198606684,DOWN,SELL,0.4258193750018053,True,66655.12123578097,-0.0037343040285776007,SELL_ABSORPTION,1.0,66354.95075,0.75
2026-04-03 05:15:00+00:00,2026-04-03 05:15:00+00:00,2026-04-03 05:20:00+00:00,2026-04-03 05:30:00+00:00,SHORT,SHORT,-4.25,"['delta_strong_negative', 'cvd_strong_negative', 'aggressive_sellers', 'below_vwap']",66488.1,66654.32025,-50.87433891411126,LOSS,3,10.0,0.2785460856905395,1.8138584197773735,-0.9999999999999907,0.75,stop_loss,4.811935521705636,1.8503455943966005,-2.400313882154596,-1.6744898435047417,DOWN,SELL,0.6160780717387918,False,66573.15480942091,-0.0005914543774649494,NONE,0.0,66363.43481250001,0.75
2026-04-03 07:30:00+00:00,2026-04-03 07:30:00+00:00,2026-04-03 07:35:00+00:00,2026-04-03 07:35:00+00:00,LONG,LONG,4.25,"['delta_strong_positive', 'cvd_strong_positive', 'aggressive_buyers', 'above_vwap']",67038.3,67163.9968125,37.96497541465543,WIN,1,1.0,1.1635139912557448,0.04833058117527336,0.7499999999999909,0.75,take_profit,4.811935521705636,3.6278868596457134,3.6209625398142906,2.6188669880576647,UP,BUY,2.06971780133445,False,66615.23373342946,0.005436570676559941,NONE,0.0,67163.9968125,0.75
2026-04-04 01:25:00+00:00,2026-04-04 01:25:00+00:00,2026-04-04 01:30:00+00:00,2026-04-04 06:45:00+00:00,SHORT,SHORT,-4.25,"['delta_strong_negative', 'cvd_strong_negative', 'aggressive_sellers', 'below_vwap']",66811.5,66978.52875,-50.809792096613755,LOSS,64,315.0,0.3951415549718237,1.045329022698223,-0.999999999999986,0.75,stop_loss,4.811935521705636,1.1569107884660093,-2.1751429303464724,-1.6116786469422866,DOWN,SELL,0.2671765329690575,False,66867.55076883073,-0.0008931651327175602,NONE,0.0,66686.2284375,0.75
2026-04-04 10:10:00+00:00,2026-04-04 10:10:00+00:00,2026-04-04 10:15:00+00:00,2026-04-04 10:45:00+00:00,SHORT,SHORT,-4.25,"['delta_strong_negative', 'cvd_strong_negative', 'aggressive_sellers', 'below_vwap']",66880.9,67048.10225,-50.55574313613203,LOSS,7,30.0,0.0,1.6112223370200385,-1.0000000000000124,0.75,stop_loss,4.811935521705636,2.1353271693160614,-3.1541335360309,-2.357666697624855,DOWN,SELL,0.35759202453987726,False,66897.65638664537,-0.001052727603246658,NONE,0.0,66755.4983125,0.75
2026-04-04 11:00:00+00:00,2026-04-04 11:00:00+00:00,2026-04-04 11:05:00+00:00,2026-04-04 15:05:00+00:00,LONG,LONG,4.25,"['delta_strong_positive', 'cvd_strong_positive', 'aggressive_buyers', 'above_vwap']",67149.9,67275.80606249999,37.72722331533757,WIN,49,240.0,0.7696213992873358,0.8708873728776788,0.7499999999999903,0.75,take_profit,4.811935521705636,2.884605580687609,2.259932488686163,2.4262174155588108,UP,BUY,1.8048243875366685,False,66932.93794538324,0.0022235133579902333,NONE,0.0,67275.80606249999,0.75
2026-04-05 02:00:00+00:00,2026-04-05 02:00:00+00:00,2026-04-05 02:05:00+00:00,2026-04-05 05:55:00+00:00,SHORT,SHORT,-4.25,"['delta_strong_negative', 'cvd_strong_negative', 'aggressive_sellers', 'below_vwap']",67010.3,66884.65568750001,37.868700402768525,WIN,47,230.0,1.1192309242012048,0.9347816678927942,0.7499999999999596,0.75,take_profit,4.811935521705636,4.162328434918128,-3.934585471182569,-2.1734910904772753,DOWN,SELL,0.5180988702889451,False,67105.8167604494,-0.0025856548143435255,NONE,0.0,66884.65568750001,0.75
2026-04-05 10:35:00+00:00,2026-04-05 10:35:00+00:00,2026-04-05 10:40:00+00:00,2026-04-05 12:00:00+00:00,LONG,LONG,4.25,"['delta_strong_positive', 'cvd_strong_positive', 'aggressive_buyers', 'above_vwap']",67084.6,66916.8885,-50.68094403904274,LOSS,17,80.0,0.04412339046513911,1.1764249917268814,-1.0000000000000289,0.75,stop_loss,4.811935521705636,3.194197965893016,3.2728334505806806,2.130616796973282,UP,BUY,2.9735647548630553,False,66908.6620734555,0.0031719049146767585,NONE,0.0,67210.383625,0.75
2026-04-05 12:30:00+00:00,2026-04-05 12:30:00+00:00,2026-04-05 12:35:00+00:00,2026-04-05 14:00:00+00:00,SHORT,SHORT,-3.5,"['delta_strong_negative', 'cvd_strong_negative', 'below_vwap']",66735.1,66901.93775000001,-50.427539318847884,LOSS,18,85.0,0.5100764065686921,1.2293380844562531,-1.000000000000036,0.75,stop_loss,4.811935521705636,4.015208764362544,-2.623034141758857,-1.6895749377197617,DOWN,SELL,0.6984002414729852,False,66908.68526088135,-0.0029066086086176265,NONE,0.0,66609.9716875,0.75
2026-04-06 02:10:00+00:00,2026-04-06 02:10:00+00:00,2026-04-06 02:15:00+00:00,2026-04-06 02:15:00+00:00,LONG,LONG,3.75,"['delta_strong_positive', 'cvd_strong_positive', 'aggressive_buyers']",69089.5,69219.0428125,37.63155121668988,WIN,1,1.0,1.0525477822245228,0.10421265170539662,0.7500000000000202,0.75,take_profit,4.811935521705636,2.6508495093138507,3.2527075441756206,2.395938966240638,UP,BUY,1.892822672771978,False,69124.38968637296,0.005116125926056841,NONE,0.0,69219.0428125,0.75
2026-04-06 06:25:00+00:00,2026-04-06 06:25:00+00:00,2026-04-06 06:30:00+00:00,2026-04-06 06:50:00+00:00,SHORT,SHORT,-4.25,"['delta_strong_negative', 'cvd_strong_negative', 'aggressive_sellers', 'below_vwap']",68813.8,68985.8345,-50.3635593783336,LOSS,5,20.0,0.0511525304517577,1.5444576523894746,-0.9999999999999668,0.75,stop_loss,4.811935521705636,3.184981968549398,-3.6795373696558746,-2.5759541223058666,DOWN,SELL,0.5504484089534865,False,69123.2711957863,-0.004368753637325458,NONE,0.0,68684.774125,0.75
2026-04-06 09:10:00+00:00,2026-04-06 09:10:00+00:00,2026-04-06 09:15:00+00:00,2026-04-06 09:15:00+00:00,LONG,LONG,4.25,"['delta_strong_positive', 'cvd_strong_positive', 'aggressive_buyers', 'above_vwap']",69604.0,69734.5075,37.58380618608472,WIN,1,1.0,2.1176943853801506,0.085627262800955,0.7500000000000402,0.75,take_profit,4.811935521705636,4.078511718902898,4.085407324338212,3.279552739768315,UP,BUY,2.682544538304636,False,69140.56247229215,0.006447555532913897,NONE,0.0,69734.5075,0.75
2026-04-06 12:35:00+00:00,2026-04-06 12:35:00+00:00,2026-04-06 12:40:00+00:00,2026-04-06 12:55:00+00:00,LONG,LONG,4.25,"['delta_strong_positive', 'cvd_strong_positive', 'aggressive_buyers', 'above_vwap']",69478.2,69304.5045,-50.299660612374495,LOSS,4,15.0,0.2423781848119601,1.123805740505638,-1.0000000000000093,0.75,stop_loss,4.811935521705636,-0.5629137560736488,2.3428562179334493,2.2155643953982826,UP,BUY,2.2540584851905607,False,69344.54931490318,-0.003618492376198156,NONE,0.0,69608.47162499999,0.75
2026-04-07 04:45:00+00:00,2026-04-07 04:45:00+00:00,2026-04-07 04:50:00+00:00,2026-04-07 05:00:00+00:00,LONG,LONG,4.25,"['delta_strong_positive', 'cvd_strong_positive', 'aggressive_buyers', 'above_vwap']",68932.2,68759.8695,-50.04816230931111,LOSS,3,10.0,0.0,1.0218736671685584,-0.9999999999999791,0.75,stop_loss,4.811935521705636,2.985491320923848,2.716769639212508,2.6987366729581956,UP,BUY,1.9448654601849806,False,68679.64080685608,0.004621911558462298,NONE,0.0,69061.447875,0.75
2026-04-07 05:15:00+00:00,2026-04-07 05:15:00+00:00,2026-04-07 05:20:00+00:00,2026-04-07 05:40:00+00:00,SHORT,SHORT,-3.75,"['delta_strong_negative', 'cvd_strong_negative', 'aggressive_sellers']",68749.0,68620.095625,37.34844112332369,WIN,5,20.0,0.8436486348892347,0.2333124845452636,0.7499999999999897,0.75,take_profit,4.811935521705636,0.9108783862695704,-2.1905361079396934,-1.642636564226465,DOWN,SELL,0.362821774958069,False,68685.585193927,0.0018352132949989554,NONE,0.0,68620.095625,0.75
2026-04-07 08:20:00+00:00,2026-04-07 08:20:00+00:00,2026-04-07 08:25:00+00:00,2026-04-07 08:50:00+00:00,LONG,LONG,4.25,"['delta_strong_positive', 'cvd_strong_positive', 'aggressive_buyers', 'above_vwap']",68822.4,68951.442,37.48849777753705,WIN,6,25.0,0.8195006277026086,0.63002743292878,0.7500000000000075,0.75,take_profit,4.811935521705636,1.6712687793594596,2.2121364852654666,2.675374519890201,UP,BUY,1.883074898255164,False,68662.86353105475,0.002486928266973499,NONE,0.0,68951.442,0.75
2026-04-07 09:05:00+00:00,2026-04-07 09:05:00+00:00,2026-04-07 09:10:00+00:00,2026-04-07 09:20:00+00:00,LONG,LONG,4.25,"['delta_strong_positive', 'cvd_strong_positive', 'aggressive_buyers', 'above_vwap']",69178.4,69005.454,-50.17210619226882,LOSS,3,10.0,0.23070785100556665,1.1142206237785037,-0.9999999999999785,0.75,stop_loss,4.811935521705636,3.33955300573466,3.5819576325638955,1.6597465002215448,UP,BUY,2.2226270843337192,False,68693.78175537067,0.006782017560866958,NONE,0.0,69308.10949999999,0.75
2026-04-07 10:05:00+00:00,2026-04-07 10:05:00+00:00,2026-04-07 10:10:00+00:00,2026-04-07 10:25:00+00:00,SHORT,SHORT,-3.75,"['delta_strong_negative', 'cvd_strong_negative', 'aggressive_sellers']",68901.3,68772.1100625,37.44093424598334,WIN,4,15.0,1.5924227844757814,0.4336638060529893,0.7500000000000385,0.75,take_profit,4.811935521705636,2.3916028764664126,-2.0275912074215108,-2.259177856600681,DOWN,SELL,0.6036094090965399,False,68739.93939473186,0.00086137842643137,NONE,0.0,68772.1100625,0.75
2026-04-08 02:05:00+00:00,2026-04-08 02:05:00+00:00,2026-04-08 02:10:00+00:00,2026-04-08 02:20:00+00:00,LONG,LONG,3.75,"['delta_strong_positive', 'cvd_strong_positive', 'aggressive_buyers']",71655.8,71476.6605,-50.10845033253982,LOSS,3,10.0,0.23557060279836156,1.5423734017344188,-1.0000000000000266,0.75,stop_loss,4.811935521705636,0.6284569390813738,2.0114458129081147,1.512593880371025,UP,BUY,2.0358667874031595,False,71724.43538024949,0.00093568300802271,NONE,0.0,71790.15462500001,0.75
2026-04-08 10:30:00+00:00,2026-04-08 10:30:00+00:00,2026-04-08 10:35:00+00:00,2026-04-08 11:10:00+00:00,SHORT,SHORT,-4.25,"['delta_strong_negative', 'cvd_strong_negative', 'aggressive_sellers', 'below_vwap']",71453.3,71631.93325,-49.85790808087549,LOSS,8,35.0,0.21216654794115167,1.0233257246341478,-0.999999999999994,0.75,stop_loss,4.811935521705636,2.253039650651896,-2.6856719018696884,-1.862289417044131,DOWN,SELL,0.37729538054357453,False,71637.03541533466,-0.003306471488058615,NONE,0.0,71319.32506250001,0.75
2026-04-08 11:50:00+00:00,2026-04-08 11:50:00+00:00,2026-04-08 11:55:00+00:00,2026-04-08 12:10:00+00:00,LONG,LONG,4.25,"['delta_strong_positive', 'cvd_strong_positive', 'aggressive_buyers', 'above_vwap']",71684.2,71818.607875,37.206463905354774,WIN,4,15.0,0.7834362383900985,0.24886934638311523,0.7500000000000248,0.75,take_profit,4.811935521705636,2.8846312837155383,2.9381925336973973,2.9489580857796525,UP,BUY,2.5098802427914464,False,71627.87330752659,0.0006948738676329186,NONE,0.0,71818.607875,0.75
2026-04-09 00:30:00+00:00,2026-04-09 00:30:00+00:00,2026-04-09 00:35:00+00:00,2026-04-09 00:45:00+00:00,SHORT,SHORT,-4.25,"['delta_strong_negative', 'cvd_strong_negative', 'aggressive_sellers', 'below_vwap']",70795.0,70662.259375,37.34598814500026,WIN,3,10.0,0.9209689949855215,0.6740589024648798,0.7500000000000329,0.75,take_profit,4.811935521705636,2.359277104654843,-2.9942729682156326,-3.0901720422301806,DOWN,SELL,0.4009670427388428,False,70897.67364761136,-0.005283641870365544,NONE,0.0,70662.259375,0.75
2026-04-09 01:05:00+00:00,2026-04-09 01:05:00+00:00,2026-04-09 01:10:00+00:00,2026-04-09 01:30:00+00:00,SHORT,SHORT,-4.75,"['delta_strong_negative', 'cvd_strong_negative', 'aggressive_sellers', 'big_trade_sell', 'below_vwap']",70553.9,70730.28474999999,-49.98138080072245,LOSS,5,20.0,0.7137805280784999,1.5505875649680598,-0.9999999999999855,0.75,stop_loss,4.811935521705636,3.744876809922543,-3.6636081119571235,-2.8662891151424597,DOWN,SELL,0.38150408590264895,True,70758.23648849108,-0.006595381774719138,NONE,0.0,70421.61143749999,0.75
2026-04-09 04:45:00+00:00,2026-04-09 04:45:00+00:00,2026-04-09 04:50:00+00:00,2026-04-09 05:20:00+00:00,SHORT,SHORT,-4.25,"['delta_strong_negative', 'cvd_strong_negative', 'aggressive_sellers', 'below_vwap']",70735.5,70912.33875,-49.73147389671825,LOSS,7,30.0,0.39301340910858057,1.1660340281753694,-0.9999999999999736,0.75,stop_loss,4.811935521705636,3.8852569796165355,-3.884904527581503,-2.9928352924785475,DOWN,SELL,0.27356722437569364,False,70822.21550595376,-0.0011628050080760505,NONE,0.0,70602.8709375,0.75
2026-04-09 08:40:00+00:00,2026-04-09 08:40:00+00:00,2026-04-09 08:45:00+00:00,2026-04-09 09:00:00+00:00,LONG,LONG,4.25,"['delta_strong_positive', 'cvd_strong_positive', 'aggressive_buyers', 'above_vwap']",71294.2,71115.9645,-49.48281652723465,LOSS,4,15.0,0.26818450869777855,1.1950481245318694,-0.9999999999999731,0.75,stop_loss,4.811935521705636,4.10263056482912,3.6671780197415162,3.398095262572085,UP,BUY,1.7835897172406328,False,70875.22993446978,0.004726568434214515,NONE,0.0,71427.87662499999,0.75
2026-04-10 01:30:00+00:00,2026-04-10 01:30:00+00:00,2026-04-10 01:35:00+00:00,2026-04-10 01:35:00+00:00,LONG,LONG,4.25,"['delta_strong_positive', 'cvd_strong_positive', 'aggressive_buyers', 'above_vwap']",72138.5,72273.7596875,36.92655183345033,WIN,1,1.0,1.0673911988743874,0.0654296942686799,0.7500000000000097,0.75,take_profit,4.811935521705636,3.209371285755466,3.1621375619565244,2.521837244310007,UP,BUY,3.0239138438880704,False,71838.51653378448,-0.00015047789432172997,NONE,0.0,72273.7596875,0.75
2026-04-10 07:40:00+00:00,2026-04-10 07:40:00+00:00,2026-04-10 07:45:00+00:00,2026-04-10 07:50:00+00:00,SHORT,SHORT,-4.25,"['delta_strong_negative', 'cvd_strong_negative', 'aggressive_sellers', 'below_vwap']",71633.6,71499.28700000001,37.065026402823804,WIN,2,5.0,1.4043688995108439,0.18259587679523065,0.7499999999999699,0.75,take_profit,4.811935521705636,2.880940673762875,-3.9476193881666135,-3.4943926334314486,DOWN,SELL,0.14432813211985368,False,71942.78647470321,-0.003855179715667793,NONE,0.0,71499.28700000001,0.75
2026-04-10 10:50:00+00:00,2026-04-10 10:50:00+00:00,2026-04-10 10:55:00+00:00,2026-04-10 11:00:00+00:00,LONG,LONG,4.25,"['delta_strong_positive', 'cvd_strong_positive', 'aggressive_buyers', 'above_vwap']",71860.8,71995.539,37.20402025183626,WIN,2,5.0,0.7598022844165386,0.0005566317102276666,0.7500000000000077,0.75,take_profit,4.811935521705636,3.223064751132579,3.4183334816705218,2.2733324934245114,UP,BUY,2.28602099155218,False,71848.36356519927,0.0029733133988657716,NONE,0.0,71995.539,0.75
2026-04-11 01:15:00+00:00,2026-04-11 01:15:00+00:00,2026-04-11 01:20:00+00:00,2026-04-11 01:30:00+00:00,SHORT,SHORT,-4.25,"['delta_strong_negative', 'cvd_strong_negative', 'aggressive_sellers', 'below_vwap']",72700.0,72881.75,-49.79138043704035,LOSS,3,10.0,0.14415405777164836,1.1609353507565336,-1.0,0.75,stop_loss,4.811935521705636,4.080757585401009,-4.094116194582062,-3.278535958083753,DOWN,SELL,0.38491178865570297,False,72771.8229606035,-0.0024963844358663794,NONE,0.0,72563.6875,0.75
2026-04-11 02:30:00+00:00,2026-04-11 02:30:00+00:00,2026-04-11 02:35:00+00:00,2026-04-11 03:55:00+00:00,LONG,LONG,4.25,"['delta_strong_positive', 'cvd_strong_positive', 'aggressive_buyers', 'above_vwap']",73000.1,72817.59975000001,-49.54242353485443,LOSS,17,80.0,0.2652051161573432,1.2641078573865603,-0.9999999999999852,0.75,stop_loss,4.811935521705636,2.419366473674962,2.3947027290977245,1.8277732979919028,UP,BUY,2.5145560566916263,False,72845.7993693287,0.0022258843849161077,NONE,0.0,73136.97518750001,0.75
2026-04-11 04:10:00+00:00,2026-04-11 04:10:00+00:00,2026-04-11 04:15:00+00:00,2026-04-11 04:25:00+00:00,SHORT,SHORT,-4.25,"['delta_strong_negative', 'cvd_strong_negative', 'aggressive_sellers', 'below_vwap']",72796.1,72659.60731250001,36.971033562884216,WIN,3,10.0,0.8934544570382523,0.036815159053834416,0.7499999999999705,0.75,take_profit,4.811935521705636,1.8621079506615204,-2.6479018458405963,-1.8875940684857941,DOWN,SELL,0.2535610351631816,False,72867.50475522963,-0.0010177476479271109,NONE,0.0,72659.60731250001,0.75
2026-04-11 06:00:00+00:00,2026-04-11 06:00:00+00:00,2026-04-11 06:05:00+00:00,2026-04-11 09:20:00+00:00,SHORT,SHORT,-4.25,"['delta_strong_negative', 'cvd_strong_negative', 'aggressive_sellers', 'below_vwap']",72643.5,72825.10875,-49.479566584995155,LOSS,40,195.0,0.3496527562686269,1.2367245520934746,-0.9999999999999967,0.75,stop_loss,4.811935521705636,2.268362235821353,-2.6783034529791268,-1.5558660989593278,DOWN,SELL,0.4799872556625961,False,72812.4095169809,-0.0023970091965898757,NONE,0.0,72507.2934375,0.75
2026-04-11 12:00:00+00:00,2026-04-11 12:00:00+00:00,2026-04-11 12:05:00+00:00,2026-04-11 13:10:00+00:00,LONG,LONG,4.25,"['delta_strong_positive', 'cvd_strong_positive', 'aggressive_buyers', 'above_vwap']",72881.3,72699.09675,-49.23216875207194,LOSS,14,65.0,0.34960957063058473,2.3567087853812088,-1.0000000000000326,0.75,stop_loss,5.242271277367818,2.997692522882648,2.1148141185706395,2.504961050843206,UP,BUY,2.0781743362932734,False,72779.22347479852,0.0016529082844996617,NONE,0.0,73017.9524375,0.75
2026-04-12 01:30:00+00:00,2026-04-12 01:30:00+00:00,2026-04-12 01:35:00+00:00,2026-04-12 01:35:00+00:00,SHORT,SHORT,-4.25,"['delta_strong_negative', 'cvd_strong_negative', 'aggressive_sellers', 'below_vwap']",72557.4,72421.35487499999,36.73950593123362,WIN,1,1.0,3.4422402125764937,0.09757791762114763,0.7500000000000232,0.75,take_profit,5.242271277367818,4.080941480965302,-3.9402371891521137,-3.3969917081437355,DOWN,SELL,0.37884129453694815,False,72886.6966001056,-0.007009301032780829,NONE,0.0,72421.35487499999,0.75
2026-04-12 12:50:00+00:00,2026-04-12 12:50:00+00:00,2026-04-12 12:55:00+00:00,2026-04-12 13:00:00+00:00,SHORT,SHORT,-4.75,"['delta_strong_negative', 'cvd_strong_negative', 'aggressive_sellers', 'big_trade_sell', 'below_vwap']",71117.4,70984.05487499999,36.877279078476576,WIN,2,5.0,1.2880110915190939,0.40777643727132884,0.7500000000000401,0.75,take_profit,5.242271277367818,4.200329186458657,-4.144979362299941,-3.6649218137834647,DOWN,SELL,0.452306536388772,True,71737.2403173161,-0.0034082798887225653,NONE,0.0,70984.05487499999,0.75
2026-04-13 05:35:00+00:00,2026-04-13 05:35:00+00:00,2026-04-13 05:40:00+00:00,2026-04-13 05:55:00+00:00,SHORT,SHORT,-4.25,"['delta_strong_negative', 'cvd_strong_negative', 'aggressive_sellers', 'below_vwap']",70674.0,70850.685,-49.35409183335788,LOSS,4,15.0,0.0005659790022119635,1.082151852166268,-0.9999999999999869,0.75,stop_loss,5.242271277367818,3.15642421264718,-3.320326773879638,-1.5690322234593732,DOWN,SELL,0.42558290601655463,False,70984.20009987996,-0.00437781803805056,NONE,0.0,70541.48625,0.75
2026-04-13 07:20:00+00:00,2026-04-13 07:20:00+00:00,2026-04-13 07:25:00+00:00,2026-04-13 08:45:00+00:00,SHORT,SHORT,-3.5,"['delta_strong_negative', 'cvd_strong_negative', 'below_vwap']",70677.3,70544.78006250001,36.83049103064209,WIN,17,80.0,0.90552412160623,0.8811881608380461,0.7499999999999651,0.75,take_profit,5.242271277367818,3.729696630905014,-2.1973186800321844,-1.7161206649464613,DOWN,SELL,0.7219841495211298,False,70964.51849326982,-0.0029722138210685613,NONE,0.0,70544.78006250001,0.75
2026-04-13 11:40:00+00:00,2026-04-13 11:40:00+00:00,2026-04-13 11:45:00+00:00,2026-04-13 12:05:00+00:00,LONG,LONG,4.25,"['delta_strong_positive', 'cvd_strong_positive', 'aggressive_buyers', 'above_vwap']",70898.5,71031.4346875,36.968605372009996,WIN,5,20.0,0.8457160588728629,0.5551598411813744,0.7500000000000262,0.75,take_profit,5.242271277367818,2.5536855299142234,2.9301716805108677,2.616384774879707,UP,BUY,2.31393475916355,False,70883.37129166648,0.002410083580925626,NONE,0.0,71031.4346875,0.75
2026-04-13 12:50:00+00:00,2026-04-13 12:50:00+00:00,2026-04-13 12:55:00+00:00,2026-04-13 13:35:00+00:00,LONG,LONG,4.25,"['delta_strong_positive', 'cvd_strong_positive', 'aggressive_buyers', 'above_vwap']",71172.5,70994.56875,-49.47631685620338,LOSS,9,40.0,0.3484491903473954,2.2059081808282692,-0.9999999999999672,0.75,stop_loss,5.242271277367818,3.1865980547157555,2.8263723706688877,2.1580897049497234,UP,BUY,2.4709174450135585,False,70888.7671479481,0.0047855678613352125,NONE,0.0,71305.9484375,0.75
2026-04-14 06:50:00+00:00,2026-04-14 06:50:00+00:00,2026-04-14 06:55:00+00:00,2026-04-14 07:05:00+00:00,LONG,LONG,4.25,"['delta_strong_positive', 'cvd_strong_positive', 'aggressive_buyers', 'above_vwap']",74464.8,74604.4215,36.921701453941346,WIN,3,10.0,2.337748842406061,0.37171925527227406,0.7499999999999668,0.75,take_profit,5.242271277367818,0.8865254587492236,2.311922812849809,2.6163351569118527,UP,BUY,2.5299983714759215,False,74302.15511186935,0.0018051988733088758,NONE,0.0,74604.4215,0.75
2026-04-15 00:00:00+00:00,2026-04-15 00:00:00+00:00,2026-04-15 00:05:00+00:00,2026-04-15 01:05:00+00:00,LONG,LONG,4.25,"['delta_strong_positive', 'cvd_strong_positive', 'aggressive_buyers', 'above_vwap']",74502.6,74642.292375,37.06015783439492,WIN,13,60.0,1.1178133380579849,0.8364808744929862,0.7499999999999931,0.75,take_profit,5.242271277367818,3.4589119036757587,3.456047347770075,2.803832613117072,UP,BUY,2.035433915623232,False,74392.09999999999,0.005055031717790748,NONE,0.0,74642.292375,0.75
2026-04-15 02:25:00+00:00,2026-04-15 02:25:00+00:00,2026-04-15 02:30:00+00:00,2026-04-15 02:30:00+00:00,SHORT,SHORT,-4.25,"['delta_strong_negative', 'cvd_strong_negative', 'aggressive_sellers', 'below_vwap']",74311.4,74172.066125,37.19913342627335,WIN,1,1.0,0.8687765268854802,0.0371410039375317,0.749999999999982,0.75,take_profit,5.242271277367818,1.775902818193273,-2.2073204409256877,-2.5384390746005443,DOWN,SELL,0.6479006813578049,False,74511.71596679934,-0.0005789851335088198,NONE,0.0,74172.066125,0.75
2026-04-15 05:35:00+00:00,2026-04-15 05:35:00+00:00,2026-04-15 05:40:00+00:00,2026-04-15 07:15:00+00:00,SHORT,SHORT,-4.25,"['delta_strong_negative', 'cvd_strong_negative', 'aggressive_sellers', 'below_vwap']",73850.1,73711.6310625,37.3386301766232,WIN,20,95.0,1.6254548064254797,0.8969520691237588,0.7500000000000087,0.75,take_profit,5.242271277367818,2.157129939032982,-2.2199906248677466,-1.8924965652800716,DOWN,SELL,0.5430780489113153,False,74351.71243815617,-0.00520427587596022,NONE,0.0,73711.6310625,0.75
2026-04-15 07:45:00+00:00,2026-04-15 07:45:00+00:00,2026-04-15 07:50:00+00:00,2026-04-15 08:05:00+00:00,LONG,LONG,3.75,"['delta_strong_positive', 'cvd_strong_positive', 'aggressive_buyers']",73659.5,73797.6115625,37.47865003978369,WIN,4,15.0,0.7852347626579372,0.18083207189841316,0.7499999999999716,0.75,take_profit,5.242271277367818,2.553458209952108,2.260805090468764,1.6080447124510264,UP,BUY,1.6128597838260892,False,74146.80636321212,-0.0031989048418481175,NONE,0.0,73797.6115625,0.75
2026-04-15 12:35:00+00:00,2026-04-15 12:35:00+00:00,2026-04-15 12:40:00+00:00,2026-04-15 13:00:00+00:00,LONG,LONG,4.25,"['delta_strong_positive', 'cvd_strong_positive', 'aggressive_buyers', 'above_vwap']",74408.0,74221.98,-50.158926636580155,LOSS,5,20.0,0.05053220083858821,1.4944629609719384,-1.000000000000022,0.75,stop_loss,5.242271277367818,3.247540657077368,3.795193871386495,2.6590963281759223,UP,BUY,1.8753726546952556,False,74087.56509357934,0.004894301726044211,NONE,0.0,74547.515,0.75
2026-04-16 02:25:00+00:00,2026-04-16 02:25:00+00:00,2026-04-16 02:30:00+00:00,2026-04-16 02:30:00+00:00,LONG,LONG,4.25,"['delta_strong_positive', 'cvd_strong_positive', 'aggressive_buyers', 'above_vwap']",74855.8,74996.15462500001,37.43109900254905,WIN,1,1.0,1.047347032561271,0.0,0.7500000000000386,0.75,take_profit,5.242271277367818,2.603456958742177,3.0763438689274767,1.810557919443981,UP,BUY,2.1662744490891264,False,74634.61046909745,0.0008268694623029389,NONE,0.0,74996.15462500001,0.75
2026-04-16 04:30:00+00:00,2026-04-16 04:30:00+00:00,2026-04-16 04:35:00+00:00,2026-04-16 04:40:00+00:00,LONG,LONG,4.75,"['delta_strong_positive', 'cvd_strong_positive', 'aggressive_buyers', 'big_trade_buy', 'above_vwap']",74915.7,75056.16693749999,37.57146562380506,WIN,2,5.0,1.1442194359793896,0.0,0.7499999999999677,0.75,take_profit,5.242271277367818,2.8441879241827115,3.95045590104121,2.9527619623158348,UP,BUY,5.775731752920779,True,74804.41598710342,0.0009166393792350735,NONE,0.0,75056.16693749999,0.75
2026-04-16 06:40:00+00:00,2026-04-16 06:40:00+00:00,2026-04-16 06:45:00+00:00,2026-04-16 07:45:00+00:00,SHORT,SHORT,-3.75,"['delta_strong_negative', 'cvd_strong_negative', 'aggressive_sellers']",74907.3,74766.8488125,37.71235861989663,WIN,13,60.0,1.2463404768294075,0.7032692407815905,0.7500000000000135,0.75,take_profit,5.242271277367818,3.7998328836428388,-3.8035922232547894,-2.671982744803054,DOWN,SELL,0.28872161863248974,False,74857.37268772245,-0.0004050179818364564,NONE,0.0,74766.8488125,0.75
2026-04-16 10:05:00+00:00,2026-04-16 10:05:00+00:00,2026-04-16 10:10:00+00:00,2026-04-16 10:10:00+00:00,SHORT,SHORT,-4.25,"['delta_strong_negative', 'cvd_strong_negative', 'aggressive_sellers', 'below_vwap']",74516.0,74376.2825,37.853779964720246,WIN,1,1.0,0.9447635407160878,0.0005367974663472048,0.7499999999999938,0.75,take_profit,5.242271277367818,3.993317201470308,-3.427001456468352,-2.0706749680832823,DOWN,SELL,0.553688503885376,False,74794.12196849883,-0.0024433733914586806,NONE,0.0,74376.2825,0.75
2026-04-17 00:20:00+00:00,2026-04-17 00:20:00+00:00,2026-04-17 00:25:00+00:00,2026-04-17 00:30:00+00:00,SHORT,SHORT,-4.75,"['delta_strong_negative', 'cvd_strong_negative', 'aggressive_sellers', 'big_trade_sell', 'below_vwap']",74870.2,75057.3755,-50.66097551945035,LOSS,2,5.0,0.11646823435761043,1.094160293414485,-0.999999999999987,0.75,stop_loss,5.242271277367818,2.4215301058381886,-3.1462584315078352,-3.3482957537089373,DOWN,SELL,0.25398831898948326,True,74955.79416121845,-0.0015215697925283417,NONE,0.0,74729.818375,0.75
2026-04-17 01:55:00+00:00,2026-04-17 01:55:00+00:00,2026-04-17 02:00:00+00:00,2026-04-17 02:30:00+00:00,LONG,LONG,3.75,"['delta_strong_positive', 'cvd_strong_positive', 'aggressive_buyers']",74707.7,74520.93075,-50.40767064185311,LOSS,7,30.0,0.33356668723573557,1.2191514395436995,-0.9999999999999869,0.75,stop_loss,5.242271277367818,0.7493617142599506,2.3074160031898368,1.639098989978905,UP,BUY,2.201605686115264,False,74799.77597665461,-0.002141461436293228,NONE,0.0,74847.77693749999,0.75
2026-04-17 07:05:00+00:00,2026-04-17 07:05:00+00:00,2026-04-17 07:10:00+00:00,2026-04-17 08:30:00+00:00,LONG,LONG,4.25,"['delta_strong_positive', 'cvd_strong_positive', 'aggressive_buyers', 'above_vwap']",75049.9,75190.61856249999,37.61672421648294,WIN,17,80.0,1.6261180894311964,0.812259576628319,0.7499999999999915,0.75,take_profit,5.242271277367818,2.764143125263527,2.7585446906336997,2.8139939583798297,UP,BUY,2.072008841963886,False,74738.86239006225,0.004296219303645589,NONE,0.0,75190.61856249999,0.75
2026-04-17 08:45:00+00:00,2026-04-17 08:45:00+00:00,2026-04-17 08:50:00+00:00,2026-04-17 08:50:00+00:00,LONG,LONG,4.25,"['delta_strong_positive', 'cvd_strong_positive', 'aggressive_buyers', 'above_vwap']",75506.7,75648.27506249999,37.757786932293264,WIN,1,1.0,1.3153799596592244,0.3898991745102952,0.7499999999999618,0.75,take_profit,5.242271277367818,3.5689162108007224,2.7196415395093325,2.986417767303219,UP,BUY,1.6910044102773885,False,74899.29170534661,0.006394387646347832,NONE,0.0,75648.27506249999,0.75
2026-04-17 09:25:00+00:00,2026-04-17 09:25:00+00:00,2026-04-17 09:30:00+00:00,2026-04-17 09:30:00+00:00,LONG,LONG,4.25,"['delta_strong_positive', 'cvd_strong_positive', 'aggressive_buyers', 'above_vwap']",76249.7,76059.07575,-50.53250484438666,LOSS,1,1.0,0.23868946369625063,3.597128906736667,-0.9999999999999658,0.75,stop_loss,5.242271277367818,3.2534437083152756,3.2839508650533786,1.8630642681475458,UP,BUY,2.0971586507795044,False,75217.87125965979,0.010414757351459535,NONE,0.0,76392.66818749999,0.75
2026-04-17 10:25:00+00:00,2026-04-17 10:25:00+00:00,2026-04-17 10:30:00+00:00,2026-04-17 10:30:00+00:00,SHORT,SHORT,-4.25,"['delta_strong_negative', 'cvd_strong_negative', 'aggressive_sellers', 'below_vwap']",75186.7,75045.7249375,37.70988174012525,WIN,1,1.0,0.8325940625137159,0.568185596654743,0.7500000000000081,0.75,take_profit,5.242271277367818,1.8893082790871059,-2.325266816656536,-1.830705166223221,DOWN,SELL,0.48689199386833754,False,75321.394328888,-0.0048862331734877,NONE,0.0,75045.7249375,0.75
2026-04-17 12:45:00+00:00,2026-04-17 12:45:00+00:00,2026-04-17 12:50:00+00:00,2026-04-17 13:00:00+00:00,LONG,LONG,3.5,"['delta_strong_positive', 'cvd_strong_positive', 'above_vwap']",76100.0,76242.6875,37.85129379665031,WIN,3,10.0,2.049934296977661,0.8630749014454512,0.75,0.75,take_profit,5.242271277367818,3.606405885053545,2.178429628572721,1.791834713428534,UP,BUY,1.261470140522588,False,75362.90978190812,0.005901027625653526,NONE,0.0,76242.6875,0.75
2026-04-18 03:50:00+00:00,2026-04-18 03:50:00+00:00,2026-04-18 03:55:00+00:00,2026-04-18 05:05:00+00:00,SHORT,SHORT,-4.25,"['delta_strong_negative', 'cvd_strong_negative', 'aggressive_sellers', 'below_vwap']",76960.0,77152.4,-50.6576481978488,LOSS,15,70.0,0.7063409563409261,1.1564449064449065,-0.9999999999999697,0.75,stop_loss,5.242271277367818,2.679177312120997,-3.2789284091502546,-1.9420272177546734,DOWN,SELL,0.30841536587818585,False,77160.35328412012,-0.002569082271615505,NONE,0.0,76815.7,0.75
2026-04-18 07:35:00+00:00,2026-04-18 07:35:00+00:00,2026-04-18 07:40:00+00:00,2026-04-18 07:50:00+00:00,SHORT,SHORT,-4.25,"['delta_strong_negative', 'cvd_strong_negative', 'aggressive_sellers', 'below_vwap']",76987.5,76843.1484375,37.80326996764582,WIN,3,10.0,0.8349407371326363,0.0462412729338876,0.75,0.75,take_profit,5.242271277367818,2.7943361004208986,-2.1928764751554386,-1.7249530220538545,DOWN,SELL,0.5456291370620029,False,77098.26518566746,-0.000663984073979537,NONE,0.0,76843.1484375,0.75
2026-04-18 08:10:00+00:00,2026-04-18 08:10:00+00:00,2026-04-18 08:15:00+00:00,2026-04-18 08:15:00+00:00,SHORT,SHORT,-4.25,"['delta_strong_negative', 'cvd_strong_negative', 'aggressive_sellers', 'below_vwap']",76761.6,76617.672,37.94503223002445,WIN,1,1.0,0.8420877105219579,0.30431882607967614,0.7499999999999993,0.75,take_profit,5.242271277367818,3.157154425224747,-3.8525993859784653,-3.153600515048259,DOWN,SELL,0.23251516620100895,False,77064.44730063065,-0.0030821959587799016,NONE,0.0,76617.672,0.75
2026-04-19 00:20:00+00:00,2026-04-19 00:20:00+00:00,2026-04-19 00:25:00+00:00,2026-04-19 01:00:00+00:00,SHORT,SHORT,-3.5,"['delta_strong_negative', 'cvd_strong_negative', 'below_vwap']",75553.3,75742.18325,-50.783101467849164,LOSS,8,35.0,0.2498898128870458,1.0821499524176663,-0.9999999999999944,0.75,stop_loss,5.242271277367818,3.753450044295525,-2.7817100807325326,-2.01926468936553,DOWN,SELL,0.6998844297800637,False,75640.14603858885,-0.0019485329365054632,NONE,0.0,75411.63756250001,0.75
2026-04-19 01:30:00+00:00,2026-04-19 01:30:00+00:00,2026-04-19 01:35:00+00:00,2026-04-19 02:40:00+00:00,SHORT,SHORT,-4.25,"['delta_strong_negative', 'cvd_strong_negative', 'aggressive_sellers', 'below_vwap']",75490.0,75678.725,-50.52918596051176,LOSS,14,65.0,0.7259239634388661,1.0719300569612025,-1.0000000000000309,0.75,stop_loss,5.242271277367818,2.1449904308553895,-2.6153814230173156,-2.1469400775119114,DOWN,SELL,0.5083992935173677,False,75588.02756686274,-0.0021606322355919145,NONE,0.0,75348.45625,0.75
2026-04-19 06:15:00+00:00,2026-04-19 06:15:00+00:00,2026-04-19 06:20:00+00:00,2026-04-19 07:05:00+00:00,SHORT,SHORT,-4.25,"['delta_strong_negative', 'cvd_strong_negative', 'aggressive_sellers', 'below_vwap']",75336.7,75195.4436875,37.707405023031136,WIN,10,45.0,0.8957121827741172,0.5797970975633235,0.7500000000000081,0.75,take_profit,5.242271277367818,2.6707532760387607,-2.785042321459349,-1.930345556508913,DOWN,SELL,0.5907037182742629,False,75521.79703994724,-0.0021286479446510896,NONE,0.0,75195.4436875,0.75
2026-04-19 07:20:00+00:00,2026-04-19 07:20:00+00:00,2026-04-19 07:25:00+00:00,2026-04-19 07:40:00+00:00,SHORT,SHORT,-4.25,"['delta_strong_negative', 'cvd_strong_negative', 'aggressive_sellers', 'below_vwap']",74950.0,75137.375,-50.46507705582279,LOSS,4,15.0,0.15210140093395597,1.2723148765843586,-1.0,0.75,stop_loss,5.242271277367818,3.675234327806346,-3.212762869669396,-3.275680109639641,DOWN,SELL,0.5661942654025701,False,75423.74520618697,-0.005393747853569406,NONE,0.0,74809.46875,0.75
2026-04-19 11:05:00+00:00,2026-04-19 11:05:00+00:00,2026-04-19 11:10:00+00:00,2026-04-19 11:50:00+00:00,LONG,LONG,4.75,"['delta_strong_positive', 'cvd_strong_positive', 'aggressive_buyers', 'big_trade_buy', 'above_vwap']",75395.7,75537.0669375,37.659563752908475,WIN,9,40.0,1.0265837441657812,0.6636983276234123,0.7500000000000142,0.75,take_profit,5.242271277367818,3.489322246605698,3.7109376127049702,3.126431962129551,UP,BUY,2.5131490958236844,True,75311.8631070382,0.004245116095552323,NONE,0.0,75537.0669375,0.75
2026-04-20 00:00:00+00:00,2026-04-20 00:00:00+00:00,2026-04-20 00:05:00+00:00,2026-04-20 00:05:00+00:00,LONG,LONG,4.25,"['delta_strong_positive', 'cvd_strong_positive', 'aggressive_buyers', 'above_vwap']",74029.1,73844.02725,-50.401049489310026,LOSS,1,1.0,0.29826108922030437,1.408094924833644,-1.0000000000000357,0.75,stop_loss,5.242271277367818,3.9507495662113907,3.5243542496267986,2.949761170391782,UP,BUY,1.8550492621415933,False,73966.03333333334,-0.0012189812214546524,NONE,0.0,74167.9045625,0.75
2026-04-20 01:30:00+00:00,2026-04-20 01:30:00+00:00,2026-04-20 01:35:00+00:00,2026-04-20 02:10:00+00:00,LONG,LONG,4.25,"['delta_strong_positive', 'cvd_strong_positive', 'aggressive_buyers', 'above_vwap']",74560.0,74373.6,-50.14904424186011,LOSS,8,35.0,0.7381974248927351,1.448497854077253,-0.9999999999999687,0.75,stop_loss,5.242271277367818,1.640481320174924,2.4754974111790253,1.5264077330239783,UP,BUY,2.2018217804538662,False,74141.55678225879,0.006847348569628786,NONE,0.0,74699.8,0.75
2026-04-20 03:45:00+00:00,2026-04-20 03:45:00+00:00,2026-04-20 03:50:00+00:00,2026-04-20 05:05:00+00:00,LONG,LONG,4.25,"['delta_strong_positive', 'cvd_strong_positive', 'aggressive_buyers', 'above_vwap']",74555.2,74368.81199999999,-49.89829902065405,LOSS,16,75.0,0.24035882138336648,1.4764899027834253,-1.0000000000000335,0.75,stop_loss,5.242271277367818,2.1228846292814274,2.5202510257575232,1.7817875864535704,UP,BUY,2.759754681876249,False,74278.21085080851,0.00392592792462296,NONE,0.0,74694.991,0.75
2026-04-20 06:40:00+00:00,2026-04-20 06:40:00+00:00,2026-04-20 06:45:00+00:00,2026-04-20 07:15:00+00:00,LONG,LONG,4.25,"['delta_strong_positive', 'cvd_strong_positive', 'aggressive_buyers', 'above_vwap']",74740.0,74880.1375,37.23660564416107,WIN,7,30.0,0.7920792079207921,0.6845062884666534,0.7499999999999845,0.75,take_profit,5.242271277367818,3.691732395898878,3.0985859798591195,2.4362552303649063,UP,BUY,1.71022560940707,False,74318.38860229962,0.004377851931780082,NONE,0.0,74880.1375,0.75
2026-04-20 12:20:00+00:00,2026-04-20 12:20:00+00:00,2026-04-20 12:25:00+00:00,2026-04-20 12:35:00+00:00,LONG,LONG,4.25,"['delta_strong_positive', 'cvd_strong_positive', 'aggressive_buyers', 'above_vwap']",75472.6,75283.9185,-49.834990553771505,LOSS,3,10.0,0.14521826464170667,1.7139995177058094,-1.000000000000032,0.75,stop_loss,5.242271277367818,3.9201514901091405,3.7246466952110233,3.4166091648508736,UP,BUY,1.899926524854727,False,74710.43487681728,0.005051678763567336,NONE,0.0,75614.11112500001,0.75
2026-04-21 01:05:00+00:00,2026-04-21 01:05:00+00:00,2026-04-21 01:10:00+00:00,2026-04-21 01:50:00+00:00,LONG,LONG,4.25,"['delta_strong_positive', 'cvd_strong_positive', 'aggressive_buyers', 'above_vwap']",76125.7,75935.38575,-49.585815600999965,LOSS,9,40.0,0.3399640331714367,1.7187362480738635,-0.9999999999999781,0.75,stop_loss,5.242271277367818,2.4871925078798616,2.206467845389472,2.3775934853846588,UP,BUY,1.6297912188477661,False,75917.43593342061,0.0033415872682233567,NONE,0.0,76268.4356875,0.75
2026-04-21 05:25:00+00:00,2026-04-21 05:25:00+00:00,2026-04-21 05:30:00+00:00,2026-04-21 06:00:00+00:00,SHORT,SHORT,-3.75,"['delta_strong_negative', 'cvd_strong_negative', 'aggressive_sellers']",75859.6,75717.36325000001,37.0034148922461,WIN,7,30.0,0.9470126391386497,0.0,0.7499999999999809,0.75,take_profit,5.242271277367818,3.6570853326129846,-3.7549202271862874,-3.0779004270612513,DOWN,SELL,0.24468376936753872,False,75773.54288841835,0.0020862318074497187,NONE,0.0,75717.36325000001,0.75
2026-04-21 06:30:00+00:00,2026-04-21 06:30:00+00:00,2026-04-21 06:35:00+00:00,2026-04-21 07:00:00+00:00,LONG,LONG,4.25,"['delta_strong_positive', 'cvd_strong_positive', 'aggressive_buyers', 'above_vwap']",76015.5,75825.46125,-49.522903597459106,LOSS,6,25.0,0.3815011412146207,1.291841795423302,-1.0000000000000366,0.75,stop_loss,5.242271277367818,2.3516755188154126,2.2715859953917352,1.5342850981675458,UP,BUY,3.00087457143317,False,75776.29518584734,0.004280275228214102,NONE,0.0,76158.0290625,0.75
2026-04-21 07:25:00+00:00,2026-04-21 07:25:00+00:00,2026-04-21 07:30:00+00:00,2026-04-21 08:20:00+00:00,LONG,LONG,4.25,"['delta_strong_positive', 'cvd_strong_positive', 'aggressive_buyers', 'above_vwap']",76139.3,76282.0611875,36.95646680960255,WIN,11,50.0,1.059636744755978,0.8316335978922995,0.7500000000000011,0.75,take_profit,5.242271277367818,3.1223066482379283,2.6978192480980296,1.8540539818577386,UP,BUY,2.048577155862206,False,75814.56792742916,0.004122608792825109,NONE,0.0,76282.0611875,0.75
2026-04-21 08:45:00+00:00,2026-04-21 08:45:00+00:00,2026-04-21 08:50:00+00:00,2026-04-21 08:55:00+00:00,LONG,LONG,4.75,"['delta_strong_positive', 'cvd_strong_positive', 'aggressive_buyers', 'big_trade_buy', 'above_vwap']",76618.8,76427.253,-49.46007141351954,LOSS,2,5.0,0.03027977467672639,1.1213957931995953,-1.0000000000000309,0.75,stop_loss,5.242271277367818,4.132529707297429,4.058304952868385,3.7066256175016505,UP,BUY,2.1859868788171997,True,75996.43401190985,0.005763389612266294,NONE,0.0,76762.46025,0.75
2026-04-21 10:45:00+00:00,2026-04-21 10:45:00+00:00,2026-04-21 10:50:00+00:00,2026-04-21 10:50:00+00:00,LONG,LONG,4.25,"['delta_strong_positive', 'cvd_strong_positive', 'aggressive_buyers', 'above_vwap']",76685.8,76829.585875,36.90957829233817,WIN,1,1.0,0.8277934115572744,0.0005216089550129007,0.7500000000000072,0.75,take_profit,5.242271277367818,2.6848123674064297,3.42540739455045,2.058915655960123,UP,BUY,2.364873173815524,False,76089.0331104055,0.004268264853983592,NONE,0.0,76829.585875,0.75
2026-04-21 11:10:00+00:00,2026-04-21 11:10:00+00:00,2026-04-21 11:15:00+00:00,2026-04-21 11:20:00+00:00,SHORT,SHORT,-3.0,"['delta_strong_negative', 'cvd_strong_negative']",76357.5,76548.39375,-49.397318947912844,LOSS,2,5.0,0.3436466620829955,1.7376158203188794,-1.000000000000015,0.75,stop_loss,5.242271277367818,3.193791129178312,-2.552750005600946,-1.85779475101807,DOWN,SELL,0.681253395489038,False,76139.75405729779,-0.0008085678811794272,NONE,0.0,76214.3296875,0.75
2026-04-21 12:40:00+00:00,2026-04-21 12:40:00+00:00,2026-04-21 12:45:00+00:00,2026-04-21 12:55:00+00:00,SHORT,SHORT,-4.25,"['delta_strong_negative', 'cvd_strong_negative', 'aggressive_sellers', 'below_vwap']",75783.4,75972.85849999999,-49.15033235317082,LOSS,3,10.0,0.49562305201399875,1.2752133052885242,-0.999999999999965,0.75,stop_loss,5.399782747671818,3.8930272445680543,-3.601821899998926,-3.309404550485881,DOWN,SELL,0.6349615043962865,False,76143.7305439589,-0.007716545706681186,NONE,0.0,75641.30612499999,0.75
2026-04-22 02:10:00+00:00,2026-04-22 02:10:00+00:00,2026-04-22 02:15:00+00:00,2026-04-22 02:15:00+00:00,LONG,LONG,4.25,"['delta_strong_positive', 'cvd_strong_positive', 'aggressive_buyers', 'above_vwap']",76696.4,76840.20575,36.6784355185549,WIN,1,1.0,2.2999775739148123,0.0005215368647877546,0.7499999999999978,0.75,take_profit,5.399782747671818,4.132941286347469,4.062539357128904,3.3567404156956187,UP,BUY,1.6222550121338373,False,76367.90607864442,0.006966256889689366,NONE,0.0,76840.20575,0.75
2026-04-22 05:15:00+00:00,2026-04-22 05:15:00+00:00,2026-04-22 05:20:00+00:00,2026-04-22 05:20:00+00:00,LONG,LONG,4.25,"['delta_strong_positive', 'cvd_strong_positive', 'aggressive_buyers', 'above_vwap']",77893.5,78039.5503125,36.81597965174856,WIN,1,1.0,2.8449100374228915,0.2470039220217647,0.749999999999979,0.75,take_profit,5.399782747671818,4.214369355786169,4.160008179545019,3.969346379118327,UP,BUY,1.9039109897539004,False,77124.46274290851,0.008261272142365573,NONE,0.0,78039.5503125,0.75
2026-04-22 07:20:00+00:00,2026-04-22 07:20:00+00:00,2026-04-22 07:25:00+00:00,2026-04-22 07:45:00+00:00,SHORT,SHORT,-3.75,"['delta_strong_negative', 'cvd_strong_negative', 'aggressive_sellers']",77845.6,78040.214,-49.27205276725855,LOSS,5,20.0,0.2682232521813006,1.2044354465762697,-1.000000000000007,0.75,stop_loss,5.399782747671818,1.1017813946169464,-2.092944367612681,-2.017295255978548,DOWN,SELL,0.4943263130613119,False,77475.05245476044,-0.001126725830329887,NONE,0.0,77699.6395,0.75
2026-04-22 08:00:00+00:00,2026-04-22 08:00:00+00:00,2026-04-22 08:05:00+00:00,2026-04-22 08:20:00+00:00,LONG,LONG,4.25,"['delta_strong_positive', 'cvd_strong_positive', 'aggressive_buyers', 'above_vwap']",78022.7,78168.9925625,36.76926937756798,WIN,4,15.0,0.8371922530238144,0.1594407781324731,0.7500000000000318,0.75,take_profit,5.399782747671818,1.4796830754167138,2.2833633802325104,1.7343693400156819,UP,BUY,2.374836193366932,False,77494.89758660134,0.000599285752689629,NONE,0.0,78168.9925625,0.75
2026-04-22 11:00:00+00:00,2026-04-22 11:00:00+00:00,2026-04-22 11:05:00+00:00,2026-04-22 11:35:00+00:00,LONG,LONG,4.25,"['delta_strong_positive', 'cvd_strong_positive', 'aggressive_buyers', 'above_vwap']",78186.1,78332.69893750001,36.90715413773389,WIN,7,30.0,0.9193449986634303,0.6732654525548956,0.750000000000032,0.75,take_profit,5.399782747671818,3.6645109805929255,3.332503627575439,1.6133913395943067,UP,BUY,1.9256023866846932,False,77560.87933683474,0.002291174791922916,NONE,0.0,78332.69893750001,0.75
2026-04-23 00:10:00+00:00,2026-04-23 00:10:00+00:00,2026-04-23 00:15:00+00:00,2026-04-23 00:15:00+00:00,SHORT,SHORT,-4.25,"['delta_strong_negative', 'cvd_strong_negative', 'aggressive_sellers', 'below_vwap']",77839.1,78033.69775,-49.394074620998616,LOSS,1,1.0,1.6048489769280625,2.861800817326994,-1.0000000000000042,0.75,stop_loss,5.399782747671818,3.797116564423778,-3.520474688403825,-2.259052777679709,DOWN,SELL,0.608236754271553,False,78018.37131243516,-0.006928428979102962,NONE,0.0,77693.15168750001,0.75
2026-04-23 06:20:00+00:00,2026-04-23 06:20:00+00:00,2026-04-23 06:25:00+00:00,2026-04-23 06:45:00+00:00,LONG,LONG,4.25,"['delta_strong_positive', 'cvd_strong_positive', 'aggressive_buyers', 'above_vwap']",78262.6,78066.94350000001,-49.14710424789274,LOSS,5,20.0,0.1911513289872515,1.073820701075639,-0.9999999999999861,0.75,stop_loss,5.405995919508054,2.2873106006763226,3.6045262007683068,2.727364943224447,UP,BUY,3.51259993189226,False,77991.40173431335,0.005367528443176226,NONE,0.0,78409.34237500001,0.75
2026-04-23 10:05:00+00:00,2026-04-23 10:05:00+00:00,2026-04-23 10:10:00+00:00,2026-04-23 10:10:00+00:00,SHORT,SHORT,-4.75,"['delta_strong_negative', 'cvd_strong_negative', 'aggressive_sellers', 'big_trade_sell', 'below_vwap']",77263.3,77118.4313125,36.67602654499008,WIN,1,1.0,0.758963181743497,0.008801073730980113,0.7499999999999921,0.75,take_profit,5.405995919508054,4.1828054934910455,-4.195155137074735,-4.086343870020746,DOWN,SELL,0.39262073175236734,True,77825.04618989697,-0.004660854897033351,NONE,0.0,77118.4313125,0.75
2026-04-23 12:10:00+00:00,2026-04-23 12:10:00+00:00,2026-04-23 12:15:00+00:00,2026-04-23 12:45:00+00:00,SHORT,SHORT,-4.25,"['delta_strong_negative', 'cvd_strong_negative', 'aggressive_sellers', 'below_vwap']",77669.6,77523.9695,36.813561644534005,WIN,7,30.0,1.077384201798447,0.8209132015614561,0.7499999999999964,0.75,take_profit,5.405995919508054,2.032925511829222,-3.3121240304824227,-1.577631554399044,DOWN,SELL,0.3918170526577567,False,77753.26738228253,0.003152641270591819,NONE,0.0,77523.9695,0.75
2026-04-24 01:00:00+00:00,2026-04-24 01:00:00+00:00,2026-04-24 01:05:00+00:00,2026-04-24 01:05:00+00:00,SHORT,SHORT,-4.25,"['delta_strong_negative', 'cvd_strong_negative', 'aggressive_sellers', 'below_vwap']",78199.5,78052.8759375,36.9516125007028,WIN,1,1.0,1.0025639550125,0.000511512221974927,0.7500000000000329,0.75,take_profit,5.405995919508054,2.4447968721081947,-2.732207874896952,-3.117424163328789,DOWN,SELL,0.4300925059166343,False,78313.56171183487,0.0006169999430108588,NONE,0.0,78052.8759375,0.75
2026-04-24 03:20:00+00:00,2026-04-24 03:20:00+00:00,2026-04-24 03:25:00+00:00,2026-04-24 03:30:00+00:00,SHORT,SHORT,-4.25,"['delta_strong_negative', 'cvd_strong_negative', 'aggressive_sellers', 'below_vwap']",77655.4,77509.796125,37.090181047579,WIN,2,5.0,0.8004594657937204,0.86278610373522,0.7500000000000037,0.75,take_profit,5.405995919508054,3.159829891223744,-3.0293261176851796,-1.767144673894581,DOWN,SELL,0.2789050499392015,False,78159.32718711685,-0.006467325224327219,NONE,0.0,77509.796125,0.75
2026-04-24 05:55:00+00:00,2026-04-24 05:55:00+00:00,2026-04-24 06:00:00+00:00,2026-04-24 06:35:00+00:00,LONG,LONG,3.75,"['delta_strong_positive', 'cvd_strong_positive', 'aggressive_buyers']",77911.1,77716.32225000001,-49.63902563534142,LOSS,8,35.0,0.17404451997209217,1.0632631293872417,-0.9999999999999682,0.75,stop_loss,5.405995919508054,4.134765582317112,4.062922279803668,3.9153304183668314,UP,BUY,2.4848456184941767,False,77941.6632111786,0.0008273689894577961,NONE,0.0,78057.18331250001,0.75
2026-04-24 08:20:00+00:00,2026-04-24 08:20:00+00:00,2026-04-24 08:25:00+00:00,2026-04-24 09:00:00+00:00,LONG,LONG,3.75,"['delta_strong_positive', 'cvd_strong_positive', 'aggressive_buyers']",77875.2,77680.512,-49.390830507164935,LOSS,8,35.0,0.02465483234715499,1.2070595003287312,-0.9999999999999727,0.75,stop_loss,5.405995919508054,3.4356413851948377,2.9833336727555175,2.6660547519174296,UP,BUY,1.7448887818498604,False,77895.88570131402,0.002003077791725073,NONE,0.0,78021.216,0.75
2026-04-24 11:05:00+00:00,2026-04-24 11:05:00+00:00,2026-04-24 11:10:00+00:00,2026-04-24 11:20:00+00:00,LONG,LONG,4.25,"['delta_strong_positive', 'cvd_strong_positive', 'aggressive_buyers', 'above_vwap']",78081.1,78227.5020625,36.85790726597223,WIN,3,10.0,1.0701693495608755,0.08247834623234468,0.7499999999999875,0.75,take_profit,5.405995919508054,3.007615957452539,3.83253900538112,3.4983780828369277,UP,BUY,1.612141207580902,False,77848.48667348978,0.004759162887677561,NONE,0.0,78227.5020625,0.75
2026-04-25 07:25:00+00:00,2026-04-25 07:25:00+00:00,2026-04-25 07:30:00+00:00,2026-04-25 09:35:00+00:00,LONG,LONG,4.25,"['delta_strong_positive', 'cvd_strong_positive', 'aggressive_buyers', 'above_vwap']",77500.2,77645.512875,36.99612441822107,WIN,26,125.0,1.1447712393000427,0.29006376757735897,0.7500000000000169,0.75,take_profit,5.405995919508054,2.634664416788794,2.7260863010174767,2.77454018924568,UP,BUY,2.8603893255117265,False,77489.34084246359,-0.0002457756528113901,NONE,0.0,77645.512875,0.75
2026-04-25 10:30:00+00:00,2026-04-25 10:30:00+00:00,2026-04-25 10:35:00+00:00,2026-04-25 11:20:00+00:00,LONG,LONG,4.25,"['delta_strong_positive', 'cvd_strong_positive', 'aggressive_buyers', 'above_vwap']",77822.1,77627.54475,-49.51314651305266,LOSS,10,45.0,0.0005139928117656493,1.2186769568027889,-1.0000000000000249,0.75,stop_loss,5.405995919508054,1.9539503303279457,2.3185324188293874,1.647135225286744,UP,BUY,2.366389257990069,False,77541.0486606691,0.0028178055447292297,NONE,0.0,77968.0164375,0.75
2026-04-26 00:05:00+00:00,2026-04-26 00:05:00+00:00,2026-04-26 00:10:00+00:00,2026-04-26 03:25:00+00:00,SHORT,SHORT,-4.25,"['delta_strong_negative', 'cvd_strong_negative', 'aggressive_sellers', 'below_vwap']",77518.8,77373.45225,36.94918558536482,WIN,40,195.0,0.7672977393870755,0.2002094975670568,0.750000000000004,0.75,take_profit,5.405995919508054,2.0481684400554276,-2.528897612631452,-3.030300159373381,DOWN,SELL,0.25405434378423286,False,77562.79719869485,0.00036176158801119447,NONE,0.0,77373.45225,0.75
2026-04-26 04:45:00+00:00,2026-04-26 04:45:00+00:00,2026-04-26 04:50:00+00:00,2026-04-26 05:10:00+00:00,LONG,LONG,4.25,"['delta_strong_positive', 'cvd_strong_positive', 'aggressive_buyers', 'above_vwap']",77700.8,77846.489,37.08774503130935,WIN,5,20.0,2.1559623581739333,0.26254555937648,0.7499999999999921,0.75,take_profit,5.405995919508054,4.0387461890203324,3.823937249112677,2.8907148004738907,UP,BUY,2.1131274711602295,False,77489.59642481737,0.0028094541105147994,NONE,0.0,77846.489,0.75
2026-04-26 07:50:00+00:00,2026-04-26 07:50:00+00:00,2026-04-26 07:55:00+00:00,2026-04-26 08:35:00+00:00,LONG,LONG,4.25,"['delta_strong_positive', 'cvd_strong_positive', 'aggressive_buyers', 'above_vwap']",78014.7,78160.9775625,37.22682407517887,WIN,9,40.0,0.8618888491528178,0.21124224024445185,0.7500000000000346,0.75,take_profit,5.405995919508054,2.0689131229435307,2.232010875639085,1.6183629905885983,UP,BUY,1.8803159889104162,False,77762.32980137214,0.0016659463957412286,NONE,0.0,78160.9775625,0.75
2026-04-26 10:40:00+00:00,2026-04-26 10:40:00+00:00,2026-04-26 10:45:00+00:00,2026-04-26 12:45:00+00:00,SHORT,SHORT,-3.75,"['delta_strong_negative', 'cvd_strong_negative', 'aggressive_sellers']",77945.7,77799.5518125,37.366424665459746,WIN,25,120.0,1.1839011003814044,0.8662440647784441,0.7500000000000138,0.75,take_profit,5.405995919508054,1.5253875960972987,-2.6031472438891203,-1.5463826100151767,DOWN,SELL,0.1793580449601482,False,77808.79967202967,-0.0005783274535867728,NONE,0.0,77799.5518125,0.75
2026-04-27 00:25:00+00:00,2026-04-27 00:25:00+00:00,2026-04-27 00:30:00+00:00,2026-04-27 00:40:00+00:00,SHORT,SHORT,-4.25,"['delta_strong_negative', 'cvd_strong_negative', 'aggressive_sellers', 'below_vwap']",78443.3,78639.40825000001,-50.008731677273936,LOSS,3,10.0,0.4415928447681616,1.7577026973622838,-1.0000000000000242,0.75,stop_loss,5.405995919508054,1.4324797707799402,-3.033355822358123,-2.5452080652294837,DOWN,SELL,0.3174700806206062,False,78586.6290354409,0.00037944457887491165,NONE,0.0,78296.2188125,0.75
2026-04-27 00:55:00+00:00,2026-04-27 00:55:00+00:00,2026-04-27 01:00:00+00:00,2026-04-27 01:00:00+00:00,LONG,LONG,4.25,"['delta_strong_positive', 'cvd_strong_positive', 'aggressive_buyers', 'above_vwap']",79264.1,79412.7201875,37.319016014164,WIN,1,1.0,0.9633617236554464,0.0,0.7499999999999846,0.75,take_profit,5.405995919508054,3.850703685144773,3.3635513594331203,2.460190453302938,UP,BUY,1.7123872775767903,False,78850.58906574172,0.009295728518509854,NONE,0.0,79412.7201875,0.75
2026-04-27 05:10:00+00:00,2026-04-27 05:10:00+00:00,2026-04-27 05:15:00+00:00,2026-04-27 05:15:00+00:00,SHORT,SHORT,-4.25,"['delta_strong_negative', 'cvd_strong_negative', 'aggressive_sellers', 'below_vwap']",78351.6,78204.69075000001,37.4589623242171,WIN,1,1.0,2.085471132689058,0.07555684887092724,0.7499999999999843,0.75,take_profit,5.405995919508054,4.085892612828621,-4.184772425878673,-3.9497192303550928,DOWN,SELL,0.3348311042794165,False,78952.49225119609,-0.0074102168500318685,NONE,0.0,78204.69075000001,0.75
2026-04-27 09:20:00+00:00,2026-04-27 09:20:00+00:00,2026-04-27 09:25:00+00:00,2026-04-27 09:30:00+00:00,SHORT,SHORT,-4.25,"['delta_strong_negative', 'cvd_strong_negative', 'aggressive_sellers', 'below_vwap']",77661.1,77855.25275,-50.13257791057666,LOSS,2,5.0,0.020602335017145004,1.4622507278418366,-0.9999999999999681,0.75,stop_loss,5.405995919508054,-0.04166158376930307,-2.2115140705298173,-2.733181400514042,DOWN,SELL,0.3991815876431261,False,78321.56069034185,-0.00041510491742541533,NONE,0.0,77515.4854375,0.75
2026-04-28 02:35:00+00:00,2026-04-28 02:35:00+00:00,2026-04-28 02:40:00+00:00,2026-04-28 02:55:00+00:00,SHORT,SHORT,-4.25,"['delta_strong_negative', 'cvd_strong_negative', 'aggressive_sellers', 'below_vwap']",76669.9,76861.57475,-49.88191502102683,LOSS,4,15.0,0.1439939272125894,1.0496948606950662,-1.0000000000000293,0.75,stop_loss,5.405995919508054,3.140002023095262,-2.8146688346826956,-2.1910955344038205,DOWN,SELL,0.5546061559442873,False,77145.2149695954,-0.006303216757511038,NONE,0.0,76526.14393749999,0.75
2026-04-28 05:25:00+00:00,2026-04-28 05:25:00+00:00,2026-04-28 05:30:00+00:00,2026-04-28 05:35:00+00:00,SHORT,SHORT,-3.5,"['delta_strong_negative', 'cvd_strong_negative', 'big_trade_sell']",77025.8,76881.376625,37.22437908443978,WIN,2,5.0,1.0521150056215232,0.06283608868712182,0.7499999999999921,0.75,take_profit,5.405995919508054,3.0369218762143007,-2.4816333182710055,-2.0949667595527313,DOWN,SELL,0.7354603758902145,True,76988.16295123586,0.00195861031575833,NONE,0.0,76881.376625,0.75
2026-04-28 06:35:00+00:00,2026-04-28 06:35:00+00:00,2026-04-28 06:40:00+00:00,2026-04-28 06:40:00+00:00,SHORT,SHORT,-4.25,"['delta_strong_negative', 'cvd_strong_negative', 'aggressive_sellers', 'below_vwap']",76746.4,76602.5005,37.3639705060067,WIN,1,1.0,1.1508031647086423,0.060980058999570756,0.7499999999999976,0.75,take_profit,5.405995919508054,1.3364251978511075,-3.4411908643416136,-2.9036022174930025,DOWN,SELL,0.24707122313113494,False,76970.94135593007,-0.0010301779967325348,NONE,0.0,76602.5005,0.75
2026-04-28 11:15:00+00:00,2026-04-28 11:15:00+00:00,2026-04-28 11:20:00+00:00,2026-04-28 11:35:00+00:00,SHORT,SHORT,-3.5,"['delta_strong_negative', 'cvd_strong_negative', 'below_vwap']",76334.7,76191.5724375,37.504085395403834,WIN,4,15.0,1.1496737394657695,0.5187680045903108,0.7499999999999897,0.75,take_profit,5.405995919508054,3.6588846436639244,-2.5893865630704878,-2.507881111629201,DOWN,SELL,0.6910962771405037,False,76817.40974806156,-0.003985000869772282,NONE,0.0,76191.5724375,0.75
2026-04-28 12:45:00+00:00,2026-04-28 12:45:00+00:00,2026-04-28 12:50:00+00:00,2026-04-28 13:05:00+00:00,LONG,LONG,3.75,"['delta_strong_positive', 'cvd_strong_positive', 'aggressive_buyers']",76367.9,76176.98025,-50.192967620849736,LOSS,4,15.0,0.09585179113215322,1.8578486510693477,-1.0000000000000049,0.75,stop_loss,5.405995919508054,1.7148320718184993,2.997213819723999,1.8520438379958335,UP,BUY,2.0021454206965896,False,76709.18089019271,-2.968840673439786e-05,NONE,0.0,76511.0898125,0.75
2026-04-29 00:50:00+00:00,2026-04-29 00:50:00+00:00,2026-04-29 00:55:00+00:00,2026-04-29 01:05:00+00:00,LONG,LONG,4.25,"['delta_strong_positive', 'cvd_strong_positive', 'aggressive_buyers', 'above_vwap']",76498.8,76307.553,-49.94200278274602,LOSS,3,10.0,0.10980564401010211,1.2345291690850355,-1.0000000000000158,0.75,stop_loss,5.405995919508054,3.414282218636777,3.328957301895944,1.8159762307561593,UP,BUY,2.5556772986748832,False,76344.2816090444,0.0024437475534955697,NONE,0.0,76642.23525,0.75
2026-04-29 01:20:00+00:00,2026-04-29 01:20:00+00:00,2026-04-29 01:25:00+00:00,2026-04-29 01:45:00+00:00,SHORT,SHORT,-4.25,"['delta_strong_negative', 'cvd_strong_negative', 'aggressive_sellers', 'below_vwap']",76202.7,76393.20675,-49.69229276883164,LOSS,5,20.0,0.335946101647317,1.9542614631765172,-1.0000000000000027,0.75,stop_loss,5.405995919508054,0.8393125216522048,-2.0074257036892,-2.932593119504228,DOWN,SELL,0.33483033350053076,False,76347.34917732236,-0.0014466601491095938,NONE,0.0,76059.8199375,0.75
2026-04-29 03:35:00+00:00,2026-04-29 03:35:00+00:00,2026-04-29 03:40:00+00:00,2026-04-29 04:30:00+00:00,LONG,LONG,4.75,"['delta_strong_positive', 'cvd_strong_positive', 'aggressive_buyers', 'big_trade_buy', 'above_vwap']",76961.5,77105.8028125,37.08287347874007,WIN,11,50.0,1.2031990020984518,0.6325240542348946,0.7499999999999908,0.75,take_profit,5.405995919508054,3.0918961341330773,2.6088651079596237,1.975802632452366,UP,BUY,1.5947522425411755,True,76560.78929056929,0.005363763476126019,NONE,0.0,77105.8028125,0.75
2026-04-29 06:20:00+00:00,2026-04-29 06:20:00+00:00,2026-04-29 06:25:00+00:00,2026-04-29 06:50:00+00:00,SHORT,SHORT,-3.75,"['delta_strong_negative', 'cvd_strong_negative', 'aggressive_sellers']",77105.7,76961.12681249999,37.22193425428723,WIN,6,25.0,1.1293587892983117,0.0,0.750000000000029,0.75,take_profit,5.405995919508054,1.1177746302907139,-3.3883383758230976,-1.519962337663451,DOWN,SELL,0.2659735310564795,False,76892.5066112503,0.0007096903892293175,NONE,0.0,76961.12681249999,0.75
2026-04-29 09:30:00+00:00,2026-04-29 09:30:00+00:00,2026-04-29 09:35:00+00:00,2026-04-29 09:45:00+00:00,LONG,LONG,4.25,"['delta_strong_positive', 'cvd_strong_positive', 'aggressive_buyers', 'above_vwap']",77182.5,77327.2171875,37.36151650774086,WIN,3,10.0,2.6197648430667573,0.08188384672692857,0.7500000000000301,0.75,take_profit,5.405995919508054,2.965402816614828,2.889113233461424,2.7636670876771645,UP,BUY,2.1992485460565323,False,76923.23221629605,0.0016833933507815987,NONE,0.0,77327.2171875,0.75
2026-04-29 12:20:00+00:00,2026-04-29 12:20:00+00:00,2026-04-29 12:25:00+00:00,2026-04-29 12:30:00+00:00,SHORT,SHORT,-4.25,"['delta_strong_negative', 'cvd_strong_negative', 'aggressive_sellers', 'below_vwap']",77097.4,76952.842375,37.50162219464372,WIN,2,5.0,0.7901693182908288,0.2780897929113346,0.7500000000000067,0.75,take_profit,5.405995919508054,3.8401387434596974,-3.073355063499155,-2.6246553832140482,DOWN,SELL,0.6255608778974664,False,77158.98694663966,-0.005219841997236466,NONE,0.0,76952.842375,0.75
2026-04-30 00:30:00+00:00,2026-04-30 00:30:00+00:00,2026-04-30 00:35:00+00:00,2026-04-30 00:35:00+00:00,LONG,LONG,4.25,"['delta_strong_positive', 'cvd_strong_positive', 'aggressive_buyers', 'above_vwap']",75905.1,76047.4220625,37.64225327787219,WIN,1,1.0,1.2905588689033762,0.0,0.7499999999999779,0.75,take_profit,5.405995919508054,2.0408702957470877,2.0364776387159202,2.083865337230473,UP,BUY,1.6916085547634478,False,75766.65057828698,0.0012962198242929864,NONE,0.0,76047.4220625,0.75
2026-04-30 02:30:00+00:00,2026-04-30 02:30:00+00:00,2026-04-30 02:35:00+00:00,2026-04-30 02:35:00+00:00,SHORT,SHORT,-4.25,"['delta_strong_negative', 'cvd_strong_negative', 'aggressive_sellers', 'below_vwap']",75724.0,75582.0175,37.78341172766486,WIN,1,1.0,1.4531720458507518,0.2826052506470868,0.7499999999999908,0.75,take_profit,5.405995919508054,3.9528742742366454,-3.1732838061922357,-2.586554031970586,DOWN,SELL,0.6417997917759417,False,76076.90184897398,-0.004024788298839625,NONE,0.0,75582.0175,0.75
2026-04-30 05:40:00+00:00,2026-04-30 05:40:00+00:00,2026-04-30 05:45:00+00:00,2026-04-30 06:30:00+00:00,LONG,LONG,3.75,"['delta_strong_positive', 'cvd_strong_positive', 'aggressive_buyers']",75675.1,75816.99081250001,37.925099521644505,WIN,10,45.0,0.7569200437131742,0.7135768568525181,0.7500000000000085,0.75,take_profit,5.405995919508054,1.1361386928501913,2.5194977239669036,2.7336409673034994,UP,BUY,2.8860517763395466,False,75866.56860029427,-0.0009837914597582023,NONE,0.0,75816.99081250001,0.75
2026-04-30 07:30:00+00:00,2026-04-30 07:30:00+00:00,2026-04-30 07:35:00+00:00,2026-04-30 07:45:00+00:00,LONG,LONG,4.25,"['delta_strong_positive', 'cvd_strong_positive', 'aggressive_buyers', 'above_vwap']",75964.0,76106.4325,38.067318644848996,WIN,3,10.0,0.8746248222842705,0.33700173766520986,0.7499999999999754,0.75,take_profit,5.405995919508054,2.497680840144191,2.2454664146380057,1.9644274451394395,UP,BUY,2.5037934555136254,False,75846.6156665777,0.004154426949650089,NONE,0.0,76106.4325,0.75
2026-04-30 08:20:00+00:00,2026-04-30 08:20:00+00:00,2026-04-30 08:25:00+00:00,2026-04-30 09:25:00+00:00,SHORT,SHORT,-3.75,"['delta_strong_negative', 'cvd_strong_negative', 'aggressive_sellers']",75999.9,76189.89975,-50.94676145302529,LOSS,13,60.0,0.14000018421072277,1.0384224189768825,-1.0000000000000142,0.75,stop_loss,5.405995919508054,0.8892567675760495,-2.13891537686579,-2.2891030435324597,DOWN,SELL,0.3415900851933972,False,75873.68499434752,0.0032588062308642955,NONE,0.0,75857.4001875,0.75
2026-04-30 12:20:00+00:00,2026-04-30 12:20:00+00:00,2026-04-30 12:25:00+00:00,2026-04-30 13:25:00+00:00,LONG,LONG,4.25,"['delta_strong_positive', 'cvd_strong_positive', 'aggressive_buyers', 'above_vwap']",76315.0,76124.2125,-50.69202764576099,LOSS,13,60.0,0.3150101552774989,1.0687282971892509,-1.0000000000000306,0.75,stop_loss,5.405995919508054,2.136289587822547,3.27930462175896,2.4917239359473737,UP,BUY,2.5701675285198533,False,75931.79619513183,0.003056565746751808,NONE,0.0,76458.090625,0.75
2026-05-01 01:45:00+00:00,2026-05-01 01:45:00+00:00,2026-05-01 01:50:00+00:00,2026-05-01 03:15:00+00:00,LONG,LONG,4.25,"['delta_strong_positive', 'cvd_strong_positive', 'aggressive_buyers', 'above_vwap']",76649.9,76793.61856249999,37.82892563064755,WIN,18,85.0,2.870192916102957,0.859492315058452,0.7499999999999916,0.75,take_profit,5.405995919508054,3.435769941019701,3.6869126309722393,2.084116843060908,UP,BUY,2.4036411048447435,False,76494.14976015608,0.003209621496942752,NONE,0.0,76793.61856249999,0.75
2026-05-01 06:45:00+00:00,2026-05-01 06:45:00+00:00,2026-05-01 06:50:00+00:00,2026-05-01 08:10:00+00:00,SHORT,SHORT,-4.25,"['delta_strong_negative', 'cvd_strong_negative', 'aggressive_sellers', 'below_vwap']",76933.2,77125.533,-50.62771213568354,LOSS,17,80.0,0.5173319191194439,1.5405572626642485,-0.9999999999999934,0.75,stop_loss,5.405995919508054,1.087819574207128,-2.4609211829727062,-2.0398948284395546,DOWN,SELL,0.435306083830069,False,76949.90759696419,-0.002155745459797229,NONE,0.0,76788.95025,0.75
2026-05-01 09:00:00+00:00,2026-05-01 09:00:00+00:00,2026-05-01 09:05:00+00:00,2026-05-01 10:10:00+00:00,SHORT,SHORT,-4.25,"['delta_strong_negative', 'cvd_strong_negative', 'aggressive_sellers', 'big_trade_sell']",77286.3,77141.38818750001,37.780930181252785,WIN,14,65.0,0.8705294470041758,0.3296832685741048,0.749999999999974,0.75,take_profit,5.405995919508054,0.8318899218982142,-3.2565264546944315,-2.022082745077426,DOWN,SELL,0.22881869157249765,True,77026.32010750195,0.0014096461072657036,NONE,0.0,77141.38818750001,0.75
2026-05-01 11:20:00+00:00,2026-05-01 11:20:00+00:00,2026-05-01 11:25:00+00:00,2026-05-01 12:10:00+00:00,LONG,LONG,4.25,"['delta_strong_positive', 'cvd_strong_positive', 'aggressive_buyers', 'above_vwap']",77391.9,77537.0098125,37.922608669433515,WIN,10,45.0,1.3851578782792515,0.4796367578518597,0.7499999999999946,0.75,take_profit,5.405995919508054,3.8186115100969262,3.407529437462328,2.9220091981449876,UP,BUY,1.991284466811478,False,77071.3642386298,0.001426759390524948,NONE,0.0,77537.0098125,0.75
2026-05-01 12:30:00+00:00,2026-05-01 12:30:00+00:00,2026-05-01 12:35:00+00:00,2026-05-01 12:35:00+00:00,LONG,LONG,4.25,"['delta_strong_positive', 'cvd_strong_positive', 'aggressive_buyers', 'above_vwap']",77901.7,78047.7656875,38.06481845194381,WIN,1,1.0,1.2508071069052709,0.03337539488868664,0.7499999999999929,0.75,take_profit,5.405995919508054,3.9392915435284492,3.6568753708725334,3.2951742427755257,UP,BUY,1.6195788178721138,False,77204.87421494053,0.004779763256170815,NONE,0.0,78047.7656875,0.75
2026-05-02 01:30:00+00:00,2026-05-02 01:30:00+00:00,2026-05-02 01:35:00+00:00,2026-05-02 03:15:00+00:00,LONG,LONG,4.25,"['delta_strong_positive', 'cvd_strong_positive', 'aggressive_buyers', 'above_vwap']",78380.9,78184.94774999999,-50.94341536151914,LOSS,21,100.0,0.5057354534076839,1.007898607951682,-1.0000000000000107,0.75,stop_loss,5.405995919508054,2.6855370925645268,2.2302679891615216,2.1509785899381892,UP,BUY,1.726260402964275,False,78268.74367918618,0.002373311436437436,NONE,0.0,78527.86418749999,0.75
2026-05-02 04:05:00+00:00,2026-05-02 04:05:00+00:00,2026-05-02 04:10:00+00:00,2026-05-02 04:45:00+00:00,SHORT,SHORT,-4.25,"['delta_strong_negative', 'cvd_strong_negative', 'aggressive_sellers', 'below_vwap']",78235.9,78089.20768749999,38.01652371353405,WIN,8,35.0,1.0015862283171495,0.19939695203864213,0.7500000000000155,0.75,take_profit,5.405995919508054,3.171562383022817,-2.796970622173458,-1.9209785833458006,DOWN,SELL,0.4837601467919184,False,78303.85005668984,-0.0009440660647331239,NONE,0.0,78089.20768749999,0.75
2026-05-02 11:00:00+00:00,2026-05-02 11:00:00+00:00,2026-05-02 11:05:00+00:00,2026-05-02 13:10:00+00:00,SHORT,SHORT,-4.25,"['delta_strong_negative', 'cvd_strong_negative', 'aggressive_sellers', 'below_vwap']",78146.8,78342.167,-50.87878090327825,LOSS,26,125.0,0.46630188312256327,1.3118899302338822,-0.9999999999999915,0.75,stop_loss,5.405995919508054,1.9792739696164232,-2.536221547965538,-1.6028043857991308,DOWN,SELL,0.3783876013081188,False,78233.2980733799,-0.00110328116658249,NONE,0.0,78000.27475,0.75
2026-05-03 01:00:00+00:00,2026-05-03 01:00:00+00:00,2026-05-03 01:05:00+00:00,2026-05-03 01:20:00+00:00,SHORT,SHORT,-4.25,"['delta_strong_negative', 'cvd_strong_negative', 'aggressive_sellers', 'below_vwap']",78331.1,78184.22918750001,37.968290249071075,WIN,4,15.0,0.8247043639116519,0.2083463656197263,0.7499999999999875,0.75,take_profit,5.405995919508054,3.886571450788023,-3.4228732679843192,-3.4752719330487527,DOWN,SELL,0.4957712030355905,False,78488.0358480788,-0.004467978337507992,NONE,0.0,78184.22918750001,0.75
2026-05-03 09:35:00+00:00,2026-05-03 09:35:00+00:00,2026-05-03 09:40:00+00:00,2026-05-03 10:45:00+00:00,LONG,LONG,4.25,"['delta_strong_positive', 'cvd_strong_positive', 'aggressive_buyers', 'above_vwap']",78561.0,78364.5975,-50.81422845000673,LOSS,14,65.0,0.0,1.0320642558012096,-0.9999999999999821,0.75,stop_loss,5.405995919508054,3.072842380646998,2.9462338155604972,2.692509147259243,UP,BUY,2.370022870932306,False,78283.21400968796,0.0031094096425884855,NONE,0.0,78708.301875,0.75
2026-05-03 11:40:00+00:00,2026-05-03 11:40:00+00:00,2026-05-03 11:45:00+00:00,2026-05-03 12:10:00+00:00,LONG,LONG,4.25,"['delta_strong_positive', 'cvd_strong_positive', 'aggressive_buyers', 'above_vwap']",78679.1,78826.6233125,37.92011798081668,WIN,6,25.0,0.8688457290436427,0.3340150052555845,0.7499999999999698,0.75,take_profit,5.405995919508054,3.8510805895649804,3.839796748642519,3.2568275654998433,UP,BUY,2.455174639397449,False,78318.2355248401,0.0026948732262819784,NONE,0.0,78826.6233125,0.75
2026-05-04 01:50:00+00:00,2026-05-04 01:50:00+00:00,2026-05-04 01:55:00+00:00,2026-05-04 01:55:00+00:00,LONG,LONG,4.25,"['delta_strong_positive', 'cvd_strong_positive', 'aggressive_buyers', 'above_vwap']",79208.6,79357.116125,38.06231842324489,WIN,1,1.0,3.238032233873579,0.029794744510109914,0.7499999999999728,0.75,take_profit,5.405995919508054,2.3237204804833653,3.3356355999821656,1.8847047877456147,UP,BUY,1.6234534196826866,False,78667.73546344251,0.004635728573645485,NONE,0.0,79357.116125,0.75
2026-05-04 09:40:00+00:00,2026-05-04 09:40:00+00:00,2026-05-04 09:45:00+00:00,2026-05-04 10:00:00+00:00,LONG,LONG,4.25,"['delta_strong_positive', 'cvd_strong_positive', 'aggressive_buyers', 'above_vwap']",79821.4,79621.8465,-50.94006948977653,LOSS,4,15.0,0.3938793356167936,3.3645112714134013,-0.9999999999999727,0.75,stop_loss,5.405995919508054,2.1742720559093724,2.071867122549881,1.9863163234049148,UP,BUY,1.9761175534883313,False,79763.60051966149,0.0010709946996626466,NONE,0.0,79971.065125,0.75
2026-05-04 10:15:00+00:00,2026-05-04 10:15:00+00:00,2026-05-04 10:20:00+00:00,2026-05-04 10:20:00+00:00,SHORT,SHORT,-4.25,"['delta_strong_negative', 'cvd_strong_negative', 'aggressive_sellers', 'below_vwap']",78358.7,78211.7774375,38.014026856745815,WIN,1,1.0,0.8101206375297042,0.8269662462496188,0.749999999999981,0.75,take_profit,5.405995919508054,1.8894247328373002,-2.9414522457845766,-3.188129923173088,DOWN,SELL,0.5301769261795456,False,79604.46983744533,-0.011167903894114765,NONE,0.0,78211.7774375,0.75
2026-05-05 00:00:00+00:00,2026-05-05 00:00:00+00:00,2026-05-05 00:05:00+00:00,2026-05-05 00:50:00+00:00,LONG,LONG,4.25,"['delta_strong_positive', 'cvd_strong_positive', 'aggressive_buyers', 'above_vwap']",79949.1,80099.0045625,38.15657945745954,WIN,10,45.0,1.0051395200195832,0.6874373820343629,0.7499999999999992,0.75,take_profit,5.405995919508054,2.931046386652589,2.214816211624185,3.083652206227854,UP,BUY,1.9914954335873583,False,79899.23333333332,-0.000769744889313437,NONE,0.0,80099.0045625,0.75
2026-05-05 02:00:00+00:00,2026-05-05 02:00:00+00:00,2026-05-05 02:05:00+00:00,2026-05-05 02:35:00+00:00,LONG,LONG,4.25,"['delta_strong_positive', 'cvd_strong_positive', 'aggressive_buyers', 'above_vwap']",80451.0,80601.845625,38.2996666304255,WIN,7,30.0,1.357347950926651,0.5807261562939077,0.7500000000000088,0.75,take_profit,5.405995919508054,3.433848492599139,2.7852609713616214,2.5769232678055927,UP,BUY,1.7710480202649332,False,80126.13743194939,0.004891105754680957,NONE,0.0,80601.845625,0.75
2026-05-05 03:35:00+00:00,2026-05-05 03:35:00+00:00,2026-05-05 03:40:00+00:00,2026-05-05 05:20:00+00:00,LONG,LONG,4.25,"['delta_strong_positive', 'cvd_strong_positive', 'aggressive_buyers', 'above_vwap']",80817.8,80969.333375,38.443290380288914,WIN,21,100.0,1.7332815295640174,0.7245928495950582,0.7499999999999954,0.75,take_profit,5.405995919508054,3.225017877717246,3.5738984605939685,2.589111571330594,UP,BUY,2.5096518163371577,False,80491.85498010206,0.004453749736112003,NONE,0.0,80969.333375,0.75
2026-05-05 05:35:00+00:00,2026-05-05 05:35:00+00:00,2026-05-05 05:40:00+00:00,2026-05-05 05:45:00+00:00,LONG,LONG,4.75,"['delta_strong_positive', 'cvd_strong_positive', 'aggressive_buyers', 'big_trade_buy', 'above_vwap']",81181.5,80978.54625,-51.449936958953785,LOSS,2,5.0,0.091153772719154,1.565873998386346,-1.0000000000000029,0.75,stop_loss,5.405995919508054,3.646257902658264,3.7428120545766648,3.3612823481477627,UP,BUY,4.398557472103241,True,80697.66389345452,0.004684554432398984,NONE,0.0,81333.7153125,0.75
2026-05-05 07:40:00+00:00,2026-05-05 07:40:00+00:00,2026-05-05 07:45:00+00:00,2026-05-05 07:45:00+00:00,SHORT,SHORT,-3.75,"['delta_strong_negative', 'cvd_strong_negative', 'aggressive_sellers']",80985.5,80833.6521875,38.39451545561827,WIN,1,1.0,0.7813744435732178,0.07161775873458828,0.7499999999999827,0.75,take_profit,5.405995919508054,1.5807028543616812,-3.0078474793022885,-1.8370216708222615,DOWN,SELL,0.2998748029417676,False,80746.06964602158,0.00034957877495537984,NONE,0.0,80833.6521875,0.75
2026-05-05 11:10:00+00:00,2026-05-05 11:10:00+00:00,2026-05-05 11:15:00+00:00,2026-05-05 11:35:00+00:00,LONG,LONG,4.75,"['delta_strong_positive', 'cvd_strong_positive', 'aggressive_buyers', 'big_trade_buy', 'above_vwap']",80905.6,81057.29800000001,38.538494888578725,WIN,5,20.0,0.8177431475694843,0.6540956373848184,0.7500000000000195,0.75,take_profit,5.405995919508054,4.003879767212795,4.081504331108042,4.051156132983556,UP,BUY,7.976657205087663,True,80745.5579128646,0.0016460034278661315,NONE,0.0,81057.29800000001,0.75
2026-05-06 00:00:00+00:00,2026-05-06 00:00:00+00:00,2026-05-06 00:05:00+00:00,2026-05-06 00:10:00+00:00,LONG,LONG,4.25,"['delta_strong_positive', 'cvd_strong_positive', 'aggressive_buyers', 'above_vwap']",81011.3,81163.1961875,38.68301424440862,WIN,2,5.0,1.028498493420068,0.19305948676298648,0.7499999999999752,0.75,take_profit,5.405995919508054,0.5997701126783809,3.005502084060572,2.488632379966373,UP,BUY,3.159669812902923,False,80980.06666666667,-0.00289703752940824,NONE,0.0,81163.1961875,0.75
2026-05-06 03:20:00+00:00,2026-05-06 03:20:00+00:00,2026-05-06 03:25:00+00:00,2026-05-06 04:25:00+00:00,LONG,LONG,4.25,"['delta_strong_positive', 'cvd_strong_positive', 'aggressive_buyers', 'above_vwap']",81608.0,81403.98,-51.77076739710293,LOSS,13,60.0,0.5308303107538619,1.1685128908930211,-1.00000000000002,0.75,stop_loss,5.405995919508054,3.5130293701214916,3.256709631051348,1.7456461563985266,UP,BUY,2.1148352451231096,False,81152.91052607827,0.006218222615963614,NONE,0.0,81761.015,0.75
2026-05-06 05:35:00+00:00,2026-05-06 05:35:00+00:00,2026-05-06 05:40:00+00:00,2026-05-06 05:50:00+00:00,SHORT,SHORT,-4.25,"['delta_strong_negative', 'cvd_strong_negative', 'aggressive_sellers', 'below_vwap']",81027.8,81230.3695,-51.511913560115815,LOSS,3,10.0,0.0004936577323132098,1.0411241573879295,-0.999999999999989,0.75,stop_loss,5.405995919508054,3.6320363586735995,-3.7369142808561118,-2.2926753436482747,DOWN,SELL,0.4424747105816052,False,81238.38463285474,-0.004132246342867162,NONE,0.0,80875.872875,0.75
2026-05-06 08:30:00+00:00,2026-05-06 08:30:00+00:00,2026-05-06 08:35:00+00:00,2026-05-06 08:50:00+00:00,LONG,LONG,4.25,"['delta_strong_positive', 'cvd_strong_positive', 'aggressive_buyers', 'above_vwap']",81683.6,81836.75675,38.4407654942355,WIN,4,15.0,1.168410794822908,0.5220142109309864,0.7499999999999737,0.75,take_profit,5.405995919508054,4.121250730541502,4.118908100572681,3.560797171954152,UP,BUY,2.0292870326604424,False,81308.38456783837,0.0034665215362122753,NONE,0.0,81836.75675,0.75
2026-05-06 12:10:00+00:00,2026-05-06 12:10:00+00:00,2026-05-06 12:15:00+00:00,2026-05-06 12:20:00+00:00,SHORT,SHORT,-3.75,"['delta_strong_negative', 'cvd_strong_negative', 'aggressive_sellers']",82150.1,82355.47525,-51.4465578197863,LOSS,2,5.0,0.07060247035609207,1.479730395945929,-0.9999999999999869,0.75,stop_loss,5.405995919508054,0.8579289097430753,-2.4340066212010396,-1.9153705045874994,DOWN,SELL,0.2750782279314888,False,81802.035695731,0.00035456765781320584,NONE,0.0,81996.0685625,0.75
2026-05-07 04:25:00+00:00,2026-05-07 04:25:00+00:00,2026-05-07 04:30:00+00:00,2026-05-07 05:00:00+00:00,LONG,LONG,3.75,"['delta_strong_positive', 'cvd_strong_positive', 'aggressive_buyers']",80899.9,81051.58731249999,38.39199377301563,WIN,7,30.0,0.761434810178999,0.39307835980019756,0.749999999999992,0.75,take_profit,5.405995919508054,0.39471172895012835,2.0098075762288565,2.927914207507514,UP,BUY,2.6342731006733913,False,80992.78817697876,-0.000895473037499176,NONE,0.0,81051.58731249999,0.75
2026-05-07 06:05:00+00:00,2026-05-07 06:05:00+00:00,2026-05-07 06:10:00+00:00,2026-05-07 06:30:00+00:00,SHORT,SHORT,-4.25,"['delta_strong_negative', 'cvd_strong_negative', 'aggressive_sellers', 'below_vwap']",80942.2,81144.5555,-51.38128499955442,LOSS,5,20.0,0.493191437840844,1.461783840814818,-1.0000000000000253,0.75,stop_loss,5.405995919508054,2.516653341696004,-2.369511242478302,-2.5334962129866385,DOWN,SELL,0.540558009505172,False,80993.23214889047,0.0001504615861033292,NONE,0.0,80790.433375,0.75
2026-05-07 09:35:00+00:00,2026-05-07 09:35:00+00:00,2026-05-07 09:40:00+00:00,2026-05-07 10:25:00+00:00,SHORT,SHORT,-4.75,"['delta_strong_negative', 'cvd_strong_negative', 'aggressive_sellers', 'big_trade_sell', 'below_vwap']",80879.3,80727.6513125,38.34328393091583,WIN,10,45.0,1.7680667364826352,0.4520316075930142,0.7499999999999867,0.75,take_profit,5.405995919508054,3.503347229047552,-2.426113577890639,-2.882574548104674,DOWN,SELL,0.5387975350185176,True,81127.69815720929,-0.004942056772905177,NONE,0.0,80727.6513125,0.75
2026-05-08 00:25:00+00:00,2026-05-08 00:25:00+00:00,2026-05-08 00:30:00+00:00,2026-05-08 00:45:00+00:00,SHORT,SHORT,-4.25,"['delta_strong_negative', 'cvd_strong_negative', 'aggressive_sellers', 'below_vwap']",79976.0,79826.045,38.487071245657894,WIN,4,15.0,0.9712913874162104,0.10053015904774343,0.7500000000000088,0.75,take_profit,5.405995919508054,3.77404147027662,-3.9546073507618433,-3.0204229830695972,DOWN,SELL,0.2622540379645185,False,80011.55602750607,0.0017937180483414735,NONE,0.0,79826.045,0.75
2026-05-08 02:15:00+00:00,2026-05-08 02:15:00+00:00,2026-05-08 02:20:00+00:00,2026-05-08 02:30:00+00:00,SHORT,SHORT,-4.25,"['delta_strong_negative', 'cvd_strong_negative', 'aggressive_sellers', 'below_vwap']",79346.4,79544.76599999999,-51.5085303504368,LOSS,3,10.0,0.031759474909956134,1.493703558069442,-0.9999999999999726,0.75,stop_loss,5.405995919508054,3.6842678811445437,-3.5818171182791576,-2.4271627745966473,DOWN,SELL,0.5574040644129532,False,79701.76372742289,-0.005036143489907255,NONE,0.0,79197.6255,0.75
2026-05-08 07:30:00+00:00,2026-05-08 07:30:00+00:00,2026-05-08 07:35:00+00:00,2026-05-08 07:45:00+00:00,LONG,LONG,3.75,"['delta_strong_positive', 'cvd_strong_positive', 'aggressive_buyers']",79454.1,79603.0764375,38.43824077401299,WIN,3,10.0,1.1372603805215549,0.034737036855284904,0.74999999999997,0.75,take_profit,5.405995919508054,0.8592601837042262,2.495420849505736,2.5632459890585135,UP,BUY,2.4538687265351915,False,79550.28313469456,-0.0006201967671312742,NONE,0.0,79603.0764375,0.75
2026-05-09 01:10:00+00:00,2026-05-09 01:10:00+00:00,2026-05-09 01:15:00+00:00,2026-05-09 02:30:00+00:00,LONG,LONG,4.25,"['delta_strong_positive', 'cvd_strong_positive', 'aggressive_buyers', 'above_vwap']",80287.4,80437.93887499999,38.582384176916655,WIN,16,75.0,0.8011219693252138,0.4444034804963025,0.7499999999999919,0.75,take_profit,5.405995919508054,1.5424897105844226,2.038914688234979,2.0118594418633395,UP,BUY,2.8802819865319864,False,80168.24773335176,0.0009578535913986776,NONE,0.0,80437.93887499999,0.75
2026-05-09 04:05:00+00:00,2026-05-09 04:05:00+00:00,2026-05-09 04:10:00+00:00,2026-05-09 04:50:00+00:00,LONG,LONG,4.75,"['delta_strong_positive', 'cvd_strong_positive', 'aggressive_buyers', 'big_trade_buy', 'above_vwap']",80550.2,80348.8245,-51.636090823439304,LOSS,9,40.0,0.0844194055384096,1.1148327378454679,-0.9999999999999735,0.75,stop_loss,5.405995919508054,4.073447231764583,3.6843444200459343,2.5000082763336136,UP,BUY,2.2442181135724764,True,80358.48245657698,0.002308169489741043,NONE,0.0,80701.231625,0.75
2026-05-09 06:35:00+00:00,2026-05-09 06:35:00+00:00,2026-05-09 06:40:00+00:00,2026-05-09 08:10:00+00:00,SHORT,SHORT,-4.25,"['delta_strong_negative', 'cvd_strong_negative', 'aggressive_sellers', 'below_vwap']",80180.1,80380.55025,-51.37791036932204,LOSS,19,90.0,0.4779240734297059,1.0037403295830116,-0.999999999999972,0.75,stop_loss,5.405995919508054,3.642652750961463,-3.2195053726189955,-2.6790135580476417,DOWN,SELL,0.3117930795644114,False,80360.74410753862,-0.0026975721257097786,NONE,0.0,80029.76231250001,0.75
2026-05-09 10:35:00+00:00,2026-05-09 10:35:00+00:00,2026-05-09 10:40:00+00:00,2026-05-09 15:35:00+00:00,LONG,LONG,3.75,"['delta_strong_positive', 'cvd_strong_positive', 'aggressive_buyers']",80300.1,80450.66268750001,38.34076561310806,WIN,60,295.0,0.9459514994377051,0.5484426544923645,0.7500000000000081,0.75,take_profit,5.405995919508054,2.011288063974212,2.663957750942084,2.67488085705363,UP,BUY,4.118481697629422,False,80313.78310854676,0.0006753613678303861,NONE,0.0,80450.66268750001,0.75
2026-05-10 00:35:00+00:00,2026-05-10 00:35:00+00:00,2026-05-10 00:40:00+00:00,2026-05-10 03:40:00+00:00,LONG,LONG,4.25,"['delta_strong_positive', 'cvd_strong_positive', 'aggressive_buyers', 'above_vwap']",80700.1,80851.41268750001,38.484543484157214,WIN,37,180.0,0.7920684113154176,0.8247821254249187,0.7500000000000079,0.75,take_profit,5.405995919508054,1.1300463279294926,3.342868094230111,1.5609087096640273,UP,BUY,4.076988963120671,False,80664.66506103748,-1.4526568475453132e-05,NONE,0.0,80851.41268750001,0.75
2026-05-10 06:40:00+00:00,2026-05-10 06:40:00+00:00,2026-05-10 06:45:00+00:00,2026-05-10 08:25:00+00:00,LONG,LONG,4.25,"['delta_strong_positive', 'cvd_strong_positive', 'aggressive_buyers', 'above_vwap']",80676.3,80827.56806250001,38.62886052222409,WIN,21,100.0,0.9742638172548815,0.03421079052960401,0.7500000000000329,0.75,take_profit,5.405995919508054,3.183576130499354,2.6046718854484414,2.0289129907925196,UP,BUY,1.9652141006607864,False,80675.17133420963,-0.0005523414029216954,NONE,0.0,80827.56806250001,0.75
2026-05-10 10:05:00+00:00,2026-05-10 10:05:00+00:00,2026-05-10 10:10:00+00:00,2026-05-10 11:00:00+00:00,LONG,LONG,4.25,"['delta_strong_positive', 'cvd_strong_positive', 'aggressive_buyers', 'above_vwap']",80786.5,80937.9746875,38.77371874918028,WIN,11,50.0,0.7575523138148081,0.7179417353146875,0.7499999999999913,0.75,take_profit,5.405995919508054,4.051083817517256,3.942801475483657,2.179959057341413,UP,BUY,3.099678164056725,False,80704.22947987604,0.0005072089308028215,NONE,0.0,80937.9746875,0.75
2026-05-11 00:15:00+00:00,2026-05-11 00:15:00+00:00,2026-05-11 00:20:00+00:00,2026-05-11 00:20:00+00:00,SHORT,SHORT,-4.25,"['delta_strong_negative', 'cvd_strong_negative', 'aggressive_sellers', 'below_vwap']",81541.2,81745.053,-51.89216025932092,LOSS,1,1.0,1.0949066238907306,1.0021927565451718,-1.0000000000000138,0.75,stop_loss,5.405995919508054,2.906666422068546,-3.688927494396194,-2.185620761014959,DOWN,SELL,0.32829331661592015,False,81807.9080389822,0.0013012112850900104,NONE,0.0,81388.31025,0.75
2026-05-11 02:15:00+00:00,2026-05-11 02:15:00+00:00,2026-05-11 02:20:00+00:00,2026-05-11 02:30:00+00:00,SHORT,SHORT,-3.5,"['delta_strong_negative', 'cvd_strong_negative', 'below_vwap']",81244.3,81091.96693750001,38.72452459351627,WIN,3,10.0,0.8719380928877758,0.0,0.7499999999999724,0.75,take_profit,5.405995919508054,1.7880563301961434,-2.5534967520314447,-1.6206088857019991,DOWN,SELL,0.7026277986563547,False,81582.58165811474,-0.00685273052417479,NONE,0.0,81091.96693750001,0.75
2026-05-11 03:10:00+00:00,2026-05-11 03:10:00+00:00,2026-05-11 03:15:00+00:00,2026-05-11 04:30:00+00:00,SHORT,SHORT,-4.25,"['delta_strong_negative', 'cvd_strong_negative', 'aggressive_sellers', 'below_vwap']",80569.7,80771.12425,-51.826322080990245,LOSS,16,75.0,0.494478693603135,1.0793139356358965,-0.999999999999982,0.75,stop_loss,5.405995919508054,3.802199749054686,-4.045951900814963,-3.2964686641608765,DOWN,SELL,0.5283352808859639,False,81405.86365006307,-0.012034418516674288,NONE,0.0,80418.6318125,0.75
2026-05-11 05:35:00+00:00,2026-05-11 05:35:00+00:00,2026-05-11 05:40:00+00:00,2026-05-11 06:25:00+00:00,SHORT,SHORT,-4.25,"['delta_strong_negative', 'cvd_strong_negative', 'aggressive_sellers', 'below_vwap']",80829.5,81031.57375,-51.56719047058519,LOSS,10,45.0,0.6007707582008756,1.0085426731577105,-0.9999999999999798,0.75,stop_loss,5.405995919508054,1.1510832417742793,-2.59525215652434,-1.9761271610478683,DOWN,SELL,0.4571381634408789,False,81185.53693212575,-0.0004387086543862211,NONE,0.0,80677.9446875,0.75
2026-05-12 01:15:00+00:00,2026-05-12 01:15:00+00:00,2026-05-12 01:20:00+00:00,2026-05-12 01:30:00+00:00,SHORT,SHORT,-4.25,"['delta_strong_negative', 'cvd_strong_negative', 'aggressive_sellers', 'below_vwap']",81337.3,81184.7925625,38.482015888674155,WIN,3,10.0,1.2874781926619294,0.48145192918867075,0.7499999999999839,0.75,take_profit,5.405995919508054,2.5183443241926335,-2.167091501646886,-2.076273877074372,DOWN,SELL,0.6261174715754744,False,81502.0350857503,-0.0034614255228631622,NONE,0.0,81184.7925625,0.75
2026-05-12 04:00:00+00:00,2026-05-12 04:00:00+00:00,2026-05-12 04:05:00+00:00,2026-05-12 04:35:00+00:00,SHORT,SHORT,-4.25,"['delta_strong_negative', 'cvd_strong_negative', 'aggressive_sellers', 'below_vwap']",80999.6,81202.099,-51.501764597675695,LOSS,7,30.0,0.17382801890385452,1.2958088681919129,-0.9999999999999808,0.75,stop_loss,5.405995919508054,2.929311112623865,-2.920555338328059,-1.9610309285276046,DOWN,SELL,0.5032709502404246,False,81165.16288650437,-0.0018976989622554517,NONE,0.0,80847.72575000001,0.75
2026-05-12 07:45:00+00:00,2026-05-12 07:45:00+00:00,2026-05-12 07:50:00+00:00,2026-05-12 09:20:00+00:00,SHORT,SHORT,-4.25,"['delta_strong_negative', 'cvd_strong_negative', 'aggressive_sellers', 'below_vwap']",80835.6,80684.03325000001,38.43319183101575,WIN,19,90.0,0.8031115003785604,0.470584742365944,0.7499999999999907,0.75,take_profit,5.405995919508054,3.277213656883164,-3.0740425622617926,-2.212401764406375,DOWN,SELL,0.5644629548253864,False,81123.82092536126,-0.0026981311425650733,NONE,0.0,80684.03325000001,0.75
2026-05-13 01:20:00+00:00,2026-05-13 01:20:00+00:00,2026-05-13 01:25:00+00:00,2026-05-13 01:50:00+00:00,LONG,LONG,4.25,"['delta_strong_positive', 'cvd_strong_positive', 'aggressive_buyers', 'above_vwap']",80993.8,81145.663375,38.57731630038274,WIN,6,25.0,0.8622882245307233,0.1743343317636802,0.750000000000004,0.75,take_profit,5.405995919508054,3.075963319947508,3.299869631446751,2.50727951801403,UP,BUY,1.7398494626371823,False,80762.86554500139,0.004021483611969041,NONE,0.0,81145.663375,0.75
2026-05-13 03:45:00+00:00,2026-05-13 03:45:00+00:00,2026-05-13 03:50:00+00:00,2026-05-13 05:30:00+00:00,LONG,LONG,4.25,"['delta_strong_positive', 'cvd_strong_positive', 'aggressive_buyers', 'above_vwap']",81236.1,81033.00975000001,-51.62930831534372,LOSS,21,100.0,0.15707302541601173,1.0103882387264362,-0.9999999999999695,0.75,stop_loss,5.405995919508054,2.19617218801656,2.4373824126532506,2.3295610887899985,UP,BUY,2.4674021788997162,False,80933.47955774618,0.003867895304341618,NONE,0.0,81388.41768750001,0.75
2026-05-13 06:25:00+00:00,2026-05-13 06:25:00+00:00,2026-05-13 06:30:00+00:00,2026-05-13 07:20:00+00:00,LONG,LONG,4.25,"['delta_strong_positive', 'cvd_strong_positive', 'aggressive_buyers', 'above_vwap']",81070.1,80867.42475,-51.37116177376865,LOSS,11,50.0,0.04884661545992507,1.0583433349656655,-1.000000000000001,0.75,stop_loss,5.405995919508054,2.211828584807351,3.290849285265234,3.1261210595195768,UP,BUY,4.215579611002266,False,80994.10008733826,-0.00034036660141131527,NONE,0.0,81222.1064375,0.75
2026-05-13 09:00:00+00:00,2026-05-13 09:00:00+00:00,2026-05-13 09:05:00+00:00,2026-05-13 10:10:00+00:00,LONG,LONG,4.75,"['delta_strong_positive', 'cvd_strong_positive', 'aggressive_buyers', 'big_trade_buy', 'above_vwap']",81270.1,81066.92475,-51.114305964899806,LOSS,14,65.0,0.0004921859330369661,1.0025827456838943,-1.000000000000001,0.75,stop_loss,5.405995919508054,3.9907170643142336,4.0970316516647225,3.562176196365741,UP,BUY,5.5195414347708285,True,81004.83104611866,0.0028241980245208953,NONE,0.0,81422.4814375,0.75
2026-05-13 12:30:00+00:00,2026-05-13 12:30:00+00:00,2026-05-13 12:35:00+00:00,2026-05-13 12:35:00+00:00,SHORT,SHORT,-3.5,"['delta_strong_negative', 'cvd_strong_negative', 'below_vwap']",80072.9,79922.7633125,38.14405082630514,WIN,1,1.0,1.2818319306531487,0.25227011885419415,0.7499999999999745,0.75,take_profit,5.405995919508054,2.6642044171902324,-2.2442120675050656,-1.5699822355456372,DOWN,SELL,0.6757784813463216,False,80852.025077561,-0.007842599987107356,NONE,0.0,79922.7633125,0.75
2026-05-14 02:30:00+00:00,2026-05-14 02:30:00+00:00,2026-05-14 02:35:00+00:00,2026-05-14 02:45:00+00:00,SHORT,SHORT,-3.75,"['delta_strong_negative', 'cvd_strong_negative', 'aggressive_sellers']",79623.4,79474.10612499999,38.287091016905855,WIN,3,10.0,1.237827070936404,0.0,0.7500000000000153,0.75,take_profit,5.405995919508054,0.1621660935255865,-2.356403482930143,-2.2291047337097547,DOWN,SELL,0.2309574678349914,False,79530.7352257867,0.001956779082857678,NONE,0.0,79474.10612499999,0.75
2026-05-14 05:30:00+00:00,2026-05-14 05:30:00+00:00,2026-05-14 05:35:00+00:00,2026-05-14 05:45:00+00:00,LONG,LONG,3.5,"['delta_strong_positive', 'cvd_strong_positive', 'above_vwap']",79643.6,79792.93175,38.430667608217846,WIN,3,10.0,0.8985028301081025,0.0005022374679488158,0.7499999999999877,0.75,take_profit,5.405995919508054,3.140379080600982,2.624838911885758,2.644419402767378,UP,BUY,1.4868422945312212,False,79366.62059705191,0.003925325186961809,NONE,0.0,79792.93175,0.75
2026-05-15 02:10:00+00:00,2026-05-15 02:10:00+00:00,2026-05-15 02:15:00+00:00,2026-05-15 02:30:00+00:00,SHORT,SHORT,-4.25,"['delta_strong_negative', 'cvd_strong_negative', 'aggressive_sellers', 'below_vwap']",80907.0,80755.299375,38.574782611748695,WIN,4,15.0,0.9892839927324252,0.4672030850235455,0.7499999999999885,0.75,take_profit,5.405995919508054,2.1987586592675226,-2.468246135366964,-2.979933902910527,DOWN,SELL,0.5964602148391557,False,81261.59946680529,-0.004299483162298185,NONE,0.0,80755.299375,0.75
2026-05-15 05:35:00+00:00,2026-05-15 05:35:00+00:00,2026-05-15 05:40:00+00:00,2026-05-15 06:40:00+00:00,SHORT,SHORT,-4.0,"['delta_strong_negative', 'cvd_strong_negative', 'big_trade_sell', 'below_vwap']",80376.1,80577.04025,-51.625917395391035,LOSS,13,60.0,0.5434451285892778,1.0993317665325595,-0.9999999999999981,0.75,stop_loss,5.405995919508054,3.7339415648968415,-3.1044157033728035,-2.772174854524038,DOWN,SELL,0.7490995567651431,True,80960.22052646404,-0.005789700095728788,NONE,0.0,80225.3948125,0.75
2026-05-15 08:00:00+00:00,2026-05-15 08:00:00+00:00,2026-05-15 08:05:00+00:00,2026-05-15 08:25:00+00:00,SHORT,SHORT,-4.25,"['delta_strong_negative', 'cvd_strong_negative', 'aggressive_sellers', 'below_vwap']",80659.9,80508.6626875,38.525840856310964,WIN,5,20.0,0.8921409523195253,0.2484505931696212,0.7500000000000063,0.75,take_profit,5.405995919508054,0.3715132440594214,-2.172178660087734,-1.802651512209142,DOWN,SELL,0.4897889352666048,False,80841.7044382202,0.000703845759530008,NONE,0.0,80508.6626875,0.75
2026-05-15 09:55:00+00:00,2026-05-15 09:55:00+00:00,2026-05-15 10:00:00+00:00,2026-05-15 10:45:00+00:00,LONG,LONG,3.75,"['delta_strong_positive', 'cvd_strong_positive', 'aggressive_buyers']",80449.9,80600.74356249999,38.67031275952139,WIN,10,45.0,1.0744575195246027,0.4241148839214884,0.749999999999992,0.75,take_profit,5.405995919508054,0.7820254418271874,2.9915804668024033,1.7682443323344095,UP,BUY,2.6749628791628366,False,80801.50576347468,-0.0017139767483127673,NONE,0.0,80600.74356249999,0.75
2026-05-15 12:50:00+00:00,2026-05-15 12:50:00+00:00,2026-05-15 12:55:00+00:00,2026-05-15 13:00:00+00:00,SHORT,SHORT,-4.25,"['delta_strong_negative', 'cvd_strong_negative', 'aggressive_sellers', 'below_vwap']",80321.9,80171.2964375,38.81532643236824,WIN,2,5.0,1.4187911391538008,0.139438932594971,0.7499999999999659,0.75,take_profit,5.405995919508054,1.2006331161088055,-2.729904313603373,-2.961427952603143,DOWN,SELL,0.37000821595650096,False,80744.77176591364,-0.0021313542903941274,NONE,0.0,80171.2964375,0.75
2026-05-16 00:25:00+00:00,2026-05-16 00:25:00+00:00,2026-05-16 00:30:00+00:00,2026-05-16 04:30:00+00:00,LONG,LONG,4.25,"['delta_strong_positive', 'cvd_strong_positive', 'aggressive_buyers', 'above_vwap']",79142.9,78945.04275,-51.94784520865543,LOSS,49,240.0,0.2870756568182511,1.6774720158093483,-1.0000000000000049,0.75,stop_loss,5.405995919508054,0.7646473304980835,2.0990167896946055,2.7325850030219034,UP,BUY,2.673801116524964,False,79125.2907223829,0.0010783585944350235,NONE,0.0,79291.2929375,0.75
2026-05-16 06:20:00+00:00,2026-05-16 06:20:00+00:00,2026-05-16 06:25:00+00:00,2026-05-16 06:45:00+00:00,SHORT,SHORT,-4.25,"['delta_strong_negative', 'cvd_strong_negative', 'aggressive_sellers', 'below_vwap']",78793.1,78645.3629375,38.76607948695997,WIN,5,20.0,1.308236381104496,0.3685601911842091,0.7500000000000201,0.75,take_profit,5.405995919508054,4.030543494631658,-3.501037505208715,-1.872109293756146,DOWN,SELL,0.5433902867300076,False,79015.29457067895,-0.002266491868041188,NONE,0.0,78645.3629375,0.75
2026-05-16 09:10:00+00:00,2026-05-16 09:10:00+00:00,2026-05-16 09:15:00+00:00,2026-05-16 09:15:00+00:00,SHORT,SHORT,-4.25,"['delta_strong_negative', 'cvd_strong_negative', 'aggressive_sellers', 'below_vwap']",78228.0,78081.3225,38.911452285036425,WIN,1,1.0,1.9328117809479983,0.061359104157079306,0.7500000000000268,0.75,take_profit,5.405995919508054,1.3596661659184779,-2.6525344372213775,-2.43136083506793,DOWN,SELL,0.36074568252897404,False,78620.74974288707,-0.003082347144524313,NONE,0.0,78081.3225,0.75
2026-05-17 00:55:00+00:00,2026-05-17 00:55:00+00:00,2026-05-17 01:00:00+00:00,2026-05-17 01:40:00+00:00,SHORT,SHORT,-4.75,"['delta_strong_negative', 'cvd_strong_negative', 'aggressive_sellers', 'big_trade_sell', 'below_vwap']",77915.3,77769.2088125,39.05737023110445,WIN,9,40.0,1.2315937948002957,0.8732559587140973,0.7500000000000102,0.75,take_profit,5.405995919508054,4.141533630645598,-3.8086580570910322,-3.749807979696576,DOWN,SELL,0.5983258106237345,True,78031.9895141569,-0.002474587235146494,NONE,0.0,77769.2088125,0.75
2026-05-17 05:05:00+00:00,2026-05-17 05:05:00+00:00,2026-05-17 05:10:00+00:00,2026-05-17 06:20:00+00:00,LONG,LONG,4.25,"['delta_strong_positive', 'cvd_strong_positive', 'aggressive_buyers', 'above_vwap']",78240.3,78044.69925,-52.27178049262682,LOSS,15,70.0,0.05316953028040117,1.1646172113348385,-0.9999999999999887,0.75,stop_loss,5.405995919508054,3.782916156156672,3.5691651696098705,1.7064166969651369,UP,BUY,3.70187829976362,False,77958.30842437215,0.0038873815789251436,NONE,0.0,78387.0005625,0.75
2026-05-17 07:30:00+00:00,2026-05-17 07:30:00+00:00,2026-05-17 07:35:00+00:00,2026-05-17 10:05:00+00:00,LONG,LONG,4.25,"['delta_strong_positive', 'cvd_strong_positive', 'aggressive_buyers', 'above_vwap']",78167.9,78314.4648125,39.007816192623395,WIN,31,150.0,0.8300082258830628,0.8996020105439105,0.7500000000000036,0.75,take_profit,5.405995919508054,1.387540570433976,2.1356428730642674,1.8956840125891152,UP,BUY,3.592496429962353,False,77985.44509827453,0.0008659802072286753,NONE,0.0,78314.4648125,0.75
2026-05-18 05:40:00+00:00,2026-05-18 05:40:00+00:00,2026-05-18 05:45:00+00:00,2026-05-18 06:05:00+00:00,SHORT,SHORT,-4.25,"['delta_strong_negative', 'cvd_strong_negative', 'aggressive_sellers', 'below_vwap']",76865.8,76721.67662500001,39.15409550334435,WIN,5,20.0,1.027244886542565,0.43556432119354554,0.749999999999977,0.75,take_profit,5.405995919508054,2.029621192726353,-3.025894873429152,-2.685187778933318,DOWN,SELL,0.31862104207381875,False,76988.6096694169,-0.0009105624396816401,NONE,0.0,76721.67662500001,0.75
2026-05-18 08:05:00+00:00,2026-05-18 08:05:00+00:00,2026-05-18 08:10:00+00:00,2026-05-18 08:30:00+00:00,LONG,LONG,4.25,"['delta_strong_positive', 'cvd_strong_positive', 'aggressive_buyers', 'above_vwap']",77077.9,76885.20525,-52.40123114864279,LOSS,5,20.0,0.0,1.0067736666411513,-0.9999999999999747,0.75,stop_loss,5.405995919508054,2.675948609880952,2.366883016933504,2.4348376733025923,UP,BUY,1.9203221089065285,False,76954.16858048685,0.002537110866663264,NONE,0.0,77222.4210625,0.75
2026-05-18 11:35:00+00:00,2026-05-18 11:35:00+00:00,2026-05-18 11:40:00+00:00,2026-05-18 11:40:00+00:00,LONG,LONG,3.5,"['delta_strong_positive', 'cvd_strong_positive', 'above_vwap']",77135.1,77279.72831250001,39.104418744676906,WIN,1,1.0,1.2440510221675691,0.017631402565155063,0.7500000000000235,0.75,take_profit,5.405995919508054,2.348754205834724,2.3492416222056045,1.6296855103716228,UP,BUY,1.4956595272752478,False,76935.06682999042,0.0031854024326105007,NONE,0.0,77279.72831250001,0.75
2026-05-18 12:25:00+00:00,2026-05-18 12:25:00+00:00,2026-05-18 12:30:00+00:00,2026-05-18 12:30:00+00:00,SHORT,SHORT,-3.75,"['delta_strong_negative', 'cvd_strong_negative', 'aggressive_sellers']",77303.2,77496.458,-52.33474708662473,LOSS,1,1.0,0.2281923646109929,1.1751130612963283,-1.0000000000000082,0.75,stop_loss,5.405995919508054,1.3359474237131423,-3.442805100415427,-1.6755050120531916,DOWN,SELL,0.45019976066491885,False,76995.93226057733,0.0027279879985837425,NONE,0.0,77158.2565,0.75
2026-05-19 00:20:00+00:00,2026-05-19 00:20:00+00:00,2026-05-19 00:25:00+00:00,2026-05-19 01:00:00+00:00,LONG,LONG,4.25,"['delta_strong_positive', 'cvd_strong_positive', 'aggressive_buyers', 'above_vwap']",77210.7,77017.67324999999,-52.0730733511924,LOSS,8,35.0,0.3362228292193115,1.085859861392223,-1.0000000000000235,0.75,stop_loss,5.405995919508054,2.9933242343200686,3.1375051987886056,3.130322323022592,UP,BUY,2.0775359812105707,False,77148.80227729572,0.002362597446095903,NONE,0.0,77355.4700625,0.75
2026-05-19 02:20:00+00:00,2026-05-19 02:20:00+00:00,2026-05-19 02:25:00+00:00,2026-05-19 02:30:00+00:00,LONG,LONG,4.25,"['delta_strong_positive', 'cvd_strong_positive', 'aggressive_buyers', 'above_vwap']",76959.7,76767.30075,-51.81270798443582,LOSS,2,5.0,0.05145550203552629,1.1673642178958143,-1.0000000000000115,0.75,stop_loss,5.405995919508054,0.17020459268794774,2.092820263910783,2.039186314887691,UP,BUY,3.0257105610454826,False,76917.93494993729,0.0001595981614483519,NONE,0.0,77103.9994375,0.75
2026-05-19 11:40:00+00:00,2026-05-19 11:40:00+00:00,2026-05-19 11:45:00+00:00,2026-05-19 12:20:00+00:00,SHORT,SHORT,-4.25,"['delta_strong_negative', 'cvd_strong_negative', 'aggressive_sellers', 'below_vwap']",76618.7,76810.24674999999,-51.553644444511434,LOSS,8,35.0,0.048030050105246316,1.0075869206864643,-0.999999999999969,0.75,stop_loss,5.405995919508054,3.1635612065195007,-3.6988149144554012,-3.032549947307768,DOWN,SELL,0.36370717546916875,False,76899.06573434759,-0.003860592721055629,NONE,0.0,76475.0399375,0.75
2026-05-20 00:10:00+00:00,2026-05-20 00:10:00+00:00,2026-05-20 00:15:00+00:00,2026-05-20 00:30:00+00:00,SHORT,SHORT,-4.25,"['delta_strong_negative', 'cvd_strong_negative', 'aggressive_sellers', 'below_vwap']",76543.1,76734.45775,-51.29587622228928,LOSS,4,15.0,0.3036197906800525,1.465840813868265,-0.9999999999999767,0.75,stop_loss,5.405995919508054,3.9034910912129233,-3.6253841821749266,-2.604523178939353,DOWN,SELL,0.3891068543734133,False,76637.57677154451,-0.003158652954415623,NONE,0.0,76399.5816875,0.75
2026-05-20 01:35:00+00:00,2026-05-20 01:35:00+00:00,2026-05-20 01:40:00+00:00,2026-05-20 01:50:00+00:00,SHORT,SHORT,-4.25,"['delta_strong_negative', 'cvd_strong_negative', 'aggressive_sellers', 'below_vwap']",76583.3,76774.75825,-51.03939684117796,LOSS,3,10.0,0.4256802723309128,1.6541465306404768,-0.9999999999999791,0.75,stop_loss,5.405995919508054,2.747586773311318,-2.5409645732277646,-1.8870883139151744,DOWN,SELL,0.25942297503272,False,76665.28758937519,-0.0016598271058149488,NONE,0.0,76439.7063125,0.75
2026-05-20 05:00:00+00:00,2026-05-20 05:00:00+00:00,2026-05-20 05:05:00+00:00,2026-05-20 05:05:00+00:00,LONG,LONG,4.25,"['delta_strong_positive', 'cvd_strong_positive', 'aggressive_buyers', 'above_vwap']",76821.8,76965.84087500001,38.08814989273145,WIN,1,1.0,1.0648019182055093,0.009372339622361935,0.7500000000000315,0.75,take_profit,5.405995919508054,1.6189285006917644,2.3676651281102368,1.6614715652845633,UP,BUY,2.440955680669843,False,76687.07648313574,0.0016308964357758002,NONE,0.0,76965.84087500001,0.75
2026-05-20 08:35:00+00:00,2026-05-20 08:35:00+00:00,2026-05-20 08:40:00+00:00,2026-05-20 09:15:00+00:00,LONG,LONG,4.25,"['delta_strong_positive', 'cvd_strong_positive', 'aggressive_buyers', 'above_vwap']",77550.1,77356.22475000001,-50.9746406064361,LOSS,8,35.0,0.31927747352998476,1.115150077175976,-0.9999999999999862,0.75,stop_loss,5.405995919508054,4.012752491136822,3.6354801783693382,3.2379895969266888,UP,BUY,2.600389504537689,False,76989.75567945678,0.004181898946664599,NONE,0.0,77695.50643750001,0.75
2026-05-20 12:55:00+00:00,2026-05-20 12:55:00+00:00,2026-05-20 13:00:00+00:00,2026-05-20 13:15:00+00:00,LONG,LONG,4.25,"['delta_strong_positive', 'cvd_strong_positive', 'aggressive_buyers', 'above_vwap']",77590.2,77396.2245,-50.719767403404724,LOSS,4,15.0,0.13919283620869646,1.1351949086353539,-1.0000000000000022,0.75,stop_loss,5.405995919508054,4.045679342084674,4.0452408561008735,3.3350039602056443,UP,BUY,2.2939344683395584,False,77137.78586913519,0.0014184472401535292,NONE,0.0,77735.681625,0.75
2026-05-21 00:00:00+00:00,2026-05-21 00:00:00+00:00,2026-05-21 00:05:00+00:00,2026-05-21 00:45:00+00:00,LONG,LONG,4.25,"['delta_strong_positive', 'cvd_strong_positive', 'aggressive_buyers', 'above_vwap']",77605.3,77750.8099375,37.84962642479044,WIN,9,40.0,1.6890598966822992,0.48501842013370644,0.7499999999999952,0.75,take_profit,5.405995919508054,3.700388515816485,2.9252285126794075,1.6004662727896986,UP,BUY,2.401509073371255,False,77561.03333333333,0.001354344025942601,NONE,0.0,77750.8099375,0.75
2026-05-21 06:05:00+00:00,2026-05-21 06:05:00+00:00,2026-05-21 06:10:00+00:00,2026-05-21 06:45:00+00:00,SHORT,SHORT,-4.25,"['delta_strong_negative', 'cvd_strong_negative', 'aggressive_sellers', 'below_vwap']",77710.1,77564.3935625,37.99156252388483,WIN,8,35.0,1.0747637694456853,0.602238319085936,0.7500000000000232,0.75,take_profit,5.405995919508054,1.338431830034994,-2.3779774635235067,-2.005564690497585,DOWN,SELL,0.3307453616078901,False,77890.46502849123,-0.0028132815466420063,NONE,0.0,77564.3935625,0.75
2026-05-21 08:05:00+00:00,2026-05-21 08:05:00+00:00,2026-05-21 08:10:00+00:00,2026-05-21 08:35:00+00:00,LONG,LONG,4.25,"['delta_strong_positive', 'cvd_strong_positive', 'aggressive_buyers', 'above_vwap']",78076.2,77881.0095,-50.845374511130174,LOSS,6,25.0,0.33966817032592733,1.1588678752295687,-0.9999999999999847,0.75,stop_loss,5.405995919508054,3.663485786755652,3.0487023322880082,2.4254198754674876,UP,BUY,1.5671181785552661,False,77849.86137878308,0.0036364525019634175,NONE,0.0,78222.592875,0.75
2026-05-21 10:25:00+00:00,2026-05-21 10:25:00+00:00,2026-05-21 10:30:00+00:00,2026-05-21 10:30:00+00:00,SHORT,SHORT,-3.5,"['delta_strong_negative', 'cvd_strong_negative', 'below_vwap']",77349.0,77203.970625,37.94336072893102,WIN,1,1.0,0.9106775782492641,0.3190732911866842,0.749999999999991,0.75,take_profit,5.405995919508054,4.203385563927543,-3.7135408607094296,-1.7339556559029123,DOWN,SELL,0.761474817502734,False,77797.45991316125,-0.004420720464997751,NONE,0.0,77203.970625,0.75
2026-05-22 00:55:00+00:00,2026-05-22 00:55:00+00:00,2026-05-22 01:00:00+00:00,2026-05-22 01:45:00+00:00,SHORT,SHORT,-4.25,"['delta_strong_negative', 'cvd_strong_negative', 'aggressive_sellers', 'below_vwap']",77344.8,77538.162,-50.7808644422183,LOSS,10,45.0,0.29374954748090576,1.3704864451133105,-0.9999999999999674,0.75,stop_loss,5.405995919508054,0.8681390173288669,-2.059175460608261,-1.5020341625520128,DOWN,SELL,0.4987975398848793,False,77449.910798875,-0.003187872042621647,NONE,0.0,77199.7785,0.75
2026-05-22 04:45:00+00:00,2026-05-22 04:45:00+00:00,2026-05-22 04:50:00+00:00,2026-05-22 05:55:00+00:00,SHORT,SHORT,-3.75,"['delta_strong_negative', 'cvd_strong_negative', 'aggressive_sellers']",77604.1,77458.59231250001,37.8952200900051,WIN,14,65.0,0.957681359618901,0.4520379722205249,0.7499999999999694,0.75,take_profit,5.405995919508054,1.2217157675610857,-2.455842219034298,-2.0822122237114833,DOWN,SELL,0.2992727430246382,False,77596.25469116938,-0.00027302640132685174,NONE,0.0,77458.59231250001,0.75
2026-05-22 11:15:00+00:00,2026-05-22 11:15:00+00:00,2026-05-22 11:20:00+00:00,2026-05-22 11:45:00+00:00,SHORT,SHORT,-4.25,"['delta_strong_negative', 'cvd_strong_negative', 'aggressive_sellers', 'below_vwap']",77174.5,77367.43625,-50.716436220458576,LOSS,6,25.0,0.1876267419937782,1.115394333620546,-0.999999999999994,0.75,stop_loss,5.405995919508054,1.3392465501449904,-2.001484037617097,-2.048506314577984,DOWN,SELL,0.527336313050015,False,77455.0960025141,-0.001768619941727797,NONE,0.0,77029.7978125,0.75
2026-05-22 12:10:00+00:00,2026-05-22 12:10:00+00:00,2026-05-22 12:15:00+00:00,2026-05-22 13:25:00+00:00,LONG,LONG,4.25,"['delta_strong_positive', 'cvd_strong_positive', 'aggressive_buyers', 'above_vwap']",77494.8,77301.06300000001,-50.46285403935496,LOSS,15,70.0,0.2771798881989351,1.1334954087242282,-0.9999999999999675,0.75,stop_loss,5.405995919508054,3.7401672349087876,3.780748514840273,2.3371597978444787,UP,BUY,2.244647399596904,False,77447.31707873999,0.0024452204183201816,NONE,0.0,77640.10275,0.75
2026-05-23 04:15:00+00:00,2026-05-23 04:15:00+00:00,2026-05-23 04:20:00+00:00,2026-05-23 06:35:00+00:00,SHORT,SHORT,-3.75,"['delta_strong_negative', 'cvd_strong_negative', 'aggressive_sellers']",75543.1,75401.4566875,37.65790482687092,WIN,28,135.0,0.83713800466227,0.407184772666169,0.750000000000021,0.75,take_profit,5.405995919508054,1.096970907985038,-2.9521918143338297,-2.5843184478971595,DOWN,SELL,0.19106119458412377,False,75437.40199786413,0.0015908385588518168,NONE,0.0,75401.4566875,0.75
2026-05-23 07:45:00+00:00,2026-05-23 07:45:00+00:00,2026-05-23 07:50:00+00:00,2026-05-23 07:50:00+00:00,SHORT,SHORT,-3.5,"['delta_strong_negative', 'cvd_strong_negative', 'below_vwap']",74993.7,74853.0868125,37.79912196997041,WIN,1,1.0,4.214220661202161,0.014934587838727309,0.7499999999999957,0.75,take_profit,5.405995919508054,4.117655184648031,-3.0234645768591677,-2.1456527100668414,DOWN,SELL,0.7802965803620076,False,75354.47297581729,-0.0038023650150052647,NONE,0.0,74853.0868125,0.75
2026-05-23 10:50:00+00:00,2026-05-23 10:50:00+00:00,2026-05-23 10:55:00+00:00,2026-05-23 13:00:00+00:00,SHORT,SHORT,-4.25,"['delta_strong_negative', 'cvd_strong_negative', 'aggressive_sellers', 'below_vwap']",74682.6,74869.3065,-50.587824903144096,LOSS,26,125.0,0.3304651953735496,1.3786343806990875,-1.000000000000001,0.75,stop_loss,5.405995919508054,0.08843778116864863,-2.15772906302911,-2.233836325123981,DOWN,SELL,0.27104763997916853,False,74947.96129907426,-0.0003721541591143927,NONE,0.0,74542.57012500001,0.75
2026-05-24 03:40:00+00:00,2026-05-24 03:40:00+00:00,2026-05-24 03:45:00+00:00,2026-05-24 06:50:00+00:00,SHORT,SHORT,-4.25,"['delta_strong_negative', 'cvd_strong_negative', 'aggressive_sellers', 'below_vwap']",76724.2,76916.0105,-50.33488577863011,LOSS,38,185.0,0.5901658146973033,1.646416645595538,-1.0000000000000357,0.75,stop_loss,5.405995919508054,1.3219881028351712,-2.781954235072074,-2.6769828157920905,DOWN,SELL,0.33420861481590103,False,76800.35570557122,-0.000912133978019239,NONE,0.0,76580.342125,0.75
2026-05-24 09:20:00+00:00,2026-05-24 09:20:00+00:00,2026-05-24 09:25:00+00:00,2026-05-24 10:25:00+00:00,LONG,LONG,4.25,"['delta_strong_positive', 'cvd_strong_positive', 'aggressive_buyers', 'above_vwap']",76951.5,77095.7840625,37.56240851230016,WIN,13,60.0,3.3709544323372516,0.5052533089023454,0.7499999999999758,0.75,take_profit,5.405995919508054,0.6298308056463081,2.034092172842812,1.5434704570483515,UP,BUY,1.9626736838576675,False,76795.25651351712,0.0018467031248466093,NONE,0.0,77095.7840625,0.75
2026-05-25 02:05:00+00:00,2026-05-25 02:05:00+00:00,2026-05-25 02:10:00+00:00,2026-05-25 02:25:00+00:00,LONG,LONG,4.25,"['delta_strong_positive', 'cvd_strong_positive', 'aggressive_buyers', 'above_vwap']",77360.7,77167.29824999999,-50.271023392297835,LOSS,4,15.0,0.34229266281198123,1.9265596097242723,-1.0000000000000235,0.75,stop_loss,5.405995919508054,3.8468472451649767,4.155653562358099,3.7620144716125243,UP,BUY,2.595560771657009,False,77144.2801875075,0.004259729312937777,NONE,0.0,77505.7513125,0.75
2026-05-25 04:50:00+00:00,2026-05-25 04:50:00+00:00,2026-05-25 04:55:00+00:00,2026-05-25 06:05:00+00:00,LONG,LONG,3.5,"['delta_strong_positive', 'cvd_strong_positive', 'above_vwap']",77341.3,77486.3149375,37.514751206502346,WIN,15,70.0,1.7393035803639345,0.2875565836105978,0.7500000000000192,0.75,take_profit,5.405995919508054,3.706643702865465,2.6354145441408954,2.2333650233673477,UP,BUY,1.3941725029970342,False,77142.05234448312,0.0025802832446868533,NONE,0.0,77486.3149375,0.75
2026-05-25 09:30:00+00:00,2026-05-25 09:30:00+00:00,2026-05-25 09:35:00+00:00,2026-05-25 11:00:00+00:00,LONG,LONG,4.75,"['delta_strong_positive', 'cvd_strong_positive', 'aggressive_buyers', 'big_trade_buy', 'above_vwap']",77586.2,77392.23449999999,-50.20724203136916,LOSS,18,85.0,0.32892447368219047,1.0842134297078754,-1.0000000000000295,0.75,stop_loss,5.405995919508054,4.116707362891584,3.9835262947497174,3.276295794135002,UP,BUY,2.470229074285429,True,77272.47417669542,0.002357168223352922,NONE,0.0,77731.67412499999,0.75
2026-05-26 00:15:00+00:00,2026-05-26 00:15:00+00:00,2026-05-26 00:20:00+00:00,2026-05-26 00:35:00+00:00,SHORT,SHORT,-4.25,"['delta_strong_negative', 'cvd_strong_negative', 'aggressive_sellers', 'below_vwap']",77121.2,76976.59775,37.46715436590716,WIN,4,15.0,1.0954186397514412,0.2448094687323179,0.7499999999999807,0.75,take_profit,5.405995919508054,2.064803645821417,-3.2558512646791846,-2.6776022826301045,DOWN,SELL,0.3803560152749797,False,77202.10257254902,-0.001553774271914898,NONE,0.0,76976.59775,0.75
2026-05-26 00:50:00+00:00,2026-05-26 00:50:00+00:00,2026-05-26 00:55:00+00:00,2026-05-26 01:15:00+00:00,SHORT,SHORT,-3.5,"['delta_strong_negative', 'cvd_strong_negative', 'below_vwap']",76685.3,76877.01325,-50.14354159304056,LOSS,5,20.0,0.5362175019202006,1.0114063581937824,-1.0000000000000036,0.75,stop_loss,5.405995919508054,3.418219030725045,-2.2162997934562543,-2.512264650882323,DOWN,SELL,0.6868751425267285,False,76903.61519290676,-0.004961390843249665,NONE,0.0,76541.51506250001,0.75
2026-05-26 04:00:00+00:00,2026-05-26 04:00:00+00:00,2026-05-26 04:05:00+00:00,2026-05-26 04:55:00+00:00,LONG,LONG,3.75,"['delta_strong_positive', 'cvd_strong_positive', 'aggressive_buyers']",76614.9,76758.55293749999,37.419617913805205,WIN,11,50.0,0.8849453565820747,0.2354633367660404,0.7499999999999764,0.75,take_profit,5.405995919508054,0.5090382851411781,2.077898707130439,2.1556219959930196,UP,BUY,2.0976112576369643,False,76748.90484641935,-0.0016011891874175362,NONE,0.0,76758.55293749999,0.75
2026-05-26 06:00:00+00:00,2026-05-26 06:00:00+00:00,2026-05-26 06:05:00+00:00,2026-05-26 06:40:00+00:00,SHORT,SHORT,-3.75,"['delta_strong_negative', 'cvd_strong_negative', 'aggressive_sellers']",76834.9,77026.98724999999,-50.0799219746434,LOSS,8,35.0,0.5190349697858504,1.0984591637393946,-0.9999999999999837,0.75,stop_loss,5.405995919508054,2.85566229193328,-2.6692995662996455,-2.9323668386320367,DOWN,SELL,0.6175365208829983,False,76753.69929274297,0.0019196063562908299,NONE,0.0,76690.8345625,0.75
2026-05-26 10:15:00+00:00,2026-05-26 10:15:00+00:00,2026-05-26 10:20:00+00:00,2026-05-26 10:25:00+00:00,LONG,LONG,4.25,"['delta_strong_positive', 'cvd_strong_positive', 'aggressive_buyers', 'above_vwap']",76860.2,77004.312875,37.37214177357984,WIN,2,5.0,1.9895862878316888,0.05256296496751905,0.7500000000000322,0.75,take_profit,5.405995919508054,2.155143531906008,2.6639816140523314,2.486111940120344,UP,BUY,2.2955950878362823,False,76747.1301455121,0.001723442208227333,NONE,0.0,77004.312875,0.75
2026-05-27 00:50:00+00:00,2026-05-27 00:50:00+00:00,2026-05-27 00:55:00+00:00,2026-05-27 01:20:00+00:00,LONG,LONG,4.25,"['delta_strong_positive', 'cvd_strong_positive', 'aggressive_buyers', 'above_vwap']",76010.1,75820.07475,-50.016383073640476,LOSS,6,25.0,0.3883694403769412,1.1324810781725672,-1.0000000000000318,0.75,stop_loss,5.405995919508054,1.619491946350614,2.1721010671121013,3.3098522721133925,UP,BUY,1.9534306448952663,False,75938.64843770352,0.0019023136569731945,NONE,0.0,76152.61893750001,0.75
2026-05-27 04:15:00+00:00,2026-05-27 04:15:00+00:00,2026-05-27 04:20:00+00:00,2026-05-27 04:30:00+00:00,SHORT,SHORT,-4.25,"['delta_strong_negative', 'cvd_strong_negative', 'aggressive_sellers', 'below_vwap']",75508.3,75366.7219375,37.324725868704135,WIN,3,10.0,1.2210578174849651,0.06939634450777606,0.7500000000000228,0.75,take_profit,5.405995919508054,3.408711238625027,-3.41682747563781,-2.3958480631528416,DOWN,SELL,0.38820663845205355,False,75800.08954872725,-0.0037199106592201757,NONE,0.0,75366.7219375,0.75
2026-05-27 07:30:00+00:00,2026-05-27 07:30:00+00:00,2026-05-27 07:35:00+00:00,2026-05-27 09:00:00+00:00,LONG,LONG,4.25,"['delta_strong_positive', 'cvd_strong_positive', 'aggressive_buyers', 'above_vwap']",75903.2,75713.442,-49.95292478761463,LOSS,18,85.0,0.7103784820666476,1.128279176635458,-1.0000000000000084,0.75,stop_loss,5.405995919508054,2.4481379869643183,2.977298174576558,1.763127304614632,UP,BUY,2.9520260449111566,False,75683.97157093903,0.004309981868923254,NONE,0.0,76045.51849999999,0.75
2026-05-27 12:15:00+00:00,2026-05-27 12:15:00+00:00,2026-05-27 12:20:00+00:00,2026-05-27 12:20:00+00:00,LONG,LONG,4.25,"['delta_strong_positive', 'cvd_strong_positive', 'aggressive_buyers', 'above_vwap']",75808.1,75950.2401875,37.277370122757375,WIN,1,1.0,1.8330495026256781,0.17201328090273107,0.7500000000000054,0.75,take_profit,5.405995919508054,3.5003363579252573,3.718379905643109,2.493737767963882,UP,BUY,1.887977612635171,False,75743.13361367388,-0.00034749616361872624,NONE,0.0,75950.2401875,0.75
2026-05-28 01:15:00+00:00,2026-05-28 01:15:00+00:00,2026-05-28 01:20:00+00:00,2026-05-28 01:20:00+00:00,SHORT,SHORT,-4.25,"['delta_strong_negative', 'cvd_strong_negative', 'aggressive_sellers', 'below_vwap']",74325.1,74510.91275,-49.8895470142892,LOSS,1,1.0,0.5048092770813785,1.011233082767432,-0.9999999999999855,0.75,stop_loss,5.405995919508054,3.921009379503537,-4.054832327220219,-3.406521944249588,DOWN,SELL,0.39699032710625415,False,74417.10339365275,-0.001885076461173511,NONE,0.0,74185.7404375,0.75
2026-05-28 03:15:00+00:00,2026-05-28 03:15:00+00:00,2026-05-28 03:20:00+00:00,2026-05-28 03:20:00+00:00,SHORT,SHORT,-4.25,"['delta_strong_negative', 'cvd_strong_negative', 'aggressive_sellers', 'below_vwap']",73692.8,73877.032,-49.64009927921945,LOSS,1,1.0,0.08576143123888852,1.1740631377828115,-1.0000000000000195,0.75,stop_loss,5.7428657683353,4.240334146674467,-4.2396598960440475,-4.205998116301787,DOWN,SELL,0.3983054511199784,False,74104.37553184954,-0.006031538906906621,NONE,0.0,73554.626,0.75
2026-05-28 06:45:00+00:00,2026-05-28 06:45:00+00:00,2026-05-28 06:50:00+00:00,2026-05-28 07:15:00+00:00,LONG,LONG,3.75,"['delta_strong_positive', 'cvd_strong_positive', 'aggressive_buyers']",73112.4,73249.48574999999,37.04392408711635,WIN,6,25.0,0.832690487523384,0.34358056909628665,0.7499999999999912,0.75,take_profit,5.7428657683353,4.064289468644195,3.4462921448853896,1.8668368982748196,UP,BUY,1.5042237676954051,False,73482.5795763005,-0.002650469462949543,NONE,0.0,73249.48574999999,0.75
2026-05-28 10:15:00+00:00,2026-05-28 10:15:00+00:00,2026-05-28 10:20:00+00:00,2026-05-28 11:30:00+00:00,SHORT,SHORT,-4.25,"['delta_strong_negative', 'cvd_strong_negative', 'aggressive_sellers', 'below_vwap']",73431.6,73293.91575,37.18283880244501,WIN,15,70.0,0.8219894432370191,0.7664275325608979,0.750000000000031,0.75,take_profit,5.7428657683353,1.6984674921772023,-2.862313621256666,-2.1927979497833023,DOWN,SELL,0.3726753092724068,False,73455.58167548219,0.0026173923403213324,NONE,0.0,73293.91575,0.75
2026-05-29 00:45:00+00:00,2026-05-29 00:45:00+00:00,2026-05-29 00:50:00+00:00,2026-05-29 01:20:00+00:00,SHORT,SHORT,-4.25,"['delta_strong_negative', 'cvd_strong_negative', 'aggressive_sellers', 'below_vwap']",73725.3,73587.0650625,37.32227444795395,WIN,7,30.0,0.8208850964323124,0.6440122997125659,0.7500000000000264,0.75,take_profit,5.7428657683353,0.9767589541720637,-3.0816087216353014,-2.161715291807583,DOWN,SELL,0.17660441641792718,False,73736.08522089785,0.000625095776378266,NONE,0.0,73587.0650625,0.75
2026-05-29 02:25:00+00:00,2026-05-29 02:25:00+00:00,2026-05-29 02:30:00+00:00,2026-05-29 02:50:00+00:00,SHORT,SHORT,-4.25,"['delta_strong_negative', 'cvd_strong_negative', 'aggressive_sellers', 'below_vwap']",73359.2,73221.65149999999,37.462232977133674,WIN,5,20.0,0.7873586407703147,0.5419906433004108,0.7500000000000241,0.75,take_profit,5.7428657683353,3.101173172328598,-2.3174020891508467,-1.9617651934761156,DOWN,SELL,0.4784993173769659,False,73635.21800648568,-0.003351316236381188,NONE,0.0,73221.65149999999,0.75
2026-05-29 04:55:00+00:00,2026-05-29 04:55:00+00:00,2026-05-29 05:00:00+00:00,2026-05-29 05:10:00+00:00,LONG,LONG,3.75,"['delta_strong_positive', 'cvd_strong_positive', 'aggressive_buyers']",73466.3,73604.0493125,37.602716350797735,WIN,3,10.0,0.7823995491810373,0.03920164755811625,0.7500000000000202,0.75,take_profit,5.7428657683353,1.444082190850656,2.663051935150001,1.9152961826610941,UP,BUY,2.5280012981682463,False,73477.57132983005,0.0007290228085076,NONE,0.0,73604.0493125,0.75
2026-05-29 07:30:00+00:00,2026-05-29 07:30:00+00:00,2026-05-29 07:35:00+00:00,2026-05-29 07:40:00+00:00,SHORT,SHORT,-4.25,"['delta_strong_negative', 'cvd_strong_negative', 'aggressive_sellers', 'below_vwap']",73495.5,73357.6959375,37.743726537112046,WIN,2,5.0,0.782088699308105,0.09197842044747871,0.7499999999999969,0.75,take_profit,5.7428657683353,3.2067750916876094,-2.5352836107148087,-2.072054375075423,DOWN,SELL,0.5542573069462822,False,73547.62403432508,-0.0008992073804818585,NONE,0.0,73357.6959375,0.75
2026-05-29 11:50:00+00:00,2026-05-29 11:50:00+00:00,2026-05-29 11:55:00+00:00,2026-05-29 12:30:00+00:00,SHORT,SHORT,-4.25,"['delta_strong_negative', 'cvd_strong_negative', 'aggressive_sellers', 'below_vwap']",73393.1,73255.4879375,37.88526551162746,WIN,8,35.0,1.0197143873198207,0.3013907301911943,0.7500000000000215,0.75,take_profit,5.7428657683353,3.9668330346659206,-2.744841685827694,-2.3994345188248962,DOWN,SELL,0.5952350211821666,False,73567.54828964287,-0.0034349096964940273,NONE,0.0,73255.4879375,0.75
2026-05-29 12:45:00+00:00,2026-05-29 12:45:00+00:00,2026-05-29 12:50:00+00:00,2026-05-29 13:10:00+00:00,SHORT,SHORT,-4.25,"['delta_strong_negative', 'cvd_strong_negative', 'aggressive_sellers', 'below_vwap']",73216.4,73079.11924999999,38.027335257296464,WIN,5,20.0,0.9134565479865008,0.7063991127671009,0.7500000000000292,0.75,take_profit,5.7428657683353,1.9312147584980546,-2.876575144835697,-2.1869612607948983,DOWN,SELL,0.3594738215109556,False,73541.41045885932,-0.00428290444900169,NONE,0.0,73079.11924999999,0.75
2026-05-30 04:45:00+00:00,2026-05-30 04:45:00+00:00,2026-05-30 04:50:00+00:00,2026-05-30 05:05:00+00:00,LONG,LONG,3.75,"['delta_strong_positive', 'cvd_strong_positive', 'aggressive_buyers']",73330.1,73467.5939375,38.169937764508674,WIN,4,15.0,1.8606274913029779,0.1129140693931231,0.749999999999977,0.75,take_profit,5.7428657683353,0.9806834691552054,2.1688382854904034,1.6241452846708364,UP,BUY,2.882084807359442,False,73479.7970651009,-0.0020910973117397925,NONE,0.0,73467.5939375,0.75
2026-05-30 10:25:00+00:00,2026-05-30 10:25:00+00:00,2026-05-30 10:30:00+00:00,2026-05-30 13:20:00+00:00,SHORT,SHORT,-3.75,"['delta_strong_negative', 'cvd_strong_negative', 'aggressive_sellers']",73597.3,73781.29325,-51.0841000415022,LOSS,35,170.0,0.3706657717062832,1.178847593593755,-0.9999999999999973,0.75,stop_loss,5.7428657683353,1.3845536362796678,-2.5037672698759597,-2.168220205598001,DOWN,SELL,0.37828936397291796,False,73491.67739878704,0.0007001210577466141,NONE,0.0,73459.3050625,0.75
2026-05-31 01:00:00+00:00,2026-05-31 01:00:00+00:00,2026-05-31 01:05:00+00:00,2026-05-31 01:20:00+00:00,LONG,LONG,4.25,"['delta_strong_positive', 'cvd_strong_positive', 'aggressive_buyers', 'above_vwap']",74080.0,74218.9,38.12150965596952,WIN,4,15.0,0.91792656587473,0.25971922246223444,0.7499999999999685,0.75,take_profit,5.7428657683353,2.1609202247616115,2.85345688036882,2.0455505663625657,UP,BUY,2.3670527222238347,False,73944.67129799553,0.0024918384430757286,NONE,0.0,74218.9,0.75
2026-05-31 02:25:00+00:00,2026-05-31 02:25:00+00:00,2026-05-31 02:30:00+00:00,2026-05-31 03:00:00+00:00,SHORT,SHORT,-4.25,"['delta_strong_negative', 'cvd_strong_negative', 'aggressive_sellers', 'below_vwap']",73933.1,74117.93275,-51.01928708957505,LOSS,7,30.0,0.5091089106232841,1.103159477960449,-1.0000000000000075,0.75,stop_loss,5.7428657683353,2.370881802252673,-2.602675866429789,-1.607423528241524,DOWN,SELL,0.27897913745671205,False,74061.40312334271,-0.000970548839813767,NONE,0.0,73794.4754375,0.75
2026-05-31 04:30:00+00:00,2026-05-31 04:30:00+00:00,2026-05-31 04:35:00+00:00,2026-05-31 06:00:00+00:00,SHORT,SHORT,-3.75,"['delta_strong_negative', 'cvd_strong_negative', 'aggressive_sellers']",74123.1,73984.11918750001,38.07314299059458,WIN,18,85.0,0.8855538961538618,0.3858446287324734,0.7499999999999898,0.75,take_profit,5.7428657683353,1.4880035211126634,-2.8801825487581496,-3.1063825898595283,DOWN,SELL,0.19953527168732127,False,74058.4648219111,0.0006477819390003853,NONE,0.0,73984.11918750001,0.75
2026-05-31 06:30:00+00:00,2026-05-31 06:30:00+00:00,2026-05-31 06:35:00+00:00,2026-05-31 07:25:00+00:00,LONG,LONG,3.75,"['delta_strong_positive', 'cvd_strong_positive', 'aggressive_buyers']",74045.3,73860.18675000001,-50.95455636907836,LOSS,11,50.0,0.04537762693915308,1.0118130387749278,-0.9999999999999721,0.75,stop_loss,5.7428657683353,1.9814162852238337,2.5547749728193456,2.549144825118971,UP,BUY,2.9104192499748653,False,74059.65740622013,-0.00038583421483389394,NONE,0.0,74184.1349375,0.75
2026-05-31 10:20:00+00:00,2026-05-31 10:20:00+00:00,2026-05-31 10:25:00+00:00,2026-05-31 11:25:00+00:00,SHORT,SHORT,-4.25,"['delta_strong_negative', 'cvd_strong_negative', 'aggressive_sellers', 'below_vwap']",73742.1,73926.45525,-50.69978358723252,LOSS,13,60.0,0.0,1.0957105913718215,-0.9999999999999633,0.75,stop_loss,5.7428657683353,3.724789572121819,-3.212747710517209,-2.622715176226627,DOWN,SELL,0.3749639069086989,False,73996.59966788253,-0.0018876533383992275,NONE,0.0,73603.8335625,0.75
2026-05-31 12:15:00+00:00,2026-05-31 12:15:00+00:00,2026-05-31 12:20:00+00:00,2026-05-31 13:50:00+00:00,LONG,LONG,3.75,"['delta_strong_positive', 'cvd_strong_positive', 'aggressive_buyers']",73960.2,73775.2995,-50.44628466929914,LOSS,19,90.0,0.20335261397349289,1.0281205296902458,-1.0000000000000182,0.75,stop_loss,5.7428657683353,1.887368959783823,2.143025882652,1.7622516496064415,UP,BUY,2.8378134040501446,False,73984.51065994936,0.0013442368534857516,NONE,0.0,74098.875375,0.75
